{"mayor":"Bill de Blasio","commissioner":"William J. Bratton","volume":21,"number":39,"precinct":"103rd","startDate":"2014-09-22T04:00:00.000Z","endDate":"2014-09-28T04:00:00.000Z","crimes":[{"crime":"Murder","wtd_curr_yr":0,"wtd_prev_yr":0,"wtd_pct_change":null,"twentyeight_day_curr_yr":0,"twentyeight_day_prev_yr":0,"twentyeight_day_pct_change":null,"ytd_curr_yr":7,"ytd_prev_yr":7,"ytd_pct_change":0,"two_year_pct_change":-30,"six_year_pct_change":-22.2,"twentytwo_year_pct_change":-69.6},{"crime":"Rape","wtd_curr_yr":0,"wtd_prev_yr":3,"wtd_pct_change":-100,"twentyeight_day_curr_yr":2,"twentyeight_day_prev_yr":8,"twentyeight_day_pct_change":-75,"ytd_curr_yr":13,"ytd_prev_yr":33,"ytd_pct_change":-60.6,"two_year_pct_change":-50,"six_year_pct_change":-43.5,"twentytwo_year_pct_change":-76.4},{"crime":"Robbery","wtd_curr_yr":15,"wtd_prev_yr":6,"wtd_pct_change":150,"twentyeight_day_curr_yr":42,"twentyeight_day_prev_yr":35,"twentyeight_day_pct_change":20,"ytd_curr_yr":276,"ytd_prev_yr":339,"ytd_pct_change":-18.6,"two_year_pct_change":-13.5,"six_year_pct_change":16,"twentytwo_year_pct_change":-77.2},{"crime":"Fel. Assault","wtd_curr_yr":5,"wtd_prev_yr":9,"wtd_pct_change":-44.4,"twentyeight_day_curr_yr":31,"twentyeight_day_prev_yr":24,"twentyeight_day_pct_change":29.2,"ytd_curr_yr":307,"ytd_prev_yr":272,"ytd_pct_change":12.9,"two_year_pct_change":1.3,"six_year_pct_change":9.6,"twentytwo_year_pct_change":-52.3},{"crime":"Burglary","wtd_curr_yr":4,"wtd_prev_yr":8,"wtd_pct_change":-50,"twentyeight_day_curr_yr":16,"twentyeight_day_prev_yr":19,"twentyeight_day_pct_change":-15.8,"ytd_curr_yr":176,"ytd_prev_yr":220,"ytd_pct_change":-20,"two_year_pct_change":-27,"six_year_pct_change":-18.5,"twentytwo_year_pct_change":-79.6},{"crime":"Gr. Larceny","wtd_curr_yr":7,"wtd_prev_yr":8,"wtd_pct_change":-12.5,"twentyeight_day_curr_yr":28,"twentyeight_day_prev_yr":41,"twentyeight_day_pct_change":-31.7,"ytd_curr_yr":356,"ytd_prev_yr":339,"ytd_pct_change":5,"two_year_pct_change":1.1,"six_year_pct_change":6.9,"twentytwo_year_pct_change":-60.3},{"crime":"G.L.A.","wtd_curr_yr":1,"wtd_prev_yr":4,"wtd_pct_change":-75,"twentyeight_day_curr_yr":5,"twentyeight_day_prev_yr":20,"twentyeight_day_pct_change":-75,"ytd_curr_yr":102,"ytd_prev_yr":129,"ytd_pct_change":-20.9,"two_year_pct_change":-20.3,"six_year_pct_change":-23.3,"twentytwo_year_pct_change":-91.1},{"crime":"TOTAL","wtd_curr_yr":32,"wtd_prev_yr":38,"wtd_pct_change":-15.79,"twentyeight_day_curr_yr":124,"twentyeight_day_prev_yr":147,"twentyeight_day_pct_change":-15.65,"ytd_curr_yr":1237,"ytd_prev_yr":1339,"ytd_pct_change":-7.62,"two_year_pct_change":-10.3,"six_year_pct_change":0.41,"twentytwo_year_pct_change":-74.41},{"crime":"Transit","wtd_curr_yr":0,"wtd_prev_yr":1,"wtd_pct_change":-100,"twentyeight_day_curr_yr":1,"twentyeight_day_prev_yr":5,"twentyeight_day_pct_change":-80,"ytd_curr_yr":18,"ytd_prev_yr":28,"ytd_pct_change":-35.7,"two_year_pct_change":-25,"six_year_pct_change":200,"twentytwo_year_pct_change":null},{"crime":"Housing","wtd_curr_yr":0,"wtd_prev_yr":1,"wtd_pct_change":-100,"twentyeight_day_curr_yr":2,"twentyeight_day_prev_yr":3,"twentyeight_day_pct_change":-33.3,"ytd_curr_yr":21,"ytd_prev_yr":29,"ytd_pct_change":-27.6,"two_year_pct_change":-41.7,"six_year_pct_change":0,"twentytwo_year_pct_change":null},{"crime":"Petit Larceny","wtd_curr_yr":27,"wtd_prev_yr":25,"wtd_pct_change":8,"twentyeight_day_curr_yr":97,"twentyeight_day_prev_yr":96,"twentyeight_day_pct_change":1,"ytd_curr_yr":902,"ytd_prev_yr":826,"ytd_pct_change":9.2,"two_year_pct_change":17.1,"six_year_pct_change":17.3,"twentytwo_year_pct_change":null},{"crime":"Misd. Assault","wtd_curr_yr":11,"wtd_prev_yr":13,"wtd_pct_change":-15.4,"twentyeight_day_curr_yr":71,"twentyeight_day_prev_yr":61,"twentyeight_day_pct_change":16.4,"ytd_curr_yr":679,"ytd_prev_yr":712,"ytd_pct_change":-4.6,"two_year_pct_change":11.5,"six_year_pct_change":26,"twentytwo_year_pct_change":null},{"crime":"Misd. Sex Crimes","wtd_curr_yr":0,"wtd_prev_yr":1,"wtd_pct_change":-100,"twentyeight_day_curr_yr":1,"twentyeight_day_prev_yr":2,"twentyeight_day_pct_change":-50,"ytd_curr_yr":26,"ytd_prev_yr":22,"ytd_pct_change":18.2,"two_year_pct_change":-23.5,"six_year_pct_change":-10.3,"twentytwo_year_pct_change":null},{"crime":"Shooting Vic.","wtd_curr_yr":1,"wtd_prev_yr":3,"wtd_pct_change":-66.7,"twentyeight_day_curr_yr":1,"twentyeight_day_prev_yr":6,"twentyeight_day_pct_change":-83.3,"ytd_curr_yr":18,"ytd_prev_yr":28,"ytd_pct_change":-35.7,"two_year_pct_change":-52.6,"six_year_pct_change":-48.6,"twentytwo_year_pct_change":-83.8},{"crime":"Shooting Inc.","wtd_curr_yr":1,"wtd_prev_yr":2,"wtd_pct_change":-50,"twentyeight_day_curr_yr":1,"twentyeight_day_prev_yr":5,"twentyeight_day_pct_change":-80,"ytd_curr_yr":14,"ytd_prev_yr":25,"ytd_pct_change":-44,"two_year_pct_change":-58.8,"six_year_pct_change":-50,"twentytwo_year_pct_change":-86.3}],"historical":[{"yr_1990":38,"yr_1993":28,"yr_1998":16,"yr_2001":10,"yr_2013":8,"pct_change_13vs01":-20,"pct_change_13vs98":-50,"pct_change_13vs93":-71.4,"pct_change_13vs90":-78.9,"crime":"Murder"},{"yr_1990":60,"yr_1993":74,"yr_1998":45,"yr_2001":27,"yr_2013":37,"pct_change_13vs01":37,"pct_change_13vs98":-17.8,"pct_change_13vs93":-50,"pct_change_13vs90":-38.3,"crime":"Rape"},{"yr_1990":1846,"yr_1993":1742,"yr_1998":751,"yr_2001":530,"yr_2013":438,"pct_change_13vs01":-17.4,"pct_change_13vs98":-41.7,"pct_change_13vs93":-74.9,"pct_change_13vs90":-76.3,"crime":"Robbery"},{"yr_1990":958,"yr_1993":853,"yr_1998":611,"yr_2001":406,"yr_2013":369,"pct_change_13vs01":-9.1,"pct_change_13vs98":-39.6,"pct_change_13vs93":-56.7,"pct_change_13vs90":-61.5,"crime":"Fel. Assault"},{"yr_1990":1592,"yr_1993":1166,"yr_1998":598,"yr_2001":449,"yr_2013":300,"pct_change_13vs01":-33.2,"pct_change_13vs98":-49.8,"pct_change_13vs93":-74.3,"pct_change_13vs90":-81.2,"crime":"Burglary"},{"yr_1990":1277,"yr_1993":1214,"yr_1998":578,"yr_2001":587,"yr_2013":487,"pct_change_13vs01":-17,"pct_change_13vs98":-15.7,"pct_change_13vs93":-59.9,"pct_change_13vs90":-61.9,"crime":"Gr. Larceny"},{"yr_1990":1889,"yr_1993":1591,"yr_1998":602,"yr_2001":472,"yr_2013":172,"pct_change_13vs01":-63.6,"pct_change_13vs98":-71.4,"pct_change_13vs93":-89.2,"pct_change_13vs90":-90.9,"crime":"G.L.A."},{"yr_1990":7660,"yr_1993":6668,"yr_1998":3201,"yr_2001":2481,"yr_2013":1811,"pct_change_13vs01":-27.01,"pct_change_13vs98":-43.42,"pct_change_13vs93":-72.84,"pct_change_13vs90":-76.36,"crime":"TOTAL"}]}