{"mayor":"Bill de Blasio","commissioner":"William J. Bratton","volume":21,"number":21,"precinct":"104th","startDate":"2014-05-19T04:00:00.000Z","endDate":"2014-05-25T04:00:00.000Z","crimes":[{"crime":"Murder","wtd_curr_yr":0,"wtd_prev_yr":0,"wtd_pct_change":null,"twentyeight_day_curr_yr":0,"twentyeight_day_prev_yr":0,"twentyeight_day_pct_change":null,"ytd_curr_yr":3,"ytd_prev_yr":1,"ytd_pct_change":200,"two_year_pct_change":null,"six_year_pct_change":200,"twentytwo_year_pct_change":-62.5},{"crime":"Rape","wtd_curr_yr":0,"wtd_prev_yr":0,"wtd_pct_change":null,"twentyeight_day_curr_yr":3,"twentyeight_day_prev_yr":1,"twentyeight_day_pct_change":200,"ytd_curr_yr":9,"ytd_prev_yr":8,"ytd_pct_change":12.5,"two_year_pct_change":50,"six_year_pct_change":50,"twentytwo_year_pct_change":-30.8},{"crime":"Robbery","wtd_curr_yr":3,"wtd_prev_yr":6,"wtd_pct_change":-50,"twentyeight_day_curr_yr":14,"twentyeight_day_prev_yr":24,"twentyeight_day_pct_change":-41.7,"ytd_curr_yr":70,"ytd_prev_yr":84,"ytd_pct_change":-16.7,"two_year_pct_change":-33.3,"six_year_pct_change":-21.3,"twentytwo_year_pct_change":-81.8},{"crime":"Fel. Assault","wtd_curr_yr":4,"wtd_prev_yr":8,"wtd_pct_change":-50,"twentyeight_day_curr_yr":20,"twentyeight_day_prev_yr":30,"twentyeight_day_pct_change":-33.3,"ytd_curr_yr":77,"ytd_prev_yr":107,"ytd_pct_change":-28,"two_year_pct_change":-17.2,"six_year_pct_change":14.9,"twentytwo_year_pct_change":-30.6},{"crime":"Burglary","wtd_curr_yr":8,"wtd_prev_yr":7,"wtd_pct_change":14.3,"twentyeight_day_curr_yr":21,"twentyeight_day_prev_yr":23,"twentyeight_day_pct_change":-8.7,"ytd_curr_yr":120,"ytd_prev_yr":132,"ytd_pct_change":-9.1,"two_year_pct_change":-15.5,"six_year_pct_change":-30.2,"twentytwo_year_pct_change":-85},{"crime":"Gr. Larceny","wtd_curr_yr":5,"wtd_prev_yr":11,"wtd_pct_change":-54.5,"twentyeight_day_curr_yr":47,"twentyeight_day_prev_yr":41,"twentyeight_day_pct_change":14.6,"ytd_curr_yr":218,"ytd_prev_yr":187,"ytd_pct_change":16.6,"two_year_pct_change":10.7,"six_year_pct_change":19.1,"twentytwo_year_pct_change":-8.4},{"crime":"G.L.A.","wtd_curr_yr":4,"wtd_prev_yr":6,"wtd_pct_change":-33.3,"twentyeight_day_curr_yr":20,"twentyeight_day_prev_yr":15,"twentyeight_day_pct_change":33.3,"ytd_curr_yr":83,"ytd_prev_yr":53,"ytd_pct_change":56.6,"two_year_pct_change":9.2,"six_year_pct_change":-27.8,"twentytwo_year_pct_change":-94.5},{"crime":"TOTAL","wtd_curr_yr":24,"wtd_prev_yr":38,"wtd_pct_change":-36.84,"twentyeight_day_curr_yr":125,"twentyeight_day_prev_yr":134,"twentyeight_day_pct_change":-6.72,"ytd_curr_yr":580,"ytd_prev_yr":572,"ytd_pct_change":1.4,"two_year_pct_change":-6.3,"six_year_pct_change":-8.37,"twentytwo_year_pct_change":-81.01},{"crime":"Transit","wtd_curr_yr":0,"wtd_prev_yr":2,"wtd_pct_change":-100,"twentyeight_day_curr_yr":0,"twentyeight_day_prev_yr":2,"twentyeight_day_pct_change":-100,"ytd_curr_yr":5,"ytd_prev_yr":7,"ytd_pct_change":-28.6,"two_year_pct_change":-58.3,"six_year_pct_change":400,"twentytwo_year_pct_change":null},{"crime":"Housing","wtd_curr_yr":0,"wtd_prev_yr":0,"wtd_pct_change":null,"twentyeight_day_curr_yr":0,"twentyeight_day_prev_yr":0,"twentyeight_day_pct_change":null,"ytd_curr_yr":0,"ytd_prev_yr":0,"ytd_pct_change":null,"two_year_pct_change":null,"six_year_pct_change":null,"twentytwo_year_pct_change":null},{"crime":"Petit Larceny","wtd_curr_yr":22,"wtd_prev_yr":20,"wtd_pct_change":10,"twentyeight_day_curr_yr":92,"twentyeight_day_prev_yr":69,"twentyeight_day_pct_change":33.3,"ytd_curr_yr":459,"ytd_prev_yr":395,"ytd_pct_change":16.2,"two_year_pct_change":12.5,"six_year_pct_change":3.1,"twentytwo_year_pct_change":null},{"crime":"Misd. Assault","wtd_curr_yr":11,"wtd_prev_yr":9,"wtd_pct_change":22.2,"twentyeight_day_curr_yr":57,"twentyeight_day_prev_yr":45,"twentyeight_day_pct_change":26.7,"ytd_curr_yr":245,"ytd_prev_yr":193,"ytd_pct_change":26.9,"two_year_pct_change":-8.2,"six_year_pct_change":-7.5,"twentytwo_year_pct_change":null},{"crime":"Misd. Sex Crimes","wtd_curr_yr":0,"wtd_prev_yr":2,"wtd_pct_change":-100,"twentyeight_day_curr_yr":1,"twentyeight_day_prev_yr":2,"twentyeight_day_pct_change":-50,"ytd_curr_yr":6,"ytd_prev_yr":8,"ytd_pct_change":-25,"two_year_pct_change":-40,"six_year_pct_change":-57.1,"twentytwo_year_pct_change":null},{"crime":"Shooting Vic.","wtd_curr_yr":0,"wtd_prev_yr":0,"wtd_pct_change":null,"twentyeight_day_curr_yr":1,"twentyeight_day_prev_yr":0,"twentyeight_day_pct_change":null,"ytd_curr_yr":4,"ytd_prev_yr":1,"ytd_pct_change":300,"two_year_pct_change":100,"six_year_pct_change":300,"twentytwo_year_pct_change":-55.6},{"crime":"Shooting Inc.","wtd_curr_yr":0,"wtd_prev_yr":0,"wtd_pct_change":null,"twentyeight_day_curr_yr":1,"twentyeight_day_prev_yr":0,"twentyeight_day_pct_change":null,"ytd_curr_yr":3,"ytd_prev_yr":1,"ytd_pct_change":200,"two_year_pct_change":50,"six_year_pct_change":200,"twentytwo_year_pct_change":-62.5}],"historical":[{"yr_1990":11,"yr_1993":19,"yr_1998":7,"yr_2001":5,"yr_2013":3,"pct_change_13vs01":-40,"pct_change_13vs98":-57.1,"pct_change_13vs93":-84.2,"pct_change_13vs90":-72.7,"crime":"Murder"},{"yr_1990":21,"yr_1993":21,"yr_1998":24,"yr_2001":15,"yr_2013":15,"pct_change_13vs01":0,"pct_change_13vs98":-37.5,"pct_change_13vs93":-28.6,"pct_change_13vs90":-28.6,"crime":"Rape"},{"yr_1990":1307,"yr_1993":1027,"yr_1998":490,"yr_2001":359,"yr_2013":256,"pct_change_13vs01":-28.7,"pct_change_13vs98":-47.8,"pct_change_13vs93":-75.1,"pct_change_13vs90":-80.4,"crime":"Robbery"},{"yr_1990":279,"yr_1993":305,"yr_1998":261,"yr_2001":262,"yr_2013":241,"pct_change_13vs01":-8,"pct_change_13vs98":-7.7,"pct_change_13vs93":-21,"pct_change_13vs90":-13.6,"crime":"Fel. Assault"},{"yr_1990":2562,"yr_1993":1955,"yr_1998":1024,"yr_2001":790,"yr_2013":339,"pct_change_13vs01":-57.1,"pct_change_13vs98":-66.9,"pct_change_13vs93":-82.7,"pct_change_13vs90":-86.8,"crime":"Burglary"},{"yr_1990":884,"yr_1993":678,"yr_1998":485,"yr_2001":551,"yr_2013":572,"pct_change_13vs01":3.8,"pct_change_13vs98":17.9,"pct_change_13vs93":-15.6,"pct_change_13vs90":-35.3,"crime":"Gr. Larceny"},{"yr_1990":4443,"yr_1993":3418,"yr_1998":1374,"yr_2001":892,"yr_2013":181,"pct_change_13vs01":-79.7,"pct_change_13vs98":-86.8,"pct_change_13vs93":-94.7,"pct_change_13vs90":-95.9,"crime":"G.L.A."},{"yr_1990":9507,"yr_1993":7423,"yr_1998":3665,"yr_2001":2874,"yr_2013":1607,"pct_change_13vs01":-44.08,"pct_change_13vs98":-56.15,"pct_change_13vs93":-78.35,"pct_change_13vs90":-83.1,"crime":"TOTAL"}]}