{"mayor":"Bill de Blasio","commissioner":"William J. Bratton","volume":21,"number":38,"precinct":"106th","startDate":"2014-09-15T04:00:00.000Z","endDate":"2014-09-21T04:00:00.000Z","crimes":[{"crime":"Murder","wtd_curr_yr":0,"wtd_prev_yr":0,"wtd_pct_change":null,"twentyeight_day_curr_yr":0,"twentyeight_day_prev_yr":0,"twentyeight_day_pct_change":null,"ytd_curr_yr":1,"ytd_prev_yr":4,"ytd_pct_change":-75,"two_year_pct_change":-50,"six_year_pct_change":-66.7,"twentytwo_year_pct_change":-93.8},{"crime":"Rape","wtd_curr_yr":1,"wtd_prev_yr":0,"wtd_pct_change":null,"twentyeight_day_curr_yr":2,"twentyeight_day_prev_yr":0,"twentyeight_day_pct_change":null,"ytd_curr_yr":18,"ytd_prev_yr":13,"ytd_pct_change":38.5,"two_year_pct_change":50,"six_year_pct_change":260,"twentytwo_year_pct_change":-30.8},{"crime":"Robbery","wtd_curr_yr":1,"wtd_prev_yr":8,"wtd_pct_change":-87.5,"twentyeight_day_curr_yr":16,"twentyeight_day_prev_yr":26,"twentyeight_day_pct_change":-38.5,"ytd_curr_yr":184,"ytd_prev_yr":202,"ytd_pct_change":-8.9,"two_year_pct_change":-14.4,"six_year_pct_change":8.2,"twentytwo_year_pct_change":-70},{"crime":"Fel. Assault","wtd_curr_yr":6,"wtd_prev_yr":4,"wtd_pct_change":50,"twentyeight_day_curr_yr":19,"twentyeight_day_prev_yr":15,"twentyeight_day_pct_change":26.7,"ytd_curr_yr":173,"ytd_prev_yr":178,"ytd_pct_change":-2.8,"two_year_pct_change":18.5,"six_year_pct_change":29.1,"twentytwo_year_pct_change":-42.5},{"crime":"Burglary","wtd_curr_yr":5,"wtd_prev_yr":10,"wtd_pct_change":-50,"twentyeight_day_curr_yr":15,"twentyeight_day_prev_yr":24,"twentyeight_day_pct_change":-37.5,"ytd_curr_yr":184,"ytd_prev_yr":263,"ytd_pct_change":-30,"two_year_pct_change":-28.1,"six_year_pct_change":-15.2,"twentytwo_year_pct_change":-78.3},{"crime":"Gr. Larceny","wtd_curr_yr":19,"wtd_prev_yr":11,"wtd_pct_change":72.7,"twentyeight_day_curr_yr":46,"twentyeight_day_prev_yr":49,"twentyeight_day_pct_change":-6.1,"ytd_curr_yr":366,"ytd_prev_yr":342,"ytd_pct_change":7,"two_year_pct_change":4.3,"six_year_pct_change":36.6,"twentytwo_year_pct_change":-12.2},{"crime":"G.L.A.","wtd_curr_yr":10,"wtd_prev_yr":3,"wtd_pct_change":233.3,"twentyeight_day_curr_yr":26,"twentyeight_day_prev_yr":11,"twentyeight_day_pct_change":136.4,"ytd_curr_yr":176,"ytd_prev_yr":119,"ytd_pct_change":47.9,"two_year_pct_change":9.3,"six_year_pct_change":-9.7,"twentytwo_year_pct_change":-92.5},{"crime":"TOTAL","wtd_curr_yr":42,"wtd_prev_yr":36,"wtd_pct_change":16.67,"twentyeight_day_curr_yr":124,"twentyeight_day_prev_yr":125,"twentyeight_day_pct_change":-0.8,"ytd_curr_yr":1102,"ytd_prev_yr":1121,"ytd_pct_change":-1.69,"two_year_pct_change":-3.59,"six_year_pct_change":11.09,"twentytwo_year_pct_change":-75.84},{"crime":"Transit","wtd_curr_yr":0,"wtd_prev_yr":2,"wtd_pct_change":-100,"twentyeight_day_curr_yr":1,"twentyeight_day_prev_yr":4,"twentyeight_day_pct_change":-75,"ytd_curr_yr":21,"ytd_prev_yr":28,"ytd_pct_change":-25,"two_year_pct_change":-34.4,"six_year_pct_change":75,"twentytwo_year_pct_change":null},{"crime":"Housing","wtd_curr_yr":0,"wtd_prev_yr":0,"wtd_pct_change":null,"twentyeight_day_curr_yr":0,"twentyeight_day_prev_yr":0,"twentyeight_day_pct_change":null,"ytd_curr_yr":0,"ytd_prev_yr":0,"ytd_pct_change":null,"two_year_pct_change":null,"six_year_pct_change":null,"twentytwo_year_pct_change":null},{"crime":"Petit Larceny","wtd_curr_yr":16,"wtd_prev_yr":27,"wtd_pct_change":-40.7,"twentyeight_day_curr_yr":78,"twentyeight_day_prev_yr":81,"twentyeight_day_pct_change":-3.7,"ytd_curr_yr":656,"ytd_prev_yr":515,"ytd_pct_change":27.4,"two_year_pct_change":-6.8,"six_year_pct_change":9.5,"twentytwo_year_pct_change":null},{"crime":"Misd. Assault","wtd_curr_yr":10,"wtd_prev_yr":4,"wtd_pct_change":150,"twentyeight_day_curr_yr":36,"twentyeight_day_prev_yr":39,"twentyeight_day_pct_change":-7.7,"ytd_curr_yr":365,"ytd_prev_yr":333,"ytd_pct_change":9.6,"two_year_pct_change":-0.3,"six_year_pct_change":8,"twentytwo_year_pct_change":null},{"crime":"Misd. Sex Crimes","wtd_curr_yr":2,"wtd_prev_yr":0,"wtd_pct_change":null,"twentyeight_day_curr_yr":6,"twentyeight_day_prev_yr":0,"twentyeight_day_pct_change":null,"ytd_curr_yr":15,"ytd_prev_yr":18,"ytd_pct_change":-16.7,"two_year_pct_change":-6.2,"six_year_pct_change":-6.2,"twentytwo_year_pct_change":null},{"crime":"Shooting Vic.","wtd_curr_yr":1,"wtd_prev_yr":1,"wtd_pct_change":0,"twentyeight_day_curr_yr":1,"twentyeight_day_prev_yr":3,"twentyeight_day_pct_change":-66.7,"ytd_curr_yr":3,"ytd_prev_yr":9,"ytd_pct_change":-66.7,"two_year_pct_change":-50,"six_year_pct_change":-72.7,"twentytwo_year_pct_change":-86.4},{"crime":"Shooting Inc.","wtd_curr_yr":1,"wtd_prev_yr":1,"wtd_pct_change":0,"twentyeight_day_curr_yr":1,"twentyeight_day_prev_yr":3,"twentyeight_day_pct_change":-66.7,"ytd_curr_yr":3,"ytd_prev_yr":8,"ytd_pct_change":-62.5,"two_year_pct_change":-40,"six_year_pct_change":-70,"twentytwo_year_pct_change":-86.4}],"historical":[{"yr_1990":15,"yr_1993":21,"yr_1998":7,"yr_2001":4,"yr_2013":6,"pct_change_13vs01":50,"pct_change_13vs98":-14.3,"pct_change_13vs93":-71.4,"pct_change_13vs90":-60,"crime":"Murder"},{"yr_1990":31,"yr_1993":33,"yr_1998":40,"yr_2001":19,"yr_2013":19,"pct_change_13vs01":0,"pct_change_13vs98":-52.5,"pct_change_13vs93":-42.4,"pct_change_13vs90":-38.7,"crime":"Rape"},{"yr_1990":832,"yr_1993":891,"yr_1998":545,"yr_2001":344,"yr_2013":328,"pct_change_13vs01":-4.7,"pct_change_13vs98":-39.8,"pct_change_13vs93":-63.2,"pct_change_13vs90":-60.6,"crime":"Robbery"},{"yr_1990":329,"yr_1993":408,"yr_1998":297,"yr_2001":241,"yr_2013":253,"pct_change_13vs01":5,"pct_change_13vs98":-14.8,"pct_change_13vs93":-38,"pct_change_13vs90":-23.1,"crime":"Fel. Assault"},{"yr_1990":1348,"yr_1993":1230,"yr_1998":662,"yr_2001":417,"yr_2013":346,"pct_change_13vs01":-17,"pct_change_13vs98":-47.7,"pct_change_13vs93":-71.9,"pct_change_13vs90":-74.3,"crime":"Burglary"},{"yr_1990":715,"yr_1993":595,"yr_1998":440,"yr_2001":381,"yr_2013":522,"pct_change_13vs01":37,"pct_change_13vs98":18.6,"pct_change_13vs93":-12.3,"pct_change_13vs90":-27,"crime":"Gr. Larceny"},{"yr_1990":3071,"yr_1993":3304,"yr_1998":1370,"yr_2001":778,"yr_2013":191,"pct_change_13vs01":-75.4,"pct_change_13vs98":-86.1,"pct_change_13vs93":-94.2,"pct_change_13vs90":-93.8,"crime":"G.L.A."},{"yr_1990":6341,"yr_1993":6482,"yr_1998":3361,"yr_2001":2184,"yr_2013":1665,"pct_change_13vs01":-23.76,"pct_change_13vs98":-50.46,"pct_change_13vs93":-74.31,"pct_change_13vs90":-73.74,"crime":"TOTAL"}]}