{"mayor":"Bill de Blasio","commissioner":"William J. Bratton","volume":21,"number":39,"precinct":"107th","startDate":"2014-09-22T04:00:00.000Z","endDate":"2014-09-28T04:00:00.000Z","crimes":[{"crime":"Murder","wtd_curr_yr":0,"wtd_prev_yr":0,"wtd_pct_change":null,"twentyeight_day_curr_yr":0,"twentyeight_day_prev_yr":0,"twentyeight_day_pct_change":null,"ytd_curr_yr":0,"ytd_prev_yr":1,"ytd_pct_change":-100,"two_year_pct_change":-100,"six_year_pct_change":-100,"twentytwo_year_pct_change":-100},{"crime":"Rape","wtd_curr_yr":1,"wtd_prev_yr":0,"wtd_pct_change":null,"twentyeight_day_curr_yr":1,"twentyeight_day_prev_yr":0,"twentyeight_day_pct_change":null,"ytd_curr_yr":17,"ytd_prev_yr":6,"ytd_pct_change":183.3,"two_year_pct_change":88.9,"six_year_pct_change":240,"twentytwo_year_pct_change":-32},{"crime":"Robbery","wtd_curr_yr":3,"wtd_prev_yr":8,"wtd_pct_change":-62.5,"twentyeight_day_curr_yr":17,"twentyeight_day_prev_yr":17,"twentyeight_day_pct_change":0,"ytd_curr_yr":139,"ytd_prev_yr":166,"ytd_pct_change":-16.3,"two_year_pct_change":-20.6,"six_year_pct_change":-19.7,"twentytwo_year_pct_change":-79.6},{"crime":"Fel. Assault","wtd_curr_yr":2,"wtd_prev_yr":5,"wtd_pct_change":-60,"twentyeight_day_curr_yr":7,"twentyeight_day_prev_yr":15,"twentyeight_day_pct_change":-53.3,"ytd_curr_yr":77,"ytd_prev_yr":107,"ytd_pct_change":-28,"two_year_pct_change":-26,"six_year_pct_change":16.7,"twentytwo_year_pct_change":-57.9},{"crime":"Burglary","wtd_curr_yr":4,"wtd_prev_yr":7,"wtd_pct_change":-42.9,"twentyeight_day_curr_yr":13,"twentyeight_day_prev_yr":18,"twentyeight_day_pct_change":-27.8,"ytd_curr_yr":127,"ytd_prev_yr":191,"ytd_pct_change":-33.5,"two_year_pct_change":-39.2,"six_year_pct_change":-38,"twentytwo_year_pct_change":-88.6},{"crime":"Gr. Larceny","wtd_curr_yr":8,"wtd_prev_yr":14,"wtd_pct_change":-42.9,"twentyeight_day_curr_yr":42,"twentyeight_day_prev_yr":43,"twentyeight_day_pct_change":-2.3,"ytd_curr_yr":329,"ytd_prev_yr":353,"ytd_pct_change":-6.8,"two_year_pct_change":-2.4,"six_year_pct_change":-5.5,"twentytwo_year_pct_change":-26.6},{"crime":"G.L.A.","wtd_curr_yr":5,"wtd_prev_yr":5,"wtd_pct_change":0,"twentyeight_day_curr_yr":17,"twentyeight_day_prev_yr":25,"twentyeight_day_pct_change":-32,"ytd_curr_yr":115,"ytd_prev_yr":111,"ytd_pct_change":3.6,"two_year_pct_change":-2.5,"six_year_pct_change":-29.4,"twentytwo_year_pct_change":-96.9},{"crime":"TOTAL","wtd_curr_yr":23,"wtd_prev_yr":39,"wtd_pct_change":-41.03,"twentyeight_day_curr_yr":97,"twentyeight_day_prev_yr":118,"twentyeight_day_pct_change":-17.8,"ytd_curr_yr":804,"ytd_prev_yr":935,"ytd_pct_change":-14.01,"two_year_pct_change":-15.63,"six_year_pct_change":-16.42,"twentytwo_year_pct_change":-86.84},{"crime":"Transit","wtd_curr_yr":2,"wtd_prev_yr":0,"wtd_pct_change":null,"twentyeight_day_curr_yr":5,"twentyeight_day_prev_yr":1,"twentyeight_day_pct_change":400,"ytd_curr_yr":19,"ytd_prev_yr":19,"ytd_pct_change":0,"two_year_pct_change":-13.6,"six_year_pct_change":-5,"twentytwo_year_pct_change":null},{"crime":"Housing","wtd_curr_yr":1,"wtd_prev_yr":3,"wtd_pct_change":-66.7,"twentyeight_day_curr_yr":6,"twentyeight_day_prev_yr":9,"twentyeight_day_pct_change":-33.3,"ytd_curr_yr":40,"ytd_prev_yr":41,"ytd_pct_change":-2.4,"two_year_pct_change":5.3,"six_year_pct_change":66.7,"twentytwo_year_pct_change":null},{"crime":"Petit Larceny","wtd_curr_yr":20,"wtd_prev_yr":20,"wtd_pct_change":0,"twentyeight_day_curr_yr":87,"twentyeight_day_prev_yr":63,"twentyeight_day_pct_change":38.1,"ytd_curr_yr":601,"ytd_prev_yr":607,"ytd_pct_change":-1,"two_year_pct_change":6.2,"six_year_pct_change":-14.4,"twentytwo_year_pct_change":null},{"crime":"Misd. Assault","wtd_curr_yr":13,"wtd_prev_yr":7,"wtd_pct_change":85.7,"twentyeight_day_curr_yr":37,"twentyeight_day_prev_yr":29,"twentyeight_day_pct_change":27.6,"ytd_curr_yr":271,"ytd_prev_yr":269,"ytd_pct_change":0.7,"two_year_pct_change":1.5,"six_year_pct_change":-20.1,"twentytwo_year_pct_change":null},{"crime":"Misd. Sex Crimes","wtd_curr_yr":1,"wtd_prev_yr":0,"wtd_pct_change":null,"twentyeight_day_curr_yr":2,"twentyeight_day_prev_yr":1,"twentyeight_day_pct_change":100,"ytd_curr_yr":20,"ytd_prev_yr":20,"ytd_pct_change":0,"two_year_pct_change":5.3,"six_year_pct_change":0,"twentytwo_year_pct_change":null},{"crime":"Shooting Vic.","wtd_curr_yr":0,"wtd_prev_yr":0,"wtd_pct_change":null,"twentyeight_day_curr_yr":0,"twentyeight_day_prev_yr":0,"twentyeight_day_pct_change":null,"ytd_curr_yr":3,"ytd_prev_yr":2,"ytd_pct_change":50,"two_year_pct_change":-25,"six_year_pct_change":-25,"twentytwo_year_pct_change":-70},{"crime":"Shooting Inc.","wtd_curr_yr":0,"wtd_prev_yr":0,"wtd_pct_change":null,"twentyeight_day_curr_yr":0,"twentyeight_day_prev_yr":0,"twentyeight_day_pct_change":null,"ytd_curr_yr":3,"ytd_prev_yr":2,"ytd_pct_change":50,"two_year_pct_change":0,"six_year_pct_change":-25,"twentytwo_year_pct_change":-70}],"historical":[{"yr_1990":14,"yr_1993":8,"yr_1998":5,"yr_2001":4,"yr_2013":1,"pct_change_13vs01":-75,"pct_change_13vs98":-80,"pct_change_13vs93":-87.5,"pct_change_13vs90":-92.9,"crime":"Murder"},{"yr_1990":24,"yr_1993":32,"yr_1998":30,"yr_2001":15,"yr_2013":7,"pct_change_13vs01":-53.3,"pct_change_13vs98":-76.7,"pct_change_13vs93":-78.1,"pct_change_13vs90":-70.8,"crime":"Rape"},{"yr_1990":1039,"yr_1993":514,"yr_1998":375,"yr_2001":242,"yr_2013":-35.5,"pct_change_13vs01":-52.9,"pct_change_13vs98":-76.7,"pct_change_13vs93":-72.9,"pct_change_13vs90":null,"crime":"Robbery 893"},{"yr_1990":260,"yr_1993":239,"yr_1998":226,"yr_2001":153,"yr_2013":138,"pct_change_13vs01":-9.8,"pct_change_13vs98":-38.9,"pct_change_13vs93":-42.3,"pct_change_13vs90":-46.9,"crime":"Fel. Assault"},{"yr_1990":2152,"yr_1993":1425,"yr_1998":862,"yr_2001":632,"yr_2013":244,"pct_change_13vs01":-61.4,"pct_change_13vs98":-71.7,"pct_change_13vs93":-82.9,"pct_change_13vs90":-88.7,"crime":"Burglary"},{"yr_1990":805,"yr_1993":616,"yr_1998":614,"yr_2001":572,"yr_2013":517,"pct_change_13vs01":-9.6,"pct_change_13vs98":-15.8,"pct_change_13vs93":-16.1,"pct_change_13vs90":-35.8,"crime":"Gr. Larceny"},{"yr_1990":5535,"yr_1993":4902,"yr_1998":1560,"yr_2001":802,"yr_2013":149,"pct_change_13vs01":-81.4,"pct_change_13vs98":-90.4,"pct_change_13vs93":-97,"pct_change_13vs90":-97.3,"crime":"G.L.A."},{"yr_1990":9683,"yr_1993":8261,"yr_1998":3811,"yr_2001":2553,"yr_2013":1298,"pct_change_13vs01":-49.16,"pct_change_13vs98":-65.94,"pct_change_13vs93":-84.29,"pct_change_13vs90":-86.6,"crime":"TOTAL"}]}