{"mayor":"Bill de Blasio","commissioner":"William J. Bratton","volume":21,"number":34,"precinct":"103rd","startDate":"2014-08-18T04:00:00.000Z","endDate":"2014-08-24T04:00:00.000Z","crimes":[{"crime":"Murder","wtd_curr_yr":0,"wtd_prev_yr":0,"wtd_pct_change":null,"twentyeight_day_curr_yr":0,"twentyeight_day_prev_yr":2,"twentyeight_day_pct_change":-100,"ytd_curr_yr":7,"ytd_prev_yr":7,"ytd_pct_change":0,"two_year_pct_change":-30,"six_year_pct_change":-22.2,"twentytwo_year_pct_change":-63.2},{"crime":"Rape","wtd_curr_yr":0,"wtd_prev_yr":1,"wtd_pct_change":-100,"twentyeight_day_curr_yr":0,"twentyeight_day_prev_yr":4,"twentyeight_day_pct_change":-100,"ytd_curr_yr":10,"ytd_prev_yr":24,"ytd_pct_change":-58.3,"two_year_pct_change":-52.4,"six_year_pct_change":-47.4,"twentytwo_year_pct_change":-78.7},{"crime":"Robbery","wtd_curr_yr":6,"wtd_prev_yr":13,"wtd_pct_change":-53.8,"twentyeight_day_curr_yr":32,"twentyeight_day_prev_yr":42,"twentyeight_day_pct_change":-23.8,"ytd_curr_yr":217,"ytd_prev_yr":297,"ytd_pct_change":-26.9,"two_year_pct_change":-22.2,"six_year_pct_change":7.4,"twentytwo_year_pct_change":-79.4},{"crime":"Fel. Assault","wtd_curr_yr":16,"wtd_prev_yr":7,"wtd_pct_change":128.6,"twentyeight_day_curr_yr":31,"twentyeight_day_prev_yr":25,"twentyeight_day_pct_change":24,"ytd_curr_yr":259,"ytd_prev_yr":239,"ytd_pct_change":8.4,"two_year_pct_change":2.8,"six_year_pct_change":5.7,"twentytwo_year_pct_change":-52.4},{"crime":"Burglary","wtd_curr_yr":6,"wtd_prev_yr":4,"wtd_pct_change":50,"twentyeight_day_curr_yr":25,"twentyeight_day_prev_yr":20,"twentyeight_day_pct_change":25,"ytd_curr_yr":147,"ytd_prev_yr":194,"ytd_pct_change":-24.2,"two_year_pct_change":-31.6,"six_year_pct_change":-22.2,"twentytwo_year_pct_change":-80.2},{"crime":"Gr. Larceny","wtd_curr_yr":4,"wtd_prev_yr":6,"wtd_pct_change":-33.3,"twentyeight_day_curr_yr":39,"twentyeight_day_prev_yr":42,"twentyeight_day_pct_change":-7.1,"ytd_curr_yr":314,"ytd_prev_yr":286,"ytd_pct_change":9.8,"two_year_pct_change":0.6,"six_year_pct_change":9.4,"twentytwo_year_pct_change":-58.4},{"crime":"G.L.A.","wtd_curr_yr":4,"wtd_prev_yr":3,"wtd_pct_change":33.3,"twentyeight_day_curr_yr":12,"twentyeight_day_prev_yr":8,"twentyeight_day_pct_change":50,"ytd_curr_yr":92,"ytd_prev_yr":102,"ytd_pct_change":-9.8,"two_year_pct_change":-18.6,"six_year_pct_change":-19.3,"twentytwo_year_pct_change":-90.6},{"crime":"TOTAL","wtd_curr_yr":36,"wtd_prev_yr":34,"wtd_pct_change":5.88,"twentyeight_day_curr_yr":139,"twentyeight_day_prev_yr":143,"twentyeight_day_pct_change":-2.8,"ytd_curr_yr":1046,"ytd_prev_yr":1149,"ytd_pct_change":-8.96,"two_year_pct_change":-12.98,"six_year_pct_change":-1.78,"twentytwo_year_pct_change":-74.76},{"crime":"Transit","wtd_curr_yr":0,"wtd_prev_yr":1,"wtd_pct_change":-100,"twentyeight_day_curr_yr":2,"twentyeight_day_prev_yr":4,"twentyeight_day_pct_change":-50,"ytd_curr_yr":15,"ytd_prev_yr":22,"ytd_pct_change":-31.8,"two_year_pct_change":-16.7,"six_year_pct_change":150,"twentytwo_year_pct_change":null},{"crime":"Housing","wtd_curr_yr":1,"wtd_prev_yr":3,"wtd_pct_change":-66.7,"twentyeight_day_curr_yr":3,"twentyeight_day_prev_yr":5,"twentyeight_day_pct_change":-40,"ytd_curr_yr":18,"ytd_prev_yr":26,"ytd_pct_change":-30.8,"two_year_pct_change":-45.5,"six_year_pct_change":0,"twentytwo_year_pct_change":null},{"crime":"Petit Larceny","wtd_curr_yr":29,"wtd_prev_yr":28,"wtd_pct_change":3.6,"twentyeight_day_curr_yr":114,"twentyeight_day_prev_yr":112,"twentyeight_day_pct_change":1.8,"ytd_curr_yr":778,"ytd_prev_yr":704,"ytd_pct_change":10.5,"two_year_pct_change":12.9,"six_year_pct_change":19.5,"twentytwo_year_pct_change":null},{"crime":"Misd. Assault","wtd_curr_yr":19,"wtd_prev_yr":14,"wtd_pct_change":35.7,"twentyeight_day_curr_yr":77,"twentyeight_day_prev_yr":77,"twentyeight_day_pct_change":0,"ytd_curr_yr":599,"ytd_prev_yr":633,"ytd_pct_change":-5.4,"two_year_pct_change":18.4,"six_year_pct_change":27.7,"twentytwo_year_pct_change":null},{"crime":"Misd. Sex Crimes","wtd_curr_yr":1,"wtd_prev_yr":0,"wtd_pct_change":null,"twentyeight_day_curr_yr":9,"twentyeight_day_prev_yr":3,"twentyeight_day_pct_change":200,"ytd_curr_yr":30,"ytd_prev_yr":20,"ytd_pct_change":50,"two_year_pct_change":7.1,"six_year_pct_change":11.1,"twentytwo_year_pct_change":null},{"crime":"Shooting Vic.","wtd_curr_yr":1,"wtd_prev_yr":1,"wtd_pct_change":0,"twentyeight_day_curr_yr":3,"twentyeight_day_prev_yr":3,"twentyeight_day_pct_change":0,"ytd_curr_yr":17,"ytd_prev_yr":20,"ytd_pct_change":-15,"two_year_pct_change":-46.9,"six_year_pct_change":-37,"twentytwo_year_pct_change":-82.7},{"crime":"Shooting Inc.","wtd_curr_yr":1,"wtd_prev_yr":1,"wtd_pct_change":0,"twentyeight_day_curr_yr":3,"twentyeight_day_prev_yr":2,"twentyeight_day_pct_change":50,"ytd_curr_yr":13,"ytd_prev_yr":18,"ytd_pct_change":-27.8,"two_year_pct_change":-55.2,"six_year_pct_change":-35,"twentytwo_year_pct_change":-85.6}],"historical":[{"yr_1990":38,"yr_1993":28,"yr_1998":16,"yr_2001":10,"yr_2013":8,"pct_change_13vs01":-20,"pct_change_13vs98":-50,"pct_change_13vs93":-71.4,"pct_change_13vs90":-78.9,"crime":"Murder"},{"yr_1990":60,"yr_1993":74,"yr_1998":45,"yr_2001":27,"yr_2013":37,"pct_change_13vs01":37,"pct_change_13vs98":-17.8,"pct_change_13vs93":-50,"pct_change_13vs90":-38.3,"crime":"Rape"},{"yr_1990":1846,"yr_1993":1742,"yr_1998":751,"yr_2001":530,"yr_2013":438,"pct_change_13vs01":-17.4,"pct_change_13vs98":-41.7,"pct_change_13vs93":-74.9,"pct_change_13vs90":-76.3,"crime":"Robbery"},{"yr_1990":958,"yr_1993":853,"yr_1998":611,"yr_2001":406,"yr_2013":369,"pct_change_13vs01":-9.1,"pct_change_13vs98":-39.6,"pct_change_13vs93":-56.7,"pct_change_13vs90":-61.5,"crime":"Fel. Assault"},{"yr_1990":1592,"yr_1993":1166,"yr_1998":598,"yr_2001":449,"yr_2013":300,"pct_change_13vs01":-33.2,"pct_change_13vs98":-49.8,"pct_change_13vs93":-74.3,"pct_change_13vs90":-81.2,"crime":"Burglary"},{"yr_1990":1277,"yr_1993":1214,"yr_1998":578,"yr_2001":587,"yr_2013":487,"pct_change_13vs01":-17,"pct_change_13vs98":-15.7,"pct_change_13vs93":-59.9,"pct_change_13vs90":-61.9,"crime":"Gr. Larceny"},{"yr_1990":1889,"yr_1993":1591,"yr_1998":602,"yr_2001":472,"yr_2013":172,"pct_change_13vs01":-63.6,"pct_change_13vs98":-71.4,"pct_change_13vs93":-89.2,"pct_change_13vs90":-90.9,"crime":"G.L.A."},{"yr_1990":7660,"yr_1993":6668,"yr_1998":3201,"yr_2001":2481,"yr_2013":1811,"pct_change_13vs01":-27.01,"pct_change_13vs98":-43.42,"pct_change_13vs93":-72.84,"pct_change_13vs90":-76.36,"crime":"TOTAL"}]}