{"mayor":"Bill de Blasio","commissioner":"William J. Bratton","volume":21,"number":14,"precinct":"103rd","startDate":"2014-03-31T04:00:00.000Z","endDate":"2014-04-06T04:00:00.000Z","crimes":[{"crime":"Murder","wtd_curr_yr":0,"wtd_prev_yr":0,"wtd_pct_change":null,"twentyeight_day_curr_yr":2,"twentyeight_day_prev_yr":0,"twentyeight_day_pct_change":null,"ytd_curr_yr":5,"ytd_prev_yr":1,"ytd_pct_change":400,"two_year_pct_change":150,"six_year_pct_change":66.7,"twentytwo_year_pct_change":0},{"crime":"Rape","wtd_curr_yr":0,"wtd_prev_yr":1,"wtd_pct_change":-100,"twentyeight_day_curr_yr":2,"twentyeight_day_prev_yr":1,"twentyeight_day_pct_change":100,"ytd_curr_yr":5,"ytd_prev_yr":9,"ytd_pct_change":-44.4,"two_year_pct_change":-54.5,"six_year_pct_change":-28.6,"twentytwo_year_pct_change":-68.8},{"crime":"Robbery","wtd_curr_yr":4,"wtd_prev_yr":9,"wtd_pct_change":-55.6,"twentyeight_day_curr_yr":21,"twentyeight_day_prev_yr":27,"twentyeight_day_pct_change":-22.2,"ytd_curr_yr":76,"ytd_prev_yr":128,"ytd_pct_change":-40.6,"two_year_pct_change":-20.8,"six_year_pct_change":-6.2,"twentytwo_year_pct_change":-81.4},{"crime":"Fel. Assault","wtd_curr_yr":6,"wtd_prev_yr":11,"wtd_pct_change":-45.5,"twentyeight_day_curr_yr":25,"twentyeight_day_prev_yr":43,"twentyeight_day_pct_change":-41.9,"ytd_curr_yr":79,"ytd_prev_yr":103,"ytd_pct_change":-23.3,"two_year_pct_change":-11.2,"six_year_pct_change":-27.5,"twentytwo_year_pct_change":-65},{"crime":"Burglary","wtd_curr_yr":8,"wtd_prev_yr":6,"wtd_pct_change":33.3,"twentyeight_day_curr_yr":18,"twentyeight_day_prev_yr":27,"twentyeight_day_pct_change":-33.3,"ytd_curr_yr":53,"ytd_prev_yr":74,"ytd_pct_change":-28.4,"two_year_pct_change":-22.1,"six_year_pct_change":-11.7,"twentytwo_year_pct_change":-81.1},{"crime":"Gr. Larceny","wtd_curr_yr":7,"wtd_prev_yr":9,"wtd_pct_change":-22.2,"twentyeight_day_curr_yr":29,"twentyeight_day_prev_yr":28,"twentyeight_day_pct_change":3.6,"ytd_curr_yr":99,"ytd_prev_yr":87,"ytd_pct_change":13.8,"two_year_pct_change":-30.3,"six_year_pct_change":8.8,"twentytwo_year_pct_change":-64.8},{"crime":"G.L.A.","wtd_curr_yr":4,"wtd_prev_yr":1,"wtd_pct_change":300,"twentyeight_day_curr_yr":12,"twentyeight_day_prev_yr":11,"twentyeight_day_pct_change":9.1,"ytd_curr_yr":34,"ytd_prev_yr":53,"ytd_pct_change":-35.8,"two_year_pct_change":-24.4,"six_year_pct_change":-5.6,"twentytwo_year_pct_change":-90.6},{"crime":"TOTAL","wtd_curr_yr":29,"wtd_prev_yr":37,"wtd_pct_change":-21.62,"twentyeight_day_curr_yr":109,"twentyeight_day_prev_yr":137,"twentyeight_day_pct_change":-20.44,"ytd_curr_yr":351,"ytd_prev_yr":455,"ytd_pct_change":-22.86,"two_year_pct_change":-22.52,"six_year_pct_change":-9.3,"twentytwo_year_pct_change":-77.74},{"crime":"Transit","wtd_curr_yr":0,"wtd_prev_yr":0,"wtd_pct_change":null,"twentyeight_day_curr_yr":2,"twentyeight_day_prev_yr":2,"twentyeight_day_pct_change":0,"ytd_curr_yr":7,"ytd_prev_yr":12,"ytd_pct_change":-41.7,"two_year_pct_change":0,"six_year_pct_change":133.3,"twentytwo_year_pct_change":null},{"crime":"Housing","wtd_curr_yr":1,"wtd_prev_yr":2,"wtd_pct_change":-50,"twentyeight_day_curr_yr":3,"twentyeight_day_prev_yr":4,"twentyeight_day_pct_change":-25,"ytd_curr_yr":7,"ytd_prev_yr":12,"ytd_pct_change":-41.7,"two_year_pct_change":-53.3,"six_year_pct_change":16.7,"twentytwo_year_pct_change":null},{"crime":"Petit Larceny","wtd_curr_yr":27,"wtd_prev_yr":8,"wtd_pct_change":237.5,"twentyeight_day_curr_yr":86,"twentyeight_day_prev_yr":53,"twentyeight_day_pct_change":62.3,"ytd_curr_yr":282,"ytd_prev_yr":209,"ytd_pct_change":34.9,"two_year_pct_change":7.2,"six_year_pct_change":15.6,"twentytwo_year_pct_change":null},{"crime":"Misd. Assault","wtd_curr_yr":26,"wtd_prev_yr":22,"wtd_pct_change":18.2,"twentyeight_day_curr_yr":86,"twentyeight_day_prev_yr":81,"twentyeight_day_pct_change":6.2,"ytd_curr_yr":239,"ytd_prev_yr":254,"ytd_pct_change":-5.9,"two_year_pct_change":18.3,"six_year_pct_change":36.6,"twentytwo_year_pct_change":null},{"crime":"Misd. Sex Crimes","wtd_curr_yr":0,"wtd_prev_yr":0,"wtd_pct_change":null,"twentyeight_day_curr_yr":3,"twentyeight_day_prev_yr":3,"twentyeight_day_pct_change":0,"ytd_curr_yr":10,"ytd_prev_yr":6,"ytd_pct_change":66.7,"two_year_pct_change":42.9,"six_year_pct_change":42.9,"twentytwo_year_pct_change":null},{"crime":"Shooting Vic.","wtd_curr_yr":0,"wtd_prev_yr":0,"wtd_pct_change":null,"twentyeight_day_curr_yr":4,"twentyeight_day_prev_yr":1,"twentyeight_day_pct_change":300,"ytd_curr_yr":6,"ytd_prev_yr":5,"ytd_pct_change":20,"two_year_pct_change":-45.5,"six_year_pct_change":-57.1,"twentytwo_year_pct_change":-80.6},{"crime":"Shooting Inc.","wtd_curr_yr":0,"wtd_prev_yr":0,"wtd_pct_change":null,"twentyeight_day_curr_yr":3,"twentyeight_day_prev_yr":1,"twentyeight_day_pct_change":200,"ytd_curr_yr":5,"ytd_prev_yr":4,"ytd_pct_change":25,"two_year_pct_change":-44.4,"six_year_pct_change":-37.5,"twentytwo_year_pct_change":-82.1}],"historical":[{"yr_1990":38,"yr_1993":28,"yr_1995":16,"yr_2001":10,"yr_2013":8,"pct_change_13vs01":-20,"pct_change_13vs95":-50,"pct_change_13vs93":-71.4,"pct_change_13vs90":-78.9,"crime":"Murder"},{"yr_1990":60,"yr_1993":74,"yr_1995":69,"yr_2001":27,"yr_2013":37,"pct_change_13vs01":37,"pct_change_13vs95":-46.4,"pct_change_13vs93":-50,"pct_change_13vs90":-38.3,"crime":"Rape"},{"yr_1990":1846,"yr_1993":1742,"yr_1995":1488,"yr_2001":530,"yr_2013":438,"pct_change_13vs01":-17.4,"pct_change_13vs95":-70.6,"pct_change_13vs93":-74.9,"pct_change_13vs90":-76.3,"crime":"Robbery"},{"yr_1990":958,"yr_1993":853,"yr_1995":787,"yr_2001":406,"yr_2013":369,"pct_change_13vs01":-9.1,"pct_change_13vs95":-53.1,"pct_change_13vs93":-56.7,"pct_change_13vs90":-61.5,"crime":"Fel. Assault"},{"yr_1990":1592,"yr_1993":1166,"yr_1995":1055,"yr_2001":449,"yr_2013":300,"pct_change_13vs01":-33.2,"pct_change_13vs95":-71.6,"pct_change_13vs93":-74.3,"pct_change_13vs90":-81.2,"crime":"Burglary"},{"yr_1990":1277,"yr_1993":1214,"yr_1995":985,"yr_2001":587,"yr_2013":487,"pct_change_13vs01":-17,"pct_change_13vs95":-50.6,"pct_change_13vs93":-59.9,"pct_change_13vs90":-61.9,"crime":"Gr. Larceny"},{"yr_1990":1889,"yr_1993":1591,"yr_1995":1088,"yr_2001":472,"yr_2013":172,"pct_change_13vs01":-63.6,"pct_change_13vs95":-84.2,"pct_change_13vs93":-89.2,"pct_change_13vs90":-90.9,"crime":"G.L.A."},{"yr_1990":7660,"yr_1993":6668,"yr_1995":5488,"yr_2001":2481,"yr_2013":1811,"pct_change_13vs01":-27.01,"pct_change_13vs95":-67,"pct_change_13vs93":-72.84,"pct_change_13vs90":-76.36,"crime":"TOTAL"}]}