{"mayor":"Bill de Blasio","commissioner":"William J. Bratton","volume":21,"number":50,"precinct":"103rd","startDate":"2014-12-08T05:00:00.000Z","endDate":"2014-12-14T05:00:00.000Z","crimes":[{"crime":"Murder","wtd_curr_yr":0,"wtd_prev_yr":0,"wtd_pct_change":null,"twentyeight_day_curr_yr":1,"twentyeight_day_prev_yr":1,"twentyeight_day_pct_change":0,"ytd_curr_yr":9,"ytd_prev_yr":8,"ytd_pct_change":12.5,"two_year_pct_change":-10,"six_year_pct_change":-18.2,"twentytwo_year_pct_change":-67.9},{"crime":"Rape","wtd_curr_yr":0,"wtd_prev_yr":0,"wtd_pct_change":null,"twentyeight_day_curr_yr":1,"twentyeight_day_prev_yr":0,"twentyeight_day_pct_change":null,"ytd_curr_yr":21,"ytd_prev_yr":36,"ytd_pct_change":-41.7,"two_year_pct_change":-36.4,"six_year_pct_change":-32.3,"twentytwo_year_pct_change":-70.4},{"crime":"Robbery","wtd_curr_yr":1,"wtd_prev_yr":3,"wtd_pct_change":-66.7,"twentyeight_day_curr_yr":30,"twentyeight_day_prev_yr":23,"twentyeight_day_pct_change":30.4,"ytd_curr_yr":369,"ytd_prev_yr":419,"ytd_pct_change":-11.9,"two_year_pct_change":-11.9,"six_year_pct_change":1.7,"twentytwo_year_pct_change":-77.5},{"crime":"Fel. Assault","wtd_curr_yr":5,"wtd_prev_yr":9,"wtd_pct_change":-44.4,"twentyeight_day_curr_yr":34,"twentyeight_day_prev_yr":27,"twentyeight_day_pct_change":25.9,"ytd_curr_yr":433,"ytd_prev_yr":357,"ytd_pct_change":21.3,"two_year_pct_change":19.6,"six_year_pct_change":15.8,"twentytwo_year_pct_change":-47},{"crime":"Burglary","wtd_curr_yr":5,"wtd_prev_yr":5,"wtd_pct_change":0,"twentyeight_day_curr_yr":20,"twentyeight_day_prev_yr":26,"twentyeight_day_pct_change":-23.1,"ytd_curr_yr":252,"ytd_prev_yr":293,"ytd_pct_change":-14,"two_year_pct_change":-16.8,"six_year_pct_change":-12.5,"twentytwo_year_pct_change":-77.4},{"crime":"Gr. Larceny","wtd_curr_yr":11,"wtd_prev_yr":10,"wtd_pct_change":10,"twentyeight_day_curr_yr":35,"twentyeight_day_prev_yr":45,"twentyeight_day_pct_change":-22.2,"ytd_curr_yr":466,"ytd_prev_yr":467,"ytd_pct_change":-0.2,"two_year_pct_change":-0.4,"six_year_pct_change":6.2,"twentytwo_year_pct_change":-59.4},{"crime":"G.L.A.","wtd_curr_yr":3,"wtd_prev_yr":1,"wtd_pct_change":200,"twentyeight_day_curr_yr":12,"twentyeight_day_prev_yr":11,"twentyeight_day_pct_change":9.1,"ytd_curr_yr":131,"ytd_prev_yr":160,"ytd_pct_change":-18.1,"two_year_pct_change":-23.4,"six_year_pct_change":-20.6,"twentytwo_year_pct_change":-91.4},{"crime":"TOTAL","wtd_curr_yr":25,"wtd_prev_yr":28,"wtd_pct_change":-10.71,"twentyeight_day_curr_yr":133,"twentyeight_day_prev_yr":133,"twentyeight_day_pct_change":0,"ytd_curr_yr":1681,"ytd_prev_yr":1740,"ytd_pct_change":-3.39,"two_year_pct_change":-4.81,"six_year_pct_change":0.6,"twentytwo_year_pct_change":-73.49},{"crime":"Transit","wtd_curr_yr":2,"wtd_prev_yr":2,"wtd_pct_change":0,"twentyeight_day_curr_yr":2,"twentyeight_day_prev_yr":3,"twentyeight_day_pct_change":-33.3,"ytd_curr_yr":23,"ytd_prev_yr":39,"ytd_pct_change":-41,"two_year_pct_change":-23.3,"six_year_pct_change":76.9,"twentytwo_year_pct_change":null},{"crime":"Housing","wtd_curr_yr":1,"wtd_prev_yr":0,"wtd_pct_change":null,"twentyeight_day_curr_yr":5,"twentyeight_day_prev_yr":3,"twentyeight_day_pct_change":66.7,"ytd_curr_yr":31,"ytd_prev_yr":39,"ytd_pct_change":-20.5,"two_year_pct_change":-31.1,"six_year_pct_change":29.2,"twentytwo_year_pct_change":null},{"crime":"Petit Larceny","wtd_curr_yr":18,"wtd_prev_yr":14,"wtd_pct_change":28.6,"twentyeight_day_curr_yr":77,"twentyeight_day_prev_yr":73,"twentyeight_day_pct_change":5.5,"ytd_curr_yr":1125,"ytd_prev_yr":1084,"ytd_pct_change":3.8,"two_year_pct_change":15.3,"six_year_pct_change":12.5,"twentytwo_year_pct_change":null},{"crime":"Misd. Assault","wtd_curr_yr":12,"wtd_prev_yr":26,"wtd_pct_change":-53.8,"twentyeight_day_curr_yr":45,"twentyeight_day_prev_yr":75,"twentyeight_day_pct_change":-40,"ytd_curr_yr":812,"ytd_prev_yr":914,"ytd_pct_change":-11.2,"two_year_pct_change":4.2,"six_year_pct_change":15.5,"twentytwo_year_pct_change":null},{"crime":"Misd. Sex Crimes","wtd_curr_yr":0,"wtd_prev_yr":0,"wtd_pct_change":null,"twentyeight_day_curr_yr":4,"twentyeight_day_prev_yr":1,"twentyeight_day_pct_change":300,"ytd_curr_yr":33,"ytd_prev_yr":26,"ytd_pct_change":26.9,"two_year_pct_change":-17.5,"six_year_pct_change":3.1,"twentytwo_year_pct_change":null},{"crime":"Shooting Vic.","wtd_curr_yr":0,"wtd_prev_yr":1,"wtd_pct_change":-100,"twentyeight_day_curr_yr":0,"twentyeight_day_prev_yr":2,"twentyeight_day_pct_change":-100,"ytd_curr_yr":21,"ytd_prev_yr":33,"ytd_pct_change":-36.4,"two_year_pct_change":-54.3,"six_year_pct_change":-54.3,"twentytwo_year_pct_change":-86.4},{"crime":"Shooting Inc.","wtd_curr_yr":0,"wtd_prev_yr":1,"wtd_pct_change":-100,"twentyeight_day_curr_yr":0,"twentyeight_day_prev_yr":2,"twentyeight_day_pct_change":-100,"ytd_curr_yr":17,"ytd_prev_yr":30,"ytd_pct_change":-43.3,"two_year_pct_change":-59.5,"six_year_pct_change":-55.3,"twentytwo_year_pct_change":-88}],"historical":[{"yr_1990":38,"yr_1993":28,"yr_1998":16,"yr_2001":10,"yr_2013":8,"pct_change_13vs01":-20,"pct_change_13vs98":-50,"pct_change_13vs93":-71.4,"pct_change_13vs90":-78.9,"crime":"Murder"},{"yr_1990":60,"yr_1993":74,"yr_1998":45,"yr_2001":27,"yr_2013":37,"pct_change_13vs01":37,"pct_change_13vs98":-17.8,"pct_change_13vs93":-50,"pct_change_13vs90":-38.3,"crime":"Rape"},{"yr_1990":1846,"yr_1993":1742,"yr_1998":751,"yr_2001":530,"yr_2013":438,"pct_change_13vs01":-17.4,"pct_change_13vs98":-41.7,"pct_change_13vs93":-74.9,"pct_change_13vs90":-76.3,"crime":"Robbery"},{"yr_1990":958,"yr_1993":853,"yr_1998":611,"yr_2001":406,"yr_2013":369,"pct_change_13vs01":-9.1,"pct_change_13vs98":-39.6,"pct_change_13vs93":-56.7,"pct_change_13vs90":-61.5,"crime":"Fel. Assault"},{"yr_1990":1592,"yr_1993":1166,"yr_1998":598,"yr_2001":449,"yr_2013":300,"pct_change_13vs01":-33.2,"pct_change_13vs98":-49.8,"pct_change_13vs93":-74.3,"pct_change_13vs90":-81.2,"crime":"Burglary"},{"yr_1990":1277,"yr_1993":1214,"yr_1998":578,"yr_2001":587,"yr_2013":487,"pct_change_13vs01":-17,"pct_change_13vs98":-15.7,"pct_change_13vs93":-59.9,"pct_change_13vs90":-61.9,"crime":"Gr. Larceny"},{"yr_1990":1889,"yr_1993":1591,"yr_1998":602,"yr_2001":472,"yr_2013":172,"pct_change_13vs01":-63.6,"pct_change_13vs98":-71.4,"pct_change_13vs93":-89.2,"pct_change_13vs90":-90.9,"crime":"G.L.A."},{"yr_1990":7660,"yr_1993":6668,"yr_1998":3201,"yr_2001":2481,"yr_2013":1811,"pct_change_13vs01":-27.01,"pct_change_13vs98":-43.42,"pct_change_13vs93":-72.84,"pct_change_13vs90":-76.36,"crime":"TOTAL"}]}