{"mayor":"Bill de Blasio","commissioner":"William J. Bratton","volume":21,"number":40,"precinct":"108th","startDate":"2014-09-29T04:00:00.000Z","endDate":"2014-10-05T04:00:00.000Z","crimes":[{"crime":"Murder","wtd_curr_yr":0,"wtd_prev_yr":0,"wtd_pct_change":null,"twentyeight_day_curr_yr":0,"twentyeight_day_prev_yr":0,"twentyeight_day_pct_change":null,"ytd_curr_yr":2,"ytd_prev_yr":4,"ytd_pct_change":-50,"two_year_pct_change":0,"six_year_pct_change":100,"twentytwo_year_pct_change":-75},{"crime":"Rape","wtd_curr_yr":0,"wtd_prev_yr":0,"wtd_pct_change":null,"twentyeight_day_curr_yr":0,"twentyeight_day_prev_yr":0,"twentyeight_day_pct_change":null,"ytd_curr_yr":12,"ytd_prev_yr":12,"ytd_pct_change":0,"two_year_pct_change":-7.7,"six_year_pct_change":9.1,"twentytwo_year_pct_change":50},{"crime":"Robbery","wtd_curr_yr":1,"wtd_prev_yr":5,"wtd_pct_change":-80,"twentyeight_day_curr_yr":13,"twentyeight_day_prev_yr":15,"twentyeight_day_pct_change":-13.3,"ytd_curr_yr":121,"ytd_prev_yr":117,"ytd_pct_change":3.4,"two_year_pct_change":-20.4,"six_year_pct_change":4.3,"twentytwo_year_pct_change":-84.3},{"crime":"Fel. Assault","wtd_curr_yr":2,"wtd_prev_yr":3,"wtd_pct_change":-33.3,"twentyeight_day_curr_yr":16,"twentyeight_day_prev_yr":11,"twentyeight_day_pct_change":45.5,"ytd_curr_yr":122,"ytd_prev_yr":137,"ytd_pct_change":-10.9,"two_year_pct_change":22,"six_year_pct_change":79.4,"twentytwo_year_pct_change":-48.5},{"crime":"Burglary","wtd_curr_yr":6,"wtd_prev_yr":4,"wtd_pct_change":50,"twentyeight_day_curr_yr":16,"twentyeight_day_prev_yr":13,"twentyeight_day_pct_change":23.1,"ytd_curr_yr":177,"ytd_prev_yr":168,"ytd_pct_change":5.4,"two_year_pct_change":-7.3,"six_year_pct_change":-12.8,"twentytwo_year_pct_change":-84.9},{"crime":"Gr. Larceny","wtd_curr_yr":11,"wtd_prev_yr":11,"wtd_pct_change":0,"twentyeight_day_curr_yr":41,"twentyeight_day_prev_yr":52,"twentyeight_day_pct_change":-21.2,"ytd_curr_yr":424,"ytd_prev_yr":434,"ytd_pct_change":-2.3,"two_year_pct_change":23.6,"six_year_pct_change":15.5,"twentytwo_year_pct_change":-40.5},{"crime":"G.L.A.","wtd_curr_yr":3,"wtd_prev_yr":3,"wtd_pct_change":0,"twentyeight_day_curr_yr":14,"twentyeight_day_prev_yr":16,"twentyeight_day_pct_change":-12.5,"ytd_curr_yr":113,"ytd_prev_yr":123,"ytd_pct_change":-8.1,"two_year_pct_change":0,"six_year_pct_change":-23.1,"twentytwo_year_pct_change":-92.8},{"crime":"TOTAL","wtd_curr_yr":23,"wtd_prev_yr":26,"wtd_pct_change":-11.54,"twentyeight_day_curr_yr":100,"twentyeight_day_prev_yr":107,"twentyeight_day_pct_change":-6.54,"ytd_curr_yr":971,"ytd_prev_yr":995,"ytd_pct_change":-2.41,"two_year_pct_change":6.24,"six_year_pct_change":6.35,"twentytwo_year_pct_change":-78.37},{"crime":"Transit","wtd_curr_yr":1,"wtd_prev_yr":2,"wtd_pct_change":-50,"twentyeight_day_curr_yr":4,"twentyeight_day_prev_yr":6,"twentyeight_day_pct_change":-33.3,"ytd_curr_yr":50,"ytd_prev_yr":59,"ytd_pct_change":-15.3,"two_year_pct_change":-5.7,"six_year_pct_change":66.7,"twentytwo_year_pct_change":null},{"crime":"Housing","wtd_curr_yr":0,"wtd_prev_yr":0,"wtd_pct_change":null,"twentyeight_day_curr_yr":0,"twentyeight_day_prev_yr":0,"twentyeight_day_pct_change":null,"ytd_curr_yr":0,"ytd_prev_yr":0,"ytd_pct_change":null,"two_year_pct_change":null,"six_year_pct_change":null,"twentytwo_year_pct_change":null},{"crime":"Petit Larceny","wtd_curr_yr":19,"wtd_prev_yr":20,"wtd_pct_change":-5,"twentyeight_day_curr_yr":63,"twentyeight_day_prev_yr":93,"twentyeight_day_pct_change":-32.3,"ytd_curr_yr":657,"ytd_prev_yr":763,"ytd_pct_change":-13.9,"two_year_pct_change":-1.6,"six_year_pct_change":-6.3,"twentytwo_year_pct_change":null},{"crime":"Misd. Assault","wtd_curr_yr":7,"wtd_prev_yr":10,"wtd_pct_change":-30,"twentyeight_day_curr_yr":48,"twentyeight_day_prev_yr":31,"twentyeight_day_pct_change":54.8,"ytd_curr_yr":341,"ytd_prev_yr":360,"ytd_pct_change":-5.3,"two_year_pct_change":3,"six_year_pct_change":-9.8,"twentytwo_year_pct_change":null},{"crime":"Misd. Sex Crimes","wtd_curr_yr":1,"wtd_prev_yr":0,"wtd_pct_change":null,"twentyeight_day_curr_yr":4,"twentyeight_day_prev_yr":3,"twentyeight_day_pct_change":33.3,"ytd_curr_yr":38,"ytd_prev_yr":48,"ytd_pct_change":-20.8,"two_year_pct_change":-17.4,"six_year_pct_change":-15.6,"twentytwo_year_pct_change":null},{"crime":"Shooting Vic.","wtd_curr_yr":0,"wtd_prev_yr":0,"wtd_pct_change":null,"twentyeight_day_curr_yr":0,"twentyeight_day_prev_yr":0,"twentyeight_day_pct_change":null,"ytd_curr_yr":1,"ytd_prev_yr":5,"ytd_pct_change":-80,"two_year_pct_change":0,"six_year_pct_change":null,"twentytwo_year_pct_change":-92.9},{"crime":"Shooting Inc.","wtd_curr_yr":0,"wtd_prev_yr":0,"wtd_pct_change":null,"twentyeight_day_curr_yr":0,"twentyeight_day_prev_yr":0,"twentyeight_day_pct_change":null,"ytd_curr_yr":1,"ytd_prev_yr":4,"ytd_pct_change":-75,"two_year_pct_change":0,"six_year_pct_change":null,"twentytwo_year_pct_change":-92.9}],"historical":[{"yr_1990":16,"yr_1993":10,"yr_1998":5,"yr_2001":3,"yr_2013":4,"pct_change_13vs01":33.3,"pct_change_13vs98":-20,"pct_change_13vs93":-60,"pct_change_13vs90":-75,"crime":"Murder"},{"yr_1990":22,"yr_1993":12,"yr_1998":24,"yr_2001":18,"yr_2013":15,"pct_change_13vs01":-16.7,"pct_change_13vs98":-37.5,"pct_change_13vs93":25,"pct_change_13vs90":-31.8,"crime":"Rape"},{"yr_1990":1372,"yr_1993":1026,"yr_1998":464,"yr_2001":313,"yr_2013":160,"pct_change_13vs01":-48.9,"pct_change_13vs98":-65.5,"pct_change_13vs93":-84.4,"pct_change_13vs90":-88.3,"crime":"Robbery"},{"yr_1990":290,"yr_1993":317,"yr_1998":248,"yr_2001":147,"yr_2013":171,"pct_change_13vs01":16.3,"pct_change_13vs98":-31,"pct_change_13vs93":-46.1,"pct_change_13vs90":-41,"crime":"Fel. Assault"},{"yr_1990":2062,"yr_1993":1563,"yr_1998":971,"yr_2001":564,"yr_2013":244,"pct_change_13vs01":-56.7,"pct_change_13vs98":-74.9,"pct_change_13vs93":-84.4,"pct_change_13vs90":-88.2,"crime":"Burglary"},{"yr_1990":1150,"yr_1993":914,"yr_1998":605,"yr_2001":570,"yr_2013":572,"pct_change_13vs01":0.4,"pct_change_13vs98":-5.5,"pct_change_13vs93":-37.4,"pct_change_13vs90":-50.3,"crime":"Gr. Larceny"},{"yr_1990":2945,"yr_1993":2123,"yr_1998":942,"yr_2001":704,"yr_2013":166,"pct_change_13vs01":-76.4,"pct_change_13vs98":-82.4,"pct_change_13vs93":-92.2,"pct_change_13vs90":-94.4,"crime":"G.L.A."},{"yr_1990":7857,"yr_1993":5965,"yr_1998":3259,"yr_2001":2319,"yr_2013":1332,"pct_change_13vs01":-42.56,"pct_change_13vs98":-59.13,"pct_change_13vs93":-77.67,"pct_change_13vs90":-83.05,"crime":"TOTAL"}]}