{"mayor":"Bill de Blasio","commissioner":"William J. Bratton","volume":21,"number":15,"precinct":"103rd","startDate":"2014-04-07T04:00:00.000Z","endDate":"2014-04-13T04:00:00.000Z","crimes":[{"crime":"Murder","wtd_curr_yr":0,"wtd_prev_yr":0,"wtd_pct_change":null,"twentyeight_day_curr_yr":1,"twentyeight_day_prev_yr":0,"twentyeight_day_pct_change":null,"ytd_curr_yr":5,"ytd_prev_yr":1,"ytd_pct_change":400,"two_year_pct_change":150,"six_year_pct_change":66.7,"twentytwo_year_pct_change":0},{"crime":"Rape","wtd_curr_yr":2,"wtd_prev_yr":1,"wtd_pct_change":100,"twentyeight_day_curr_yr":4,"twentyeight_day_prev_yr":2,"twentyeight_day_pct_change":100,"ytd_curr_yr":7,"ytd_prev_yr":10,"ytd_pct_change":-30,"two_year_pct_change":-41.7,"six_year_pct_change":0,"twentytwo_year_pct_change":-58.8},{"crime":"Robbery","wtd_curr_yr":6,"wtd_prev_yr":8,"wtd_pct_change":-25,"twentyeight_day_curr_yr":23,"twentyeight_day_prev_yr":29,"twentyeight_day_pct_change":-20.7,"ytd_curr_yr":82,"ytd_prev_yr":136,"ytd_pct_change":-39.7,"two_year_pct_change":-21.2,"six_year_pct_change":-5.7,"twentytwo_year_pct_change":-80.9},{"crime":"Fel. Assault","wtd_curr_yr":8,"wtd_prev_yr":8,"wtd_pct_change":0,"twentyeight_day_curr_yr":27,"twentyeight_day_prev_yr":34,"twentyeight_day_pct_change":-20.6,"ytd_curr_yr":88,"ytd_prev_yr":111,"ytd_pct_change":-20.7,"two_year_pct_change":-7.4,"six_year_pct_change":-25.4,"twentytwo_year_pct_change":-63.9},{"crime":"Burglary","wtd_curr_yr":3,"wtd_prev_yr":5,"wtd_pct_change":-40,"twentyeight_day_curr_yr":18,"twentyeight_day_prev_yr":24,"twentyeight_day_pct_change":-25,"ytd_curr_yr":56,"ytd_prev_yr":79,"ytd_pct_change":-29.1,"two_year_pct_change":-24.3,"six_year_pct_change":-15.2,"twentytwo_year_pct_change":-80.9},{"crime":"Gr. Larceny","wtd_curr_yr":11,"wtd_prev_yr":5,"wtd_pct_change":120,"twentyeight_day_curr_yr":31,"twentyeight_day_prev_yr":27,"twentyeight_day_pct_change":14.8,"ytd_curr_yr":110,"ytd_prev_yr":92,"ytd_pct_change":19.6,"two_year_pct_change":-25.7,"six_year_pct_change":8.9,"twentytwo_year_pct_change":-64.1},{"crime":"G.L.A.","wtd_curr_yr":5,"wtd_prev_yr":1,"wtd_pct_change":400,"twentyeight_day_curr_yr":13,"twentyeight_day_prev_yr":9,"twentyeight_day_pct_change":44.4,"ytd_curr_yr":39,"ytd_prev_yr":54,"ytd_pct_change":-27.8,"two_year_pct_change":-15.2,"six_year_pct_change":0,"twentytwo_year_pct_change":-89.6},{"crime":"TOTAL","wtd_curr_yr":35,"wtd_prev_yr":28,"wtd_pct_change":25,"twentyeight_day_curr_yr":117,"twentyeight_day_prev_yr":125,"twentyeight_day_pct_change":-6.4,"ytd_curr_yr":387,"ytd_prev_yr":483,"ytd_pct_change":-19.88,"two_year_pct_change":-19.54,"six_year_pct_change":-8.08,"twentytwo_year_pct_change":-76.81},{"crime":"Transit","wtd_curr_yr":0,"wtd_prev_yr":0,"wtd_pct_change":null,"twentyeight_day_curr_yr":1,"twentyeight_day_prev_yr":1,"twentyeight_day_pct_change":0,"ytd_curr_yr":7,"ytd_prev_yr":12,"ytd_pct_change":-41.7,"two_year_pct_change":0,"six_year_pct_change":133.3,"twentytwo_year_pct_change":null},{"crime":"Housing","wtd_curr_yr":0,"wtd_prev_yr":0,"wtd_pct_change":null,"twentyeight_day_curr_yr":2,"twentyeight_day_prev_yr":3,"twentyeight_day_pct_change":-33.3,"ytd_curr_yr":7,"ytd_prev_yr":12,"ytd_pct_change":-41.7,"two_year_pct_change":-53.3,"six_year_pct_change":16.7,"twentytwo_year_pct_change":null},{"crime":"Petit Larceny","wtd_curr_yr":23,"wtd_prev_yr":28,"wtd_pct_change":-17.9,"twentyeight_day_curr_yr":97,"twentyeight_day_prev_yr":70,"twentyeight_day_pct_change":38.6,"ytd_curr_yr":306,"ytd_prev_yr":237,"ytd_pct_change":29.1,"two_year_pct_change":10.9,"six_year_pct_change":13.8,"twentytwo_year_pct_change":null},{"crime":"Misd. Assault","wtd_curr_yr":25,"wtd_prev_yr":19,"wtd_pct_change":31.6,"twentyeight_day_curr_yr":86,"twentyeight_day_prev_yr":75,"twentyeight_day_pct_change":14.7,"ytd_curr_yr":263,"ytd_prev_yr":273,"ytd_pct_change":-3.7,"two_year_pct_change":21.2,"six_year_pct_change":36.3,"twentytwo_year_pct_change":null},{"crime":"Misd. Sex Crimes","wtd_curr_yr":0,"wtd_prev_yr":1,"wtd_pct_change":-100,"twentyeight_day_curr_yr":3,"twentyeight_day_prev_yr":2,"twentyeight_day_pct_change":50,"ytd_curr_yr":10,"ytd_prev_yr":7,"ytd_pct_change":42.9,"two_year_pct_change":42.9,"six_year_pct_change":11.1,"twentytwo_year_pct_change":null},{"crime":"Shooting Vic.","wtd_curr_yr":0,"wtd_prev_yr":1,"wtd_pct_change":-100,"twentyeight_day_curr_yr":2,"twentyeight_day_prev_yr":1,"twentyeight_day_pct_change":100,"ytd_curr_yr":6,"ytd_prev_yr":6,"ytd_pct_change":0,"two_year_pct_change":-45.5,"six_year_pct_change":-57.1,"twentytwo_year_pct_change":-82.4},{"crime":"Shooting Inc.","wtd_curr_yr":0,"wtd_prev_yr":1,"wtd_pct_change":-100,"twentyeight_day_curr_yr":1,"twentyeight_day_prev_yr":1,"twentyeight_day_pct_change":0,"ytd_curr_yr":5,"ytd_prev_yr":5,"ytd_pct_change":0,"two_year_pct_change":-44.4,"six_year_pct_change":-37.5,"twentytwo_year_pct_change":-83.9}],"historical":[{"yr_1990":38,"yr_1993":28,"yr_1998":16,"yr_2001":10,"yr_2013":8,"pct_change_13vs01":-20,"pct_change_13vs98":-50,"pct_change_13vs93":-71.4,"pct_change_13vs90":-78.9,"crime":"Murder"},{"yr_1990":60,"yr_1993":74,"yr_1998":45,"yr_2001":27,"yr_2013":37,"pct_change_13vs01":37,"pct_change_13vs98":-17.8,"pct_change_13vs93":-50,"pct_change_13vs90":-38.3,"crime":"Rape"},{"yr_1990":1846,"yr_1993":1742,"yr_1998":751,"yr_2001":530,"yr_2013":438,"pct_change_13vs01":-17.4,"pct_change_13vs98":-41.7,"pct_change_13vs93":-74.9,"pct_change_13vs90":-76.3,"crime":"Robbery"},{"yr_1990":958,"yr_1993":853,"yr_1998":611,"yr_2001":406,"yr_2013":369,"pct_change_13vs01":-9.1,"pct_change_13vs98":-39.6,"pct_change_13vs93":-56.7,"pct_change_13vs90":-61.5,"crime":"Fel. Assault"},{"yr_1990":1592,"yr_1993":1166,"yr_1998":598,"yr_2001":449,"yr_2013":300,"pct_change_13vs01":-33.2,"pct_change_13vs98":-49.8,"pct_change_13vs93":-74.3,"pct_change_13vs90":-81.2,"crime":"Burglary"},{"yr_1990":1277,"yr_1993":1214,"yr_1998":578,"yr_2001":587,"yr_2013":487,"pct_change_13vs01":-17,"pct_change_13vs98":-15.7,"pct_change_13vs93":-59.9,"pct_change_13vs90":-61.9,"crime":"Gr. Larceny"},{"yr_1990":1889,"yr_1993":1591,"yr_1998":602,"yr_2001":472,"yr_2013":172,"pct_change_13vs01":-63.6,"pct_change_13vs98":-71.4,"pct_change_13vs93":-89.2,"pct_change_13vs90":-90.9,"crime":"G.L.A."},{"yr_1990":7660,"yr_1993":6668,"yr_1998":3201,"yr_2001":2481,"yr_2013":1811,"pct_change_13vs01":-27.01,"pct_change_13vs98":-43.42,"pct_change_13vs93":-72.84,"pct_change_13vs90":-76.36,"crime":"TOTAL"}]}