{"mayor":"Bill de Blasio","commissioner":"William J. Bratton","volume":21,"number":51,"precinct":"106th","startDate":"2014-12-15T05:00:00.000Z","endDate":"2014-12-21T05:00:00.000Z","crimes":[{"crime":"Murder","wtd_curr_yr":0,"wtd_prev_yr":0,"wtd_pct_change":null,"twentyeight_day_curr_yr":0,"twentyeight_day_prev_yr":0,"twentyeight_day_pct_change":null,"ytd_curr_yr":2,"ytd_prev_yr":5,"ytd_pct_change":-60,"two_year_pct_change":0,"six_year_pct_change":-50,"twentytwo_year_pct_change":-90.5},{"crime":"Rape","wtd_curr_yr":1,"wtd_prev_yr":0,"wtd_pct_change":null,"twentyeight_day_curr_yr":1,"twentyeight_day_prev_yr":2,"twentyeight_day_pct_change":-50,"ytd_curr_yr":24,"ytd_prev_yr":18,"ytd_pct_change":33.3,"two_year_pct_change":60,"six_year_pct_change":118.2,"twentytwo_year_pct_change":-25},{"crime":"Robbery","wtd_curr_yr":6,"wtd_prev_yr":9,"wtd_pct_change":-33.3,"twentyeight_day_curr_yr":20,"twentyeight_day_prev_yr":33,"twentyeight_day_pct_change":-39.4,"ytd_curr_yr":259,"ytd_prev_yr":319,"ytd_pct_change":-18.8,"two_year_pct_change":-15.9,"six_year_pct_change":9.3,"twentytwo_year_pct_change":-70.2},{"crime":"Fel. Assault","wtd_curr_yr":7,"wtd_prev_yr":4,"wtd_pct_change":75,"twentyeight_day_curr_yr":25,"twentyeight_day_prev_yr":19,"twentyeight_day_pct_change":31.6,"ytd_curr_yr":234,"ytd_prev_yr":245,"ytd_pct_change":-4.5,"two_year_pct_change":25.1,"six_year_pct_change":41.8,"twentytwo_year_pct_change":-41.2},{"crime":"Burglary","wtd_curr_yr":2,"wtd_prev_yr":10,"wtd_pct_change":-80,"twentyeight_day_curr_yr":17,"twentyeight_day_prev_yr":31,"twentyeight_day_pct_change":-45.2,"ytd_curr_yr":245,"ytd_prev_yr":339,"ytd_pct_change":-27.7,"two_year_pct_change":-33.2,"six_year_pct_change":-20.7,"twentytwo_year_pct_change":-79.6},{"crime":"Gr. Larceny","wtd_curr_yr":21,"wtd_prev_yr":11,"wtd_pct_change":90.9,"twentyeight_day_curr_yr":55,"twentyeight_day_prev_yr":43,"twentyeight_day_pct_change":27.9,"ytd_curr_yr":516,"ytd_prev_yr":501,"ytd_pct_change":3,"two_year_pct_change":9.1,"six_year_pct_change":35.8,"twentytwo_year_pct_change":-11.5},{"crime":"G.L.A.","wtd_curr_yr":7,"wtd_prev_yr":7,"wtd_pct_change":0,"twentyeight_day_curr_yr":20,"twentyeight_day_prev_yr":21,"twentyeight_day_pct_change":-4.8,"ytd_curr_yr":230,"ytd_prev_yr":186,"ytd_pct_change":23.7,"two_year_pct_change":7,"six_year_pct_change":-14.5,"twentytwo_year_pct_change":-92.9},{"crime":"TOTAL","wtd_curr_yr":44,"wtd_prev_yr":41,"wtd_pct_change":7.32,"twentyeight_day_curr_yr":138,"twentyeight_day_prev_yr":149,"twentyeight_day_pct_change":-7.38,"ytd_curr_yr":1510,"ytd_prev_yr":1613,"ytd_pct_change":-6.39,"two_year_pct_change":-3.64,"six_year_pct_change":9.82,"twentytwo_year_pct_change":-76.19},{"crime":"Transit","wtd_curr_yr":4,"wtd_prev_yr":0,"wtd_pct_change":null,"twentyeight_day_curr_yr":5,"twentyeight_day_prev_yr":2,"twentyeight_day_pct_change":150,"ytd_curr_yr":32,"ytd_prev_yr":35,"ytd_pct_change":-8.6,"two_year_pct_change":-17.9,"six_year_pct_change":77.8,"twentytwo_year_pct_change":null},{"crime":"Housing","wtd_curr_yr":0,"wtd_prev_yr":0,"wtd_pct_change":null,"twentyeight_day_curr_yr":0,"twentyeight_day_prev_yr":0,"twentyeight_day_pct_change":null,"ytd_curr_yr":0,"ytd_prev_yr":0,"ytd_pct_change":null,"two_year_pct_change":null,"six_year_pct_change":null,"twentytwo_year_pct_change":null},{"crime":"Petit Larceny","wtd_curr_yr":22,"wtd_prev_yr":26,"wtd_pct_change":-15.4,"twentyeight_day_curr_yr":81,"twentyeight_day_prev_yr":64,"twentyeight_day_pct_change":26.6,"ytd_curr_yr":907,"ytd_prev_yr":758,"ytd_pct_change":19.7,"two_year_pct_change":-0.4,"six_year_pct_change":19.3,"twentytwo_year_pct_change":null},{"crime":"Misd. Assault","wtd_curr_yr":7,"wtd_prev_yr":10,"wtd_pct_change":-30,"twentyeight_day_curr_yr":20,"twentyeight_day_prev_yr":28,"twentyeight_day_pct_change":-28.6,"ytd_curr_yr":459,"ytd_prev_yr":450,"ytd_pct_change":2,"two_year_pct_change":-1.5,"six_year_pct_change":2.9,"twentytwo_year_pct_change":null},{"crime":"Misd. Sex Crimes","wtd_curr_yr":1,"wtd_prev_yr":1,"wtd_pct_change":0,"twentyeight_day_curr_yr":5,"twentyeight_day_prev_yr":2,"twentyeight_day_pct_change":150,"ytd_curr_yr":22,"ytd_prev_yr":23,"ytd_pct_change":-4.3,"two_year_pct_change":-8.3,"six_year_pct_change":0,"twentytwo_year_pct_change":null},{"crime":"Shooting Vic.","wtd_curr_yr":0,"wtd_prev_yr":0,"wtd_pct_change":null,"twentyeight_day_curr_yr":1,"twentyeight_day_prev_yr":1,"twentyeight_day_pct_change":0,"ytd_curr_yr":4,"ytd_prev_yr":10,"ytd_pct_change":-60,"two_year_pct_change":-50,"six_year_pct_change":-66.7,"twentytwo_year_pct_change":-81.8},{"crime":"Shooting Inc.","wtd_curr_yr":0,"wtd_prev_yr":0,"wtd_pct_change":null,"twentyeight_day_curr_yr":1,"twentyeight_day_prev_yr":1,"twentyeight_day_pct_change":0,"ytd_curr_yr":4,"ytd_prev_yr":9,"ytd_pct_change":-55.6,"two_year_pct_change":-42.9,"six_year_pct_change":-63.6,"twentytwo_year_pct_change":-81.8}],"historical":[{"yr_1990":15,"yr_1993":21,"yr_1998":7,"yr_2001":4,"yr_2013":6,"pct_change_13vs01":50,"pct_change_13vs98":-14.3,"pct_change_13vs93":-71.4,"pct_change_13vs90":-60,"crime":"Murder"},{"yr_1990":31,"yr_1993":33,"yr_1998":40,"yr_2001":19,"yr_2013":19,"pct_change_13vs01":0,"pct_change_13vs98":-52.5,"pct_change_13vs93":-42.4,"pct_change_13vs90":-38.7,"crime":"Rape"},{"yr_1990":832,"yr_1993":891,"yr_1998":545,"yr_2001":344,"yr_2013":328,"pct_change_13vs01":-4.7,"pct_change_13vs98":-39.8,"pct_change_13vs93":-63.2,"pct_change_13vs90":-60.6,"crime":"Robbery"},{"yr_1990":329,"yr_1993":408,"yr_1998":297,"yr_2001":241,"yr_2013":253,"pct_change_13vs01":5,"pct_change_13vs98":-14.8,"pct_change_13vs93":-38,"pct_change_13vs90":-23.1,"crime":"Fel. Assault"},{"yr_1990":1348,"yr_1993":1230,"yr_1998":662,"yr_2001":417,"yr_2013":346,"pct_change_13vs01":-17,"pct_change_13vs98":-47.7,"pct_change_13vs93":-71.9,"pct_change_13vs90":-74.3,"crime":"Burglary"},{"yr_1990":715,"yr_1993":595,"yr_1998":440,"yr_2001":381,"yr_2013":522,"pct_change_13vs01":37,"pct_change_13vs98":18.6,"pct_change_13vs93":-12.3,"pct_change_13vs90":-27,"crime":"Gr. Larceny"},{"yr_1990":3071,"yr_1993":3304,"yr_1998":1370,"yr_2001":778,"yr_2013":191,"pct_change_13vs01":-75.4,"pct_change_13vs98":-86.1,"pct_change_13vs93":-94.2,"pct_change_13vs90":-93.8,"crime":"G.L.A."},{"yr_1990":6341,"yr_1993":6482,"yr_1998":3361,"yr_2001":2184,"yr_2013":1665,"pct_change_13vs01":-23.76,"pct_change_13vs98":-50.46,"pct_change_13vs93":-74.31,"pct_change_13vs90":-73.74,"crime":"TOTAL"}]}