{"mayor":"Bill de Blasio","commissioner":"William J. Bratton","volume":21,"number":25,"precinct":"107th","startDate":"2014-06-16T04:00:00.000Z","endDate":"2014-06-22T04:00:00.000Z","crimes":[{"crime":"Murder","wtd_curr_yr":0,"wtd_prev_yr":0,"wtd_pct_change":null,"twentyeight_day_curr_yr":0,"twentyeight_day_prev_yr":0,"twentyeight_day_pct_change":null,"ytd_curr_yr":0,"ytd_prev_yr":1,"ytd_pct_change":-100,"two_year_pct_change":null,"six_year_pct_change":-100,"twentytwo_year_pct_change":-100},{"crime":"Rape","wtd_curr_yr":1,"wtd_prev_yr":0,"wtd_pct_change":null,"twentyeight_day_curr_yr":5,"twentyeight_day_prev_yr":0,"twentyeight_day_pct_change":null,"ytd_curr_yr":12,"ytd_prev_yr":6,"ytd_pct_change":100,"two_year_pct_change":200,"six_year_pct_change":100,"twentytwo_year_pct_change":-29.4},{"crime":"Robbery","wtd_curr_yr":1,"wtd_prev_yr":4,"wtd_pct_change":-75,"twentyeight_day_curr_yr":11,"twentyeight_day_prev_yr":15,"twentyeight_day_pct_change":-26.7,"ytd_curr_yr":90,"ytd_prev_yr":108,"ytd_pct_change":-16.7,"two_year_pct_change":-21.7,"six_year_pct_change":-46.4,"twentytwo_year_pct_change":-79.8},{"crime":"Fel. Assault","wtd_curr_yr":3,"wtd_prev_yr":4,"wtd_pct_change":-25,"twentyeight_day_curr_yr":11,"twentyeight_day_prev_yr":12,"twentyeight_day_pct_change":-8.3,"ytd_curr_yr":43,"ytd_prev_yr":60,"ytd_pct_change":-28.3,"two_year_pct_change":-33.8,"six_year_pct_change":-34.8,"twentytwo_year_pct_change":-59.4},{"crime":"Burglary","wtd_curr_yr":5,"wtd_prev_yr":9,"wtd_pct_change":-44.4,"twentyeight_day_curr_yr":20,"twentyeight_day_prev_yr":24,"twentyeight_day_pct_change":-16.7,"ytd_curr_yr":77,"ytd_prev_yr":123,"ytd_pct_change":-37.4,"two_year_pct_change":-34.7,"six_year_pct_change":-68.7,"twentytwo_year_pct_change":-89.3},{"crime":"Gr. Larceny","wtd_curr_yr":15,"wtd_prev_yr":9,"wtd_pct_change":66.7,"twentyeight_day_curr_yr":41,"twentyeight_day_prev_yr":47,"twentyeight_day_pct_change":-12.8,"ytd_curr_yr":196,"ytd_prev_yr":205,"ytd_pct_change":-4.4,"two_year_pct_change":-13.7,"six_year_pct_change":-26.6,"twentytwo_year_pct_change":-32.2},{"crime":"G.L.A.","wtd_curr_yr":7,"wtd_prev_yr":2,"wtd_pct_change":250,"twentyeight_day_curr_yr":13,"twentyeight_day_prev_yr":12,"twentyeight_day_pct_change":8.3,"ytd_curr_yr":59,"ytd_prev_yr":64,"ytd_pct_change":-7.8,"two_year_pct_change":-19.2,"six_year_pct_change":-83.1,"twentytwo_year_pct_change":-97.4},{"crime":"TOTAL","wtd_curr_yr":32,"wtd_prev_yr":28,"wtd_pct_change":14.29,"twentyeight_day_curr_yr":101,"twentyeight_day_prev_yr":110,"twentyeight_day_pct_change":-8.18,"ytd_curr_yr":477,"ytd_prev_yr":567,"ytd_pct_change":-15.87,"two_year_pct_change":-20.76,"six_year_pct_change":-56.83,"twentytwo_year_pct_change":-87.75},{"crime":"Transit","wtd_curr_yr":0,"wtd_prev_yr":0,"wtd_pct_change":null,"twentyeight_day_curr_yr":1,"twentyeight_day_prev_yr":6,"twentyeight_day_pct_change":-83.3,"ytd_curr_yr":9,"ytd_prev_yr":14,"ytd_pct_change":-35.7,"two_year_pct_change":-10,"six_year_pct_change":-40,"twentytwo_year_pct_change":null},{"crime":"Housing","wtd_curr_yr":0,"wtd_prev_yr":2,"wtd_pct_change":-100,"twentyeight_day_curr_yr":3,"twentyeight_day_prev_yr":6,"twentyeight_day_pct_change":-50,"ytd_curr_yr":24,"ytd_prev_yr":24,"ytd_pct_change":0,"two_year_pct_change":0,"six_year_pct_change":33.3,"twentytwo_year_pct_change":null},{"crime":"Petit Larceny","wtd_curr_yr":14,"wtd_prev_yr":14,"wtd_pct_change":0,"twentyeight_day_curr_yr":52,"twentyeight_day_prev_yr":68,"twentyeight_day_pct_change":-23.5,"ytd_curr_yr":337,"ytd_prev_yr":368,"ytd_pct_change":-8.4,"two_year_pct_change":-10.4,"six_year_pct_change":null,"twentytwo_year_pct_change":null},{"crime":"Misd. Assault","wtd_curr_yr":13,"wtd_prev_yr":4,"wtd_pct_change":225,"twentyeight_day_curr_yr":38,"twentyeight_day_prev_yr":25,"twentyeight_day_pct_change":52,"ytd_curr_yr":174,"ytd_prev_yr":165,"ytd_pct_change":5.5,"two_year_pct_change":6.1,"six_year_pct_change":null,"twentytwo_year_pct_change":null},{"crime":"Misd. Sex Crimes","wtd_curr_yr":1,"wtd_prev_yr":0,"wtd_pct_change":null,"twentyeight_day_curr_yr":5,"twentyeight_day_prev_yr":1,"twentyeight_day_pct_change":400,"ytd_curr_yr":14,"ytd_prev_yr":15,"ytd_pct_change":-6.7,"two_year_pct_change":7.7,"six_year_pct_change":null,"twentytwo_year_pct_change":null},{"crime":"Shooting Vic.","wtd_curr_yr":0,"wtd_prev_yr":0,"wtd_pct_change":null,"twentyeight_day_curr_yr":1,"twentyeight_day_prev_yr":1,"twentyeight_day_pct_change":0,"ytd_curr_yr":3,"ytd_prev_yr":2,"ytd_pct_change":50,"two_year_pct_change":200,"six_year_pct_change":-40,"twentytwo_year_pct_change":-70},{"crime":"Shooting Inc.","wtd_curr_yr":0,"wtd_prev_yr":0,"wtd_pct_change":null,"twentyeight_day_curr_yr":1,"twentyeight_day_prev_yr":1,"twentyeight_day_pct_change":0,"ytd_curr_yr":3,"ytd_prev_yr":2,"ytd_pct_change":50,"two_year_pct_change":200,"six_year_pct_change":-25,"twentytwo_year_pct_change":-70}],"historical":[{"yr_1990":14,"yr_1993":8,"yr_1998":5,"yr_2001":4,"yr_2013":1,"pct_change_13vs01":-75,"pct_change_13vs98":-80,"pct_change_13vs93":-87.5,"pct_change_13vs90":-92.9,"crime":"Murder"},{"yr_1990":24,"yr_1993":32,"yr_1998":30,"yr_2001":15,"yr_2013":7,"pct_change_13vs01":-53.3,"pct_change_13vs98":-76.7,"pct_change_13vs93":-78.1,"pct_change_13vs90":-70.8,"crime":"Rape"},{"yr_1990":1039,"yr_1993":514,"yr_1998":375,"yr_2001":242,"yr_2013":-35.5,"pct_change_13vs01":-52.9,"pct_change_13vs98":-76.7,"pct_change_13vs93":-72.9,"pct_change_13vs90":null,"crime":"Robbery 893"},{"yr_1990":260,"yr_1993":239,"yr_1998":226,"yr_2001":153,"yr_2013":138,"pct_change_13vs01":-9.8,"pct_change_13vs98":-38.9,"pct_change_13vs93":-42.3,"pct_change_13vs90":-46.9,"crime":"Fel. Assault"},{"yr_1990":2152,"yr_1993":1425,"yr_1998":862,"yr_2001":632,"yr_2013":244,"pct_change_13vs01":-61.4,"pct_change_13vs98":-71.7,"pct_change_13vs93":-82.9,"pct_change_13vs90":-88.7,"crime":"Burglary"},{"yr_1990":805,"yr_1993":616,"yr_1998":614,"yr_2001":572,"yr_2013":517,"pct_change_13vs01":-9.6,"pct_change_13vs98":-15.8,"pct_change_13vs93":-16.1,"pct_change_13vs90":-35.8,"crime":"Gr. Larceny"},{"yr_1990":5535,"yr_1993":4902,"yr_1998":1560,"yr_2001":802,"yr_2013":149,"pct_change_13vs01":-81.4,"pct_change_13vs98":-90.4,"pct_change_13vs93":-97,"pct_change_13vs90":-97.3,"crime":"G.L.A."},{"yr_1990":9683,"yr_1993":8261,"yr_1998":3811,"yr_2001":2553,"yr_2013":1298,"pct_change_13vs01":-49.16,"pct_change_13vs98":-65.94,"pct_change_13vs93":-84.29,"pct_change_13vs90":-86.6,"crime":"TOTAL"}]}