{"mayor":"Bill de Blasio","commissioner":"William J. Bratton","volume":21,"number":43,"precinct":"104th","startDate":"2014-10-20T04:00:00.000Z","endDate":"2014-10-26T04:00:00.000Z","crimes":[{"crime":"Murder","wtd_curr_yr":0,"wtd_prev_yr":0,"wtd_pct_change":null,"twentyeight_day_curr_yr":0,"twentyeight_day_prev_yr":0,"twentyeight_day_pct_change":null,"ytd_curr_yr":3,"ytd_prev_yr":3,"ytd_pct_change":0,"two_year_pct_change":null,"six_year_pct_change":200,"twentytwo_year_pct_change":-82.4},{"crime":"Rape","wtd_curr_yr":0,"wtd_prev_yr":1,"wtd_pct_change":-100,"twentyeight_day_curr_yr":1,"twentyeight_day_prev_yr":4,"twentyeight_day_pct_change":-75,"ytd_curr_yr":15,"ytd_prev_yr":12,"ytd_pct_change":25,"two_year_pct_change":50,"six_year_pct_change":36.4,"twentytwo_year_pct_change":-21.1},{"crime":"Robbery","wtd_curr_yr":0,"wtd_prev_yr":6,"wtd_pct_change":-100,"twentyeight_day_curr_yr":11,"twentyeight_day_prev_yr":26,"twentyeight_day_pct_change":-57.7,"ytd_curr_yr":145,"ytd_prev_yr":204,"ytd_pct_change":-28.9,"two_year_pct_change":-38,"six_year_pct_change":-33.8,"twentytwo_year_pct_change":-82},{"crime":"Fel. Assault","wtd_curr_yr":5,"wtd_prev_yr":2,"wtd_pct_change":150,"twentyeight_day_curr_yr":19,"twentyeight_day_prev_yr":14,"twentyeight_day_pct_change":35.7,"ytd_curr_yr":177,"ytd_prev_yr":207,"ytd_pct_change":-14.5,"two_year_pct_change":-19.2,"six_year_pct_change":17.2,"twentytwo_year_pct_change":-30},{"crime":"Burglary","wtd_curr_yr":4,"wtd_prev_yr":10,"wtd_pct_change":-60,"twentyeight_day_curr_yr":26,"twentyeight_day_prev_yr":25,"twentyeight_day_pct_change":4,"ytd_curr_yr":232,"ytd_prev_yr":288,"ytd_pct_change":-19.4,"two_year_pct_change":-26.8,"six_year_pct_change":-33.7,"twentytwo_year_pct_change":-85.9},{"crime":"Gr. Larceny","wtd_curr_yr":10,"wtd_prev_yr":15,"wtd_pct_change":-33.3,"twentyeight_day_curr_yr":45,"twentyeight_day_prev_yr":58,"twentyeight_day_pct_change":-22.4,"ytd_curr_yr":483,"ytd_prev_yr":464,"ytd_pct_change":4.1,"two_year_pct_change":9.3,"six_year_pct_change":19.3,"twentytwo_year_pct_change":-7.8},{"crime":"G.L.A.","wtd_curr_yr":4,"wtd_prev_yr":0,"wtd_pct_change":null,"twentyeight_day_curr_yr":23,"twentyeight_day_prev_yr":7,"twentyeight_day_pct_change":228.6,"ytd_curr_yr":181,"ytd_prev_yr":125,"ytd_pct_change":44.8,"two_year_pct_change":5.8,"six_year_pct_change":-25.8,"twentytwo_year_pct_change":-93.8},{"crime":"TOTAL","wtd_curr_yr":23,"wtd_prev_yr":34,"wtd_pct_change":-32.35,"twentyeight_day_curr_yr":125,"twentyeight_day_prev_yr":134,"twentyeight_day_pct_change":-6.72,"ytd_curr_yr":1236,"ytd_prev_yr":1303,"ytd_pct_change":-5.14,"two_year_pct_change":-11.27,"six_year_pct_change":-10.5,"twentytwo_year_pct_change":-79.98},{"crime":"Transit","wtd_curr_yr":0,"wtd_prev_yr":1,"wtd_pct_change":-100,"twentyeight_day_curr_yr":1,"twentyeight_day_prev_yr":1,"twentyeight_day_pct_change":0,"ytd_curr_yr":10,"ytd_prev_yr":12,"ytd_pct_change":-16.7,"two_year_pct_change":-58.3,"six_year_pct_change":150,"twentytwo_year_pct_change":null},{"crime":"Housing","wtd_curr_yr":0,"wtd_prev_yr":0,"wtd_pct_change":null,"twentyeight_day_curr_yr":0,"twentyeight_day_prev_yr":0,"twentyeight_day_pct_change":null,"ytd_curr_yr":0,"ytd_prev_yr":0,"ytd_pct_change":null,"two_year_pct_change":null,"six_year_pct_change":null,"twentytwo_year_pct_change":null},{"crime":"Petit Larceny","wtd_curr_yr":19,"wtd_prev_yr":32,"wtd_pct_change":-40.6,"twentyeight_day_curr_yr":91,"twentyeight_day_prev_yr":116,"twentyeight_day_pct_change":-21.6,"ytd_curr_yr":948,"ytd_prev_yr":955,"ytd_pct_change":-0.7,"two_year_pct_change":5.8,"six_year_pct_change":-0.6,"twentytwo_year_pct_change":null},{"crime":"Misd. Assault","wtd_curr_yr":7,"wtd_prev_yr":12,"wtd_pct_change":-41.7,"twentyeight_day_curr_yr":49,"twentyeight_day_prev_yr":51,"twentyeight_day_pct_change":-3.9,"ytd_curr_yr":513,"ytd_prev_yr":460,"ytd_pct_change":11.5,"two_year_pct_change":-6,"six_year_pct_change":-3.9,"twentytwo_year_pct_change":null},{"crime":"Misd. Sex Crimes","wtd_curr_yr":2,"wtd_prev_yr":1,"wtd_pct_change":100,"twentyeight_day_curr_yr":2,"twentyeight_day_prev_yr":6,"twentyeight_day_pct_change":-66.7,"ytd_curr_yr":10,"ytd_prev_yr":22,"ytd_pct_change":-54.5,"two_year_pct_change":-58.3,"six_year_pct_change":-65.5,"twentytwo_year_pct_change":null},{"crime":"Shooting Vic.","wtd_curr_yr":0,"wtd_prev_yr":0,"wtd_pct_change":null,"twentyeight_day_curr_yr":0,"twentyeight_day_prev_yr":0,"twentyeight_day_pct_change":null,"ytd_curr_yr":8,"ytd_prev_yr":4,"ytd_pct_change":100,"two_year_pct_change":100,"six_year_pct_change":33.3,"twentytwo_year_pct_change":-68},{"crime":"Shooting Inc.","wtd_curr_yr":0,"wtd_prev_yr":0,"wtd_pct_change":null,"twentyeight_day_curr_yr":0,"twentyeight_day_prev_yr":0,"twentyeight_day_pct_change":null,"ytd_curr_yr":7,"ytd_prev_yr":4,"ytd_pct_change":75,"two_year_pct_change":75,"six_year_pct_change":40,"twentytwo_year_pct_change":-68.2}],"historical":[{"yr_1990":11,"yr_1993":19,"yr_1998":7,"yr_2001":5,"yr_2013":3,"pct_change_13vs01":-40,"pct_change_13vs98":-57.1,"pct_change_13vs93":-84.2,"pct_change_13vs90":-72.7,"crime":"Murder"},{"yr_1990":21,"yr_1993":21,"yr_1998":24,"yr_2001":15,"yr_2013":15,"pct_change_13vs01":0,"pct_change_13vs98":-37.5,"pct_change_13vs93":-28.6,"pct_change_13vs90":-28.6,"crime":"Rape"},{"yr_1990":1307,"yr_1993":1027,"yr_1998":490,"yr_2001":359,"yr_2013":256,"pct_change_13vs01":-28.7,"pct_change_13vs98":-47.8,"pct_change_13vs93":-75.1,"pct_change_13vs90":-80.4,"crime":"Robbery"},{"yr_1990":279,"yr_1993":305,"yr_1998":261,"yr_2001":262,"yr_2013":241,"pct_change_13vs01":-8,"pct_change_13vs98":-7.7,"pct_change_13vs93":-21,"pct_change_13vs90":-13.6,"crime":"Fel. Assault"},{"yr_1990":2562,"yr_1993":1955,"yr_1998":1024,"yr_2001":790,"yr_2013":339,"pct_change_13vs01":-57.1,"pct_change_13vs98":-66.9,"pct_change_13vs93":-82.7,"pct_change_13vs90":-86.8,"crime":"Burglary"},{"yr_1990":884,"yr_1993":678,"yr_1998":485,"yr_2001":551,"yr_2013":572,"pct_change_13vs01":3.8,"pct_change_13vs98":17.9,"pct_change_13vs93":-15.6,"pct_change_13vs90":-35.3,"crime":"Gr. Larceny"},{"yr_1990":4443,"yr_1993":3418,"yr_1998":1374,"yr_2001":892,"yr_2013":181,"pct_change_13vs01":-79.7,"pct_change_13vs98":-86.8,"pct_change_13vs93":-94.7,"pct_change_13vs90":-95.9,"crime":"G.L.A."},{"yr_1990":9507,"yr_1993":7423,"yr_1998":3665,"yr_2001":2874,"yr_2013":1607,"pct_change_13vs01":-44.08,"pct_change_13vs98":-56.15,"pct_change_13vs93":-78.35,"pct_change_13vs90":-83.1,"crime":"TOTAL"}]}