{"mayor":"Bill de Blasio","commissioner":"William J. Bratton","volume":21,"number":18,"precinct":"103rd","startDate":"2014-04-28T04:00:00.000Z","endDate":"2014-05-04T04:00:00.000Z","crimes":[{"crime":"Murder","wtd_curr_yr":0,"wtd_prev_yr":0,"wtd_pct_change":null,"twentyeight_day_curr_yr":0,"twentyeight_day_prev_yr":0,"twentyeight_day_pct_change":null,"ytd_curr_yr":5,"ytd_prev_yr":1,"ytd_pct_change":400,"two_year_pct_change":66.7,"six_year_pct_change":25,"twentytwo_year_pct_change":-50},{"crime":"Rape","wtd_curr_yr":1,"wtd_prev_yr":1,"wtd_pct_change":0,"twentyeight_day_curr_yr":3,"twentyeight_day_prev_yr":3,"twentyeight_day_pct_change":0,"ytd_curr_yr":8,"ytd_prev_yr":12,"ytd_pct_change":-33.3,"two_year_pct_change":-38.5,"six_year_pct_change":0,"twentytwo_year_pct_change":-63.6},{"crime":"Robbery","wtd_curr_yr":6,"wtd_prev_yr":7,"wtd_pct_change":-14.3,"twentyeight_day_curr_yr":24,"twentyeight_day_prev_yr":35,"twentyeight_day_pct_change":-31.4,"ytd_curr_yr":101,"ytd_prev_yr":163,"ytd_pct_change":-38,"two_year_pct_change":-19.2,"six_year_pct_change":1,"twentytwo_year_pct_change":-80.2},{"crime":"Fel. Assault","wtd_curr_yr":10,"wtd_prev_yr":8,"wtd_pct_change":25,"twentyeight_day_curr_yr":40,"twentyeight_day_prev_yr":26,"twentyeight_day_pct_change":53.8,"ytd_curr_yr":123,"ytd_prev_yr":129,"ytd_pct_change":-4.7,"two_year_pct_change":7,"six_year_pct_change":-10.2,"twentytwo_year_pct_change":-56.5},{"crime":"Burglary","wtd_curr_yr":2,"wtd_prev_yr":10,"wtd_pct_change":-80,"twentyeight_day_curr_yr":14,"twentyeight_day_prev_yr":32,"twentyeight_day_pct_change":-56.2,"ytd_curr_yr":73,"ytd_prev_yr":106,"ytd_pct_change":-31.1,"two_year_pct_change":-24,"six_year_pct_change":-9.9,"twentytwo_year_pct_change":-79.9},{"crime":"Gr. Larceny","wtd_curr_yr":11,"wtd_prev_yr":13,"wtd_pct_change":-15.4,"twentyeight_day_curr_yr":47,"twentyeight_day_prev_yr":36,"twentyeight_day_pct_change":30.6,"ytd_curr_yr":149,"ytd_prev_yr":123,"ytd_pct_change":21.1,"two_year_pct_change":-16.8,"six_year_pct_change":15.5,"twentytwo_year_pct_change":-62.4},{"crime":"G.L.A.","wtd_curr_yr":1,"wtd_prev_yr":1,"wtd_pct_change":0,"twentyeight_day_curr_yr":13,"twentyeight_day_prev_yr":7,"twentyeight_day_pct_change":85.7,"ytd_curr_yr":47,"ytd_prev_yr":60,"ytd_pct_change":-21.7,"two_year_pct_change":-11.3,"six_year_pct_change":-11.3,"twentytwo_year_pct_change":-89.4},{"crime":"TOTAL","wtd_curr_yr":31,"wtd_prev_yr":40,"wtd_pct_change":-22.5,"twentyeight_day_curr_yr":141,"twentyeight_day_prev_yr":139,"twentyeight_day_pct_change":1.44,"ytd_curr_yr":506,"ytd_prev_yr":594,"ytd_pct_change":-14.81,"two_year_pct_change":-13.36,"six_year_pct_change":-1.17,"twentytwo_year_pct_change":-75.05},{"crime":"Transit","wtd_curr_yr":0,"wtd_prev_yr":0,"wtd_pct_change":null,"twentyeight_day_curr_yr":1,"twentyeight_day_prev_yr":0,"twentyeight_day_pct_change":null,"ytd_curr_yr":8,"ytd_prev_yr":12,"ytd_pct_change":-33.3,"two_year_pct_change":-11.1,"six_year_pct_change":100,"twentytwo_year_pct_change":null},{"crime":"Housing","wtd_curr_yr":0,"wtd_prev_yr":1,"wtd_pct_change":-100,"twentyeight_day_curr_yr":3,"twentyeight_day_prev_yr":1,"twentyeight_day_pct_change":200,"ytd_curr_yr":10,"ytd_prev_yr":13,"ytd_pct_change":-23.1,"two_year_pct_change":-33.3,"six_year_pct_change":42.9,"twentytwo_year_pct_change":null},{"crime":"Petit Larceny","wtd_curr_yr":18,"wtd_prev_yr":24,"wtd_pct_change":-25,"twentyeight_day_curr_yr":83,"twentyeight_day_prev_yr":104,"twentyeight_day_pct_change":-20.2,"ytd_curr_yr":370,"ytd_prev_yr":313,"ytd_pct_change":18.2,"two_year_pct_change":8.5,"six_year_pct_change":10.1,"twentytwo_year_pct_change":null},{"crime":"Misd. Assault","wtd_curr_yr":18,"wtd_prev_yr":24,"wtd_pct_change":-25,"twentyeight_day_curr_yr":77,"twentyeight_day_prev_yr":83,"twentyeight_day_pct_change":-7.2,"ytd_curr_yr":311,"ytd_prev_yr":337,"ytd_pct_change":-7.7,"two_year_pct_change":21.5,"six_year_pct_change":32.3,"twentytwo_year_pct_change":null},{"crime":"Misd. Sex Crimes","wtd_curr_yr":0,"wtd_prev_yr":0,"wtd_pct_change":null,"twentyeight_day_curr_yr":0,"twentyeight_day_prev_yr":3,"twentyeight_day_pct_change":-100,"ytd_curr_yr":10,"ytd_prev_yr":9,"ytd_pct_change":11.1,"two_year_pct_change":-9.1,"six_year_pct_change":-9.1,"twentytwo_year_pct_change":null},{"crime":"Shooting Vic.","wtd_curr_yr":0,"wtd_prev_yr":0,"wtd_pct_change":null,"twentyeight_day_curr_yr":2,"twentyeight_day_prev_yr":1,"twentyeight_day_pct_change":100,"ytd_curr_yr":8,"ytd_prev_yr":6,"ytd_pct_change":33.3,"two_year_pct_change":-52.9,"six_year_pct_change":-46.7,"twentytwo_year_pct_change":-83.3},{"crime":"Shooting Inc.","wtd_curr_yr":0,"wtd_prev_yr":0,"wtd_pct_change":null,"twentyeight_day_curr_yr":1,"twentyeight_day_prev_yr":1,"twentyeight_day_pct_change":0,"ytd_curr_yr":6,"ytd_prev_yr":5,"ytd_pct_change":20,"two_year_pct_change":-57.1,"six_year_pct_change":-33.3,"twentytwo_year_pct_change":-86.7}],"historical":[{"yr_1990":38,"yr_1993":28,"yr_1998":16,"yr_2001":10,"yr_2013":8,"pct_change_13vs01":-20,"pct_change_13vs98":-50,"pct_change_13vs93":-71.4,"pct_change_13vs90":-78.9,"crime":"Murder"},{"yr_1990":60,"yr_1993":74,"yr_1998":45,"yr_2001":27,"yr_2013":37,"pct_change_13vs01":37,"pct_change_13vs98":-17.8,"pct_change_13vs93":-50,"pct_change_13vs90":-38.3,"crime":"Rape"},{"yr_1990":1846,"yr_1993":1742,"yr_1998":751,"yr_2001":530,"yr_2013":438,"pct_change_13vs01":-17.4,"pct_change_13vs98":-41.7,"pct_change_13vs93":-74.9,"pct_change_13vs90":-76.3,"crime":"Robbery"},{"yr_1990":958,"yr_1993":853,"yr_1998":611,"yr_2001":406,"yr_2013":369,"pct_change_13vs01":-9.1,"pct_change_13vs98":-39.6,"pct_change_13vs93":-56.7,"pct_change_13vs90":-61.5,"crime":"Fel. Assault"},{"yr_1990":1592,"yr_1993":1166,"yr_1998":598,"yr_2001":449,"yr_2013":300,"pct_change_13vs01":-33.2,"pct_change_13vs98":-49.8,"pct_change_13vs93":-74.3,"pct_change_13vs90":-81.2,"crime":"Burglary"},{"yr_1990":1277,"yr_1993":1214,"yr_1998":578,"yr_2001":587,"yr_2013":487,"pct_change_13vs01":-17,"pct_change_13vs98":-15.7,"pct_change_13vs93":-59.9,"pct_change_13vs90":-61.9,"crime":"Gr. Larceny"},{"yr_1990":1889,"yr_1993":1591,"yr_1998":602,"yr_2001":472,"yr_2013":172,"pct_change_13vs01":-63.6,"pct_change_13vs98":-71.4,"pct_change_13vs93":-89.2,"pct_change_13vs90":-90.9,"crime":"G.L.A."},{"yr_1990":7660,"yr_1993":6668,"yr_1998":3201,"yr_2001":2481,"yr_2013":1811,"pct_change_13vs01":-27.01,"pct_change_13vs98":-43.42,"pct_change_13vs93":-72.84,"pct_change_13vs90":-76.36,"crime":"TOTAL"}]}