{"mayor":"Bill de Blasio","commissioner":"William J. Bratton","volume":21,"number":1,"precinct":"106th","startDate":"2013-12-30T05:00:00.000Z","endDate":"2014-01-05T05:00:00.000Z","crimes":[{"crime":"Murder","wtd_curr_yr":0,"wtd_prev_yr":0,"wtd_pct_change":null,"twentyeight_day_curr_yr":1,"twentyeight_day_prev_yr":0,"twentyeight_day_pct_change":null,"ytd_curr_yr":0,"ytd_prev_yr":0,"ytd_pct_change":null,"two_year_pct_change":null,"six_year_pct_change":null,"twentytwo_year_pct_change":null},{"crime":"Rape","wtd_curr_yr":0,"wtd_prev_yr":0,"wtd_pct_change":null,"twentyeight_day_curr_yr":1,"twentyeight_day_prev_yr":0,"twentyeight_day_pct_change":null,"ytd_curr_yr":0,"ytd_prev_yr":0,"ytd_pct_change":null,"two_year_pct_change":-100,"six_year_pct_change":null,"twentytwo_year_pct_change":null},{"crime":"Robbery","wtd_curr_yr":9,"wtd_prev_yr":3,"wtd_pct_change":200,"twentyeight_day_curr_yr":28,"twentyeight_day_prev_yr":14,"twentyeight_day_pct_change":100,"ytd_curr_yr":6,"ytd_prev_yr":3,"ytd_pct_change":100,"two_year_pct_change":500,"six_year_pct_change":100,"twentytwo_year_pct_change":-57.1},{"crime":"Fel. Assault","wtd_curr_yr":8,"wtd_prev_yr":3,"wtd_pct_change":166.7,"twentyeight_day_curr_yr":23,"twentyeight_day_prev_yr":16,"twentyeight_day_pct_change":43.8,"ytd_curr_yr":6,"ytd_prev_yr":1,"ytd_pct_change":500,"two_year_pct_change":null,"six_year_pct_change":20,"twentytwo_year_pct_change":20},{"crime":"Burglary","wtd_curr_yr":1,"wtd_prev_yr":7,"wtd_pct_change":-85.7,"twentyeight_day_curr_yr":27,"twentyeight_day_prev_yr":24,"twentyeight_day_pct_change":12.5,"ytd_curr_yr":1,"ytd_prev_yr":5,"ytd_pct_change":-80,"two_year_pct_change":-80,"six_year_pct_change":-66.7,"twentytwo_year_pct_change":-95.8},{"crime":"Gr. Larceny","wtd_curr_yr":13,"wtd_prev_yr":11,"wtd_pct_change":18.2,"twentyeight_day_curr_yr":43,"twentyeight_day_prev_yr":41,"twentyeight_day_pct_change":4.9,"ytd_curr_yr":4,"ytd_prev_yr":8,"ytd_pct_change":-50,"two_year_pct_change":0,"six_year_pct_change":-20,"twentytwo_year_pct_change":-60},{"crime":"G.L.A.","wtd_curr_yr":4,"wtd_prev_yr":2,"wtd_pct_change":100,"twentyeight_day_curr_yr":18,"twentyeight_day_prev_yr":14,"twentyeight_day_pct_change":28.6,"ytd_curr_yr":2,"ytd_prev_yr":1,"ytd_pct_change":100,"two_year_pct_change":0,"six_year_pct_change":-77.8,"twentytwo_year_pct_change":-96.4},{"crime":"TOTAL","wtd_curr_yr":35,"wtd_prev_yr":26,"wtd_pct_change":34.62,"twentyeight_day_curr_yr":141,"twentyeight_day_prev_yr":109,"twentyeight_day_pct_change":29.36,"ytd_curr_yr":19,"ytd_prev_yr":18,"ytd_pct_change":5.56,"two_year_pct_change":46.15,"six_year_pct_change":-24,"twentytwo_year_pct_change":-82.41},{"crime":"Petit Larceny","wtd_curr_yr":7,"wtd_prev_yr":18,"wtd_pct_change":-61.1,"twentyeight_day_curr_yr":60,"twentyeight_day_prev_yr":65,"twentyeight_day_pct_change":-7.7,"ytd_curr_yr":4,"ytd_prev_yr":12,"ytd_pct_change":-66.7,"two_year_pct_change":-60,"six_year_pct_change":null,"twentytwo_year_pct_change":null},{"crime":"Misd. Assault","wtd_curr_yr":12,"wtd_prev_yr":8,"wtd_pct_change":50,"twentyeight_day_curr_yr":37,"twentyeight_day_prev_yr":29,"twentyeight_day_pct_change":27.6,"ytd_curr_yr":6,"ytd_prev_yr":5,"ytd_pct_change":20,"two_year_pct_change":20,"six_year_pct_change":null,"twentytwo_year_pct_change":null},{"crime":"Misd. Sex Crimes","wtd_curr_yr":0,"wtd_prev_yr":0,"wtd_pct_change":null,"twentyeight_day_curr_yr":1,"twentyeight_day_prev_yr":1,"twentyeight_day_pct_change":0,"ytd_curr_yr":0,"ytd_prev_yr":0,"ytd_pct_change":null,"two_year_pct_change":null,"six_year_pct_change":null,"twentytwo_year_pct_change":null},{"crime":"Shooting Vic.","wtd_curr_yr":0,"wtd_prev_yr":0,"wtd_pct_change":null,"twentyeight_day_curr_yr":1,"twentyeight_day_prev_yr":0,"twentyeight_day_pct_change":null,"ytd_curr_yr":0,"ytd_prev_yr":0,"ytd_pct_change":null,"two_year_pct_change":null,"six_year_pct_change":null,"twentytwo_year_pct_change":null},{"crime":"Shooting Inc.","wtd_curr_yr":0,"wtd_prev_yr":0,"wtd_pct_change":null,"twentyeight_day_curr_yr":1,"twentyeight_day_prev_yr":0,"twentyeight_day_pct_change":null,"ytd_curr_yr":0,"ytd_prev_yr":0,"ytd_pct_change":null,"two_year_pct_change":null,"six_year_pct_change":null,"twentytwo_year_pct_change":null}],"historical":[{"yr_1990":15,"yr_1993":21,"yr_1998":7,"yr_2001":4,"yr_2013":6,"pct_change_13vs01":50,"pct_change_13vs98":-14.3,"pct_change_13vs93":-71.4,"pct_change_13vs90":-60,"crime":"Murder"},{"yr_1990":31,"yr_1993":33,"yr_1998":40,"yr_2001":19,"yr_2013":19,"pct_change_13vs01":0,"pct_change_13vs98":-52.5,"pct_change_13vs93":-42.4,"pct_change_13vs90":-38.7,"crime":"Rape"},{"yr_1990":832,"yr_1993":891,"yr_1998":545,"yr_2001":344,"yr_2013":328,"pct_change_13vs01":-4.7,"pct_change_13vs98":-39.8,"pct_change_13vs93":-63.2,"pct_change_13vs90":-60.6,"crime":"Robbery"},{"yr_1990":329,"yr_1993":408,"yr_1998":297,"yr_2001":241,"yr_2013":253,"pct_change_13vs01":5,"pct_change_13vs98":-14.8,"pct_change_13vs93":-38,"pct_change_13vs90":-23.1,"crime":"Fel. Assault"},{"yr_1990":1348,"yr_1993":1230,"yr_1998":662,"yr_2001":417,"yr_2013":346,"pct_change_13vs01":-17,"pct_change_13vs98":-47.7,"pct_change_13vs93":-71.9,"pct_change_13vs90":-74.3,"crime":"Burglary"},{"yr_1990":715,"yr_1993":595,"yr_1998":440,"yr_2001":381,"yr_2013":522,"pct_change_13vs01":37,"pct_change_13vs98":18.6,"pct_change_13vs93":-12.3,"pct_change_13vs90":-27,"crime":"Gr. Larceny"},{"yr_1990":3071,"yr_1993":3304,"yr_1998":1370,"yr_2001":778,"yr_2013":191,"pct_change_13vs01":-75.4,"pct_change_13vs98":-86.1,"pct_change_13vs93":-94.2,"pct_change_13vs90":-93.8,"crime":"G.L.A."},{"yr_1990":6341,"yr_1993":6482,"yr_1998":3361,"yr_2001":2184,"yr_2013":1665,"pct_change_13vs01":-23.76,"pct_change_13vs98":-50.46,"pct_change_13vs93":-74.31,"pct_change_13vs90":-73.74,"crime":"TOTAL"}]}