{"mayor":"Bill de Blasio","commissioner":"William J. Bratton","volume":21,"number":33,"precinct":"104th","startDate":"2014-08-11T04:00:00.000Z","endDate":"2014-08-17T04:00:00.000Z","crimes":[{"crime":"Murder","wtd_curr_yr":0,"wtd_prev_yr":0,"wtd_pct_change":null,"twentyeight_day_curr_yr":0,"twentyeight_day_prev_yr":0,"twentyeight_day_pct_change":null,"ytd_curr_yr":3,"ytd_prev_yr":3,"ytd_pct_change":0,"two_year_pct_change":null,"six_year_pct_change":200,"twentytwo_year_pct_change":-81.2},{"crime":"Rape","wtd_curr_yr":0,"wtd_prev_yr":0,"wtd_pct_change":null,"twentyeight_day_curr_yr":1,"twentyeight_day_prev_yr":0,"twentyeight_day_pct_change":null,"ytd_curr_yr":13,"ytd_prev_yr":8,"ytd_pct_change":62.5,"two_year_pct_change":44.4,"six_year_pct_change":62.5,"twentytwo_year_pct_change":-27.8},{"crime":"Robbery","wtd_curr_yr":4,"wtd_prev_yr":3,"wtd_pct_change":33.3,"twentyeight_day_curr_yr":15,"twentyeight_day_prev_yr":19,"twentyeight_day_pct_change":-21.1,"ytd_curr_yr":106,"ytd_prev_yr":135,"ytd_pct_change":-21.5,"two_year_pct_change":-39.8,"six_year_pct_change":-36.1,"twentytwo_year_pct_change":-82},{"crime":"Fel. Assault","wtd_curr_yr":1,"wtd_prev_yr":4,"wtd_pct_change":-75,"twentyeight_day_curr_yr":16,"twentyeight_day_prev_yr":25,"twentyeight_day_pct_change":-36,"ytd_curr_yr":134,"ytd_prev_yr":165,"ytd_pct_change":-18.8,"two_year_pct_change":-19.3,"six_year_pct_change":26.4,"twentytwo_year_pct_change":-30.9},{"crime":"Burglary","wtd_curr_yr":6,"wtd_prev_yr":7,"wtd_pct_change":-14.3,"twentyeight_day_curr_yr":23,"twentyeight_day_prev_yr":28,"twentyeight_day_pct_change":-17.9,"ytd_curr_yr":187,"ytd_prev_yr":223,"ytd_pct_change":-16.1,"two_year_pct_change":-22.7,"six_year_pct_change":-33.2,"twentytwo_year_pct_change":-85.8},{"crime":"Gr. Larceny","wtd_curr_yr":18,"wtd_prev_yr":9,"wtd_pct_change":100,"twentyeight_day_curr_yr":50,"twentyeight_day_prev_yr":45,"twentyeight_day_pct_change":11.1,"ytd_curr_yr":361,"ytd_prev_yr":317,"ytd_pct_change":13.9,"two_year_pct_change":14.2,"six_year_pct_change":19.9,"twentytwo_year_pct_change":-11.5},{"crime":"G.L.A.","wtd_curr_yr":6,"wtd_prev_yr":1,"wtd_pct_change":500,"twentyeight_day_curr_yr":20,"twentyeight_day_prev_yr":10,"twentyeight_day_pct_change":100,"ytd_curr_yr":127,"ytd_prev_yr":90,"ytd_pct_change":41.1,"two_year_pct_change":-9.3,"six_year_pct_change":-27.8,"twentytwo_year_pct_change":-94.5},{"crime":"TOTAL","wtd_curr_yr":35,"wtd_prev_yr":24,"wtd_pct_change":45.83,"twentyeight_day_curr_yr":125,"twentyeight_day_prev_yr":127,"twentyeight_day_pct_change":-1.57,"ytd_curr_yr":931,"ytd_prev_yr":941,"ytd_pct_change":-1.06,"two_year_pct_change":-11.25,"six_year_pct_change":-10.31,"twentytwo_year_pct_change":-80.73},{"crime":"Transit","wtd_curr_yr":0,"wtd_prev_yr":0,"wtd_pct_change":null,"twentyeight_day_curr_yr":1,"twentyeight_day_prev_yr":0,"twentyeight_day_pct_change":null,"ytd_curr_yr":8,"ytd_prev_yr":8,"ytd_pct_change":0,"two_year_pct_change":-57.9,"six_year_pct_change":300,"twentytwo_year_pct_change":null},{"crime":"Housing","wtd_curr_yr":0,"wtd_prev_yr":0,"wtd_pct_change":null,"twentyeight_day_curr_yr":0,"twentyeight_day_prev_yr":0,"twentyeight_day_pct_change":null,"ytd_curr_yr":0,"ytd_prev_yr":0,"ytd_pct_change":null,"two_year_pct_change":null,"six_year_pct_change":null,"twentytwo_year_pct_change":null},{"crime":"Petit Larceny","wtd_curr_yr":20,"wtd_prev_yr":33,"wtd_pct_change":-39.4,"twentyeight_day_curr_yr":105,"twentyeight_day_prev_yr":122,"twentyeight_day_pct_change":-13.9,"ytd_curr_yr":720,"ytd_prev_yr":684,"ytd_pct_change":5.3,"two_year_pct_change":10.9,"six_year_pct_change":-0.7,"twentytwo_year_pct_change":null},{"crime":"Misd. Assault","wtd_curr_yr":16,"wtd_prev_yr":7,"wtd_pct_change":128.6,"twentyeight_day_curr_yr":55,"twentyeight_day_prev_yr":46,"twentyeight_day_pct_change":19.6,"ytd_curr_yr":399,"ytd_prev_yr":349,"ytd_pct_change":14.3,"two_year_pct_change":-4.8,"six_year_pct_change":-6.1,"twentytwo_year_pct_change":null},{"crime":"Misd. Sex Crimes","wtd_curr_yr":0,"wtd_prev_yr":1,"wtd_pct_change":-100,"twentyeight_day_curr_yr":2,"twentyeight_day_prev_yr":3,"twentyeight_day_pct_change":-33.3,"ytd_curr_yr":8,"ytd_prev_yr":14,"ytd_pct_change":-42.9,"two_year_pct_change":-60,"six_year_pct_change":-66.7,"twentytwo_year_pct_change":null},{"crime":"Shooting Vic.","wtd_curr_yr":0,"wtd_prev_yr":1,"wtd_pct_change":-100,"twentyeight_day_curr_yr":0,"twentyeight_day_prev_yr":1,"twentyeight_day_pct_change":-100,"ytd_curr_yr":6,"ytd_prev_yr":4,"ytd_pct_change":50,"two_year_pct_change":100,"six_year_pct_change":50,"twentytwo_year_pct_change":-70},{"crime":"Shooting Inc.","wtd_curr_yr":0,"wtd_prev_yr":1,"wtd_pct_change":-100,"twentyeight_day_curr_yr":0,"twentyeight_day_prev_yr":1,"twentyeight_day_pct_change":-100,"ytd_curr_yr":5,"ytd_prev_yr":4,"ytd_pct_change":25,"two_year_pct_change":66.7,"six_year_pct_change":25,"twentytwo_year_pct_change":-72.2}],"historical":[{"yr_1990":11,"yr_1993":19,"yr_1998":7,"yr_2001":5,"yr_2013":3,"pct_change_13vs01":-40,"pct_change_13vs98":-57.1,"pct_change_13vs93":-84.2,"pct_change_13vs90":-72.7,"crime":"Murder"},{"yr_1990":21,"yr_1993":21,"yr_1998":24,"yr_2001":15,"yr_2013":15,"pct_change_13vs01":0,"pct_change_13vs98":-37.5,"pct_change_13vs93":-28.6,"pct_change_13vs90":-28.6,"crime":"Rape"},{"yr_1990":1307,"yr_1993":1027,"yr_1998":490,"yr_2001":359,"yr_2013":256,"pct_change_13vs01":-28.7,"pct_change_13vs98":-47.8,"pct_change_13vs93":-75.1,"pct_change_13vs90":-80.4,"crime":"Robbery"},{"yr_1990":279,"yr_1993":305,"yr_1998":261,"yr_2001":262,"yr_2013":241,"pct_change_13vs01":-8,"pct_change_13vs98":-7.7,"pct_change_13vs93":-21,"pct_change_13vs90":-13.6,"crime":"Fel. Assault"},{"yr_1990":2562,"yr_1993":1955,"yr_1998":1024,"yr_2001":790,"yr_2013":339,"pct_change_13vs01":-57.1,"pct_change_13vs98":-66.9,"pct_change_13vs93":-82.7,"pct_change_13vs90":-86.8,"crime":"Burglary"},{"yr_1990":884,"yr_1993":678,"yr_1998":485,"yr_2001":551,"yr_2013":572,"pct_change_13vs01":3.8,"pct_change_13vs98":17.9,"pct_change_13vs93":-15.6,"pct_change_13vs90":-35.3,"crime":"Gr. Larceny"},{"yr_1990":4443,"yr_1993":3418,"yr_1998":1374,"yr_2001":892,"yr_2013":181,"pct_change_13vs01":-79.7,"pct_change_13vs98":-86.8,"pct_change_13vs93":-94.7,"pct_change_13vs90":-95.9,"crime":"G.L.A."},{"yr_1990":9507,"yr_1993":7423,"yr_1998":3665,"yr_2001":2874,"yr_2013":1607,"pct_change_13vs01":-44.08,"pct_change_13vs98":-56.15,"pct_change_13vs93":-78.35,"pct_change_13vs90":-83.1,"crime":"TOTAL"}]}