{"mayor":"Bill de Blasio","commissioner":"William J. Bratton","volume":22,"number":1,"precinct":"104th","startDate":"2014-12-28T05:00:00.000Z","endDate":"2015-01-04T05:00:00.000Z","crimes":[{"crime":"Murder","wtd_curr_yr":0,"wtd_prev_yr":0,"wtd_pct_change":null,"twentyeight_day_curr_yr":0,"twentyeight_day_prev_yr":0,"twentyeight_day_pct_change":null,"ytd_curr_yr":0,"ytd_prev_yr":0,"ytd_pct_change":null,"two_year_pct_change":null,"six_year_pct_change":null,"twentytwo_year_pct_change":null},{"crime":"Rape","wtd_curr_yr":0,"wtd_prev_yr":1,"wtd_pct_change":-100,"twentyeight_day_curr_yr":0,"twentyeight_day_prev_yr":2,"twentyeight_day_pct_change":-100,"ytd_curr_yr":0,"ytd_prev_yr":1,"ytd_pct_change":-100,"two_year_pct_change":-100,"six_year_pct_change":null,"twentytwo_year_pct_change":null},{"crime":"Robbery","wtd_curr_yr":2,"wtd_prev_yr":4,"wtd_pct_change":-50,"twentyeight_day_curr_yr":10,"twentyeight_day_prev_yr":15,"twentyeight_day_pct_change":-33.3,"ytd_curr_yr":0,"ytd_prev_yr":3,"ytd_pct_change":-100,"two_year_pct_change":-100,"six_year_pct_change":null,"twentytwo_year_pct_change":-100},{"crime":"Fel. Assault","wtd_curr_yr":5,"wtd_prev_yr":1,"wtd_pct_change":400,"twentyeight_day_curr_yr":17,"twentyeight_day_prev_yr":12,"twentyeight_day_pct_change":41.7,"ytd_curr_yr":2,"ytd_prev_yr":1,"ytd_pct_change":100,"two_year_pct_change":-50,"six_year_pct_change":-33.3,"twentytwo_year_pct_change":-33.3},{"crime":"Burglary","wtd_curr_yr":7,"wtd_prev_yr":12,"wtd_pct_change":-41.7,"twentyeight_day_curr_yr":28,"twentyeight_day_prev_yr":25,"twentyeight_day_pct_change":12,"ytd_curr_yr":2,"ytd_prev_yr":6,"ytd_pct_change":-66.7,"two_year_pct_change":-66.7,"six_year_pct_change":-80,"twentytwo_year_pct_change":-93.3},{"crime":"Gr. Larceny","wtd_curr_yr":7,"wtd_prev_yr":13,"wtd_pct_change":-46.2,"twentyeight_day_curr_yr":41,"twentyeight_day_prev_yr":42,"twentyeight_day_pct_change":-2.4,"ytd_curr_yr":2,"ytd_prev_yr":4,"ytd_pct_change":-50,"two_year_pct_change":100,"six_year_pct_change":null,"twentytwo_year_pct_change":-33.3},{"crime":"G.L.A.","wtd_curr_yr":3,"wtd_prev_yr":6,"wtd_pct_change":-50,"twentyeight_day_curr_yr":15,"twentyeight_day_prev_yr":22,"twentyeight_day_pct_change":-31.8,"ytd_curr_yr":1,"ytd_prev_yr":2,"ytd_pct_change":-50,"two_year_pct_change":0,"six_year_pct_change":-66.7,"twentytwo_year_pct_change":-96.9},{"crime":"TOTAL","wtd_curr_yr":24,"wtd_prev_yr":37,"wtd_pct_change":-35.14,"twentyeight_day_curr_yr":111,"twentyeight_day_prev_yr":118,"twentyeight_day_pct_change":-5.93,"ytd_curr_yr":7,"ytd_prev_yr":17,"ytd_pct_change":-58.82,"two_year_pct_change":-58.82,"six_year_pct_change":-56.25,"twentytwo_year_pct_change":-91.46},{"crime":"Transit","wtd_curr_yr":1,"wtd_prev_yr":0,"wtd_pct_change":null,"twentyeight_day_curr_yr":1,"twentyeight_day_prev_yr":1,"twentyeight_day_pct_change":0,"ytd_curr_yr":0,"ytd_prev_yr":0,"ytd_pct_change":null,"two_year_pct_change":null,"six_year_pct_change":null,"twentytwo_year_pct_change":null},{"crime":"Housing","wtd_curr_yr":0,"wtd_prev_yr":0,"wtd_pct_change":null,"twentyeight_day_curr_yr":0,"twentyeight_day_prev_yr":0,"twentyeight_day_pct_change":null,"ytd_curr_yr":0,"ytd_prev_yr":0,"ytd_pct_change":null,"two_year_pct_change":null,"six_year_pct_change":null,"twentytwo_year_pct_change":null},{"crime":"Petit Larceny","wtd_curr_yr":18,"wtd_prev_yr":22,"wtd_pct_change":-18.2,"twentyeight_day_curr_yr":50,"twentyeight_day_prev_yr":82,"twentyeight_day_pct_change":-39,"ytd_curr_yr":3,"ytd_prev_yr":7,"ytd_pct_change":-57.1,"two_year_pct_change":-78.6,"six_year_pct_change":-57.1,"twentytwo_year_pct_change":null},{"crime":"Misd. Assault","wtd_curr_yr":18,"wtd_prev_yr":28,"wtd_pct_change":-35.7,"twentyeight_day_curr_yr":35,"twentyeight_day_prev_yr":48,"twentyeight_day_pct_change":-27.1,"ytd_curr_yr":12,"ytd_prev_yr":14,"ytd_pct_change":-14.3,"two_year_pct_change":140,"six_year_pct_change":50,"twentytwo_year_pct_change":null},{"crime":"Misd. Sex Crimes","wtd_curr_yr":0,"wtd_prev_yr":0,"wtd_pct_change":null,"twentyeight_day_curr_yr":2,"twentyeight_day_prev_yr":0,"twentyeight_day_pct_change":null,"ytd_curr_yr":0,"ytd_prev_yr":0,"ytd_pct_change":null,"two_year_pct_change":-100,"six_year_pct_change":null,"twentytwo_year_pct_change":null},{"crime":"Shooting Vic.","wtd_curr_yr":0,"wtd_prev_yr":0,"wtd_pct_change":null,"twentyeight_day_curr_yr":0,"twentyeight_day_prev_yr":0,"twentyeight_day_pct_change":null,"ytd_curr_yr":0,"ytd_prev_yr":0,"ytd_pct_change":null,"two_year_pct_change":null,"six_year_pct_change":null,"twentytwo_year_pct_change":null},{"crime":"Shooting Inc.","wtd_curr_yr":0,"wtd_prev_yr":0,"wtd_pct_change":null,"twentyeight_day_curr_yr":0,"twentyeight_day_prev_yr":0,"twentyeight_day_pct_change":null,"ytd_curr_yr":0,"ytd_prev_yr":0,"ytd_pct_change":null,"two_year_pct_change":null,"six_year_pct_change":null,"twentytwo_year_pct_change":null}],"historical":[{"yr_1990":11,"yr_1993":19,"yr_1998":7,"yr_2001":5,"yr_2014":3,"pct_change_14vs01":-40,"pct_change_14vs98":-57.1,"pct_change_14vs93":-84.2,"pct_change_14vs90":-72.7,"crime":"Murder"},{"yr_1990":21,"yr_1993":21,"yr_1998":24,"yr_2001":15,"yr_2014":18,"pct_change_14vs01":20,"pct_change_14vs98":-25,"pct_change_14vs93":-14.3,"pct_change_14vs90":-14.3,"crime":"Rape"},{"yr_1990":1307,"yr_1993":1027,"yr_1998":490,"yr_2001":359,"yr_2014":180,"pct_change_14vs01":-49.9,"pct_change_14vs98":-63.3,"pct_change_14vs93":-82.5,"pct_change_14vs90":-86.2,"crime":"Robbery"},{"yr_1990":279,"yr_1993":305,"yr_1998":261,"yr_2001":262,"yr_2014":213,"pct_change_14vs01":-18.7,"pct_change_14vs98":-18.4,"pct_change_14vs93":-30.2,"pct_change_14vs90":-23.7,"crime":"Fel. Assault"},{"yr_1990":2562,"yr_1993":1955,"yr_1998":1024,"yr_2001":790,"yr_2014":290,"pct_change_14vs01":-63.3,"pct_change_14vs98":-71.7,"pct_change_14vs93":-85.2,"pct_change_14vs90":-88.7,"crime":"Burglary"},{"yr_1990":884,"yr_1993":678,"yr_1998":485,"yr_2001":551,"yr_2014":575,"pct_change_14vs01":4.4,"pct_change_14vs98":18.6,"pct_change_14vs93":-15.2,"pct_change_14vs90":-35,"crime":"Gr. Larceny"},{"yr_1990":4443,"yr_1993":3418,"yr_1998":1374,"yr_2001":892,"yr_2014":227,"pct_change_14vs01":-74.6,"pct_change_14vs98":-83.5,"pct_change_14vs93":-93.4,"pct_change_14vs90":-94.9,"crime":"G.L.A."},{"yr_1990":9507,"yr_1993":7423,"yr_1998":3665,"yr_2001":2874,"yr_2014":1506,"pct_change_14vs01":-47.6,"pct_change_14vs98":-58.91,"pct_change_14vs93":-79.71,"pct_change_14vs90":-84.16,"crime":"TOTAL"}]}