{"mayor":"Bill de Blasio","commissioner":"William J. Bratton","volume":21,"number":35,"precinct":"101st","startDate":"2014-08-25T04:00:00.000Z","endDate":"2014-08-31T04:00:00.000Z","crimes":[{"crime":"Murder","wtd_curr_yr":0,"wtd_prev_yr":0,"wtd_pct_change":null,"twentyeight_day_curr_yr":0,"twentyeight_day_prev_yr":0,"twentyeight_day_pct_change":null,"ytd_curr_yr":4,"ytd_prev_yr":2,"ytd_pct_change":100,"two_year_pct_change":33.3,"six_year_pct_change":0,"twentytwo_year_pct_change":-69.2},{"crime":"Rape","wtd_curr_yr":1,"wtd_prev_yr":1,"wtd_pct_change":0,"twentyeight_day_curr_yr":2,"twentyeight_day_prev_yr":1,"twentyeight_day_pct_change":100,"ytd_curr_yr":9,"ytd_prev_yr":11,"ytd_pct_change":-18.2,"two_year_pct_change":-30.8,"six_year_pct_change":-40,"twentytwo_year_pct_change":-67.9},{"crime":"Robbery","wtd_curr_yr":0,"wtd_prev_yr":4,"wtd_pct_change":-100,"twentyeight_day_curr_yr":7,"twentyeight_day_prev_yr":13,"twentyeight_day_pct_change":-46.2,"ytd_curr_yr":78,"ytd_prev_yr":88,"ytd_pct_change":-11.4,"two_year_pct_change":-20.4,"six_year_pct_change":-1.3,"twentytwo_year_pct_change":-81.7},{"crime":"Fel. Assault","wtd_curr_yr":6,"wtd_prev_yr":5,"wtd_pct_change":20,"twentyeight_day_curr_yr":22,"twentyeight_day_prev_yr":19,"twentyeight_day_pct_change":15.8,"ytd_curr_yr":182,"ytd_prev_yr":151,"ytd_pct_change":20.5,"two_year_pct_change":2.8,"six_year_pct_change":59.6,"twentytwo_year_pct_change":-48.1},{"crime":"Burglary","wtd_curr_yr":5,"wtd_prev_yr":6,"wtd_pct_change":-16.7,"twentyeight_day_curr_yr":11,"twentyeight_day_prev_yr":23,"twentyeight_day_pct_change":-52.2,"ytd_curr_yr":109,"ytd_prev_yr":167,"ytd_pct_change":-34.7,"two_year_pct_change":0,"six_year_pct_change":81.7,"twentytwo_year_pct_change":-79.9},{"crime":"Gr. Larceny","wtd_curr_yr":4,"wtd_prev_yr":2,"wtd_pct_change":100,"twentyeight_day_curr_yr":22,"twentyeight_day_prev_yr":22,"twentyeight_day_pct_change":0,"ytd_curr_yr":128,"ytd_prev_yr":105,"ytd_pct_change":21.9,"two_year_pct_change":-15.8,"six_year_pct_change":42.2,"twentytwo_year_pct_change":-42.1},{"crime":"G.L.A.","wtd_curr_yr":1,"wtd_prev_yr":1,"wtd_pct_change":0,"twentyeight_day_curr_yr":5,"twentyeight_day_prev_yr":7,"twentyeight_day_pct_change":-28.6,"ytd_curr_yr":54,"ytd_prev_yr":39,"ytd_pct_change":38.5,"two_year_pct_change":42.1,"six_year_pct_change":45.9,"twentytwo_year_pct_change":-82.6},{"crime":"TOTAL","wtd_curr_yr":17,"wtd_prev_yr":19,"wtd_pct_change":-10.53,"twentyeight_day_curr_yr":69,"twentyeight_day_prev_yr":85,"twentyeight_day_pct_change":-18.82,"ytd_curr_yr":564,"ytd_prev_yr":563,"ytd_pct_change":0.18,"two_year_pct_change":-4.41,"six_year_pct_change":41.35,"twentytwo_year_pct_change":-70.17},{"crime":"Transit","wtd_curr_yr":1,"wtd_prev_yr":0,"wtd_pct_change":null,"twentyeight_day_curr_yr":2,"twentyeight_day_prev_yr":0,"twentyeight_day_pct_change":null,"ytd_curr_yr":7,"ytd_prev_yr":6,"ytd_pct_change":16.7,"two_year_pct_change":-50,"six_year_pct_change":-30,"twentytwo_year_pct_change":null},{"crime":"Housing","wtd_curr_yr":0,"wtd_prev_yr":4,"wtd_pct_change":-100,"twentyeight_day_curr_yr":2,"twentyeight_day_prev_yr":11,"twentyeight_day_pct_change":-81.8,"ytd_curr_yr":71,"ytd_prev_yr":62,"ytd_pct_change":14.5,"two_year_pct_change":18.3,"six_year_pct_change":54.3,"twentytwo_year_pct_change":null},{"crime":"Petit Larceny","wtd_curr_yr":11,"wtd_prev_yr":8,"wtd_pct_change":37.5,"twentyeight_day_curr_yr":39,"twentyeight_day_prev_yr":40,"twentyeight_day_pct_change":-2.5,"ytd_curr_yr":370,"ytd_prev_yr":344,"ytd_pct_change":7.6,"two_year_pct_change":15.3,"six_year_pct_change":39.1,"twentytwo_year_pct_change":null},{"crime":"Misd. Assault","wtd_curr_yr":9,"wtd_prev_yr":11,"wtd_pct_change":-18.2,"twentyeight_day_curr_yr":42,"twentyeight_day_prev_yr":37,"twentyeight_day_pct_change":13.5,"ytd_curr_yr":320,"ytd_prev_yr":325,"ytd_pct_change":-1.5,"two_year_pct_change":5.6,"six_year_pct_change":30.6,"twentytwo_year_pct_change":null},{"crime":"Misd. Sex Crimes","wtd_curr_yr":0,"wtd_prev_yr":0,"wtd_pct_change":null,"twentyeight_day_curr_yr":2,"twentyeight_day_prev_yr":4,"twentyeight_day_pct_change":-50,"ytd_curr_yr":12,"ytd_prev_yr":10,"ytd_pct_change":20,"two_year_pct_change":-25,"six_year_pct_change":-36.8,"twentytwo_year_pct_change":null},{"crime":"Shooting Vic.","wtd_curr_yr":0,"wtd_prev_yr":0,"wtd_pct_change":null,"twentyeight_day_curr_yr":1,"twentyeight_day_prev_yr":0,"twentyeight_day_pct_change":null,"ytd_curr_yr":21,"ytd_prev_yr":13,"ytd_pct_change":61.5,"two_year_pct_change":-8.7,"six_year_pct_change":16.7,"twentytwo_year_pct_change":-36.4},{"crime":"Shooting Inc.","wtd_curr_yr":0,"wtd_prev_yr":0,"wtd_pct_change":null,"twentyeight_day_curr_yr":1,"twentyeight_day_prev_yr":0,"twentyeight_day_pct_change":null,"ytd_curr_yr":20,"ytd_prev_yr":11,"ytd_pct_change":81.8,"two_year_pct_change":-4.8,"six_year_pct_change":17.6,"twentytwo_year_pct_change":-35.5}],"historical":[{"yr_1990":14,"yr_1993":16,"yr_1998":9,"yr_2001":6,"yr_2013":3,"pct_change_13vs01":-50,"pct_change_13vs98":-66.7,"pct_change_13vs93":-81.2,"pct_change_13vs90":-78.6,"crime":"Murder"},{"yr_1990":67,"yr_1993":42,"yr_1998":32,"yr_2001":17,"yr_2013":19,"pct_change_13vs01":11.8,"pct_change_13vs98":-40.6,"pct_change_13vs93":-54.8,"pct_change_13vs90":-71.6,"crime":"Rape"},{"yr_1990":826,"yr_1993":710,"yr_1998":413,"yr_2001":247,"yr_2013":148,"pct_change_13vs01":-40.1,"pct_change_13vs98":-64.2,"pct_change_13vs93":-79.2,"pct_change_13vs90":-82.1,"crime":"Robbery"},{"yr_1990":588,"yr_1993":524,"yr_1998":418,"yr_2001":301,"yr_2013":212,"pct_change_13vs01":-29.6,"pct_change_13vs98":-49.3,"pct_change_13vs93":-59.5,"pct_change_13vs90":-63.9,"crime":"Fel. Assault"},{"yr_1990":825,"yr_1993":768,"yr_1998":370,"yr_2001":216,"yr_2013":227,"pct_change_13vs01":5.1,"pct_change_13vs98":-38.6,"pct_change_13vs93":-70.4,"pct_change_13vs90":-72.5,"crime":"Burglary"},{"yr_1990":362,"yr_1993":330,"yr_1998":203,"yr_2001":189,"yr_2013":182,"pct_change_13vs01":-3.7,"pct_change_13vs98":-10.3,"pct_change_13vs93":-44.8,"pct_change_13vs90":-49.7,"crime":"Gr. Larceny"},{"yr_1990":719,"yr_1993":460,"yr_1998":184,"yr_2001":158,"yr_2013":61,"pct_change_13vs01":-61.4,"pct_change_13vs98":-66.8,"pct_change_13vs93":-86.7,"pct_change_13vs90":-91.5,"crime":"G.L.A."},{"yr_1990":3401,"yr_1993":2850,"yr_1998":1629,"yr_2001":1134,"yr_2013":852,"pct_change_13vs01":-24.87,"pct_change_13vs98":-47.7,"pct_change_13vs93":-70.11,"pct_change_13vs90":-74.95,"crime":"TOTAL"}]}