{"mayor":"Bill de Blasio","commissioner":"William J. Bratton","volume":21,"number":27,"precinct":"103rd","startDate":"2014-06-30T04:00:00.000Z","endDate":"2014-07-06T04:00:00.000Z","crimes":[{"crime":"Murder","wtd_curr_yr":0,"wtd_prev_yr":0,"wtd_pct_change":null,"twentyeight_day_curr_yr":1,"twentyeight_day_prev_yr":1,"twentyeight_day_pct_change":0,"ytd_curr_yr":7,"ytd_prev_yr":4,"ytd_pct_change":75,"two_year_pct_change":-30,"six_year_pct_change":-12.5,"twentytwo_year_pct_change":-50},{"crime":"Rape","wtd_curr_yr":0,"wtd_prev_yr":1,"wtd_pct_change":-100,"twentyeight_day_curr_yr":0,"twentyeight_day_prev_yr":2,"twentyeight_day_pct_change":-100,"ytd_curr_yr":8,"ytd_prev_yr":20,"ytd_pct_change":-60,"two_year_pct_change":-50,"six_year_pct_change":-38.5,"twentytwo_year_pct_change":-79.5},{"crime":"Robbery","wtd_curr_yr":6,"wtd_prev_yr":8,"wtd_pct_change":-25,"twentyeight_day_curr_yr":28,"twentyeight_day_prev_yr":26,"twentyeight_day_pct_change":7.7,"ytd_curr_yr":158,"ytd_prev_yr":225,"ytd_pct_change":-29.8,"two_year_pct_change":-21.8,"six_year_pct_change":6.8,"twentytwo_year_pct_change":-81},{"crime":"Fel. Assault","wtd_curr_yr":9,"wtd_prev_yr":5,"wtd_pct_change":80,"twentyeight_day_curr_yr":26,"twentyeight_day_prev_yr":30,"twentyeight_day_pct_change":-13.3,"ytd_curr_yr":200,"ytd_prev_yr":189,"ytd_pct_change":5.8,"two_year_pct_change":3.1,"six_year_pct_change":4.7,"twentytwo_year_pct_change":-54.2},{"crime":"Burglary","wtd_curr_yr":4,"wtd_prev_yr":9,"wtd_pct_change":-55.6,"twentyeight_day_curr_yr":15,"twentyeight_day_prev_yr":22,"twentyeight_day_pct_change":-31.8,"ytd_curr_yr":108,"ytd_prev_yr":152,"ytd_pct_change":-28.9,"two_year_pct_change":-36.1,"six_year_pct_change":-20.6,"twentytwo_year_pct_change":-81.6},{"crime":"Gr. Larceny","wtd_curr_yr":13,"wtd_prev_yr":7,"wtd_pct_change":85.7,"twentyeight_day_curr_yr":50,"twentyeight_day_prev_yr":49,"twentyeight_day_pct_change":2,"ytd_curr_yr":238,"ytd_prev_yr":222,"ytd_pct_change":7.2,"two_year_pct_change":-4.8,"six_year_pct_change":7.2,"twentytwo_year_pct_change":-60},{"crime":"G.L.A.","wtd_curr_yr":1,"wtd_prev_yr":2,"wtd_pct_change":-50,"twentyeight_day_curr_yr":10,"twentyeight_day_prev_yr":14,"twentyeight_day_pct_change":-28.6,"ytd_curr_yr":74,"ytd_prev_yr":84,"ytd_pct_change":-11.9,"two_year_pct_change":-14,"six_year_pct_change":-17.8,"twentytwo_year_pct_change":-90.1},{"crime":"TOTAL","wtd_curr_yr":33,"wtd_prev_yr":32,"wtd_pct_change":3.12,"twentyeight_day_curr_yr":130,"twentyeight_day_prev_yr":144,"twentyeight_day_pct_change":-9.72,"ytd_curr_yr":793,"ytd_prev_yr":896,"ytd_pct_change":-11.5,"two_year_pct_change":-14.46,"six_year_pct_change":-1.86,"twentytwo_year_pct_change":-75.61},{"crime":"Transit","wtd_curr_yr":0,"wtd_prev_yr":0,"wtd_pct_change":null,"twentyeight_day_curr_yr":1,"twentyeight_day_prev_yr":0,"twentyeight_day_pct_change":null,"ytd_curr_yr":12,"ytd_prev_yr":18,"ytd_pct_change":-33.3,"two_year_pct_change":-7.7,"six_year_pct_change":140,"twentytwo_year_pct_change":null},{"crime":"Housing","wtd_curr_yr":1,"wtd_prev_yr":1,"wtd_pct_change":0,"twentyeight_day_curr_yr":1,"twentyeight_day_prev_yr":3,"twentyeight_day_pct_change":-66.7,"ytd_curr_yr":13,"ytd_prev_yr":19,"ytd_pct_change":-31.6,"two_year_pct_change":-45.8,"six_year_pct_change":-13.3,"twentytwo_year_pct_change":null},{"crime":"Petit Larceny","wtd_curr_yr":17,"wtd_prev_yr":30,"wtd_pct_change":-43.3,"twentyeight_day_curr_yr":90,"twentyeight_day_prev_yr":86,"twentyeight_day_pct_change":4.7,"ytd_curr_yr":590,"ytd_prev_yr":534,"ytd_pct_change":10.5,"two_year_pct_change":13,"six_year_pct_change":19.4,"twentytwo_year_pct_change":null},{"crime":"Misd. Assault","wtd_curr_yr":15,"wtd_prev_yr":19,"wtd_pct_change":-21.1,"twentyeight_day_curr_yr":70,"twentyeight_day_prev_yr":68,"twentyeight_day_pct_change":2.9,"ytd_curr_yr":471,"ytd_prev_yr":493,"ytd_pct_change":-4.5,"two_year_pct_change":14.6,"six_year_pct_change":28,"twentytwo_year_pct_change":null},{"crime":"Misd. Sex Crimes","wtd_curr_yr":1,"wtd_prev_yr":0,"wtd_pct_change":null,"twentyeight_day_curr_yr":3,"twentyeight_day_prev_yr":1,"twentyeight_day_pct_change":200,"ytd_curr_yr":18,"ytd_prev_yr":16,"ytd_pct_change":12.5,"two_year_pct_change":-21.7,"six_year_pct_change":5.9,"twentytwo_year_pct_change":null},{"crime":"Shooting Vic.","wtd_curr_yr":0,"wtd_prev_yr":0,"wtd_pct_change":null,"twentyeight_day_curr_yr":1,"twentyeight_day_prev_yr":4,"twentyeight_day_pct_change":-75,"ytd_curr_yr":13,"ytd_prev_yr":13,"ytd_pct_change":0,"two_year_pct_change":-53.6,"six_year_pct_change":-35,"twentytwo_year_pct_change":-83.1},{"crime":"Shooting Inc.","wtd_curr_yr":0,"wtd_prev_yr":0,"wtd_pct_change":null,"twentyeight_day_curr_yr":1,"twentyeight_day_prev_yr":4,"twentyeight_day_pct_change":-75,"ytd_curr_yr":9,"ytd_prev_yr":12,"ytd_pct_change":-25,"two_year_pct_change":-64,"six_year_pct_change":-35.7,"twentytwo_year_pct_change":-87.5}],"historical":[{"yr_1990":38,"yr_1993":28,"yr_1998":16,"yr_2001":10,"yr_2013":8,"pct_change_13vs01":-20,"pct_change_13vs98":-50,"pct_change_13vs93":-71.4,"pct_change_13vs90":-78.9,"crime":"Murder"},{"yr_1990":60,"yr_1993":74,"yr_1998":45,"yr_2001":27,"yr_2013":37,"pct_change_13vs01":37,"pct_change_13vs98":-17.8,"pct_change_13vs93":-50,"pct_change_13vs90":-38.3,"crime":"Rape"},{"yr_1990":1846,"yr_1993":1742,"yr_1998":751,"yr_2001":530,"yr_2013":438,"pct_change_13vs01":-17.4,"pct_change_13vs98":-41.7,"pct_change_13vs93":-74.9,"pct_change_13vs90":-76.3,"crime":"Robbery"},{"yr_1990":958,"yr_1993":853,"yr_1998":611,"yr_2001":406,"yr_2013":369,"pct_change_13vs01":-9.1,"pct_change_13vs98":-39.6,"pct_change_13vs93":-56.7,"pct_change_13vs90":-61.5,"crime":"Fel. Assault"},{"yr_1990":1592,"yr_1993":1166,"yr_1998":598,"yr_2001":449,"yr_2013":300,"pct_change_13vs01":-33.2,"pct_change_13vs98":-49.8,"pct_change_13vs93":-74.3,"pct_change_13vs90":-81.2,"crime":"Burglary"},{"yr_1990":1277,"yr_1993":1214,"yr_1998":578,"yr_2001":587,"yr_2013":487,"pct_change_13vs01":-17,"pct_change_13vs98":-15.7,"pct_change_13vs93":-59.9,"pct_change_13vs90":-61.9,"crime":"Gr. Larceny"},{"yr_1990":1889,"yr_1993":1591,"yr_1998":602,"yr_2001":472,"yr_2013":172,"pct_change_13vs01":-63.6,"pct_change_13vs98":-71.4,"pct_change_13vs93":-89.2,"pct_change_13vs90":-90.9,"crime":"G.L.A."},{"yr_1990":7660,"yr_1993":6668,"yr_1998":3201,"yr_2001":2481,"yr_2013":1811,"pct_change_13vs01":-27.01,"pct_change_13vs98":-43.42,"pct_change_13vs93":-72.84,"pct_change_13vs90":-76.36,"crime":"TOTAL"}]}