{"mayor":"Bill de Blasio","commissioner":"William J. Bratton","volume":21,"number":15,"precinct":"107th","startDate":"2014-04-07T04:00:00.000Z","endDate":"2014-04-13T04:00:00.000Z","crimes":[{"crime":"Murder","wtd_curr_yr":0,"wtd_prev_yr":0,"wtd_pct_change":null,"twentyeight_day_curr_yr":0,"twentyeight_day_prev_yr":0,"twentyeight_day_pct_change":null,"ytd_curr_yr":0,"ytd_prev_yr":1,"ytd_pct_change":-100,"two_year_pct_change":null,"six_year_pct_change":null,"twentytwo_year_pct_change":-100},{"crime":"Rape","wtd_curr_yr":1,"wtd_prev_yr":0,"wtd_pct_change":null,"twentyeight_day_curr_yr":1,"twentyeight_day_prev_yr":0,"twentyeight_day_pct_change":null,"ytd_curr_yr":7,"ytd_prev_yr":4,"ytd_pct_change":75,"two_year_pct_change":600,"six_year_pct_change":250,"twentytwo_year_pct_change":-30},{"crime":"Robbery","wtd_curr_yr":3,"wtd_prev_yr":3,"wtd_pct_change":0,"twentyeight_day_curr_yr":9,"twentyeight_day_prev_yr":12,"twentyeight_day_pct_change":-25,"ytd_curr_yr":55,"ytd_prev_yr":65,"ytd_pct_change":-15.4,"two_year_pct_change":-21.4,"six_year_pct_change":-26.7,"twentytwo_year_pct_change":-79.5},{"crime":"Fel. Assault","wtd_curr_yr":1,"wtd_prev_yr":1,"wtd_pct_change":0,"twentyeight_day_curr_yr":3,"twentyeight_day_prev_yr":9,"twentyeight_day_pct_change":-66.7,"ytd_curr_yr":17,"ytd_prev_yr":29,"ytd_pct_change":-41.4,"two_year_pct_change":-57.5,"six_year_pct_change":0,"twentytwo_year_pct_change":-72.6},{"crime":"Burglary","wtd_curr_yr":4,"wtd_prev_yr":6,"wtd_pct_change":-33.3,"twentyeight_day_curr_yr":12,"twentyeight_day_prev_yr":29,"twentyeight_day_pct_change":-58.6,"ytd_curr_yr":47,"ytd_prev_yr":70,"ytd_pct_change":-32.9,"two_year_pct_change":-16.1,"six_year_pct_change":-41.2,"twentytwo_year_pct_change":-89.2},{"crime":"Gr. Larceny","wtd_curr_yr":4,"wtd_prev_yr":3,"wtd_pct_change":33.3,"twentyeight_day_curr_yr":28,"twentyeight_day_prev_yr":19,"twentyeight_day_pct_change":47.4,"ytd_curr_yr":109,"ytd_prev_yr":94,"ytd_pct_change":16,"two_year_pct_change":-21,"six_year_pct_change":-9.2,"twentytwo_year_pct_change":-29.2},{"crime":"G.L.A.","wtd_curr_yr":2,"wtd_prev_yr":1,"wtd_pct_change":100,"twentyeight_day_curr_yr":9,"twentyeight_day_prev_yr":15,"twentyeight_day_pct_change":-40,"ytd_curr_yr":26,"ytd_prev_yr":33,"ytd_pct_change":-21.2,"two_year_pct_change":-35,"six_year_pct_change":-54.4,"twentytwo_year_pct_change":-98.1},{"crime":"TOTAL","wtd_curr_yr":15,"wtd_prev_yr":14,"wtd_pct_change":7.14,"twentyeight_day_curr_yr":62,"twentyeight_day_prev_yr":84,"twentyeight_day_pct_change":-26.19,"ytd_curr_yr":261,"ytd_prev_yr":296,"ytd_pct_change":-11.82,"two_year_pct_change":-24.35,"six_year_pct_change":-25.64,"twentytwo_year_pct_change":-88.63},{"crime":"Transit","wtd_curr_yr":0,"wtd_prev_yr":0,"wtd_pct_change":null,"twentyeight_day_curr_yr":0,"twentyeight_day_prev_yr":0,"twentyeight_day_pct_change":null,"ytd_curr_yr":6,"ytd_prev_yr":3,"ytd_pct_change":100,"two_year_pct_change":20,"six_year_pct_change":0,"twentytwo_year_pct_change":null},{"crime":"Housing","wtd_curr_yr":0,"wtd_prev_yr":0,"wtd_pct_change":null,"twentyeight_day_curr_yr":1,"twentyeight_day_prev_yr":1,"twentyeight_day_pct_change":0,"ytd_curr_yr":12,"ytd_prev_yr":9,"ytd_pct_change":33.3,"two_year_pct_change":-25,"six_year_pct_change":50,"twentytwo_year_pct_change":null},{"crime":"Petit Larceny","wtd_curr_yr":13,"wtd_prev_yr":17,"wtd_pct_change":-23.5,"twentyeight_day_curr_yr":58,"twentyeight_day_prev_yr":61,"twentyeight_day_pct_change":-4.9,"ytd_curr_yr":184,"ytd_prev_yr":201,"ytd_pct_change":-8.5,"two_year_pct_change":-18.9,"six_year_pct_change":-24.6,"twentytwo_year_pct_change":null},{"crime":"Misd. Assault","wtd_curr_yr":9,"wtd_prev_yr":7,"wtd_pct_change":28.6,"twentyeight_day_curr_yr":28,"twentyeight_day_prev_yr":29,"twentyeight_day_pct_change":-3.4,"ytd_curr_yr":96,"ytd_prev_yr":100,"ytd_pct_change":-4,"two_year_pct_change":-1,"six_year_pct_change":-23.2,"twentytwo_year_pct_change":null},{"crime":"Misd. Sex Crimes","wtd_curr_yr":0,"wtd_prev_yr":0,"wtd_pct_change":null,"twentyeight_day_curr_yr":2,"twentyeight_day_prev_yr":3,"twentyeight_day_pct_change":-33.3,"ytd_curr_yr":5,"ytd_prev_yr":9,"ytd_pct_change":-44.4,"two_year_pct_change":-28.6,"six_year_pct_change":-28.6,"twentytwo_year_pct_change":null},{"crime":"Shooting Vic.","wtd_curr_yr":0,"wtd_prev_yr":0,"wtd_pct_change":null,"twentyeight_day_curr_yr":0,"twentyeight_day_prev_yr":0,"twentyeight_day_pct_change":null,"ytd_curr_yr":0,"ytd_prev_yr":1,"ytd_pct_change":-100,"two_year_pct_change":-100,"six_year_pct_change":-100,"twentytwo_year_pct_change":-100},{"crime":"Shooting Inc.","wtd_curr_yr":0,"wtd_prev_yr":0,"wtd_pct_change":null,"twentyeight_day_curr_yr":0,"twentyeight_day_prev_yr":0,"twentyeight_day_pct_change":null,"ytd_curr_yr":0,"ytd_prev_yr":1,"ytd_pct_change":-100,"two_year_pct_change":-100,"six_year_pct_change":-100,"twentytwo_year_pct_change":-100}],"historical":[{"yr_1990":14,"yr_1993":8,"yr_1998":5,"yr_2001":4,"yr_2013":1,"pct_change_13vs01":-75,"pct_change_13vs98":-80,"pct_change_13vs93":-87.5,"pct_change_13vs90":-92.9,"crime":"Murder"},{"yr_1990":24,"yr_1993":32,"yr_1998":30,"yr_2001":15,"yr_2013":7,"pct_change_13vs01":-53.3,"pct_change_13vs98":-76.7,"pct_change_13vs93":-78.1,"pct_change_13vs90":-70.8,"crime":"Rape"},{"yr_1990":1039,"yr_1993":514,"yr_1998":375,"yr_2001":242,"yr_2013":-35.5,"pct_change_13vs01":-52.9,"pct_change_13vs98":-76.7,"pct_change_13vs93":-72.9,"pct_change_13vs90":null,"crime":"Robbery 893"},{"yr_1990":260,"yr_1993":239,"yr_1998":226,"yr_2001":153,"yr_2013":138,"pct_change_13vs01":-9.8,"pct_change_13vs98":-38.9,"pct_change_13vs93":-42.3,"pct_change_13vs90":-46.9,"crime":"Fel. Assault"},{"yr_1990":2152,"yr_1993":1425,"yr_1998":862,"yr_2001":632,"yr_2013":244,"pct_change_13vs01":-61.4,"pct_change_13vs98":-71.7,"pct_change_13vs93":-82.9,"pct_change_13vs90":-88.7,"crime":"Burglary"},{"yr_1990":805,"yr_1993":616,"yr_1998":614,"yr_2001":572,"yr_2013":517,"pct_change_13vs01":-9.6,"pct_change_13vs98":-15.8,"pct_change_13vs93":-16.1,"pct_change_13vs90":-35.8,"crime":"Gr. Larceny"},{"yr_1990":5535,"yr_1993":4902,"yr_1998":1560,"yr_2001":802,"yr_2013":149,"pct_change_13vs01":-81.4,"pct_change_13vs98":-90.4,"pct_change_13vs93":-97,"pct_change_13vs90":-97.3,"crime":"G.L.A."},{"yr_1990":9683,"yr_1993":8261,"yr_1998":3811,"yr_2001":2553,"yr_2013":1298,"pct_change_13vs01":-49.16,"pct_change_13vs98":-65.94,"pct_change_13vs93":-84.29,"pct_change_13vs90":-86.6,"crime":"TOTAL"}]}