{"mayor":"Bill de Blasio","commissioner":"William J. Bratton","volume":21,"number":5,"precinct":"103rd","startDate":"2014-01-27T05:00:00.000Z","endDate":"2014-02-02T05:00:00.000Z","crimes":[{"crime":"Murder","wtd_curr_yr":0,"wtd_prev_yr":0,"wtd_pct_change":null,"twentyeight_day_curr_yr":3,"twentyeight_day_prev_yr":0,"twentyeight_day_pct_change":null,"ytd_curr_yr":3,"ytd_prev_yr":1,"ytd_pct_change":200,"two_year_pct_change":null,"six_year_pct_change":200,"twentytwo_year_pct_change":200},{"crime":"Rape","wtd_curr_yr":0,"wtd_prev_yr":0,"wtd_pct_change":null,"twentyeight_day_curr_yr":3,"twentyeight_day_prev_yr":1,"twentyeight_day_pct_change":200,"ytd_curr_yr":3,"ytd_prev_yr":1,"ytd_pct_change":200,"two_year_pct_change":0,"six_year_pct_change":50,"twentytwo_year_pct_change":-50},{"crime":"Robbery","wtd_curr_yr":7,"wtd_prev_yr":9,"wtd_pct_change":-22.2,"twentyeight_day_curr_yr":30,"twentyeight_day_prev_yr":45,"twentyeight_day_pct_change":-33.3,"ytd_curr_yr":32,"ytd_prev_yr":53,"ytd_pct_change":-39.6,"two_year_pct_change":-3,"six_year_pct_change":-28.9,"twentytwo_year_pct_change":-81.2},{"crime":"Fel. Assault","wtd_curr_yr":6,"wtd_prev_yr":9,"wtd_pct_change":-33.3,"twentyeight_day_curr_yr":28,"twentyeight_day_prev_yr":19,"twentyeight_day_pct_change":47.4,"ytd_curr_yr":28,"ytd_prev_yr":22,"ytd_pct_change":27.3,"two_year_pct_change":27.3,"six_year_pct_change":-9.7,"twentytwo_year_pct_change":-62.2},{"crime":"Burglary","wtd_curr_yr":2,"wtd_prev_yr":6,"wtd_pct_change":-66.7,"twentyeight_day_curr_yr":16,"twentyeight_day_prev_yr":15,"twentyeight_day_pct_change":6.7,"ytd_curr_yr":18,"ytd_prev_yr":20,"ytd_pct_change":-10,"two_year_pct_change":-21.7,"six_year_pct_change":-63.3,"twentytwo_year_pct_change":-83.3},{"crime":"Gr. Larceny","wtd_curr_yr":9,"wtd_prev_yr":9,"wtd_pct_change":0,"twentyeight_day_curr_yr":26,"twentyeight_day_prev_yr":33,"twentyeight_day_pct_change":-21.2,"ytd_curr_yr":31,"ytd_prev_yr":39,"ytd_pct_change":-20.5,"two_year_pct_change":-36.7,"six_year_pct_change":-31.1,"twentytwo_year_pct_change":-64.8},{"crime":"G.L.A.","wtd_curr_yr":1,"wtd_prev_yr":7,"wtd_pct_change":-85.7,"twentyeight_day_curr_yr":9,"twentyeight_day_prev_yr":17,"twentyeight_day_pct_change":-47.1,"ytd_curr_yr":9,"ytd_prev_yr":17,"ytd_pct_change":-47.1,"two_year_pct_change":-43.8,"six_year_pct_change":-76.3,"twentytwo_year_pct_change":-92.6},{"crime":"TOTAL","wtd_curr_yr":25,"wtd_prev_yr":40,"wtd_pct_change":-37.5,"twentyeight_day_curr_yr":115,"twentyeight_day_prev_yr":130,"twentyeight_day_pct_change":-11.54,"ytd_curr_yr":124,"ytd_prev_yr":153,"ytd_pct_change":-18.95,"two_year_pct_change":-15.07,"six_year_pct_change":-41.23,"twentytwo_year_pct_change":-78.17},{"crime":"Petit Larceny","wtd_curr_yr":15,"wtd_prev_yr":12,"wtd_pct_change":25,"twentyeight_day_curr_yr":91,"twentyeight_day_prev_yr":60,"twentyeight_day_pct_change":51.7,"ytd_curr_yr":101,"ytd_prev_yr":69,"ytd_pct_change":46.4,"two_year_pct_change":4.1,"six_year_pct_change":null,"twentytwo_year_pct_change":null},{"crime":"Misd. Assault","wtd_curr_yr":17,"wtd_prev_yr":29,"wtd_pct_change":-41.4,"twentyeight_day_curr_yr":64,"twentyeight_day_prev_yr":76,"twentyeight_day_pct_change":-15.8,"ytd_curr_yr":79,"ytd_prev_yr":90,"ytd_pct_change":-12.2,"two_year_pct_change":33.9,"six_year_pct_change":null,"twentytwo_year_pct_change":null},{"crime":"Misd. Sex Crimes","wtd_curr_yr":0,"wtd_prev_yr":0,"wtd_pct_change":null,"twentyeight_day_curr_yr":3,"twentyeight_day_prev_yr":2,"twentyeight_day_pct_change":50,"ytd_curr_yr":3,"ytd_prev_yr":2,"ytd_pct_change":50,"two_year_pct_change":-25,"six_year_pct_change":null,"twentytwo_year_pct_change":null},{"crime":"Shooting Vic.","wtd_curr_yr":1,"wtd_prev_yr":0,"wtd_pct_change":null,"twentyeight_day_curr_yr":2,"twentyeight_day_prev_yr":2,"twentyeight_day_pct_change":0,"ytd_curr_yr":2,"ytd_prev_yr":4,"ytd_pct_change":-50,"two_year_pct_change":100,"six_year_pct_change":-33.3,"twentytwo_year_pct_change":-81.8},{"crime":"Shooting Inc.","wtd_curr_yr":1,"wtd_prev_yr":0,"wtd_pct_change":null,"twentyeight_day_curr_yr":2,"twentyeight_day_prev_yr":2,"twentyeight_day_pct_change":0,"ytd_curr_yr":2,"ytd_prev_yr":3,"ytd_pct_change":-33.3,"two_year_pct_change":100,"six_year_pct_change":-33.3,"twentytwo_year_pct_change":-80}],"historical":[{"yr_1990":38,"yr_1993":28,"yr_1998":16,"yr_2001":10,"yr_2013":8,"pct_change_13vs01":-20,"pct_change_13vs98":-50,"pct_change_13vs93":-71.4,"pct_change_13vs90":-78.9,"crime":"Murder"},{"yr_1990":60,"yr_1993":74,"yr_1998":45,"yr_2001":27,"yr_2013":37,"pct_change_13vs01":37,"pct_change_13vs98":-17.8,"pct_change_13vs93":-50,"pct_change_13vs90":-38.3,"crime":"Rape"},{"yr_1990":1846,"yr_1993":1742,"yr_1998":751,"yr_2001":530,"yr_2013":438,"pct_change_13vs01":-17.4,"pct_change_13vs98":-41.7,"pct_change_13vs93":-74.9,"pct_change_13vs90":-76.3,"crime":"Robbery"},{"yr_1990":958,"yr_1993":853,"yr_1998":611,"yr_2001":406,"yr_2013":369,"pct_change_13vs01":-9.1,"pct_change_13vs98":-39.6,"pct_change_13vs93":-56.7,"pct_change_13vs90":-61.5,"crime":"Fel. Assault"},{"yr_1990":1592,"yr_1993":1166,"yr_1998":598,"yr_2001":449,"yr_2013":300,"pct_change_13vs01":-33.2,"pct_change_13vs98":-49.8,"pct_change_13vs93":-74.3,"pct_change_13vs90":-81.2,"crime":"Burglary"},{"yr_1990":1277,"yr_1993":1214,"yr_1998":578,"yr_2001":587,"yr_2013":487,"pct_change_13vs01":-17,"pct_change_13vs98":-15.7,"pct_change_13vs93":-59.9,"pct_change_13vs90":-61.9,"crime":"Gr. Larceny"},{"yr_1990":1889,"yr_1993":1591,"yr_1998":602,"yr_2001":472,"yr_2013":172,"pct_change_13vs01":-63.6,"pct_change_13vs98":-71.4,"pct_change_13vs93":-89.2,"pct_change_13vs90":-90.9,"crime":"G.L.A."},{"yr_1990":7660,"yr_1993":6668,"yr_1998":3201,"yr_2001":2481,"yr_2013":1811,"pct_change_13vs01":-27.01,"pct_change_13vs98":-43.42,"pct_change_13vs93":-72.84,"pct_change_13vs90":-76.36,"crime":"TOTAL"}]}