{"mayor":"Bill de Blasio","commissioner":"William J. Bratton","volume":21,"number":17,"precinct":"104th","startDate":"2014-04-21T04:00:00.000Z","endDate":"2014-04-27T04:00:00.000Z","crimes":[{"crime":"Murder","wtd_curr_yr":0,"wtd_prev_yr":1,"wtd_pct_change":-100,"twentyeight_day_curr_yr":0,"twentyeight_day_prev_yr":1,"twentyeight_day_pct_change":-100,"ytd_curr_yr":3,"ytd_prev_yr":1,"ytd_pct_change":200,"two_year_pct_change":null,"six_year_pct_change":200,"twentytwo_year_pct_change":-57.1},{"crime":"Rape","wtd_curr_yr":0,"wtd_prev_yr":0,"wtd_pct_change":null,"twentyeight_day_curr_yr":1,"twentyeight_day_prev_yr":3,"twentyeight_day_pct_change":-66.7,"ytd_curr_yr":6,"ytd_prev_yr":7,"ytd_pct_change":-14.3,"two_year_pct_change":0,"six_year_pct_change":20,"twentytwo_year_pct_change":-45.5},{"crime":"Robbery","wtd_curr_yr":2,"wtd_prev_yr":5,"wtd_pct_change":-60,"twentyeight_day_curr_yr":8,"twentyeight_day_prev_yr":9,"twentyeight_day_pct_change":-11.1,"ytd_curr_yr":56,"ytd_prev_yr":60,"ytd_pct_change":-6.7,"two_year_pct_change":-37.8,"six_year_pct_change":-25.3,"twentytwo_year_pct_change":-82.6},{"crime":"Fel. Assault","wtd_curr_yr":1,"wtd_prev_yr":1,"wtd_pct_change":0,"twentyeight_day_curr_yr":9,"twentyeight_day_prev_yr":15,"twentyeight_day_pct_change":-40,"ytd_curr_yr":57,"ytd_prev_yr":77,"ytd_pct_change":-26,"two_year_pct_change":-21.9,"six_year_pct_change":5.6,"twentytwo_year_pct_change":-30.5},{"crime":"Burglary","wtd_curr_yr":3,"wtd_prev_yr":4,"wtd_pct_change":-25,"twentyeight_day_curr_yr":19,"twentyeight_day_prev_yr":21,"twentyeight_day_pct_change":-9.5,"ytd_curr_yr":99,"ytd_prev_yr":109,"ytd_pct_change":-9.2,"two_year_pct_change":-3.9,"six_year_pct_change":-30.8,"twentytwo_year_pct_change":-84.5},{"crime":"Gr. Larceny","wtd_curr_yr":12,"wtd_prev_yr":9,"wtd_pct_change":33.3,"twentyeight_day_curr_yr":42,"twentyeight_day_prev_yr":38,"twentyeight_day_pct_change":10.5,"ytd_curr_yr":171,"ytd_prev_yr":146,"ytd_pct_change":17.1,"two_year_pct_change":14.8,"six_year_pct_change":17.9,"twentytwo_year_pct_change":-7.1},{"crime":"G.L.A.","wtd_curr_yr":7,"wtd_prev_yr":2,"wtd_pct_change":250,"twentyeight_day_curr_yr":17,"twentyeight_day_prev_yr":10,"twentyeight_day_pct_change":70,"ytd_curr_yr":64,"ytd_prev_yr":38,"ytd_pct_change":68.4,"two_year_pct_change":8.5,"six_year_pct_change":-35.4,"twentytwo_year_pct_change":-94.7},{"crime":"TOTAL","wtd_curr_yr":25,"wtd_prev_yr":22,"wtd_pct_change":13.64,"twentyeight_day_curr_yr":96,"twentyeight_day_prev_yr":97,"twentyeight_day_pct_change":-1.03,"ytd_curr_yr":456,"ytd_prev_yr":438,"ytd_pct_change":4.11,"two_year_pct_change":-5,"six_year_pct_change":-12.64,"twentytwo_year_pct_change":-81.4},{"crime":"Transit","wtd_curr_yr":0,"wtd_prev_yr":0,"wtd_pct_change":null,"twentyeight_day_curr_yr":1,"twentyeight_day_prev_yr":1,"twentyeight_day_pct_change":0,"ytd_curr_yr":5,"ytd_prev_yr":5,"ytd_pct_change":0,"two_year_pct_change":-28.6,"six_year_pct_change":null,"twentytwo_year_pct_change":null},{"crime":"Housing","wtd_curr_yr":0,"wtd_prev_yr":0,"wtd_pct_change":null,"twentyeight_day_curr_yr":0,"twentyeight_day_prev_yr":0,"twentyeight_day_pct_change":null,"ytd_curr_yr":0,"ytd_prev_yr":0,"ytd_pct_change":null,"two_year_pct_change":null,"six_year_pct_change":null,"twentytwo_year_pct_change":null},{"crime":"Petit Larceny","wtd_curr_yr":19,"wtd_prev_yr":24,"wtd_pct_change":-20.8,"twentyeight_day_curr_yr":85,"twentyeight_day_prev_yr":71,"twentyeight_day_pct_change":19.7,"ytd_curr_yr":366,"ytd_prev_yr":326,"ytd_pct_change":12.3,"two_year_pct_change":15.5,"six_year_pct_change":3.1,"twentytwo_year_pct_change":null},{"crime":"Misd. Assault","wtd_curr_yr":11,"wtd_prev_yr":7,"wtd_pct_change":57.1,"twentyeight_day_curr_yr":48,"twentyeight_day_prev_yr":31,"twentyeight_day_pct_change":54.8,"ytd_curr_yr":188,"ytd_prev_yr":148,"ytd_pct_change":27,"two_year_pct_change":-12.1,"six_year_pct_change":-5.5,"twentytwo_year_pct_change":null},{"crime":"Misd. Sex Crimes","wtd_curr_yr":0,"wtd_prev_yr":0,"wtd_pct_change":null,"twentyeight_day_curr_yr":1,"twentyeight_day_prev_yr":1,"twentyeight_day_pct_change":0,"ytd_curr_yr":6,"ytd_prev_yr":6,"ytd_pct_change":0,"two_year_pct_change":-25,"six_year_pct_change":-53.8,"twentytwo_year_pct_change":null},{"crime":"Shooting Vic.","wtd_curr_yr":0,"wtd_prev_yr":0,"wtd_pct_change":null,"twentyeight_day_curr_yr":1,"twentyeight_day_prev_yr":0,"twentyeight_day_pct_change":null,"ytd_curr_yr":3,"ytd_prev_yr":1,"ytd_pct_change":200,"two_year_pct_change":50,"six_year_pct_change":200,"twentytwo_year_pct_change":-50},{"crime":"Shooting Inc.","wtd_curr_yr":0,"wtd_prev_yr":0,"wtd_pct_change":null,"twentyeight_day_curr_yr":1,"twentyeight_day_prev_yr":0,"twentyeight_day_pct_change":null,"ytd_curr_yr":2,"ytd_prev_yr":1,"ytd_pct_change":100,"two_year_pct_change":0,"six_year_pct_change":100,"twentytwo_year_pct_change":-66.7}],"historical":[{"yr_1990":11,"yr_1993":19,"yr_1998":7,"yr_2001":5,"yr_2013":3,"pct_change_13vs01":-40,"pct_change_13vs98":-57.1,"pct_change_13vs93":-84.2,"pct_change_13vs90":-72.7,"crime":"Murder"},{"yr_1990":21,"yr_1993":21,"yr_1998":24,"yr_2001":15,"yr_2013":15,"pct_change_13vs01":0,"pct_change_13vs98":-37.5,"pct_change_13vs93":-28.6,"pct_change_13vs90":-28.6,"crime":"Rape"},{"yr_1990":1307,"yr_1993":1027,"yr_1998":490,"yr_2001":359,"yr_2013":256,"pct_change_13vs01":-28.7,"pct_change_13vs98":-47.8,"pct_change_13vs93":-75.1,"pct_change_13vs90":-80.4,"crime":"Robbery"},{"yr_1990":279,"yr_1993":305,"yr_1998":261,"yr_2001":262,"yr_2013":241,"pct_change_13vs01":-8,"pct_change_13vs98":-7.7,"pct_change_13vs93":-21,"pct_change_13vs90":-13.6,"crime":"Fel. Assault"},{"yr_1990":2562,"yr_1993":1955,"yr_1998":1024,"yr_2001":790,"yr_2013":339,"pct_change_13vs01":-57.1,"pct_change_13vs98":-66.9,"pct_change_13vs93":-82.7,"pct_change_13vs90":-86.8,"crime":"Burglary"},{"yr_1990":884,"yr_1993":678,"yr_1998":485,"yr_2001":551,"yr_2013":572,"pct_change_13vs01":3.8,"pct_change_13vs98":17.9,"pct_change_13vs93":-15.6,"pct_change_13vs90":-35.3,"crime":"Gr. Larceny"},{"yr_1990":4443,"yr_1993":3418,"yr_1998":1374,"yr_2001":892,"yr_2013":181,"pct_change_13vs01":-79.7,"pct_change_13vs98":-86.8,"pct_change_13vs93":-94.7,"pct_change_13vs90":-95.9,"crime":"G.L.A."},{"yr_1990":9507,"yr_1993":7423,"yr_1998":3665,"yr_2001":2874,"yr_2013":1607,"pct_change_13vs01":-44.08,"pct_change_13vs98":-56.15,"pct_change_13vs93":-78.35,"pct_change_13vs90":-83.1,"crime":"TOTAL"}]}