{"mayor":"Bill de Blasio","commissioner":"William J. Bratton","volume":21,"number":52,"precinct":"103rd","startDate":"2014-12-22T05:00:00.000Z","endDate":"2014-12-28T05:00:00.000Z","crimes":[{"crime":"Murder","wtd_curr_yr":0,"wtd_prev_yr":0,"wtd_pct_change":null,"twentyeight_day_curr_yr":1,"twentyeight_day_prev_yr":0,"twentyeight_day_pct_change":null,"ytd_curr_yr":9,"ytd_prev_yr":8,"ytd_pct_change":12.5,"two_year_pct_change":-10,"six_year_pct_change":-18.2,"twentytwo_year_pct_change":-67.9},{"crime":"Rape","wtd_curr_yr":0,"wtd_prev_yr":1,"wtd_pct_change":-100,"twentyeight_day_curr_yr":0,"twentyeight_day_prev_yr":1,"twentyeight_day_pct_change":-100,"ytd_curr_yr":21,"ytd_prev_yr":37,"ytd_pct_change":-43.2,"two_year_pct_change":-38.2,"six_year_pct_change":-34.4,"twentytwo_year_pct_change":-71.6},{"crime":"Robbery","wtd_curr_yr":7,"wtd_prev_yr":8,"wtd_pct_change":-12.5,"twentyeight_day_curr_yr":26,"twentyeight_day_prev_yr":24,"twentyeight_day_pct_change":8.3,"ytd_curr_yr":387,"ytd_prev_yr":435,"ytd_pct_change":-11,"two_year_pct_change":-10.8,"six_year_pct_change":0.8,"twentytwo_year_pct_change":-77.5},{"crime":"Fel. Assault","wtd_curr_yr":7,"wtd_prev_yr":7,"wtd_pct_change":0,"twentyeight_day_curr_yr":30,"twentyeight_day_prev_yr":29,"twentyeight_day_pct_change":3.4,"ytd_curr_yr":454,"ytd_prev_yr":375,"ytd_pct_change":21.1,"two_year_pct_change":21.1,"six_year_pct_change":18.5,"twentytwo_year_pct_change":-46.1},{"crime":"Burglary","wtd_curr_yr":7,"wtd_prev_yr":7,"wtd_pct_change":0,"twentyeight_day_curr_yr":28,"twentyeight_day_prev_yr":23,"twentyeight_day_pct_change":21.7,"ytd_curr_yr":273,"ytd_prev_yr":304,"ytd_pct_change":-10.2,"two_year_pct_change":-11.9,"six_year_pct_change":-9,"twentytwo_year_pct_change":-76.4},{"crime":"Gr. Larceny","wtd_curr_yr":6,"wtd_prev_yr":5,"wtd_pct_change":20,"twentyeight_day_curr_yr":35,"twentyeight_day_prev_yr":41,"twentyeight_day_pct_change":-14.6,"ytd_curr_yr":484,"ytd_prev_yr":485,"ytd_pct_change":-0.2,"two_year_pct_change":-1.4,"six_year_pct_change":6.1,"twentytwo_year_pct_change":-59.6},{"crime":"G.L.A.","wtd_curr_yr":5,"wtd_prev_yr":6,"wtd_pct_change":-16.7,"twentyeight_day_curr_yr":14,"twentyeight_day_prev_yr":13,"twentyeight_day_pct_change":7.7,"ytd_curr_yr":139,"ytd_prev_yr":170,"ytd_pct_change":-18.2,"two_year_pct_change":-20.1,"six_year_pct_change":-21,"twentytwo_year_pct_change":-91.2},{"crime":"TOTAL","wtd_curr_yr":32,"wtd_prev_yr":34,"wtd_pct_change":-5.88,"twentyeight_day_curr_yr":134,"twentyeight_day_prev_yr":131,"twentyeight_day_pct_change":2.29,"ytd_curr_yr":1767,"ytd_prev_yr":1814,"ytd_pct_change":-2.59,"two_year_pct_change":-3.34,"six_year_pct_change":1.44,"twentytwo_year_pct_change":-73.19},{"crime":"Transit","wtd_curr_yr":0,"wtd_prev_yr":0,"wtd_pct_change":null,"twentyeight_day_curr_yr":2,"twentyeight_day_prev_yr":3,"twentyeight_day_pct_change":-33.3,"ytd_curr_yr":23,"ytd_prev_yr":40,"ytd_pct_change":-42.5,"two_year_pct_change":-32.4,"six_year_pct_change":53.3,"twentytwo_year_pct_change":null},{"crime":"Housing","wtd_curr_yr":1,"wtd_prev_yr":0,"wtd_pct_change":null,"twentyeight_day_curr_yr":6,"twentyeight_day_prev_yr":0,"twentyeight_day_pct_change":null,"ytd_curr_yr":34,"ytd_prev_yr":39,"ytd_pct_change":-12.8,"two_year_pct_change":-30.6,"six_year_pct_change":41.7,"twentytwo_year_pct_change":null},{"crime":"Petit Larceny","wtd_curr_yr":14,"wtd_prev_yr":19,"wtd_pct_change":-26.3,"twentyeight_day_curr_yr":79,"twentyeight_day_prev_yr":63,"twentyeight_day_pct_change":25.4,"ytd_curr_yr":1164,"ytd_prev_yr":1120,"ytd_pct_change":3.9,"two_year_pct_change":15.7,"six_year_pct_change":11.7,"twentytwo_year_pct_change":null},{"crime":"Misd. Assault","wtd_curr_yr":14,"wtd_prev_yr":13,"wtd_pct_change":7.7,"twentyeight_day_curr_yr":47,"twentyeight_day_prev_yr":75,"twentyeight_day_pct_change":-37.3,"ytd_curr_yr":836,"ytd_prev_yr":941,"ytd_pct_change":-11.2,"two_year_pct_change":4,"six_year_pct_change":14.2,"twentytwo_year_pct_change":null},{"crime":"Misd. Sex Crimes","wtd_curr_yr":1,"wtd_prev_yr":1,"wtd_pct_change":0,"twentyeight_day_curr_yr":5,"twentyeight_day_prev_yr":3,"twentyeight_day_pct_change":66.7,"ytd_curr_yr":36,"ytd_prev_yr":29,"ytd_pct_change":24.1,"two_year_pct_change":-10,"six_year_pct_change":9.1,"twentytwo_year_pct_change":null},{"crime":"Shooting Vic.","wtd_curr_yr":0,"wtd_prev_yr":0,"wtd_pct_change":null,"twentyeight_day_curr_yr":0,"twentyeight_day_prev_yr":1,"twentyeight_day_pct_change":-100,"ytd_curr_yr":21,"ytd_prev_yr":33,"ytd_pct_change":-36.4,"two_year_pct_change":-56.2,"six_year_pct_change":-54.3,"twentytwo_year_pct_change":-86.9},{"crime":"Shooting Inc.","wtd_curr_yr":0,"wtd_prev_yr":0,"wtd_pct_change":null,"twentyeight_day_curr_yr":0,"twentyeight_day_prev_yr":1,"twentyeight_day_pct_change":-100,"ytd_curr_yr":17,"ytd_prev_yr":30,"ytd_pct_change":-43.3,"two_year_pct_change":-61.4,"six_year_pct_change":-55.3,"twentytwo_year_pct_change":-88.3}],"historical":[{"yr_1990":38,"yr_1993":28,"yr_1998":16,"yr_2001":10,"yr_2013":8,"pct_change_13vs01":-20,"pct_change_13vs98":-50,"pct_change_13vs93":-71.4,"pct_change_13vs90":-78.9,"crime":"Murder"},{"yr_1990":60,"yr_1993":74,"yr_1998":45,"yr_2001":27,"yr_2013":37,"pct_change_13vs01":37,"pct_change_13vs98":-17.8,"pct_change_13vs93":-50,"pct_change_13vs90":-38.3,"crime":"Rape"},{"yr_1990":1846,"yr_1993":1742,"yr_1998":751,"yr_2001":530,"yr_2013":438,"pct_change_13vs01":-17.4,"pct_change_13vs98":-41.7,"pct_change_13vs93":-74.9,"pct_change_13vs90":-76.3,"crime":"Robbery"},{"yr_1990":958,"yr_1993":853,"yr_1998":611,"yr_2001":406,"yr_2013":369,"pct_change_13vs01":-9.1,"pct_change_13vs98":-39.6,"pct_change_13vs93":-56.7,"pct_change_13vs90":-61.5,"crime":"Fel. Assault"},{"yr_1990":1592,"yr_1993":1166,"yr_1998":598,"yr_2001":449,"yr_2013":300,"pct_change_13vs01":-33.2,"pct_change_13vs98":-49.8,"pct_change_13vs93":-74.3,"pct_change_13vs90":-81.2,"crime":"Burglary"},{"yr_1990":1277,"yr_1993":1214,"yr_1998":578,"yr_2001":587,"yr_2013":487,"pct_change_13vs01":-17,"pct_change_13vs98":-15.7,"pct_change_13vs93":-59.9,"pct_change_13vs90":-61.9,"crime":"Gr. Larceny"},{"yr_1990":1889,"yr_1993":1591,"yr_1998":602,"yr_2001":472,"yr_2013":172,"pct_change_13vs01":-63.6,"pct_change_13vs98":-71.4,"pct_change_13vs93":-89.2,"pct_change_13vs90":-90.9,"crime":"G.L.A."},{"yr_1990":7660,"yr_1993":6668,"yr_1998":3201,"yr_2001":2481,"yr_2013":1811,"pct_change_13vs01":-27.01,"pct_change_13vs98":-43.42,"pct_change_13vs93":-72.84,"pct_change_13vs90":-76.36,"crime":"TOTAL"}]}