{"mayor":"Bill de Blasio","commissioner":"William J. Bratton","volume":22,"number":3,"precinct":"105th","startDate":"2015-01-12T05:00:00.000Z","endDate":"2015-01-18T05:00:00.000Z","crimes":[{"crime":"Murder","wtd_curr_yr":0,"wtd_prev_yr":0,"wtd_pct_change":null,"twentyeight_day_curr_yr":0,"twentyeight_day_prev_yr":1,"twentyeight_day_pct_change":-100,"ytd_curr_yr":0,"ytd_prev_yr":1,"ytd_pct_change":-100,"two_year_pct_change":null,"six_year_pct_change":null,"twentytwo_year_pct_change":null},{"crime":"Rape","wtd_curr_yr":0,"wtd_prev_yr":0,"wtd_pct_change":null,"twentyeight_day_curr_yr":1,"twentyeight_day_prev_yr":1,"twentyeight_day_pct_change":0,"ytd_curr_yr":0,"ytd_prev_yr":1,"ytd_pct_change":-100,"two_year_pct_change":-100,"six_year_pct_change":-100,"twentytwo_year_pct_change":-100},{"crime":"Robbery","wtd_curr_yr":7,"wtd_prev_yr":4,"wtd_pct_change":75,"twentyeight_day_curr_yr":20,"twentyeight_day_prev_yr":19,"twentyeight_day_pct_change":5.3,"ytd_curr_yr":16,"ytd_prev_yr":12,"ytd_pct_change":33.3,"two_year_pct_change":-36,"six_year_pct_change":0,"twentytwo_year_pct_change":-71.9},{"crime":"Fel. Assault","wtd_curr_yr":1,"wtd_prev_yr":8,"wtd_pct_change":-87.5,"twentyeight_day_curr_yr":14,"twentyeight_day_prev_yr":22,"twentyeight_day_pct_change":-36.4,"ytd_curr_yr":9,"ytd_prev_yr":15,"ytd_pct_change":-40,"two_year_pct_change":-50,"six_year_pct_change":12.5,"twentytwo_year_pct_change":-52.6},{"crime":"Burglary","wtd_curr_yr":11,"wtd_prev_yr":5,"wtd_pct_change":120,"twentyeight_day_curr_yr":28,"twentyeight_day_prev_yr":16,"twentyeight_day_pct_change":75,"ytd_curr_yr":19,"ytd_prev_yr":11,"ytd_pct_change":72.7,"two_year_pct_change":-42.4,"six_year_pct_change":-5,"twentytwo_year_pct_change":-75.3},{"crime":"Gr. Larceny","wtd_curr_yr":7,"wtd_prev_yr":12,"wtd_pct_change":-41.7,"twentyeight_day_curr_yr":41,"twentyeight_day_prev_yr":40,"twentyeight_day_pct_change":2.5,"ytd_curr_yr":19,"ytd_prev_yr":23,"ytd_pct_change":-17.4,"two_year_pct_change":-20.8,"six_year_pct_change":0,"twentytwo_year_pct_change":-32.1},{"crime":"G.L.A.","wtd_curr_yr":9,"wtd_prev_yr":5,"wtd_pct_change":80,"twentyeight_day_curr_yr":16,"twentyeight_day_prev_yr":19,"twentyeight_day_pct_change":-15.8,"ytd_curr_yr":13,"ytd_prev_yr":13,"ytd_pct_change":0,"two_year_pct_change":-23.5,"six_year_pct_change":8.3,"twentytwo_year_pct_change":-91.9},{"crime":"TOTAL","wtd_curr_yr":35,"wtd_prev_yr":34,"wtd_pct_change":2.94,"twentyeight_day_curr_yr":120,"twentyeight_day_prev_yr":118,"twentyeight_day_pct_change":1.69,"ytd_curr_yr":76,"ytd_prev_yr":76,"ytd_pct_change":0,"two_year_pct_change":-35.59,"six_year_pct_change":0,"twentytwo_year_pct_change":-77.78},{"crime":"Transit","wtd_curr_yr":0,"wtd_prev_yr":0,"wtd_pct_change":null,"twentyeight_day_curr_yr":0,"twentyeight_day_prev_yr":0,"twentyeight_day_pct_change":null,"ytd_curr_yr":0,"ytd_prev_yr":0,"ytd_pct_change":null,"two_year_pct_change":null,"six_year_pct_change":null,"twentytwo_year_pct_change":null},{"crime":"Housing","wtd_curr_yr":0,"wtd_prev_yr":0,"wtd_pct_change":null,"twentyeight_day_curr_yr":0,"twentyeight_day_prev_yr":0,"twentyeight_day_pct_change":null,"ytd_curr_yr":0,"ytd_prev_yr":0,"ytd_pct_change":null,"two_year_pct_change":null,"six_year_pct_change":null,"twentytwo_year_pct_change":null},{"crime":"Petit Larceny","wtd_curr_yr":11,"wtd_prev_yr":34,"wtd_pct_change":-67.6,"twentyeight_day_curr_yr":44,"twentyeight_day_prev_yr":68,"twentyeight_day_pct_change":-35.3,"ytd_curr_yr":30,"ytd_prev_yr":52,"ytd_pct_change":-42.3,"two_year_pct_change":-23.1,"six_year_pct_change":-6.2,"twentytwo_year_pct_change":null},{"crime":"Misd. Assault","wtd_curr_yr":11,"wtd_prev_yr":9,"wtd_pct_change":22.2,"twentyeight_day_curr_yr":37,"twentyeight_day_prev_yr":37,"twentyeight_day_pct_change":0,"ytd_curr_yr":23,"ytd_prev_yr":21,"ytd_pct_change":9.5,"two_year_pct_change":0,"six_year_pct_change":-14.8,"twentytwo_year_pct_change":null},{"crime":"Misd. Sex Crimes","wtd_curr_yr":1,"wtd_prev_yr":1,"wtd_pct_change":0,"twentyeight_day_curr_yr":2,"twentyeight_day_prev_yr":2,"twentyeight_day_pct_change":0,"ytd_curr_yr":2,"ytd_prev_yr":2,"ytd_pct_change":0,"two_year_pct_change":0,"six_year_pct_change":0,"twentytwo_year_pct_change":null},{"crime":"Shooting Vic.","wtd_curr_yr":1,"wtd_prev_yr":0,"wtd_pct_change":null,"twentyeight_day_curr_yr":1,"twentyeight_day_prev_yr":1,"twentyeight_day_pct_change":0,"ytd_curr_yr":1,"ytd_prev_yr":1,"ytd_pct_change":0,"two_year_pct_change":-66.7,"six_year_pct_change":null,"twentytwo_year_pct_change":0},{"crime":"Shooting Inc.","wtd_curr_yr":1,"wtd_prev_yr":0,"wtd_pct_change":null,"twentyeight_day_curr_yr":1,"twentyeight_day_prev_yr":1,"twentyeight_day_pct_change":0,"ytd_curr_yr":1,"ytd_prev_yr":1,"ytd_pct_change":0,"two_year_pct_change":-50,"six_year_pct_change":null,"twentytwo_year_pct_change":0}],"historical":[{"yr_1990":30,"yr_1993":23,"yr_1998":7,"yr_2001":18,"yr_2014":7,"pct_change_14vs01":-61.1,"pct_change_14vs98":0,"pct_change_14vs93":-69.6,"pct_change_14vs90":-76.7,"crime":"Murder"},{"yr_1990":56,"yr_1993":41,"yr_1998":52,"yr_2001":35,"yr_2014":23,"pct_change_14vs01":-34.3,"pct_change_14vs98":-55.8,"pct_change_14vs93":-43.9,"pct_change_14vs90":-58.9,"crime":"Rape"},{"yr_1990":1066,"yr_1993":1082,"yr_1998":557,"yr_2001":395,"yr_2014":213,"pct_change_14vs01":-46.1,"pct_change_14vs98":-61.8,"pct_change_14vs93":-80.3,"pct_change_14vs90":-80,"crime":"Robbery"},{"yr_1990":459,"yr_1993":409,"yr_1998":400,"yr_2001":329,"yr_2014":353,"pct_change_14vs01":7.3,"pct_change_14vs98":-11.8,"pct_change_14vs93":-13.7,"pct_change_14vs90":-23.1,"crime":"Fel. Assault"},{"yr_1990":2199,"yr_1993":1640,"yr_1998":854,"yr_2001":630,"yr_2014":323,"pct_change_14vs01":-48.7,"pct_change_14vs98":-62.2,"pct_change_14vs93":-80.3,"pct_change_14vs90":-85.3,"crime":"Burglary"},{"yr_1990":699,"yr_1993":593,"yr_1998":444,"yr_2001":456,"yr_2014":592,"pct_change_14vs01":29.8,"pct_change_14vs98":33.3,"pct_change_14vs93":-0.2,"pct_change_14vs90":-15.3,"crime":"Gr. Larceny"},{"yr_1990":3534,"yr_1993":3476,"yr_1998":1360,"yr_2001":913,"yr_2014":232,"pct_change_14vs01":-74.6,"pct_change_14vs98":-82.9,"pct_change_14vs93":-93.3,"pct_change_14vs90":-93.4,"crime":"G.L.A."},{"yr_1990":8043,"yr_1993":7264,"yr_1998":3674,"yr_2001":2776,"yr_2014":1743,"pct_change_14vs01":-37.21,"pct_change_14vs98":-52.56,"pct_change_14vs93":-76,"pct_change_14vs90":-78.33,"crime":"TOTAL"}]}