{"mayor":"Bill de Blasio","commissioner":"William J. Bratton","volume":21,"number":41,"precinct":"104th","startDate":"2014-10-06T04:00:00.000Z","endDate":"2014-10-12T04:00:00.000Z","crimes":[{"crime":"Murder","wtd_curr_yr":0,"wtd_prev_yr":0,"wtd_pct_change":null,"twentyeight_day_curr_yr":0,"twentyeight_day_prev_yr":0,"twentyeight_day_pct_change":null,"ytd_curr_yr":3,"ytd_prev_yr":3,"ytd_pct_change":0,"two_year_pct_change":null,"six_year_pct_change":200,"twentytwo_year_pct_change":-82.4},{"crime":"Rape","wtd_curr_yr":0,"wtd_prev_yr":1,"wtd_pct_change":-100,"twentyeight_day_curr_yr":1,"twentyeight_day_prev_yr":2,"twentyeight_day_pct_change":-50,"ytd_curr_yr":15,"ytd_prev_yr":10,"ytd_pct_change":50,"two_year_pct_change":50,"six_year_pct_change":36.4,"twentytwo_year_pct_change":-21.1},{"crime":"Robbery","wtd_curr_yr":2,"wtd_prev_yr":6,"wtd_pct_change":-66.7,"twentyeight_day_curr_yr":22,"twentyeight_day_prev_yr":25,"twentyeight_day_pct_change":-12,"ytd_curr_yr":140,"ytd_prev_yr":192,"ytd_pct_change":-27.1,"two_year_pct_change":-37.8,"six_year_pct_change":-31.7,"twentytwo_year_pct_change":-81.5},{"crime":"Fel. Assault","wtd_curr_yr":3,"wtd_prev_yr":4,"wtd_pct_change":-25,"twentyeight_day_curr_yr":16,"twentyeight_day_prev_yr":13,"twentyeight_day_pct_change":23.1,"ytd_curr_yr":166,"ytd_prev_yr":201,"ytd_pct_change":-17.4,"two_year_pct_change":-21.3,"six_year_pct_change":20.3,"twentytwo_year_pct_change":-32.8},{"crime":"Burglary","wtd_curr_yr":5,"wtd_prev_yr":7,"wtd_pct_change":-28.6,"twentyeight_day_curr_yr":20,"twentyeight_day_prev_yr":25,"twentyeight_day_pct_change":-20,"ytd_curr_yr":221,"ytd_prev_yr":275,"ytd_pct_change":-19.6,"two_year_pct_change":-27.8,"six_year_pct_change":-35.6,"twentytwo_year_pct_change":-85.9},{"crime":"Gr. Larceny","wtd_curr_yr":17,"wtd_prev_yr":17,"wtd_pct_change":0,"twentyeight_day_curr_yr":52,"twentyeight_day_prev_yr":57,"twentyeight_day_pct_change":-8.8,"ytd_curr_yr":465,"ytd_prev_yr":437,"ytd_pct_change":6.4,"two_year_pct_change":12.3,"six_year_pct_change":20.5,"twentytwo_year_pct_change":-7.4},{"crime":"G.L.A.","wtd_curr_yr":7,"wtd_prev_yr":4,"wtd_pct_change":75,"twentyeight_day_curr_yr":23,"twentyeight_day_prev_yr":16,"twentyeight_day_pct_change":43.8,"ytd_curr_yr":170,"ytd_prev_yr":125,"ytd_pct_change":36,"two_year_pct_change":2.4,"six_year_pct_change":-24.4,"twentytwo_year_pct_change":-93.9},{"crime":"TOTAL","wtd_curr_yr":34,"wtd_prev_yr":39,"wtd_pct_change":-12.82,"twentyeight_day_curr_yr":134,"twentyeight_day_prev_yr":138,"twentyeight_day_pct_change":-2.9,"ytd_curr_yr":1180,"ytd_prev_yr":1243,"ytd_pct_change":-5.07,"two_year_pct_change":-11.41,"six_year_pct_change":-9.85,"twentytwo_year_pct_change":-79.95},{"crime":"Transit","wtd_curr_yr":0,"wtd_prev_yr":0,"wtd_pct_change":null,"twentyeight_day_curr_yr":1,"twentyeight_day_prev_yr":2,"twentyeight_day_pct_change":-50,"ytd_curr_yr":9,"ytd_prev_yr":11,"ytd_pct_change":-18.2,"two_year_pct_change":-62.5,"six_year_pct_change":125,"twentytwo_year_pct_change":null},{"crime":"Housing","wtd_curr_yr":0,"wtd_prev_yr":0,"wtd_pct_change":null,"twentyeight_day_curr_yr":0,"twentyeight_day_prev_yr":0,"twentyeight_day_pct_change":null,"ytd_curr_yr":0,"ytd_prev_yr":0,"ytd_pct_change":null,"two_year_pct_change":null,"six_year_pct_change":null,"twentytwo_year_pct_change":null},{"crime":"Petit Larceny","wtd_curr_yr":34,"wtd_prev_yr":29,"wtd_pct_change":17.2,"twentyeight_day_curr_yr":114,"twentyeight_day_prev_yr":107,"twentyeight_day_pct_change":6.5,"ytd_curr_yr":906,"ytd_prev_yr":894,"ytd_pct_change":1.3,"two_year_pct_change":6.2,"six_year_pct_change":0.4,"twentytwo_year_pct_change":null},{"crime":"Misd. Assault","wtd_curr_yr":18,"wtd_prev_yr":13,"wtd_pct_change":38.5,"twentyeight_day_curr_yr":57,"twentyeight_day_prev_yr":45,"twentyeight_day_pct_change":26.7,"ytd_curr_yr":497,"ytd_prev_yr":432,"ytd_pct_change":15,"two_year_pct_change":-5.5,"six_year_pct_change":-3.3,"twentytwo_year_pct_change":null},{"crime":"Misd. Sex Crimes","wtd_curr_yr":0,"wtd_prev_yr":2,"wtd_pct_change":-100,"twentyeight_day_curr_yr":0,"twentyeight_day_prev_yr":3,"twentyeight_day_pct_change":-100,"ytd_curr_yr":8,"ytd_prev_yr":19,"ytd_pct_change":-57.9,"two_year_pct_change":-65.2,"six_year_pct_change":-71.4,"twentytwo_year_pct_change":null},{"crime":"Shooting Vic.","wtd_curr_yr":0,"wtd_prev_yr":0,"wtd_pct_change":null,"twentyeight_day_curr_yr":1,"twentyeight_day_prev_yr":0,"twentyeight_day_pct_change":null,"ytd_curr_yr":8,"ytd_prev_yr":4,"ytd_pct_change":100,"two_year_pct_change":100,"six_year_pct_change":33.3,"twentytwo_year_pct_change":-66.7},{"crime":"Shooting Inc.","wtd_curr_yr":0,"wtd_prev_yr":0,"wtd_pct_change":null,"twentyeight_day_curr_yr":1,"twentyeight_day_prev_yr":0,"twentyeight_day_pct_change":null,"ytd_curr_yr":7,"ytd_prev_yr":4,"ytd_pct_change":75,"two_year_pct_change":75,"six_year_pct_change":40,"twentytwo_year_pct_change":-66.7}],"historical":[{"yr_1990":11,"yr_1993":19,"yr_1998":7,"yr_2001":5,"yr_2013":3,"pct_change_13vs01":-40,"pct_change_13vs98":-57.1,"pct_change_13vs93":-84.2,"pct_change_13vs90":-72.7,"crime":"Murder"},{"yr_1990":21,"yr_1993":21,"yr_1998":24,"yr_2001":15,"yr_2013":15,"pct_change_13vs01":0,"pct_change_13vs98":-37.5,"pct_change_13vs93":-28.6,"pct_change_13vs90":-28.6,"crime":"Rape"},{"yr_1990":1307,"yr_1993":1027,"yr_1998":490,"yr_2001":359,"yr_2013":256,"pct_change_13vs01":-28.7,"pct_change_13vs98":-47.8,"pct_change_13vs93":-75.1,"pct_change_13vs90":-80.4,"crime":"Robbery"},{"yr_1990":279,"yr_1993":305,"yr_1998":261,"yr_2001":262,"yr_2013":241,"pct_change_13vs01":-8,"pct_change_13vs98":-7.7,"pct_change_13vs93":-21,"pct_change_13vs90":-13.6,"crime":"Fel. Assault"},{"yr_1990":2562,"yr_1993":1955,"yr_1998":1024,"yr_2001":790,"yr_2013":339,"pct_change_13vs01":-57.1,"pct_change_13vs98":-66.9,"pct_change_13vs93":-82.7,"pct_change_13vs90":-86.8,"crime":"Burglary"},{"yr_1990":884,"yr_1993":678,"yr_1998":485,"yr_2001":551,"yr_2013":572,"pct_change_13vs01":3.8,"pct_change_13vs98":17.9,"pct_change_13vs93":-15.6,"pct_change_13vs90":-35.3,"crime":"Gr. Larceny"},{"yr_1990":4443,"yr_1993":3418,"yr_1998":1374,"yr_2001":892,"yr_2013":181,"pct_change_13vs01":-79.7,"pct_change_13vs98":-86.8,"pct_change_13vs93":-94.7,"pct_change_13vs90":-95.9,"crime":"G.L.A."},{"yr_1990":9507,"yr_1993":7423,"yr_1998":3665,"yr_2001":2874,"yr_2013":1607,"pct_change_13vs01":-44.08,"pct_change_13vs98":-56.15,"pct_change_13vs93":-78.35,"pct_change_13vs90":-83.1,"crime":"TOTAL"}]}