{"mayor":"Bill de Blasio","commissioner":"William J. Bratton","volume":21,"number":47,"precinct":"103rd","startDate":"2014-11-17T05:00:00.000Z","endDate":"2014-11-23T05:00:00.000Z","crimes":[{"crime":"Murder","wtd_curr_yr":0,"wtd_prev_yr":0,"wtd_pct_change":null,"twentyeight_day_curr_yr":0,"twentyeight_day_prev_yr":0,"twentyeight_day_pct_change":null,"ytd_curr_yr":8,"ytd_prev_yr":7,"ytd_pct_change":14.3,"two_year_pct_change":-20,"six_year_pct_change":-27.3,"twentytwo_year_pct_change":-71.4},{"crime":"Rape","wtd_curr_yr":0,"wtd_prev_yr":0,"wtd_pct_change":null,"twentyeight_day_curr_yr":2,"twentyeight_day_prev_yr":0,"twentyeight_day_pct_change":null,"ytd_curr_yr":19,"ytd_prev_yr":36,"ytd_pct_change":-47.2,"two_year_pct_change":-36.7,"six_year_pct_change":-36.7,"twentytwo_year_pct_change":-71.2},{"crime":"Robbery","wtd_curr_yr":13,"wtd_prev_yr":6,"wtd_pct_change":116.7,"twentyeight_day_curr_yr":37,"twentyeight_day_prev_yr":38,"twentyeight_day_pct_change":-2.6,"ytd_curr_yr":351,"ytd_prev_yr":402,"ytd_pct_change":-12.7,"two_year_pct_change":-9.3,"six_year_pct_change":8.3,"twentytwo_year_pct_change":-77.2},{"crime":"Fel. Assault","wtd_curr_yr":12,"wtd_prev_yr":10,"wtd_pct_change":20,"twentyeight_day_curr_yr":38,"twentyeight_day_prev_yr":34,"twentyeight_day_pct_change":11.8,"ytd_curr_yr":407,"ytd_prev_yr":340,"ytd_pct_change":19.7,"two_year_pct_change":17.6,"six_year_pct_change":14.6,"twentytwo_year_pct_change":-47.5},{"crime":"Burglary","wtd_curr_yr":5,"wtd_prev_yr":7,"wtd_pct_change":-28.6,"twentyeight_day_curr_yr":27,"twentyeight_day_prev_yr":30,"twentyeight_day_pct_change":-10,"ytd_curr_yr":232,"ytd_prev_yr":274,"ytd_pct_change":-15.3,"two_year_pct_change":-18,"six_year_pct_change":-13.4,"twentytwo_year_pct_change":-77.4},{"crime":"Gr. Larceny","wtd_curr_yr":7,"wtd_prev_yr":11,"wtd_pct_change":-36.4,"twentyeight_day_curr_yr":26,"twentyeight_day_prev_yr":49,"twentyeight_day_pct_change":-46.9,"ytd_curr_yr":438,"ytd_prev_yr":433,"ytd_pct_change":1.2,"two_year_pct_change":0.5,"six_year_pct_change":5.8,"twentytwo_year_pct_change":-59.2},{"crime":"G.L.A.","wtd_curr_yr":5,"wtd_prev_yr":6,"wtd_pct_change":-16.7,"twentyeight_day_curr_yr":11,"twentyeight_day_prev_yr":16,"twentyeight_day_pct_change":-31.2,"ytd_curr_yr":122,"ytd_prev_yr":155,"ytd_pct_change":-21.3,"two_year_pct_change":-23.3,"six_year_pct_change":-21.8,"twentytwo_year_pct_change":-91.4},{"crime":"TOTAL","wtd_curr_yr":42,"wtd_prev_yr":40,"wtd_pct_change":5,"twentyeight_day_curr_yr":141,"twentyeight_day_prev_yr":167,"twentyeight_day_pct_change":-15.57,"ytd_curr_yr":1577,"ytd_prev_yr":1647,"ytd_pct_change":-4.25,"two_year_pct_change":-4.48,"six_year_pct_change":1.22,"twentytwo_year_pct_change":-73.43},{"crime":"Transit","wtd_curr_yr":0,"wtd_prev_yr":0,"wtd_pct_change":null,"twentyeight_day_curr_yr":0,"twentyeight_day_prev_yr":4,"twentyeight_day_pct_change":-100,"ytd_curr_yr":21,"ytd_prev_yr":36,"ytd_pct_change":-41.7,"two_year_pct_change":-19.2,"six_year_pct_change":75,"twentytwo_year_pct_change":null},{"crime":"Housing","wtd_curr_yr":0,"wtd_prev_yr":1,"wtd_pct_change":-100,"twentyeight_day_curr_yr":2,"twentyeight_day_prev_yr":5,"twentyeight_day_pct_change":-60,"ytd_curr_yr":26,"ytd_prev_yr":37,"ytd_pct_change":-29.7,"two_year_pct_change":-36.6,"six_year_pct_change":13,"twentytwo_year_pct_change":null},{"crime":"Petit Larceny","wtd_curr_yr":13,"wtd_prev_yr":23,"wtd_pct_change":-43.5,"twentyeight_day_curr_yr":70,"twentyeight_day_prev_yr":99,"twentyeight_day_pct_change":-29.3,"ytd_curr_yr":1065,"ytd_prev_yr":1034,"ytd_pct_change":3,"two_year_pct_change":16.9,"six_year_pct_change":14.6,"twentytwo_year_pct_change":null},{"crime":"Misd. Assault","wtd_curr_yr":17,"wtd_prev_yr":19,"wtd_pct_change":-10.5,"twentyeight_day_curr_yr":66,"twentyeight_day_prev_yr":76,"twentyeight_day_pct_change":-13.2,"ytd_curr_yr":785,"ytd_prev_yr":858,"ytd_pct_change":-8.5,"two_year_pct_change":6.2,"six_year_pct_change":19.1,"twentytwo_year_pct_change":null},{"crime":"Misd. Sex Crimes","wtd_curr_yr":2,"wtd_prev_yr":0,"wtd_pct_change":null,"twentyeight_day_curr_yr":4,"twentyeight_day_prev_yr":1,"twentyeight_day_pct_change":300,"ytd_curr_yr":31,"ytd_prev_yr":25,"ytd_pct_change":24,"two_year_pct_change":-20.5,"six_year_pct_change":-3.1,"twentytwo_year_pct_change":null},{"crime":"Shooting Vic.","wtd_curr_yr":0,"wtd_prev_yr":0,"wtd_pct_change":null,"twentyeight_day_curr_yr":0,"twentyeight_day_prev_yr":1,"twentyeight_day_pct_change":-100,"ytd_curr_yr":21,"ytd_prev_yr":31,"ytd_pct_change":-32.3,"two_year_pct_change":-51.2,"six_year_pct_change":-50,"twentytwo_year_pct_change":-85.9},{"crime":"Shooting Inc.","wtd_curr_yr":0,"wtd_prev_yr":0,"wtd_pct_change":null,"twentyeight_day_curr_yr":0,"twentyeight_day_prev_yr":1,"twentyeight_day_pct_change":-100,"ytd_curr_yr":17,"ytd_prev_yr":28,"ytd_pct_change":-39.3,"two_year_pct_change":-56.4,"six_year_pct_change":-50,"twentytwo_year_pct_change":-87.6}],"historical":[{"yr_1990":38,"yr_1993":28,"yr_1998":16,"yr_2001":10,"yr_2013":8,"pct_change_13vs01":-20,"pct_change_13vs98":-50,"pct_change_13vs93":-71.4,"pct_change_13vs90":-78.9,"crime":"Murder"},{"yr_1990":60,"yr_1993":74,"yr_1998":45,"yr_2001":27,"yr_2013":37,"pct_change_13vs01":37,"pct_change_13vs98":-17.8,"pct_change_13vs93":-50,"pct_change_13vs90":-38.3,"crime":"Rape"},{"yr_1990":1846,"yr_1993":1742,"yr_1998":751,"yr_2001":530,"yr_2013":438,"pct_change_13vs01":-17.4,"pct_change_13vs98":-41.7,"pct_change_13vs93":-74.9,"pct_change_13vs90":-76.3,"crime":"Robbery"},{"yr_1990":958,"yr_1993":853,"yr_1998":611,"yr_2001":406,"yr_2013":369,"pct_change_13vs01":-9.1,"pct_change_13vs98":-39.6,"pct_change_13vs93":-56.7,"pct_change_13vs90":-61.5,"crime":"Fel. Assault"},{"yr_1990":1592,"yr_1993":1166,"yr_1998":598,"yr_2001":449,"yr_2013":300,"pct_change_13vs01":-33.2,"pct_change_13vs98":-49.8,"pct_change_13vs93":-74.3,"pct_change_13vs90":-81.2,"crime":"Burglary"},{"yr_1990":1277,"yr_1993":1214,"yr_1998":578,"yr_2001":587,"yr_2013":487,"pct_change_13vs01":-17,"pct_change_13vs98":-15.7,"pct_change_13vs93":-59.9,"pct_change_13vs90":-61.9,"crime":"Gr. Larceny"},{"yr_1990":1889,"yr_1993":1591,"yr_1998":602,"yr_2001":472,"yr_2013":172,"pct_change_13vs01":-63.6,"pct_change_13vs98":-71.4,"pct_change_13vs93":-89.2,"pct_change_13vs90":-90.9,"crime":"G.L.A."},{"yr_1990":7660,"yr_1993":6668,"yr_1998":3201,"yr_2001":2481,"yr_2013":1811,"pct_change_13vs01":-27.01,"pct_change_13vs98":-43.42,"pct_change_13vs93":-72.84,"pct_change_13vs90":-76.36,"crime":"TOTAL"}]}