{"mayor":"Bill de Blasio","commissioner":"William J. Bratton","volume":21,"number":44,"precinct":"107th","startDate":"2014-10-27T04:00:00.000Z","endDate":"2014-11-02T04:00:00.000Z","crimes":[{"crime":"Murder","wtd_curr_yr":0,"wtd_prev_yr":0,"wtd_pct_change":null,"twentyeight_day_curr_yr":1,"twentyeight_day_prev_yr":0,"twentyeight_day_pct_change":null,"ytd_curr_yr":1,"ytd_prev_yr":1,"ytd_pct_change":0,"two_year_pct_change":0,"six_year_pct_change":-66.7,"twentytwo_year_pct_change":-83.3},{"crime":"Rape","wtd_curr_yr":0,"wtd_prev_yr":1,"wtd_pct_change":-100,"twentyeight_day_curr_yr":3,"twentyeight_day_prev_yr":1,"twentyeight_day_pct_change":200,"ytd_curr_yr":20,"ytd_prev_yr":7,"ytd_pct_change":185.7,"two_year_pct_change":122.2,"six_year_pct_change":185.7,"twentytwo_year_pct_change":-25.9},{"crime":"Robbery","wtd_curr_yr":3,"wtd_prev_yr":7,"wtd_pct_change":-57.1,"twentyeight_day_curr_yr":10,"twentyeight_day_prev_yr":25,"twentyeight_day_pct_change":-60,"ytd_curr_yr":155,"ytd_prev_yr":198,"ytd_pct_change":-21.7,"two_year_pct_change":-21.7,"six_year_pct_change":-24.8,"twentytwo_year_pct_change":-81.6},{"crime":"Fel. Assault","wtd_curr_yr":4,"wtd_prev_yr":4,"wtd_pct_change":0,"twentyeight_day_curr_yr":12,"twentyeight_day_prev_yr":8,"twentyeight_day_pct_change":50,"ytd_curr_yr":93,"ytd_prev_yr":116,"ytd_pct_change":-19.8,"two_year_pct_change":-18.4,"six_year_pct_change":25.7,"twentytwo_year_pct_change":-55.7},{"crime":"Burglary","wtd_curr_yr":2,"wtd_prev_yr":4,"wtd_pct_change":-50,"twentyeight_day_curr_yr":9,"twentyeight_day_prev_yr":17,"twentyeight_day_pct_change":-47.1,"ytd_curr_yr":137,"ytd_prev_yr":210,"ytd_pct_change":-34.8,"two_year_pct_change":-39.9,"six_year_pct_change":-41.5,"twentytwo_year_pct_change":-88.8},{"crime":"Gr. Larceny","wtd_curr_yr":11,"wtd_prev_yr":11,"wtd_pct_change":0,"twentyeight_day_curr_yr":43,"twentyeight_day_prev_yr":39,"twentyeight_day_pct_change":10.3,"ytd_curr_yr":379,"ytd_prev_yr":406,"ytd_pct_change":-6.7,"two_year_pct_change":0,"six_year_pct_change":-6.9,"twentytwo_year_pct_change":-26.8},{"crime":"G.L.A.","wtd_curr_yr":6,"wtd_prev_yr":4,"wtd_pct_change":50,"twentyeight_day_curr_yr":9,"twentyeight_day_prev_yr":15,"twentyeight_day_pct_change":-40,"ytd_curr_yr":127,"ytd_prev_yr":128,"ytd_pct_change":-0.8,"two_year_pct_change":-7.3,"six_year_pct_change":-29.1,"twentytwo_year_pct_change":-96.9},{"crime":"TOTAL","wtd_curr_yr":26,"wtd_prev_yr":31,"wtd_pct_change":-16.13,"twentyeight_day_curr_yr":87,"twentyeight_day_prev_yr":105,"twentyeight_day_pct_change":-17.14,"ytd_curr_yr":912,"ytd_prev_yr":1066,"ytd_pct_change":-14.45,"two_year_pct_change":-14.45,"six_year_pct_change":-17.84,"twentytwo_year_pct_change":-86.93},{"crime":"Transit","wtd_curr_yr":1,"wtd_prev_yr":0,"wtd_pct_change":null,"twentyeight_day_curr_yr":5,"twentyeight_day_prev_yr":1,"twentyeight_day_pct_change":400,"ytd_curr_yr":25,"ytd_prev_yr":21,"ytd_pct_change":19,"two_year_pct_change":0,"six_year_pct_change":19,"twentytwo_year_pct_change":null},{"crime":"Housing","wtd_curr_yr":1,"wtd_prev_yr":1,"wtd_pct_change":0,"twentyeight_day_curr_yr":3,"twentyeight_day_prev_yr":3,"twentyeight_day_pct_change":0,"ytd_curr_yr":43,"ytd_prev_yr":45,"ytd_pct_change":-4.4,"two_year_pct_change":-2.3,"six_year_pct_change":65.4,"twentytwo_year_pct_change":null},{"crime":"Petit Larceny","wtd_curr_yr":15,"wtd_prev_yr":20,"wtd_pct_change":-25,"twentyeight_day_curr_yr":61,"twentyeight_day_prev_yr":81,"twentyeight_day_pct_change":-24.7,"ytd_curr_yr":672,"ytd_prev_yr":707,"ytd_pct_change":-5,"two_year_pct_change":4.3,"six_year_pct_change":-19.2,"twentytwo_year_pct_change":null},{"crime":"Misd. Assault","wtd_curr_yr":4,"wtd_prev_yr":9,"wtd_pct_change":-55.6,"twentyeight_day_curr_yr":34,"twentyeight_day_prev_yr":37,"twentyeight_day_pct_change":-8.1,"ytd_curr_yr":307,"ytd_prev_yr":313,"ytd_pct_change":-1.9,"two_year_pct_change":2,"six_year_pct_change":-20.3,"twentytwo_year_pct_change":null},{"crime":"Misd. Sex Crimes","wtd_curr_yr":0,"wtd_prev_yr":0,"wtd_pct_change":null,"twentyeight_day_curr_yr":1,"twentyeight_day_prev_yr":1,"twentyeight_day_pct_change":0,"ytd_curr_yr":20,"ytd_prev_yr":21,"ytd_pct_change":-4.8,"two_year_pct_change":-28.6,"six_year_pct_change":-13,"twentytwo_year_pct_change":null},{"crime":"Shooting Vic.","wtd_curr_yr":0,"wtd_prev_yr":0,"wtd_pct_change":null,"twentyeight_day_curr_yr":0,"twentyeight_day_prev_yr":0,"twentyeight_day_pct_change":null,"ytd_curr_yr":3,"ytd_prev_yr":2,"ytd_pct_change":50,"two_year_pct_change":-25,"six_year_pct_change":-40,"twentytwo_year_pct_change":-70},{"crime":"Shooting Inc.","wtd_curr_yr":0,"wtd_prev_yr":0,"wtd_pct_change":null,"twentyeight_day_curr_yr":0,"twentyeight_day_prev_yr":0,"twentyeight_day_pct_change":null,"ytd_curr_yr":3,"ytd_prev_yr":2,"ytd_pct_change":50,"two_year_pct_change":0,"six_year_pct_change":-40,"twentytwo_year_pct_change":-70}],"historical":[{"yr_1990":14,"yr_1993":8,"yr_1998":5,"yr_2001":4,"yr_2013":1,"pct_change_13vs01":-75,"pct_change_13vs98":-80,"pct_change_13vs93":-87.5,"pct_change_13vs90":-92.9,"crime":"Murder"},{"yr_1990":24,"yr_1993":32,"yr_1998":30,"yr_2001":15,"yr_2013":7,"pct_change_13vs01":-53.3,"pct_change_13vs98":-76.7,"pct_change_13vs93":-78.1,"pct_change_13vs90":-70.8,"crime":"Rape"},{"yr_1990":1039,"yr_1993":514,"yr_1998":375,"yr_2001":242,"yr_2013":-35.5,"pct_change_13vs01":-52.9,"pct_change_13vs98":-76.7,"pct_change_13vs93":-72.9,"pct_change_13vs90":null,"crime":"Robbery 893"},{"yr_1990":260,"yr_1993":239,"yr_1998":226,"yr_2001":153,"yr_2013":138,"pct_change_13vs01":-9.8,"pct_change_13vs98":-38.9,"pct_change_13vs93":-42.3,"pct_change_13vs90":-46.9,"crime":"Fel. Assault"},{"yr_1990":2152,"yr_1993":1425,"yr_1998":862,"yr_2001":632,"yr_2013":244,"pct_change_13vs01":-61.4,"pct_change_13vs98":-71.7,"pct_change_13vs93":-82.9,"pct_change_13vs90":-88.7,"crime":"Burglary"},{"yr_1990":805,"yr_1993":616,"yr_1998":614,"yr_2001":572,"yr_2013":517,"pct_change_13vs01":-9.6,"pct_change_13vs98":-15.8,"pct_change_13vs93":-16.1,"pct_change_13vs90":-35.8,"crime":"Gr. Larceny"},{"yr_1990":5535,"yr_1993":4902,"yr_1998":1560,"yr_2001":802,"yr_2013":149,"pct_change_13vs01":-81.4,"pct_change_13vs98":-90.4,"pct_change_13vs93":-97,"pct_change_13vs90":-97.3,"crime":"G.L.A."},{"yr_1990":9683,"yr_1993":8261,"yr_1998":3811,"yr_2001":2553,"yr_2013":1298,"pct_change_13vs01":-49.16,"pct_change_13vs98":-65.94,"pct_change_13vs93":-84.29,"pct_change_13vs90":-86.6,"crime":"TOTAL"}]}