{"mayor":"Bill de Blasio","commissioner":"William J. Bratton","volume":21,"number":12,"precinct":"102nd","startDate":"2014-03-17T04:00:00.000Z","endDate":"2014-03-23T04:00:00.000Z","crimes":[{"crime":"Murder","wtd_curr_yr":0,"wtd_prev_yr":1,"wtd_pct_change":-100,"twentyeight_day_curr_yr":0,"twentyeight_day_prev_yr":3,"twentyeight_day_pct_change":-100,"ytd_curr_yr":0,"ytd_prev_yr":4,"ytd_pct_change":-100,"two_year_pct_change":-100,"six_year_pct_change":-100,"twentytwo_year_pct_change":-100},{"crime":"Rape","wtd_curr_yr":0,"wtd_prev_yr":0,"wtd_pct_change":null,"twentyeight_day_curr_yr":4,"twentyeight_day_prev_yr":0,"twentyeight_day_pct_change":null,"ytd_curr_yr":7,"ytd_prev_yr":5,"ytd_pct_change":40,"two_year_pct_change":40,"six_year_pct_change":133.3,"twentytwo_year_pct_change":16.7},{"crime":"Robbery","wtd_curr_yr":1,"wtd_prev_yr":5,"wtd_pct_change":-80,"twentyeight_day_curr_yr":16,"twentyeight_day_prev_yr":10,"twentyeight_day_pct_change":60,"ytd_curr_yr":58,"ytd_prev_yr":58,"ytd_pct_change":0,"two_year_pct_change":0,"six_year_pct_change":26.1,"twentytwo_year_pct_change":-79.4},{"crime":"Fel. Assault","wtd_curr_yr":2,"wtd_prev_yr":5,"wtd_pct_change":-60,"twentyeight_day_curr_yr":16,"twentyeight_day_prev_yr":21,"twentyeight_day_pct_change":-23.8,"ytd_curr_yr":53,"ytd_prev_yr":65,"ytd_pct_change":-18.5,"two_year_pct_change":15.2,"six_year_pct_change":55.9,"twentytwo_year_pct_change":-17.2},{"crime":"Burglary","wtd_curr_yr":4,"wtd_prev_yr":3,"wtd_pct_change":33.3,"twentyeight_day_curr_yr":15,"twentyeight_day_prev_yr":16,"twentyeight_day_pct_change":-6.2,"ytd_curr_yr":67,"ytd_prev_yr":60,"ytd_pct_change":11.7,"two_year_pct_change":17.5,"six_year_pct_change":-2.9,"twentytwo_year_pct_change":-78},{"crime":"Gr. Larceny","wtd_curr_yr":12,"wtd_prev_yr":13,"wtd_pct_change":-7.7,"twentyeight_day_curr_yr":47,"twentyeight_day_prev_yr":38,"twentyeight_day_pct_change":23.7,"ytd_curr_yr":139,"ytd_prev_yr":78,"ytd_pct_change":78.2,"two_year_pct_change":87.8,"six_year_pct_change":73.8,"twentytwo_year_pct_change":15.8},{"crime":"G.L.A.","wtd_curr_yr":5,"wtd_prev_yr":3,"wtd_pct_change":66.7,"twentyeight_day_curr_yr":15,"twentyeight_day_prev_yr":15,"twentyeight_day_pct_change":0,"ytd_curr_yr":50,"ytd_prev_yr":38,"ytd_pct_change":31.6,"two_year_pct_change":16.3,"six_year_pct_change":-31.5,"twentytwo_year_pct_change":-94.1},{"crime":"TOTAL","wtd_curr_yr":24,"wtd_prev_yr":30,"wtd_pct_change":-20,"twentyeight_day_curr_yr":113,"twentyeight_day_prev_yr":103,"twentyeight_day_pct_change":9.71,"ytd_curr_yr":374,"ytd_prev_yr":308,"ytd_pct_change":21.43,"two_year_pct_change":31.69,"six_year_pct_change":22.22,"twentytwo_year_pct_change":-76.93},{"crime":"Transit","wtd_curr_yr":3,"wtd_prev_yr":1,"wtd_pct_change":200,"twentyeight_day_curr_yr":4,"twentyeight_day_prev_yr":1,"twentyeight_day_pct_change":300,"ytd_curr_yr":10,"ytd_prev_yr":4,"ytd_pct_change":150,"two_year_pct_change":100,"six_year_pct_change":233.3,"twentytwo_year_pct_change":null},{"crime":"Housing","wtd_curr_yr":0,"wtd_prev_yr":0,"wtd_pct_change":null,"twentyeight_day_curr_yr":0,"twentyeight_day_prev_yr":0,"twentyeight_day_pct_change":null,"ytd_curr_yr":0,"ytd_prev_yr":0,"ytd_pct_change":null,"two_year_pct_change":null,"six_year_pct_change":null,"twentytwo_year_pct_change":null},{"crime":"Petit Larceny","wtd_curr_yr":22,"wtd_prev_yr":19,"wtd_pct_change":15.8,"twentyeight_day_curr_yr":71,"twentyeight_day_prev_yr":82,"twentyeight_day_pct_change":-13.4,"ytd_curr_yr":232,"ytd_prev_yr":184,"ytd_pct_change":26.1,"two_year_pct_change":33.3,"six_year_pct_change":17.8,"twentytwo_year_pct_change":null},{"crime":"Misd. Assault","wtd_curr_yr":8,"wtd_prev_yr":10,"wtd_pct_change":-20,"twentyeight_day_curr_yr":44,"twentyeight_day_prev_yr":38,"twentyeight_day_pct_change":15.8,"ytd_curr_yr":124,"ytd_prev_yr":108,"ytd_pct_change":14.8,"two_year_pct_change":-16.2,"six_year_pct_change":4.2,"twentytwo_year_pct_change":null},{"crime":"Misd. Sex Crimes","wtd_curr_yr":1,"wtd_prev_yr":0,"wtd_pct_change":null,"twentyeight_day_curr_yr":4,"twentyeight_day_prev_yr":0,"twentyeight_day_pct_change":null,"ytd_curr_yr":9,"ytd_prev_yr":2,"ytd_pct_change":350,"two_year_pct_change":28.6,"six_year_pct_change":12.5,"twentytwo_year_pct_change":null},{"crime":"Shooting Vic.","wtd_curr_yr":0,"wtd_prev_yr":0,"wtd_pct_change":null,"twentyeight_day_curr_yr":0,"twentyeight_day_prev_yr":1,"twentyeight_day_pct_change":-100,"ytd_curr_yr":1,"ytd_prev_yr":3,"ytd_pct_change":-66.7,"two_year_pct_change":-50,"six_year_pct_change":-50,"twentytwo_year_pct_change":-90.9},{"crime":"Shooting Inc.","wtd_curr_yr":0,"wtd_prev_yr":0,"wtd_pct_change":null,"twentyeight_day_curr_yr":0,"twentyeight_day_prev_yr":1,"twentyeight_day_pct_change":-100,"ytd_curr_yr":1,"ytd_prev_yr":3,"ytd_pct_change":-66.7,"two_year_pct_change":-50,"six_year_pct_change":-50,"twentytwo_year_pct_change":-88.9}],"historical":[{"yr_1990":6,"yr_1993":12,"yr_1998":3,"yr_2001":2,"yr_2013":7,"pct_change_13vs01":250,"pct_change_13vs98":133.3,"pct_change_13vs93":-41.7,"pct_change_13vs90":16.7,"crime":"Murder"},{"yr_1990":29,"yr_1993":34,"yr_1998":23,"yr_2001":21,"yr_2013":24,"pct_change_13vs01":14.3,"pct_change_13vs98":4.3,"pct_change_13vs93":-29.4,"pct_change_13vs90":-17.2,"crime":"Rape"},{"yr_1990":1067,"yr_1993":1238,"yr_1998":672,"yr_2001":459,"yr_2013":311,"pct_change_13vs01":-32.2,"pct_change_13vs98":-53.7,"pct_change_13vs93":-74.9,"pct_change_13vs90":-70.9,"crime":"Robbery"},{"yr_1990":345,"yr_1993":362,"yr_1998":440,"yr_2001":309,"yr_2013":327,"pct_change_13vs01":5.8,"pct_change_13vs98":-25.7,"pct_change_13vs93":-9.7,"pct_change_13vs90":-5.2,"crime":"Fel. Assault"},{"yr_1990":1847,"yr_1993":1503,"yr_1998":965,"yr_2001":622,"yr_2013":288,"pct_change_13vs01":-53.7,"pct_change_13vs98":-70.2,"pct_change_13vs93":-80.8,"pct_change_13vs90":-84.4,"crime":"Burglary"},{"yr_1990":721,"yr_1993":583,"yr_1998":538,"yr_2001":378,"yr_2013":490,"pct_change_13vs01":29.6,"pct_change_13vs98":-8.9,"pct_change_13vs93":-16,"pct_change_13vs90":-32,"crime":"Gr. Larceny"},{"yr_1990":4145,"yr_1993":3495,"yr_1998":1303,"yr_2001":803,"yr_2013":252,"pct_change_13vs01":-68.6,"pct_change_13vs98":-80.7,"pct_change_13vs93":-92.8,"pct_change_13vs90":-93.9,"crime":"G.L.A."},{"yr_1990":8160,"yr_1993":7227,"yr_1998":3944,"yr_2001":2594,"yr_2013":1699,"pct_change_13vs01":-34.5,"pct_change_13vs98":-56.92,"pct_change_13vs93":-76.49,"pct_change_13vs90":-79.18,"crime":"TOTAL"}]}