{"mayor":"Bill de Blasio","commissioner":"William J. Bratton","volume":21,"number":28,"precinct":"106th","startDate":"2014-07-07T04:00:00.000Z","endDate":"2014-07-13T04:00:00.000Z","crimes":[{"crime":"Murder","wtd_curr_yr":0,"wtd_prev_yr":0,"wtd_pct_change":null,"twentyeight_day_curr_yr":0,"twentyeight_day_prev_yr":0,"twentyeight_day_pct_change":null,"ytd_curr_yr":1,"ytd_prev_yr":4,"ytd_pct_change":-75,"two_year_pct_change":-50,"six_year_pct_change":0,"twentytwo_year_pct_change":-92.9},{"crime":"Rape","wtd_curr_yr":2,"wtd_prev_yr":0,"wtd_pct_change":null,"twentyeight_day_curr_yr":3,"twentyeight_day_prev_yr":2,"twentyeight_day_pct_change":50,"ytd_curr_yr":15,"ytd_prev_yr":9,"ytd_pct_change":66.7,"two_year_pct_change":114.3,"six_year_pct_change":400,"twentytwo_year_pct_change":-28.6},{"crime":"Robbery","wtd_curr_yr":4,"wtd_prev_yr":11,"wtd_pct_change":-63.6,"twentyeight_day_curr_yr":24,"twentyeight_day_prev_yr":23,"twentyeight_day_pct_change":4.3,"ytd_curr_yr":135,"ytd_prev_yr":141,"ytd_pct_change":-4.3,"two_year_pct_change":-7.5,"six_year_pct_change":17.4,"twentytwo_year_pct_change":-69.2},{"crime":"Fel. Assault","wtd_curr_yr":7,"wtd_prev_yr":9,"wtd_pct_change":-22.2,"twentyeight_day_curr_yr":28,"twentyeight_day_prev_yr":28,"twentyeight_day_pct_change":0,"ytd_curr_yr":126,"ytd_prev_yr":134,"ytd_pct_change":-6,"two_year_pct_change":31.2,"six_year_pct_change":53.7,"twentytwo_year_pct_change":-38.5},{"crime":"Burglary","wtd_curr_yr":3,"wtd_prev_yr":5,"wtd_pct_change":-40,"twentyeight_day_curr_yr":16,"twentyeight_day_prev_yr":21,"twentyeight_day_pct_change":-23.8,"ytd_curr_yr":150,"ytd_prev_yr":207,"ytd_pct_change":-27.5,"two_year_pct_change":-14.3,"six_year_pct_change":0,"twentytwo_year_pct_change":-76.5},{"crime":"Gr. Larceny","wtd_curr_yr":9,"wtd_prev_yr":5,"wtd_pct_change":80,"twentyeight_day_curr_yr":42,"twentyeight_day_prev_yr":28,"twentyeight_day_pct_change":50,"ytd_curr_yr":259,"ytd_prev_yr":245,"ytd_pct_change":5.7,"two_year_pct_change":3.2,"six_year_pct_change":35.6,"twentytwo_year_pct_change":-12.8},{"crime":"G.L.A.","wtd_curr_yr":9,"wtd_prev_yr":3,"wtd_pct_change":200,"twentyeight_day_curr_yr":16,"twentyeight_day_prev_yr":12,"twentyeight_day_pct_change":33.3,"ytd_curr_yr":123,"ytd_prev_yr":85,"ytd_pct_change":44.7,"two_year_pct_change":7.9,"six_year_pct_change":-13.4,"twentytwo_year_pct_change":-92.9},{"crime":"TOTAL","wtd_curr_yr":34,"wtd_prev_yr":33,"wtd_pct_change":3.03,"twentyeight_day_curr_yr":129,"twentyeight_day_prev_yr":114,"twentyeight_day_pct_change":13.16,"ytd_curr_yr":809,"ytd_prev_yr":825,"ytd_pct_change":-1.94,"two_year_pct_change":2.28,"six_year_pct_change":18.27,"twentytwo_year_pct_change":-75.77},{"crime":"Transit","wtd_curr_yr":0,"wtd_prev_yr":2,"wtd_pct_change":-100,"twentyeight_day_curr_yr":0,"twentyeight_day_prev_yr":3,"twentyeight_day_pct_change":-100,"ytd_curr_yr":16,"ytd_prev_yr":20,"ytd_pct_change":-20,"two_year_pct_change":-20,"six_year_pct_change":60,"twentytwo_year_pct_change":null},{"crime":"Housing","wtd_curr_yr":0,"wtd_prev_yr":0,"wtd_pct_change":null,"twentyeight_day_curr_yr":0,"twentyeight_day_prev_yr":0,"twentyeight_day_pct_change":null,"ytd_curr_yr":0,"ytd_prev_yr":0,"ytd_pct_change":null,"two_year_pct_change":null,"six_year_pct_change":null,"twentytwo_year_pct_change":null},{"crime":"Petit Larceny","wtd_curr_yr":17,"wtd_prev_yr":9,"wtd_pct_change":88.9,"twentyeight_day_curr_yr":83,"twentyeight_day_prev_yr":49,"twentyeight_day_pct_change":69.4,"ytd_curr_yr":469,"ytd_prev_yr":354,"ytd_pct_change":32.5,"two_year_pct_change":-6.9,"six_year_pct_change":14.4,"twentytwo_year_pct_change":null},{"crime":"Misd. Assault","wtd_curr_yr":9,"wtd_prev_yr":11,"wtd_pct_change":-18.2,"twentyeight_day_curr_yr":44,"twentyeight_day_prev_yr":42,"twentyeight_day_pct_change":4.8,"ytd_curr_yr":276,"ytd_prev_yr":227,"ytd_pct_change":21.6,"two_year_pct_change":7.8,"six_year_pct_change":17.9,"twentytwo_year_pct_change":null},{"crime":"Misd. Sex Crimes","wtd_curr_yr":0,"wtd_prev_yr":2,"wtd_pct_change":-100,"twentyeight_day_curr_yr":1,"twentyeight_day_prev_yr":2,"twentyeight_day_pct_change":-50,"ytd_curr_yr":10,"ytd_prev_yr":13,"ytd_pct_change":-23.1,"two_year_pct_change":-16.7,"six_year_pct_change":-28.6,"twentytwo_year_pct_change":null},{"crime":"Shooting Vic.","wtd_curr_yr":0,"wtd_prev_yr":0,"wtd_pct_change":null,"twentyeight_day_curr_yr":0,"twentyeight_day_prev_yr":0,"twentyeight_day_pct_change":null,"ytd_curr_yr":2,"ytd_prev_yr":5,"ytd_pct_change":-60,"two_year_pct_change":-66.7,"six_year_pct_change":-71.4,"twentytwo_year_pct_change":-90.5},{"crime":"Shooting Inc.","wtd_curr_yr":0,"wtd_prev_yr":0,"wtd_pct_change":null,"twentyeight_day_curr_yr":0,"twentyeight_day_prev_yr":0,"twentyeight_day_pct_change":null,"ytd_curr_yr":2,"ytd_prev_yr":4,"ytd_pct_change":-50,"two_year_pct_change":-60,"six_year_pct_change":-66.7,"twentytwo_year_pct_change":-90.5}],"historical":[{"yr_2012":2,"yr_1993":21,"yr_1998":7,"yr_2001":4,"yr_2013":6,"pct_change_13vs01":50,"pct_change_13vs98":-14.3,"pct_change_13vs93":-71.4,"pct_change_13vs12":200,"crime":"Murder"},{"yr_2012":16,"yr_1993":33,"yr_1998":40,"yr_2001":19,"yr_2013":19,"pct_change_13vs01":0,"pct_change_13vs98":-52.5,"pct_change_13vs93":-42.4,"pct_change_13vs12":18.8,"crime":"Rape"},{"yr_2012":312,"yr_1993":891,"yr_1998":545,"yr_2001":344,"yr_2013":328,"pct_change_13vs01":-4.7,"pct_change_13vs98":-39.8,"pct_change_13vs93":-63.2,"pct_change_13vs12":5.1,"crime":"Robbery"},{"yr_2012":193,"yr_1993":408,"yr_1998":297,"yr_2001":241,"yr_2013":253,"pct_change_13vs01":5,"pct_change_13vs98":-14.8,"pct_change_13vs93":-38,"pct_change_13vs12":31.1,"crime":"Fel. Assault"},{"yr_2012":1230,"yr_1993":662,"yr_1998":417,"yr_2001":346,"yr_2013":-17,"pct_change_13vs01":-47.7,"pct_change_13vs98":-71.9,"pct_change_13vs93":-7,"pct_change_13vs12":null,"crime":"Burglary 372"},{"yr_2012":486,"yr_1993":595,"yr_1998":440,"yr_2001":381,"yr_2013":522,"pct_change_13vs01":37,"pct_change_13vs98":18.6,"pct_change_13vs93":-12.3,"pct_change_13vs12":7.4,"crime":"Gr. Larceny"},{"yr_2012":3304,"yr_1993":1370,"yr_1998":778,"yr_2001":191,"yr_2013":-75.4,"pct_change_13vs01":-86.1,"pct_change_13vs98":-94.2,"pct_change_13vs93":-13.6,"pct_change_13vs12":null,"crime":"G.L.A. 221"},{"yr_2012":1602,"yr_1993":6482,"yr_1998":3361,"yr_2001":2184,"yr_2013":1665,"pct_change_13vs01":-23.76,"pct_change_13vs98":-50.46,"pct_change_13vs93":-74.31,"pct_change_13vs12":3.93,"crime":"TOTAL"}]}