{"mayor":"Bill de Blasio","commissioner":"William J. Bratton","volume":21,"number":14,"precinct":"102nd","startDate":"2014-03-31T04:00:00.000Z","endDate":"2014-04-06T04:00:00.000Z","crimes":[{"crime":"Murder","wtd_curr_yr":0,"wtd_prev_yr":0,"wtd_pct_change":null,"twentyeight_day_curr_yr":0,"twentyeight_day_prev_yr":1,"twentyeight_day_pct_change":-100,"ytd_curr_yr":0,"ytd_prev_yr":4,"ytd_pct_change":-100,"two_year_pct_change":-100,"six_year_pct_change":-100,"twentytwo_year_pct_change":-100},{"crime":"Rape","wtd_curr_yr":0,"wtd_prev_yr":2,"wtd_pct_change":-100,"twentyeight_day_curr_yr":2,"twentyeight_day_prev_yr":3,"twentyeight_day_pct_change":-33.3,"ytd_curr_yr":8,"ytd_prev_yr":8,"ytd_pct_change":0,"two_year_pct_change":60,"six_year_pct_change":100,"twentytwo_year_pct_change":-11.1},{"crime":"Robbery","wtd_curr_yr":4,"wtd_prev_yr":4,"wtd_pct_change":0,"twentyeight_day_curr_yr":19,"twentyeight_day_prev_yr":12,"twentyeight_day_pct_change":58.3,"ytd_curr_yr":67,"ytd_prev_yr":65,"ytd_pct_change":3.1,"two_year_pct_change":-1.5,"six_year_pct_change":31.4,"twentytwo_year_pct_change":-79.3},{"crime":"Fel. Assault","wtd_curr_yr":6,"wtd_prev_yr":4,"wtd_pct_change":50,"twentyeight_day_curr_yr":17,"twentyeight_day_prev_yr":23,"twentyeight_day_pct_change":-26.1,"ytd_curr_yr":62,"ytd_prev_yr":78,"ytd_pct_change":-20.5,"two_year_pct_change":17,"six_year_pct_change":37.8,"twentytwo_year_pct_change":-23.5},{"crime":"Burglary","wtd_curr_yr":7,"wtd_prev_yr":8,"wtd_pct_change":-12.5,"twentyeight_day_curr_yr":27,"twentyeight_day_prev_yr":23,"twentyeight_day_pct_change":17.4,"ytd_curr_yr":85,"ytd_prev_yr":74,"ytd_pct_change":14.9,"two_year_pct_change":34.9,"six_year_pct_change":6.2,"twentytwo_year_pct_change":-75.6},{"crime":"Gr. Larceny","wtd_curr_yr":5,"wtd_prev_yr":10,"wtd_pct_change":-50,"twentyeight_day_curr_yr":38,"twentyeight_day_prev_yr":39,"twentyeight_day_pct_change":-2.6,"ytd_curr_yr":154,"ytd_prev_yr":97,"ytd_pct_change":58.8,"two_year_pct_change":65.6,"six_year_pct_change":57.1,"twentytwo_year_pct_change":15.8},{"crime":"G.L.A.","wtd_curr_yr":3,"wtd_prev_yr":5,"wtd_pct_change":-40,"twentyeight_day_curr_yr":16,"twentyeight_day_prev_yr":23,"twentyeight_day_pct_change":-30.4,"ytd_curr_yr":57,"ytd_prev_yr":50,"ytd_pct_change":14,"two_year_pct_change":16.3,"six_year_pct_change":-27.8,"twentytwo_year_pct_change":-94.1},{"crime":"TOTAL","wtd_curr_yr":25,"wtd_prev_yr":33,"wtd_pct_change":-24.24,"twentyeight_day_curr_yr":119,"twentyeight_day_prev_yr":124,"twentyeight_day_pct_change":-4.03,"ytd_curr_yr":433,"ytd_prev_yr":376,"ytd_pct_change":15.16,"two_year_pct_change":30.42,"six_year_pct_change":20.95,"twentytwo_year_pct_change":-76.68},{"crime":"Transit","wtd_curr_yr":0,"wtd_prev_yr":0,"wtd_pct_change":null,"twentyeight_day_curr_yr":4,"twentyeight_day_prev_yr":1,"twentyeight_day_pct_change":300,"ytd_curr_yr":11,"ytd_prev_yr":4,"ytd_pct_change":175,"two_year_pct_change":57.1,"six_year_pct_change":175,"twentytwo_year_pct_change":null},{"crime":"Housing","wtd_curr_yr":0,"wtd_prev_yr":0,"wtd_pct_change":null,"twentyeight_day_curr_yr":0,"twentyeight_day_prev_yr":0,"twentyeight_day_pct_change":null,"ytd_curr_yr":0,"ytd_prev_yr":0,"ytd_pct_change":null,"two_year_pct_change":null,"six_year_pct_change":null,"twentytwo_year_pct_change":null},{"crime":"Petit Larceny","wtd_curr_yr":10,"wtd_prev_yr":14,"wtd_pct_change":-28.6,"twentyeight_day_curr_yr":63,"twentyeight_day_prev_yr":87,"twentyeight_day_pct_change":-27.6,"ytd_curr_yr":260,"ytd_prev_yr":221,"ytd_pct_change":17.6,"two_year_pct_change":23.2,"six_year_pct_change":12.1,"twentytwo_year_pct_change":null},{"crime":"Misd. Assault","wtd_curr_yr":8,"wtd_prev_yr":8,"wtd_pct_change":0,"twentyeight_day_curr_yr":39,"twentyeight_day_prev_yr":36,"twentyeight_day_pct_change":8.3,"ytd_curr_yr":140,"ytd_prev_yr":126,"ytd_pct_change":11.1,"two_year_pct_change":-18.1,"six_year_pct_change":-7.3,"twentytwo_year_pct_change":null},{"crime":"Misd. Sex Crimes","wtd_curr_yr":1,"wtd_prev_yr":1,"wtd_pct_change":0,"twentyeight_day_curr_yr":4,"twentyeight_day_prev_yr":1,"twentyeight_day_pct_change":300,"ytd_curr_yr":11,"ytd_prev_yr":3,"ytd_pct_change":266.7,"two_year_pct_change":57.1,"six_year_pct_change":37.5,"twentytwo_year_pct_change":null},{"crime":"Shooting Vic.","wtd_curr_yr":1,"wtd_prev_yr":0,"wtd_pct_change":null,"twentyeight_day_curr_yr":1,"twentyeight_day_prev_yr":1,"twentyeight_day_pct_change":0,"ytd_curr_yr":2,"ytd_prev_yr":4,"ytd_pct_change":-50,"two_year_pct_change":0,"six_year_pct_change":0,"twentytwo_year_pct_change":-81.8},{"crime":"Shooting Inc.","wtd_curr_yr":1,"wtd_prev_yr":0,"wtd_pct_change":null,"twentyeight_day_curr_yr":1,"twentyeight_day_prev_yr":1,"twentyeight_day_pct_change":0,"ytd_curr_yr":2,"ytd_prev_yr":4,"ytd_pct_change":-50,"two_year_pct_change":0,"six_year_pct_change":0,"twentytwo_year_pct_change":-77.8}],"historical":[{"yr_1990":6,"yr_1993":12,"yr_1995":11,"yr_2001":2,"yr_2013":7,"pct_change_13vs01":250,"pct_change_13vs95":-36.4,"pct_change_13vs93":-41.7,"pct_change_13vs90":16.7,"crime":"Murder"},{"yr_1990":29,"yr_1993":34,"yr_1995":35,"yr_2001":21,"yr_2013":24,"pct_change_13vs01":14.3,"pct_change_13vs95":-31.4,"pct_change_13vs93":-29.4,"pct_change_13vs90":-17.2,"crime":"Rape"},{"yr_1990":1067,"yr_1993":1238,"yr_1995":908,"yr_2001":459,"yr_2013":311,"pct_change_13vs01":-32.2,"pct_change_13vs95":-65.7,"pct_change_13vs93":-74.9,"pct_change_13vs90":-70.9,"crime":"Robbery"},{"yr_1990":345,"yr_1993":362,"yr_1995":401,"yr_2001":309,"yr_2013":327,"pct_change_13vs01":5.8,"pct_change_13vs95":-18.5,"pct_change_13vs93":-9.7,"pct_change_13vs90":-5.2,"crime":"Fel. Assault"},{"yr_1990":1847,"yr_1993":1503,"yr_1995":1485,"yr_2001":622,"yr_2013":288,"pct_change_13vs01":-53.7,"pct_change_13vs95":-80.6,"pct_change_13vs93":-80.8,"pct_change_13vs90":-84.4,"crime":"Burglary"},{"yr_1990":721,"yr_1993":583,"yr_1995":523,"yr_2001":378,"yr_2013":490,"pct_change_13vs01":29.6,"pct_change_13vs95":-6.3,"pct_change_13vs93":-16,"pct_change_13vs90":-32,"crime":"Gr. Larceny"},{"yr_1990":4145,"yr_1993":3495,"yr_1995":2150,"yr_2001":803,"yr_2013":252,"pct_change_13vs01":-68.6,"pct_change_13vs95":-88.3,"pct_change_13vs93":-92.8,"pct_change_13vs90":-93.9,"crime":"G.L.A."},{"yr_1990":8160,"yr_1993":7227,"yr_1995":5513,"yr_2001":2594,"yr_2013":1699,"pct_change_13vs01":-34.5,"pct_change_13vs95":-69.18,"pct_change_13vs93":-76.49,"pct_change_13vs90":-79.18,"crime":"TOTAL"}]}