{"mayor":"Bill de Blasio","commissioner":"William J. Bratton","volume":21,"number":30,"precinct":"104th","startDate":"2014-07-21T04:00:00.000Z","endDate":"2014-07-27T04:00:00.000Z","crimes":[{"crime":"Murder","wtd_curr_yr":0,"wtd_prev_yr":0,"wtd_pct_change":null,"twentyeight_day_curr_yr":0,"twentyeight_day_prev_yr":0,"twentyeight_day_pct_change":null,"ytd_curr_yr":3,"ytd_prev_yr":3,"ytd_pct_change":0,"two_year_pct_change":null,"six_year_pct_change":200,"twentytwo_year_pct_change":-76.9},{"crime":"Rape","wtd_curr_yr":0,"wtd_prev_yr":0,"wtd_pct_change":null,"twentyeight_day_curr_yr":1,"twentyeight_day_prev_yr":0,"twentyeight_day_pct_change":null,"ytd_curr_yr":12,"ytd_prev_yr":8,"ytd_pct_change":50,"two_year_pct_change":50,"six_year_pct_change":71.4,"twentytwo_year_pct_change":-29.4},{"crime":"Robbery","wtd_curr_yr":3,"wtd_prev_yr":6,"wtd_pct_change":-50,"twentyeight_day_curr_yr":11,"twentyeight_day_prev_yr":21,"twentyeight_day_pct_change":-47.6,"ytd_curr_yr":94,"ytd_prev_yr":122,"ytd_pct_change":-23,"two_year_pct_change":-36.9,"six_year_pct_change":-36.5,"twentytwo_year_pct_change":-82.3},{"crime":"Fel. Assault","wtd_curr_yr":6,"wtd_prev_yr":7,"wtd_pct_change":-14.3,"twentyeight_day_curr_yr":22,"twentyeight_day_prev_yr":16,"twentyeight_day_pct_change":37.5,"ytd_curr_yr":124,"ytd_prev_yr":147,"ytd_pct_change":-15.6,"two_year_pct_change":-16.2,"six_year_pct_change":27.8,"twentytwo_year_pct_change":-28.3},{"crime":"Burglary","wtd_curr_yr":5,"wtd_prev_yr":4,"wtd_pct_change":25,"twentyeight_day_curr_yr":26,"twentyeight_day_prev_yr":30,"twentyeight_day_pct_change":-13.3,"ytd_curr_yr":169,"ytd_prev_yr":199,"ytd_pct_change":-15.1,"two_year_pct_change":-22.8,"six_year_pct_change":-32.1,"twentytwo_year_pct_change":-85.7},{"crime":"Gr. Larceny","wtd_curr_yr":9,"wtd_prev_yr":13,"wtd_pct_change":-30.8,"twentyeight_day_curr_yr":44,"twentyeight_day_prev_yr":39,"twentyeight_day_pct_change":12.8,"ytd_curr_yr":320,"ytd_prev_yr":285,"ytd_pct_change":12.3,"two_year_pct_change":8.8,"six_year_pct_change":15.9,"twentytwo_year_pct_change":-9.9},{"crime":"G.L.A.","wtd_curr_yr":5,"wtd_prev_yr":5,"wtd_pct_change":0,"twentyeight_day_curr_yr":9,"twentyeight_day_prev_yr":17,"twentyeight_day_pct_change":-47.1,"ytd_curr_yr":112,"ytd_prev_yr":85,"ytd_pct_change":31.8,"two_year_pct_change":-10.4,"six_year_pct_change":-29.6,"twentytwo_year_pct_change":-94.6},{"crime":"TOTAL","wtd_curr_yr":28,"wtd_prev_yr":35,"wtd_pct_change":-20,"twentyeight_day_curr_yr":113,"twentyeight_day_prev_yr":123,"twentyeight_day_pct_change":-8.13,"ytd_curr_yr":834,"ytd_prev_yr":849,"ytd_pct_change":-1.77,"two_year_pct_change":-11.56,"six_year_pct_change":-10.99,"twentytwo_year_pct_change":-80.82},{"crime":"Transit","wtd_curr_yr":0,"wtd_prev_yr":0,"wtd_pct_change":null,"twentyeight_day_curr_yr":1,"twentyeight_day_prev_yr":0,"twentyeight_day_pct_change":null,"ytd_curr_yr":7,"ytd_prev_yr":8,"ytd_pct_change":-12.5,"two_year_pct_change":-61.1,"six_year_pct_change":250,"twentytwo_year_pct_change":null},{"crime":"Housing","wtd_curr_yr":0,"wtd_prev_yr":0,"wtd_pct_change":null,"twentyeight_day_curr_yr":0,"twentyeight_day_prev_yr":0,"twentyeight_day_pct_change":null,"ytd_curr_yr":0,"ytd_prev_yr":0,"ytd_pct_change":null,"two_year_pct_change":null,"six_year_pct_change":null,"twentytwo_year_pct_change":null},{"crime":"Petit Larceny","wtd_curr_yr":26,"wtd_prev_yr":27,"wtd_pct_change":-3.7,"twentyeight_day_curr_yr":90,"twentyeight_day_prev_yr":95,"twentyeight_day_pct_change":-5.3,"ytd_curr_yr":641,"ytd_prev_yr":589,"ytd_pct_change":8.8,"two_year_pct_change":6.8,"six_year_pct_change":-1.8,"twentytwo_year_pct_change":null},{"crime":"Misd. Assault","wtd_curr_yr":12,"wtd_prev_yr":12,"wtd_pct_change":0,"twentyeight_day_curr_yr":47,"twentyeight_day_prev_yr":66,"twentyeight_day_pct_change":-28.8,"ytd_curr_yr":356,"ytd_prev_yr":315,"ytd_pct_change":13,"two_year_pct_change":-6.6,"six_year_pct_change":-7.3,"twentytwo_year_pct_change":null},{"crime":"Misd. Sex Crimes","wtd_curr_yr":1,"wtd_prev_yr":0,"wtd_pct_change":null,"twentyeight_day_curr_yr":2,"twentyeight_day_prev_yr":0,"twentyeight_day_pct_change":null,"ytd_curr_yr":8,"ytd_prev_yr":11,"ytd_pct_change":-27.3,"two_year_pct_change":-42.9,"six_year_pct_change":-61.9,"twentytwo_year_pct_change":null},{"crime":"Shooting Vic.","wtd_curr_yr":0,"wtd_prev_yr":0,"wtd_pct_change":null,"twentyeight_day_curr_yr":1,"twentyeight_day_prev_yr":0,"twentyeight_day_pct_change":null,"ytd_curr_yr":6,"ytd_prev_yr":3,"ytd_pct_change":100,"two_year_pct_change":100,"six_year_pct_change":100,"twentytwo_year_pct_change":-68.4},{"crime":"Shooting Inc.","wtd_curr_yr":0,"wtd_prev_yr":0,"wtd_pct_change":null,"twentyeight_day_curr_yr":1,"twentyeight_day_prev_yr":0,"twentyeight_day_pct_change":null,"ytd_curr_yr":5,"ytd_prev_yr":3,"ytd_pct_change":66.7,"two_year_pct_change":66.7,"six_year_pct_change":66.7,"twentytwo_year_pct_change":-70.6}],"historical":[{"yr_1990":11,"yr_1993":19,"yr_1998":7,"yr_2001":5,"yr_2013":3,"pct_change_13vs01":-40,"pct_change_13vs98":-57.1,"pct_change_13vs93":-84.2,"pct_change_13vs90":-72.7,"crime":"Murder"},{"yr_1990":21,"yr_1993":21,"yr_1998":24,"yr_2001":15,"yr_2013":15,"pct_change_13vs01":0,"pct_change_13vs98":-37.5,"pct_change_13vs93":-28.6,"pct_change_13vs90":-28.6,"crime":"Rape"},{"yr_1990":1307,"yr_1993":1027,"yr_1998":490,"yr_2001":359,"yr_2013":256,"pct_change_13vs01":-28.7,"pct_change_13vs98":-47.8,"pct_change_13vs93":-75.1,"pct_change_13vs90":-80.4,"crime":"Robbery"},{"yr_1990":279,"yr_1993":305,"yr_1998":261,"yr_2001":262,"yr_2013":241,"pct_change_13vs01":-8,"pct_change_13vs98":-7.7,"pct_change_13vs93":-21,"pct_change_13vs90":-13.6,"crime":"Fel. Assault"},{"yr_1990":2562,"yr_1993":1955,"yr_1998":1024,"yr_2001":790,"yr_2013":339,"pct_change_13vs01":-57.1,"pct_change_13vs98":-66.9,"pct_change_13vs93":-82.7,"pct_change_13vs90":-86.8,"crime":"Burglary"},{"yr_1990":884,"yr_1993":678,"yr_1998":485,"yr_2001":551,"yr_2013":572,"pct_change_13vs01":3.8,"pct_change_13vs98":17.9,"pct_change_13vs93":-15.6,"pct_change_13vs90":-35.3,"crime":"Gr. Larceny"},{"yr_1990":4443,"yr_1993":3418,"yr_1998":1374,"yr_2001":892,"yr_2013":181,"pct_change_13vs01":-79.7,"pct_change_13vs98":-86.8,"pct_change_13vs93":-94.7,"pct_change_13vs90":-95.9,"crime":"G.L.A."},{"yr_1990":9507,"yr_1993":7423,"yr_1998":3665,"yr_2001":2874,"yr_2013":1607,"pct_change_13vs01":-44.08,"pct_change_13vs98":-56.15,"pct_change_13vs93":-78.35,"pct_change_13vs90":-83.1,"crime":"TOTAL"}]}