{"mayor":"Bill de Blasio","commissioner":"William J. Bratton","volume":22,"number":1,"precinct":"105th","startDate":"2014-12-28T05:00:00.000Z","endDate":"2015-01-04T05:00:00.000Z","crimes":[{"crime":"Murder","wtd_curr_yr":0,"wtd_prev_yr":0,"wtd_pct_change":null,"twentyeight_day_curr_yr":0,"twentyeight_day_prev_yr":0,"twentyeight_day_pct_change":null,"ytd_curr_yr":0,"ytd_prev_yr":0,"ytd_pct_change":null,"two_year_pct_change":null,"six_year_pct_change":null,"twentytwo_year_pct_change":null},{"crime":"Rape","wtd_curr_yr":1,"wtd_prev_yr":0,"wtd_pct_change":null,"twentyeight_day_curr_yr":1,"twentyeight_day_prev_yr":3,"twentyeight_day_pct_change":-66.7,"ytd_curr_yr":0,"ytd_prev_yr":0,"ytd_pct_change":null,"two_year_pct_change":-100,"six_year_pct_change":null,"twentytwo_year_pct_change":null},{"crime":"Robbery","wtd_curr_yr":5,"wtd_prev_yr":5,"wtd_pct_change":0,"twentyeight_day_curr_yr":15,"twentyeight_day_prev_yr":24,"twentyeight_day_pct_change":-37.5,"ytd_curr_yr":2,"ytd_prev_yr":1,"ytd_pct_change":100,"two_year_pct_change":-66.7,"six_year_pct_change":100,"twentytwo_year_pct_change":-80},{"crime":"Fel. Assault","wtd_curr_yr":5,"wtd_prev_yr":3,"wtd_pct_change":66.7,"twentyeight_day_curr_yr":20,"twentyeight_day_prev_yr":21,"twentyeight_day_pct_change":-4.8,"ytd_curr_yr":4,"ytd_prev_yr":1,"ytd_pct_change":300,"two_year_pct_change":0,"six_year_pct_change":100,"twentytwo_year_pct_change":-55.6},{"crime":"Burglary","wtd_curr_yr":7,"wtd_prev_yr":5,"wtd_pct_change":40,"twentyeight_day_curr_yr":30,"twentyeight_day_prev_yr":22,"twentyeight_day_pct_change":36.4,"ytd_curr_yr":3,"ytd_prev_yr":2,"ytd_pct_change":50,"two_year_pct_change":0,"six_year_pct_change":null,"twentytwo_year_pct_change":-66.7},{"crime":"Gr. Larceny","wtd_curr_yr":15,"wtd_prev_yr":9,"wtd_pct_change":66.7,"twentyeight_day_curr_yr":60,"twentyeight_day_prev_yr":38,"twentyeight_day_pct_change":57.9,"ytd_curr_yr":4,"ytd_prev_yr":0,"ytd_pct_change":null,"two_year_pct_change":-20,"six_year_pct_change":-20,"twentytwo_year_pct_change":-42.9},{"crime":"G.L.A.","wtd_curr_yr":3,"wtd_prev_yr":9,"wtd_pct_change":-66.7,"twentyeight_day_curr_yr":12,"twentyeight_day_prev_yr":22,"twentyeight_day_pct_change":-45.5,"ytd_curr_yr":1,"ytd_prev_yr":3,"ytd_pct_change":-66.7,"two_year_pct_change":-83.3,"six_year_pct_change":-66.7,"twentytwo_year_pct_change":-96.2},{"crime":"TOTAL","wtd_curr_yr":36,"wtd_prev_yr":31,"wtd_pct_change":16.13,"twentyeight_day_curr_yr":138,"twentyeight_day_prev_yr":130,"twentyeight_day_pct_change":6.15,"ytd_curr_yr":14,"ytd_prev_yr":7,"ytd_pct_change":100,"two_year_pct_change":-44,"six_year_pct_change":27.27,"twentytwo_year_pct_change":-77.05},{"crime":"Transit","wtd_curr_yr":0,"wtd_prev_yr":0,"wtd_pct_change":null,"twentyeight_day_curr_yr":0,"twentyeight_day_prev_yr":0,"twentyeight_day_pct_change":null,"ytd_curr_yr":0,"ytd_prev_yr":0,"ytd_pct_change":null,"two_year_pct_change":null,"six_year_pct_change":null,"twentytwo_year_pct_change":null},{"crime":"Housing","wtd_curr_yr":0,"wtd_prev_yr":0,"wtd_pct_change":null,"twentyeight_day_curr_yr":0,"twentyeight_day_prev_yr":0,"twentyeight_day_pct_change":null,"ytd_curr_yr":0,"ytd_prev_yr":0,"ytd_pct_change":null,"two_year_pct_change":null,"six_year_pct_change":null,"twentytwo_year_pct_change":null},{"crime":"Petit Larceny","wtd_curr_yr":11,"wtd_prev_yr":12,"wtd_pct_change":-8.3,"twentyeight_day_curr_yr":54,"twentyeight_day_prev_yr":48,"twentyeight_day_pct_change":12.5,"ytd_curr_yr":4,"ytd_prev_yr":5,"ytd_pct_change":-20,"two_year_pct_change":-63.6,"six_year_pct_change":-20,"twentytwo_year_pct_change":null},{"crime":"Misd. Assault","wtd_curr_yr":16,"wtd_prev_yr":3,"wtd_pct_change":433.3,"twentyeight_day_curr_yr":41,"twentyeight_day_prev_yr":39,"twentyeight_day_pct_change":5.1,"ytd_curr_yr":5,"ytd_prev_yr":0,"ytd_pct_change":null,"two_year_pct_change":66.7,"six_year_pct_change":-16.7,"twentytwo_year_pct_change":null},{"crime":"Misd. Sex Crimes","wtd_curr_yr":0,"wtd_prev_yr":0,"wtd_pct_change":null,"twentyeight_day_curr_yr":0,"twentyeight_day_prev_yr":1,"twentyeight_day_pct_change":-100,"ytd_curr_yr":0,"ytd_prev_yr":0,"ytd_pct_change":null,"two_year_pct_change":-100,"six_year_pct_change":-100,"twentytwo_year_pct_change":null},{"crime":"Shooting Vic.","wtd_curr_yr":0,"wtd_prev_yr":0,"wtd_pct_change":null,"twentyeight_day_curr_yr":2,"twentyeight_day_prev_yr":0,"twentyeight_day_pct_change":null,"ytd_curr_yr":0,"ytd_prev_yr":0,"ytd_pct_change":null,"two_year_pct_change":-100,"six_year_pct_change":null,"twentytwo_year_pct_change":-100},{"crime":"Shooting Inc.","wtd_curr_yr":0,"wtd_prev_yr":0,"wtd_pct_change":null,"twentyeight_day_curr_yr":2,"twentyeight_day_prev_yr":0,"twentyeight_day_pct_change":null,"ytd_curr_yr":0,"ytd_prev_yr":0,"ytd_pct_change":null,"two_year_pct_change":-100,"six_year_pct_change":null,"twentytwo_year_pct_change":-100}],"historical":[{"yr_1990":30,"yr_1993":23,"yr_1998":7,"yr_2001":18,"yr_2014":7,"pct_change_14vs01":-61.1,"pct_change_14vs98":0,"pct_change_14vs93":-69.6,"pct_change_14vs90":-76.7,"crime":"Murder"},{"yr_1990":56,"yr_1993":41,"yr_1998":52,"yr_2001":35,"yr_2014":23,"pct_change_14vs01":-34.3,"pct_change_14vs98":-55.8,"pct_change_14vs93":-43.9,"pct_change_14vs90":-58.9,"crime":"Rape"},{"yr_1990":1066,"yr_1993":1082,"yr_1998":557,"yr_2001":395,"yr_2014":212,"pct_change_14vs01":-46.3,"pct_change_14vs98":-61.9,"pct_change_14vs93":-80.4,"pct_change_14vs90":-80.1,"crime":"Robbery"},{"yr_1990":459,"yr_1993":409,"yr_1998":400,"yr_2001":329,"yr_2014":349,"pct_change_14vs01":6.1,"pct_change_14vs98":-12.8,"pct_change_14vs93":-14.7,"pct_change_14vs90":-24,"crime":"Fel. Assault"},{"yr_1990":2199,"yr_1993":1640,"yr_1998":854,"yr_2001":630,"yr_2014":323,"pct_change_14vs01":-48.7,"pct_change_14vs98":-62.2,"pct_change_14vs93":-80.3,"pct_change_14vs90":-85.3,"crime":"Burglary"},{"yr_1990":699,"yr_1993":593,"yr_1998":444,"yr_2001":456,"yr_2014":593,"pct_change_14vs01":30,"pct_change_14vs98":33.6,"pct_change_14vs93":0,"pct_change_14vs90":-15.2,"crime":"Gr. Larceny"},{"yr_1990":3534,"yr_1993":3476,"yr_1998":1360,"yr_2001":913,"yr_2014":234,"pct_change_14vs01":-74.4,"pct_change_14vs98":-82.8,"pct_change_14vs93":-93.3,"pct_change_14vs90":-93.4,"crime":"G.L.A."},{"yr_1990":8043,"yr_1993":7264,"yr_1998":3674,"yr_2001":2776,"yr_2014":1741,"pct_change_14vs01":-37.28,"pct_change_14vs98":-52.61,"pct_change_14vs93":-76.03,"pct_change_14vs90":-78.35,"crime":"TOTAL"}]}