{"mayor":"Bill de Blasio","commissioner":"William J. Bratton","volume":21,"number":11,"precinct":"102nd","startDate":"2014-03-10T04:00:00.000Z","endDate":"2014-03-16T04:00:00.000Z","crimes":[{"crime":"Murder","wtd_curr_yr":0,"wtd_prev_yr":0,"wtd_pct_change":null,"twentyeight_day_curr_yr":0,"twentyeight_day_prev_yr":2,"twentyeight_day_pct_change":-100,"ytd_curr_yr":0,"ytd_prev_yr":3,"ytd_pct_change":-100,"two_year_pct_change":-100,"six_year_pct_change":-100,"twentytwo_year_pct_change":-100},{"crime":"Rape","wtd_curr_yr":1,"wtd_prev_yr":0,"wtd_pct_change":null,"twentyeight_day_curr_yr":4,"twentyeight_day_prev_yr":1,"twentyeight_day_pct_change":300,"ytd_curr_yr":7,"ytd_prev_yr":5,"ytd_pct_change":40,"two_year_pct_change":40,"six_year_pct_change":250,"twentytwo_year_pct_change":16.7},{"crime":"Robbery","wtd_curr_yr":9,"wtd_prev_yr":0,"wtd_pct_change":null,"twentyeight_day_curr_yr":21,"twentyeight_day_prev_yr":11,"twentyeight_day_pct_change":90.9,"ytd_curr_yr":57,"ytd_prev_yr":53,"ytd_pct_change":7.5,"two_year_pct_change":3.6,"six_year_pct_change":-21.9,"twentytwo_year_pct_change":-78},{"crime":"Fel. Assault","wtd_curr_yr":6,"wtd_prev_yr":5,"wtd_pct_change":20,"twentyeight_day_curr_yr":18,"twentyeight_day_prev_yr":23,"twentyeight_day_pct_change":-21.7,"ytd_curr_yr":51,"ytd_prev_yr":60,"ytd_pct_change":-15,"two_year_pct_change":27.5,"six_year_pct_change":13.3,"twentytwo_year_pct_change":-19},{"crime":"Burglary","wtd_curr_yr":5,"wtd_prev_yr":6,"wtd_pct_change":-16.7,"twentyeight_day_curr_yr":16,"twentyeight_day_prev_yr":17,"twentyeight_day_pct_change":-5.9,"ytd_curr_yr":63,"ytd_prev_yr":57,"ytd_pct_change":10.5,"two_year_pct_change":12.5,"six_year_pct_change":-45.2,"twentytwo_year_pct_change":-78.1},{"crime":"Gr. Larceny","wtd_curr_yr":11,"wtd_prev_yr":7,"wtd_pct_change":57.1,"twentyeight_day_curr_yr":47,"twentyeight_day_prev_yr":33,"twentyeight_day_pct_change":42.4,"ytd_curr_yr":127,"ytd_prev_yr":65,"ytd_pct_change":95.4,"two_year_pct_change":95.4,"six_year_pct_change":71.6,"twentytwo_year_pct_change":11.4},{"crime":"G.L.A.","wtd_curr_yr":4,"wtd_prev_yr":8,"wtd_pct_change":-50,"twentyeight_day_curr_yr":13,"twentyeight_day_prev_yr":14,"twentyeight_day_pct_change":-7.1,"ytd_curr_yr":45,"ytd_prev_yr":35,"ytd_pct_change":28.6,"two_year_pct_change":12.5,"six_year_pct_change":-75.1,"twentytwo_year_pct_change":-94.2},{"crime":"TOTAL","wtd_curr_yr":36,"wtd_prev_yr":26,"wtd_pct_change":38.46,"twentyeight_day_curr_yr":119,"twentyeight_day_prev_yr":101,"twentyeight_day_pct_change":17.82,"ytd_curr_yr":350,"ytd_prev_yr":278,"ytd_pct_change":25.9,"two_year_pct_change":33.59,"six_year_pct_change":-28.72,"twentytwo_year_pct_change":-76.73},{"crime":"Transit","wtd_curr_yr":0,"wtd_prev_yr":0,"wtd_pct_change":null,"twentyeight_day_curr_yr":1,"twentyeight_day_prev_yr":0,"twentyeight_day_pct_change":null,"ytd_curr_yr":7,"ytd_prev_yr":3,"ytd_pct_change":133.3,"two_year_pct_change":40,"six_year_pct_change":40,"twentytwo_year_pct_change":null},{"crime":"Housing","wtd_curr_yr":0,"wtd_prev_yr":0,"wtd_pct_change":null,"twentyeight_day_curr_yr":0,"twentyeight_day_prev_yr":0,"twentyeight_day_pct_change":null,"ytd_curr_yr":0,"ytd_prev_yr":0,"ytd_pct_change":null,"two_year_pct_change":null,"six_year_pct_change":null,"twentytwo_year_pct_change":null},{"crime":"Petit Larceny","wtd_curr_yr":14,"wtd_prev_yr":31,"wtd_pct_change":-54.8,"twentyeight_day_curr_yr":80,"twentyeight_day_prev_yr":84,"twentyeight_day_pct_change":-4.8,"ytd_curr_yr":211,"ytd_prev_yr":165,"ytd_pct_change":27.9,"two_year_pct_change":32.7,"six_year_pct_change":null,"twentytwo_year_pct_change":null},{"crime":"Misd. Assault","wtd_curr_yr":16,"wtd_prev_yr":8,"wtd_pct_change":100,"twentyeight_day_curr_yr":51,"twentyeight_day_prev_yr":38,"twentyeight_day_pct_change":34.2,"ytd_curr_yr":117,"ytd_prev_yr":98,"ytd_pct_change":19.4,"two_year_pct_change":-15.2,"six_year_pct_change":null,"twentytwo_year_pct_change":null},{"crime":"Misd. Sex Crimes","wtd_curr_yr":1,"wtd_prev_yr":0,"wtd_pct_change":null,"twentyeight_day_curr_yr":3,"twentyeight_day_prev_yr":0,"twentyeight_day_pct_change":null,"ytd_curr_yr":8,"ytd_prev_yr":2,"ytd_pct_change":300,"two_year_pct_change":33.3,"six_year_pct_change":null,"twentytwo_year_pct_change":null},{"crime":"Shooting Vic.","wtd_curr_yr":0,"wtd_prev_yr":0,"wtd_pct_change":null,"twentyeight_day_curr_yr":0,"twentyeight_day_prev_yr":2,"twentyeight_day_pct_change":-100,"ytd_curr_yr":1,"ytd_prev_yr":3,"ytd_pct_change":-66.7,"two_year_pct_change":-50,"six_year_pct_change":0,"twentytwo_year_pct_change":-90.9},{"crime":"Shooting Inc.","wtd_curr_yr":0,"wtd_prev_yr":0,"wtd_pct_change":null,"twentyeight_day_curr_yr":0,"twentyeight_day_prev_yr":2,"twentyeight_day_pct_change":-100,"ytd_curr_yr":1,"ytd_prev_yr":3,"ytd_pct_change":-66.7,"two_year_pct_change":-50,"six_year_pct_change":0,"twentytwo_year_pct_change":-88.9}],"historical":[{"yr_1990":6,"yr_1993":12,"yr_1998":3,"yr_2001":2,"yr_2013":7,"pct_change_13vs01":250,"pct_change_13vs98":133.3,"pct_change_13vs93":-41.7,"pct_change_13vs90":16.7,"crime":"Murder"},{"yr_1990":29,"yr_1993":34,"yr_1998":23,"yr_2001":21,"yr_2013":24,"pct_change_13vs01":14.3,"pct_change_13vs98":4.3,"pct_change_13vs93":-29.4,"pct_change_13vs90":-17.2,"crime":"Rape"},{"yr_1990":1067,"yr_1993":1238,"yr_1998":672,"yr_2001":459,"yr_2013":311,"pct_change_13vs01":-32.2,"pct_change_13vs98":-53.7,"pct_change_13vs93":-74.9,"pct_change_13vs90":-70.9,"crime":"Robbery"},{"yr_1990":345,"yr_1993":362,"yr_1998":440,"yr_2001":309,"yr_2013":327,"pct_change_13vs01":5.8,"pct_change_13vs98":-25.7,"pct_change_13vs93":-9.7,"pct_change_13vs90":-5.2,"crime":"Fel. Assault"},{"yr_1990":1847,"yr_1993":1503,"yr_1998":965,"yr_2001":622,"yr_2013":288,"pct_change_13vs01":-53.7,"pct_change_13vs98":-70.2,"pct_change_13vs93":-80.8,"pct_change_13vs90":-84.4,"crime":"Burglary"},{"yr_1990":721,"yr_1993":583,"yr_1998":538,"yr_2001":378,"yr_2013":490,"pct_change_13vs01":29.6,"pct_change_13vs98":-8.9,"pct_change_13vs93":-16,"pct_change_13vs90":-32,"crime":"Gr. Larceny"},{"yr_1990":4145,"yr_1993":3495,"yr_1998":1303,"yr_2001":803,"yr_2013":252,"pct_change_13vs01":-68.6,"pct_change_13vs98":-80.7,"pct_change_13vs93":-92.8,"pct_change_13vs90":-93.9,"crime":"G.L.A."},{"yr_1990":8160,"yr_1993":7227,"yr_1998":3944,"yr_2001":2594,"yr_2013":1699,"pct_change_13vs01":-34.5,"pct_change_13vs98":-56.92,"pct_change_13vs93":-76.49,"pct_change_13vs90":-79.18,"crime":"TOTAL"}]}