{"mayor":"Bill de Blasio","commissioner":"William J. Bratton","volume":21,"number":5,"precinct":"109th","startDate":"2014-01-27T05:00:00.000Z","endDate":"2014-02-02T05:00:00.000Z","crimes":[{"crime":"Murder","wtd_curr_yr":0,"wtd_prev_yr":0,"wtd_pct_change":null,"twentyeight_day_curr_yr":0,"twentyeight_day_prev_yr":0,"twentyeight_day_pct_change":null,"ytd_curr_yr":0,"ytd_prev_yr":0,"ytd_pct_change":null,"two_year_pct_change":null,"six_year_pct_change":null,"twentytwo_year_pct_change":-100},{"crime":"Rape","wtd_curr_yr":0,"wtd_prev_yr":0,"wtd_pct_change":null,"twentyeight_day_curr_yr":0,"twentyeight_day_prev_yr":5,"twentyeight_day_pct_change":-100,"ytd_curr_yr":0,"ytd_prev_yr":5,"ytd_pct_change":-100,"two_year_pct_change":-100,"six_year_pct_change":-100,"twentytwo_year_pct_change":-100},{"crime":"Robbery","wtd_curr_yr":2,"wtd_prev_yr":4,"wtd_pct_change":-50,"twentyeight_day_curr_yr":15,"twentyeight_day_prev_yr":23,"twentyeight_day_pct_change":-34.8,"ytd_curr_yr":15,"ytd_prev_yr":26,"ytd_pct_change":-42.3,"two_year_pct_change":-40,"six_year_pct_change":-68.8,"twentytwo_year_pct_change":-87.1},{"crime":"Fel. Assault","wtd_curr_yr":6,"wtd_prev_yr":7,"wtd_pct_change":-14.3,"twentyeight_day_curr_yr":23,"twentyeight_day_prev_yr":21,"twentyeight_day_pct_change":9.5,"ytd_curr_yr":30,"ytd_prev_yr":23,"ytd_pct_change":30.4,"two_year_pct_change":20,"six_year_pct_change":20,"twentytwo_year_pct_change":0},{"crime":"Burglary","wtd_curr_yr":16,"wtd_prev_yr":9,"wtd_pct_change":77.8,"twentyeight_day_curr_yr":49,"twentyeight_day_prev_yr":40,"twentyeight_day_pct_change":22.5,"ytd_curr_yr":53,"ytd_prev_yr":46,"ytd_pct_change":15.2,"two_year_pct_change":-1.9,"six_year_pct_change":-51.8,"twentytwo_year_pct_change":-79.3},{"crime":"Gr. Larceny","wtd_curr_yr":16,"wtd_prev_yr":12,"wtd_pct_change":33.3,"twentyeight_day_curr_yr":77,"twentyeight_day_prev_yr":51,"twentyeight_day_pct_change":51,"ytd_curr_yr":91,"ytd_prev_yr":60,"ytd_pct_change":51.7,"two_year_pct_change":59.6,"six_year_pct_change":-7.1,"twentytwo_year_pct_change":-21.6},{"crime":"G.L.A.","wtd_curr_yr":2,"wtd_prev_yr":3,"wtd_pct_change":-33.3,"twentyeight_day_curr_yr":16,"twentyeight_day_prev_yr":16,"twentyeight_day_pct_change":0,"ytd_curr_yr":17,"ytd_prev_yr":21,"ytd_pct_change":-19,"two_year_pct_change":6.2,"six_year_pct_change":-84.3,"twentytwo_year_pct_change":-95.8},{"crime":"TOTAL","wtd_curr_yr":42,"wtd_prev_yr":35,"wtd_pct_change":20,"twentyeight_day_curr_yr":180,"twentyeight_day_prev_yr":156,"twentyeight_day_pct_change":15.38,"ytd_curr_yr":206,"ytd_prev_yr":181,"ytd_pct_change":13.81,"two_year_pct_change":15.08,"six_year_pct_change":-47.18,"twentytwo_year_pct_change":-77.78},{"crime":"Petit Larceny","wtd_curr_yr":29,"wtd_prev_yr":34,"wtd_pct_change":-14.7,"twentyeight_day_curr_yr":110,"twentyeight_day_prev_yr":121,"twentyeight_day_pct_change":-9.1,"ytd_curr_yr":124,"ytd_prev_yr":138,"ytd_pct_change":-10.1,"two_year_pct_change":-12.7,"six_year_pct_change":null,"twentytwo_year_pct_change":null},{"crime":"Misd. Assault","wtd_curr_yr":17,"wtd_prev_yr":22,"wtd_pct_change":-22.7,"twentyeight_day_curr_yr":41,"twentyeight_day_prev_yr":55,"twentyeight_day_pct_change":-25.5,"ytd_curr_yr":55,"ytd_prev_yr":63,"ytd_pct_change":-12.7,"two_year_pct_change":-5.2,"six_year_pct_change":null,"twentytwo_year_pct_change":null},{"crime":"Misd. Sex Crimes","wtd_curr_yr":0,"wtd_prev_yr":2,"wtd_pct_change":-100,"twentyeight_day_curr_yr":1,"twentyeight_day_prev_yr":5,"twentyeight_day_pct_change":-80,"ytd_curr_yr":1,"ytd_prev_yr":6,"ytd_pct_change":-83.3,"two_year_pct_change":0,"six_year_pct_change":null,"twentytwo_year_pct_change":null},{"crime":"Shooting Vic.","wtd_curr_yr":0,"wtd_prev_yr":0,"wtd_pct_change":null,"twentyeight_day_curr_yr":0,"twentyeight_day_prev_yr":0,"twentyeight_day_pct_change":null,"ytd_curr_yr":0,"ytd_prev_yr":0,"ytd_pct_change":null,"two_year_pct_change":null,"six_year_pct_change":null,"twentytwo_year_pct_change":-100},{"crime":"Shooting Inc.","wtd_curr_yr":0,"wtd_prev_yr":0,"wtd_pct_change":null,"twentyeight_day_curr_yr":0,"twentyeight_day_prev_yr":0,"twentyeight_day_pct_change":null,"ytd_curr_yr":0,"ytd_prev_yr":0,"ytd_pct_change":null,"two_year_pct_change":null,"six_year_pct_change":null,"twentytwo_year_pct_change":-100}],"historical":[{"yr_1990":19,"yr_1993":11,"yr_1998":3,"yr_2001":5,"yr_2013":1,"pct_change_13vs01":-80,"pct_change_13vs98":-66.7,"pct_change_13vs93":-90.9,"pct_change_13vs90":-94.7,"crime":"Murder"},{"yr_1990":33,"yr_1993":34,"yr_1998":28,"yr_2001":22,"yr_2013":31,"pct_change_13vs01":40.9,"pct_change_13vs98":10.7,"pct_change_13vs93":-8.8,"pct_change_13vs90":-6.1,"crime":"Rape"},{"yr_1990":1220,"yr_1993":1217,"yr_1998":480,"yr_2001":388,"yr_2013":243,"pct_change_13vs01":-37.4,"pct_change_13vs98":-49.4,"pct_change_13vs93":-80,"pct_change_13vs90":-80.1,"crime":"Robbery"},{"yr_1990":378,"yr_1993":350,"yr_1998":363,"yr_2001":327,"yr_2013":286,"pct_change_13vs01":-12.5,"pct_change_13vs98":-21.2,"pct_change_13vs93":-18.3,"pct_change_13vs90":-24.3,"crime":"Fel. Assault"},{"yr_1990":3189,"yr_1993":2378,"yr_1998":1440,"yr_2001":964,"yr_2013":471,"pct_change_13vs01":-51.1,"pct_change_13vs98":-67.3,"pct_change_13vs93":-80.2,"pct_change_13vs90":-85.2,"crime":"Burglary"},{"yr_1990":1877,"yr_1993":1367,"yr_1998":993,"yr_2001":1175,"yr_2013":904,"pct_change_13vs01":-23.1,"pct_change_13vs98":-9,"pct_change_13vs93":-33.9,"pct_change_13vs90":-51.8,"crime":"Gr. Larceny"},{"yr_1990":4813,"yr_1993":4153,"yr_1998":1668,"yr_2001":1075,"yr_2013":210,"pct_change_13vs01":-80.5,"pct_change_13vs98":-87.4,"pct_change_13vs93":-94.9,"pct_change_13vs90":-95.6,"crime":"G.L.A."},{"yr_1990":11529,"yr_1993":9510,"yr_1998":4975,"yr_2001":3956,"yr_2013":2146,"pct_change_13vs01":-45.75,"pct_change_13vs98":-56.86,"pct_change_13vs93":-77.43,"pct_change_13vs90":-81.39,"crime":"TOTAL"}]}