{"mayor":"Bill de Blasio","commissioner":"William J. Bratton","volume":21,"number":44,"precinct":"104th","startDate":"2014-10-27T04:00:00.000Z","endDate":"2014-11-02T04:00:00.000Z","crimes":[{"crime":"Murder","wtd_curr_yr":0,"wtd_prev_yr":0,"wtd_pct_change":null,"twentyeight_day_curr_yr":0,"twentyeight_day_prev_yr":0,"twentyeight_day_pct_change":null,"ytd_curr_yr":3,"ytd_prev_yr":3,"ytd_pct_change":0,"two_year_pct_change":null,"six_year_pct_change":200,"twentytwo_year_pct_change":-82.4},{"crime":"Rape","wtd_curr_yr":1,"wtd_prev_yr":0,"wtd_pct_change":null,"twentyeight_day_curr_yr":1,"twentyeight_day_prev_yr":3,"twentyeight_day_pct_change":-66.7,"ytd_curr_yr":16,"ytd_prev_yr":12,"ytd_pct_change":33.3,"two_year_pct_change":45.5,"six_year_pct_change":33.3,"twentytwo_year_pct_change":-20},{"crime":"Robbery","wtd_curr_yr":3,"wtd_prev_yr":9,"wtd_pct_change":-66.7,"twentyeight_day_curr_yr":10,"twentyeight_day_prev_yr":27,"twentyeight_day_pct_change":-63,"ytd_curr_yr":148,"ytd_prev_yr":213,"ytd_pct_change":-30.5,"two_year_pct_change":-38.1,"six_year_pct_change":-35.1,"twentytwo_year_pct_change":-82.1},{"crime":"Fel. Assault","wtd_curr_yr":3,"wtd_prev_yr":4,"wtd_pct_change":-25,"twentyeight_day_curr_yr":17,"twentyeight_day_prev_yr":14,"twentyeight_day_pct_change":21.4,"ytd_curr_yr":180,"ytd_prev_yr":211,"ytd_pct_change":-14.7,"two_year_pct_change":-21.1,"six_year_pct_change":16.1,"twentytwo_year_pct_change":-30.2},{"crime":"Burglary","wtd_curr_yr":4,"wtd_prev_yr":6,"wtd_pct_change":-33.3,"twentyeight_day_curr_yr":20,"twentyeight_day_prev_yr":26,"twentyeight_day_pct_change":-23.1,"ytd_curr_yr":236,"ytd_prev_yr":294,"ytd_pct_change":-19.7,"two_year_pct_change":-28.5,"six_year_pct_change":-33.3,"twentytwo_year_pct_change":-86.1},{"crime":"Gr. Larceny","wtd_curr_yr":9,"wtd_prev_yr":9,"wtd_pct_change":0,"twentyeight_day_curr_yr":42,"twentyeight_day_prev_yr":53,"twentyeight_day_pct_change":-20.8,"ytd_curr_yr":491,"ytd_prev_yr":473,"ytd_pct_change":3.8,"two_year_pct_change":9.8,"six_year_pct_change":18.6,"twentytwo_year_pct_change":-8.6},{"crime":"G.L.A.","wtd_curr_yr":6,"wtd_prev_yr":5,"wtd_pct_change":20,"twentyeight_day_curr_yr":24,"twentyeight_day_prev_yr":9,"twentyeight_day_pct_change":166.7,"ytd_curr_yr":187,"ytd_prev_yr":130,"ytd_pct_change":43.8,"two_year_pct_change":8.7,"six_year_pct_change":-24.6,"twentytwo_year_pct_change":-93.7},{"crime":"TOTAL","wtd_curr_yr":26,"wtd_prev_yr":33,"wtd_pct_change":-21.21,"twentyeight_day_curr_yr":114,"twentyeight_day_prev_yr":132,"twentyeight_day_pct_change":-13.64,"ytd_curr_yr":1261,"ytd_prev_yr":1336,"ytd_pct_change":-5.61,"two_year_pct_change":-11.63,"six_year_pct_change":-10.69,"twentytwo_year_pct_change":-80.07},{"crime":"Transit","wtd_curr_yr":0,"wtd_prev_yr":1,"wtd_pct_change":-100,"twentyeight_day_curr_yr":1,"twentyeight_day_prev_yr":2,"twentyeight_day_pct_change":-50,"ytd_curr_yr":10,"ytd_prev_yr":13,"ytd_pct_change":-23.1,"two_year_pct_change":-58.3,"six_year_pct_change":150,"twentytwo_year_pct_change":null},{"crime":"Housing","wtd_curr_yr":0,"wtd_prev_yr":0,"wtd_pct_change":null,"twentyeight_day_curr_yr":0,"twentyeight_day_prev_yr":0,"twentyeight_day_pct_change":null,"ytd_curr_yr":0,"ytd_prev_yr":0,"ytd_pct_change":null,"two_year_pct_change":null,"six_year_pct_change":null,"twentytwo_year_pct_change":null},{"crime":"Petit Larceny","wtd_curr_yr":19,"wtd_prev_yr":27,"wtd_pct_change":-29.6,"twentyeight_day_curr_yr":94,"twentyeight_day_prev_yr":117,"twentyeight_day_pct_change":-19.7,"ytd_curr_yr":967,"ytd_prev_yr":982,"ytd_pct_change":-1.5,"two_year_pct_change":5.9,"six_year_pct_change":-1.5,"twentytwo_year_pct_change":null},{"crime":"Misd. Assault","wtd_curr_yr":9,"wtd_prev_yr":18,"wtd_pct_change":-50,"twentyeight_day_curr_yr":43,"twentyeight_day_prev_yr":59,"twentyeight_day_pct_change":-27.1,"ytd_curr_yr":522,"ytd_prev_yr":478,"ytd_pct_change":9.2,"two_year_pct_change":-5.8,"six_year_pct_change":-5.3,"twentytwo_year_pct_change":null},{"crime":"Misd. Sex Crimes","wtd_curr_yr":1,"wtd_prev_yr":2,"wtd_pct_change":-50,"twentyeight_day_curr_yr":3,"twentyeight_day_prev_yr":7,"twentyeight_day_pct_change":-57.1,"ytd_curr_yr":11,"ytd_prev_yr":24,"ytd_pct_change":-54.2,"two_year_pct_change":-54.2,"six_year_pct_change":-62.1,"twentytwo_year_pct_change":null},{"crime":"Shooting Vic.","wtd_curr_yr":0,"wtd_prev_yr":0,"wtd_pct_change":null,"twentyeight_day_curr_yr":0,"twentyeight_day_prev_yr":0,"twentyeight_day_pct_change":null,"ytd_curr_yr":8,"ytd_prev_yr":4,"ytd_pct_change":100,"two_year_pct_change":100,"six_year_pct_change":33.3,"twentytwo_year_pct_change":-68},{"crime":"Shooting Inc.","wtd_curr_yr":0,"wtd_prev_yr":0,"wtd_pct_change":null,"twentyeight_day_curr_yr":0,"twentyeight_day_prev_yr":0,"twentyeight_day_pct_change":null,"ytd_curr_yr":7,"ytd_prev_yr":4,"ytd_pct_change":75,"two_year_pct_change":75,"six_year_pct_change":40,"twentytwo_year_pct_change":-68.2}],"historical":[{"yr_1990":11,"yr_1993":19,"yr_1998":7,"yr_2001":5,"yr_2013":3,"pct_change_13vs01":-40,"pct_change_13vs98":-57.1,"pct_change_13vs93":-84.2,"pct_change_13vs90":-72.7,"crime":"Murder"},{"yr_1990":21,"yr_1993":21,"yr_1998":24,"yr_2001":15,"yr_2013":15,"pct_change_13vs01":0,"pct_change_13vs98":-37.5,"pct_change_13vs93":-28.6,"pct_change_13vs90":-28.6,"crime":"Rape"},{"yr_1990":1307,"yr_1993":1027,"yr_1998":490,"yr_2001":359,"yr_2013":256,"pct_change_13vs01":-28.7,"pct_change_13vs98":-47.8,"pct_change_13vs93":-75.1,"pct_change_13vs90":-80.4,"crime":"Robbery"},{"yr_1990":279,"yr_1993":305,"yr_1998":261,"yr_2001":262,"yr_2013":241,"pct_change_13vs01":-8,"pct_change_13vs98":-7.7,"pct_change_13vs93":-21,"pct_change_13vs90":-13.6,"crime":"Fel. Assault"},{"yr_1990":2562,"yr_1993":1955,"yr_1998":1024,"yr_2001":790,"yr_2013":339,"pct_change_13vs01":-57.1,"pct_change_13vs98":-66.9,"pct_change_13vs93":-82.7,"pct_change_13vs90":-86.8,"crime":"Burglary"},{"yr_1990":884,"yr_1993":678,"yr_1998":485,"yr_2001":551,"yr_2013":572,"pct_change_13vs01":3.8,"pct_change_13vs98":17.9,"pct_change_13vs93":-15.6,"pct_change_13vs90":-35.3,"crime":"Gr. Larceny"},{"yr_1990":4443,"yr_1993":3418,"yr_1998":1374,"yr_2001":892,"yr_2013":181,"pct_change_13vs01":-79.7,"pct_change_13vs98":-86.8,"pct_change_13vs93":-94.7,"pct_change_13vs90":-95.9,"crime":"G.L.A."},{"yr_1990":9507,"yr_1993":7423,"yr_1998":3665,"yr_2001":2874,"yr_2013":1607,"pct_change_13vs01":-44.08,"pct_change_13vs98":-56.15,"pct_change_13vs93":-78.35,"pct_change_13vs90":-83.1,"crime":"TOTAL"}]}