{"mayor":"Bill de Blasio","commissioner":"William J. Bratton","volume":21,"number":2,"precinct":"109th","startDate":"2014-01-06T05:00:00.000Z","endDate":"2014-01-12T05:00:00.000Z","crimes":[{"crime":"Murder","wtd_curr_yr":0,"wtd_prev_yr":0,"wtd_pct_change":null,"twentyeight_day_curr_yr":0,"twentyeight_day_prev_yr":0,"twentyeight_day_pct_change":null,"ytd_curr_yr":0,"ytd_prev_yr":0,"ytd_pct_change":null,"two_year_pct_change":null,"six_year_pct_change":null,"twentytwo_year_pct_change":-100},{"crime":"Rape","wtd_curr_yr":0,"wtd_prev_yr":3,"wtd_pct_change":-100,"twentyeight_day_curr_yr":2,"twentyeight_day_prev_yr":3,"twentyeight_day_pct_change":-33.3,"ytd_curr_yr":0,"ytd_prev_yr":3,"ytd_pct_change":-100,"two_year_pct_change":-100,"six_year_pct_change":-100,"twentytwo_year_pct_change":-100},{"crime":"Robbery","wtd_curr_yr":4,"wtd_prev_yr":8,"wtd_pct_change":-50,"twentyeight_day_curr_yr":8,"twentyeight_day_prev_yr":17,"twentyeight_day_pct_change":-52.9,"ytd_curr_yr":4,"ytd_prev_yr":11,"ytd_pct_change":-63.6,"two_year_pct_change":-50,"six_year_pct_change":-81,"twentytwo_year_pct_change":-90.7},{"crime":"Fel. Assault","wtd_curr_yr":7,"wtd_prev_yr":5,"wtd_pct_change":40,"twentyeight_day_curr_yr":29,"twentyeight_day_prev_yr":13,"twentyeight_day_pct_change":123.1,"ytd_curr_yr":14,"ytd_prev_yr":7,"ytd_pct_change":100,"two_year_pct_change":16.7,"six_year_pct_change":-6.7,"twentytwo_year_pct_change":7.7},{"crime":"Burglary","wtd_curr_yr":10,"wtd_prev_yr":16,"wtd_pct_change":-37.5,"twentyeight_day_curr_yr":38,"twentyeight_day_prev_yr":38,"twentyeight_day_pct_change":0,"ytd_curr_yr":14,"ytd_prev_yr":22,"ytd_pct_change":-36.4,"two_year_pct_change":-41.7,"six_year_pct_change":-69.6,"twentytwo_year_pct_change":-86.5},{"crime":"Gr. Larceny","wtd_curr_yr":20,"wtd_prev_yr":17,"wtd_pct_change":17.6,"twentyeight_day_curr_yr":72,"twentyeight_day_prev_yr":63,"twentyeight_day_pct_change":14.3,"ytd_curr_yr":34,"ytd_prev_yr":26,"ytd_pct_change":30.8,"two_year_pct_change":47.8,"six_year_pct_change":-10.5,"twentytwo_year_pct_change":-22.7},{"crime":"G.L.A.","wtd_curr_yr":3,"wtd_prev_yr":7,"wtd_pct_change":-57.1,"twentyeight_day_curr_yr":8,"twentyeight_day_prev_yr":19,"twentyeight_day_pct_change":-57.9,"ytd_curr_yr":4,"ytd_prev_yr":12,"ytd_pct_change":-66.7,"two_year_pct_change":0,"six_year_pct_change":-89.2,"twentytwo_year_pct_change":-97.4},{"crime":"TOTAL","wtd_curr_yr":44,"wtd_prev_yr":56,"wtd_pct_change":-21.43,"twentyeight_day_curr_yr":157,"twentyeight_day_prev_yr":153,"twentyeight_day_pct_change":2.61,"ytd_curr_yr":70,"ytd_prev_yr":81,"ytd_pct_change":-13.58,"two_year_pct_change":-2.78,"six_year_pct_change":-55.7,"twentytwo_year_pct_change":-80.77},{"crime":"Petit Larceny","wtd_curr_yr":24,"wtd_prev_yr":37,"wtd_pct_change":-35.1,"twentyeight_day_curr_yr":100,"twentyeight_day_prev_yr":135,"twentyeight_day_pct_change":-25.9,"ytd_curr_yr":38,"ytd_prev_yr":54,"ytd_pct_change":-29.6,"two_year_pct_change":-17.4,"six_year_pct_change":null,"twentytwo_year_pct_change":null},{"crime":"Misd. Assault","wtd_curr_yr":10,"wtd_prev_yr":13,"wtd_pct_change":-23.1,"twentyeight_day_curr_yr":50,"twentyeight_day_prev_yr":45,"twentyeight_day_pct_change":11.1,"ytd_curr_yr":24,"ytd_prev_yr":21,"ytd_pct_change":14.3,"two_year_pct_change":41.2,"six_year_pct_change":null,"twentytwo_year_pct_change":null},{"crime":"Misd. Sex Crimes","wtd_curr_yr":0,"wtd_prev_yr":1,"wtd_pct_change":-100,"twentyeight_day_curr_yr":2,"twentyeight_day_prev_yr":3,"twentyeight_day_pct_change":-33.3,"ytd_curr_yr":0,"ytd_prev_yr":2,"ytd_pct_change":-100,"two_year_pct_change":-100,"six_year_pct_change":null,"twentytwo_year_pct_change":null},{"crime":"Shooting Vic.","wtd_curr_yr":0,"wtd_prev_yr":0,"wtd_pct_change":null,"twentyeight_day_curr_yr":0,"twentyeight_day_prev_yr":0,"twentyeight_day_pct_change":null,"ytd_curr_yr":0,"ytd_prev_yr":0,"ytd_pct_change":null,"two_year_pct_change":null,"six_year_pct_change":null,"twentytwo_year_pct_change":-100},{"crime":"Shooting Inc.","wtd_curr_yr":0,"wtd_prev_yr":0,"wtd_pct_change":null,"twentyeight_day_curr_yr":0,"twentyeight_day_prev_yr":0,"twentyeight_day_pct_change":null,"ytd_curr_yr":0,"ytd_prev_yr":0,"ytd_pct_change":null,"two_year_pct_change":null,"six_year_pct_change":null,"twentytwo_year_pct_change":-100}],"historical":[{"yr_1990":19,"yr_1993":11,"yr_1998":3,"yr_2001":5,"yr_2013":1,"pct_change_13vs01":-80,"pct_change_13vs98":-66.7,"pct_change_13vs93":-90.9,"pct_change_13vs90":-94.7,"crime":"Murder"},{"yr_1990":33,"yr_1993":34,"yr_1998":28,"yr_2001":22,"yr_2013":31,"pct_change_13vs01":40.9,"pct_change_13vs98":10.7,"pct_change_13vs93":-8.8,"pct_change_13vs90":-6.1,"crime":"Rape"},{"yr_1990":1220,"yr_1993":1217,"yr_1998":480,"yr_2001":388,"yr_2013":243,"pct_change_13vs01":-37.4,"pct_change_13vs98":-49.4,"pct_change_13vs93":-80,"pct_change_13vs90":-80.1,"crime":"Robbery"},{"yr_1990":378,"yr_1993":350,"yr_1998":363,"yr_2001":327,"yr_2013":286,"pct_change_13vs01":-12.5,"pct_change_13vs98":-21.2,"pct_change_13vs93":-18.3,"pct_change_13vs90":-24.3,"crime":"Fel. Assault"},{"yr_1990":3189,"yr_1993":2378,"yr_1998":1440,"yr_2001":964,"yr_2013":471,"pct_change_13vs01":-51.1,"pct_change_13vs98":-67.3,"pct_change_13vs93":-80.2,"pct_change_13vs90":-85.2,"crime":"Burglary"},{"yr_1990":1877,"yr_1993":1367,"yr_1998":993,"yr_2001":1175,"yr_2013":905,"pct_change_13vs01":-23,"pct_change_13vs98":-8.9,"pct_change_13vs93":-33.8,"pct_change_13vs90":-51.8,"crime":"Gr. Larceny"},{"yr_1990":4813,"yr_1993":4153,"yr_1998":1668,"yr_2001":1075,"yr_2013":210,"pct_change_13vs01":-80.5,"pct_change_13vs98":-87.4,"pct_change_13vs93":-94.9,"pct_change_13vs90":-95.6,"crime":"G.L.A."},{"yr_1990":11529,"yr_1993":9510,"yr_1998":4975,"yr_2001":3956,"yr_2013":2147,"pct_change_13vs01":-45.73,"pct_change_13vs98":-56.84,"pct_change_13vs93":-77.42,"pct_change_13vs90":-81.38,"crime":"TOTAL"}]}