{"mayor":"Bill de Blasio","commissioner":"William J. Bratton","volume":21,"number":37,"precinct":"108th","startDate":"2014-09-08T04:00:00.000Z","endDate":"2014-09-14T04:00:00.000Z","crimes":[{"crime":"Murder","wtd_curr_yr":0,"wtd_prev_yr":0,"wtd_pct_change":null,"twentyeight_day_curr_yr":0,"twentyeight_day_prev_yr":1,"twentyeight_day_pct_change":-100,"ytd_curr_yr":2,"ytd_prev_yr":4,"ytd_pct_change":-50,"two_year_pct_change":0,"six_year_pct_change":100,"twentytwo_year_pct_change":-75},{"crime":"Rape","wtd_curr_yr":0,"wtd_prev_yr":0,"wtd_pct_change":null,"twentyeight_day_curr_yr":5,"twentyeight_day_prev_yr":1,"twentyeight_day_pct_change":400,"ytd_curr_yr":13,"ytd_prev_yr":12,"ytd_pct_change":8.3,"two_year_pct_change":0,"six_year_pct_change":44.4,"twentytwo_year_pct_change":85.7},{"crime":"Robbery","wtd_curr_yr":3,"wtd_prev_yr":6,"wtd_pct_change":-50,"twentyeight_day_curr_yr":12,"twentyeight_day_prev_yr":14,"twentyeight_day_pct_change":-14.3,"ytd_curr_yr":111,"ytd_prev_yr":108,"ytd_pct_change":2.8,"two_year_pct_change":-19.6,"six_year_pct_change":2.8,"twentytwo_year_pct_change":-84.9},{"crime":"Fel. Assault","wtd_curr_yr":1,"wtd_prev_yr":4,"wtd_pct_change":-75,"twentyeight_day_curr_yr":7,"twentyeight_day_prev_yr":17,"twentyeight_day_pct_change":-58.8,"ytd_curr_yr":105,"ytd_prev_yr":130,"ytd_pct_change":-19.2,"two_year_pct_change":14.1,"six_year_pct_change":69.4,"twentytwo_year_pct_change":-52.7},{"crime":"Burglary","wtd_curr_yr":4,"wtd_prev_yr":2,"wtd_pct_change":100,"twentyeight_day_curr_yr":19,"twentyeight_day_prev_yr":16,"twentyeight_day_pct_change":18.8,"ytd_curr_yr":166,"ytd_prev_yr":157,"ytd_pct_change":5.7,"two_year_pct_change":-10.8,"six_year_pct_change":-8.8,"twentytwo_year_pct_change":-84.2},{"crime":"Gr. Larceny","wtd_curr_yr":10,"wtd_prev_yr":12,"wtd_pct_change":-16.7,"twentyeight_day_curr_yr":40,"twentyeight_day_prev_yr":41,"twentyeight_day_pct_change":-2.4,"ytd_curr_yr":392,"ytd_prev_yr":394,"ytd_pct_change":-0.5,"two_year_pct_change":22.1,"six_year_pct_change":17,"twentytwo_year_pct_change":-39.6},{"crime":"G.L.A.","wtd_curr_yr":4,"wtd_prev_yr":4,"wtd_pct_change":0,"twentyeight_day_curr_yr":16,"twentyeight_day_prev_yr":20,"twentyeight_day_pct_change":-20,"ytd_curr_yr":101,"ytd_prev_yr":111,"ytd_pct_change":-9,"two_year_pct_change":-3.8,"six_year_pct_change":-23.5,"twentytwo_year_pct_change":-92.9},{"crime":"TOTAL","wtd_curr_yr":22,"wtd_prev_yr":28,"wtd_pct_change":-21.43,"twentyeight_day_curr_yr":99,"twentyeight_day_prev_yr":110,"twentyeight_day_pct_change":-10,"ytd_curr_yr":890,"ytd_prev_yr":916,"ytd_pct_change":-2.84,"two_year_pct_change":3.85,"six_year_pct_change":7.36,"twentytwo_year_pct_change":-78.22},{"crime":"Transit","wtd_curr_yr":3,"wtd_prev_yr":2,"wtd_pct_change":50,"twentyeight_day_curr_yr":7,"twentyeight_day_prev_yr":7,"twentyeight_day_pct_change":0,"ytd_curr_yr":49,"ytd_prev_yr":55,"ytd_pct_change":-10.9,"two_year_pct_change":-2,"six_year_pct_change":88.5,"twentytwo_year_pct_change":null},{"crime":"Housing","wtd_curr_yr":0,"wtd_prev_yr":0,"wtd_pct_change":null,"twentyeight_day_curr_yr":0,"twentyeight_day_prev_yr":0,"twentyeight_day_pct_change":null,"ytd_curr_yr":0,"ytd_prev_yr":0,"ytd_pct_change":null,"two_year_pct_change":null,"six_year_pct_change":null,"twentytwo_year_pct_change":null},{"crime":"Petit Larceny","wtd_curr_yr":17,"wtd_prev_yr":33,"wtd_pct_change":-48.5,"twentyeight_day_curr_yr":68,"twentyeight_day_prev_yr":99,"twentyeight_day_pct_change":-31.3,"ytd_curr_yr":608,"ytd_prev_yr":703,"ytd_pct_change":-13.5,"two_year_pct_change":-2.3,"six_year_pct_change":-7,"twentytwo_year_pct_change":null},{"crime":"Misd. Assault","wtd_curr_yr":20,"wtd_prev_yr":8,"wtd_pct_change":150,"twentyeight_day_curr_yr":50,"twentyeight_day_prev_yr":40,"twentyeight_day_pct_change":25,"ytd_curr_yr":313,"ytd_prev_yr":337,"ytd_pct_change":-7.1,"two_year_pct_change":1.6,"six_year_pct_change":-11.1,"twentytwo_year_pct_change":null},{"crime":"Misd. Sex Crimes","wtd_curr_yr":1,"wtd_prev_yr":2,"wtd_pct_change":-50,"twentyeight_day_curr_yr":4,"twentyeight_day_prev_yr":8,"twentyeight_day_pct_change":-50,"ytd_curr_yr":36,"ytd_prev_yr":47,"ytd_pct_change":-23.4,"two_year_pct_change":-14.3,"six_year_pct_change":-12.2,"twentytwo_year_pct_change":null},{"crime":"Shooting Vic.","wtd_curr_yr":0,"wtd_prev_yr":0,"wtd_pct_change":null,"twentyeight_day_curr_yr":0,"twentyeight_day_prev_yr":4,"twentyeight_day_pct_change":-100,"ytd_curr_yr":1,"ytd_prev_yr":5,"ytd_pct_change":-80,"two_year_pct_change":0,"six_year_pct_change":null,"twentytwo_year_pct_change":-92.9},{"crime":"Shooting Inc.","wtd_curr_yr":0,"wtd_prev_yr":0,"wtd_pct_change":null,"twentyeight_day_curr_yr":0,"twentyeight_day_prev_yr":3,"twentyeight_day_pct_change":-100,"ytd_curr_yr":1,"ytd_prev_yr":4,"ytd_pct_change":-75,"two_year_pct_change":0,"six_year_pct_change":null,"twentytwo_year_pct_change":-92.9}],"historical":[{"yr_1990":16,"yr_1993":10,"yr_1998":5,"yr_2001":3,"yr_2013":4,"pct_change_13vs01":33.3,"pct_change_13vs98":-20,"pct_change_13vs93":-60,"pct_change_13vs90":-75,"crime":"Murder"},{"yr_1990":22,"yr_1993":12,"yr_1998":24,"yr_2001":18,"yr_2013":15,"pct_change_13vs01":-16.7,"pct_change_13vs98":-37.5,"pct_change_13vs93":25,"pct_change_13vs90":-31.8,"crime":"Rape"},{"yr_1990":1372,"yr_1993":1026,"yr_1998":464,"yr_2001":313,"yr_2013":160,"pct_change_13vs01":-48.9,"pct_change_13vs98":-65.5,"pct_change_13vs93":-84.4,"pct_change_13vs90":-88.3,"crime":"Robbery"},{"yr_1990":290,"yr_1993":317,"yr_1998":248,"yr_2001":147,"yr_2013":171,"pct_change_13vs01":16.3,"pct_change_13vs98":-31,"pct_change_13vs93":-46.1,"pct_change_13vs90":-41,"crime":"Fel. Assault"},{"yr_1990":2062,"yr_1993":1563,"yr_1998":971,"yr_2001":564,"yr_2013":244,"pct_change_13vs01":-56.7,"pct_change_13vs98":-74.9,"pct_change_13vs93":-84.4,"pct_change_13vs90":-88.2,"crime":"Burglary"},{"yr_1990":1150,"yr_1993":914,"yr_1998":605,"yr_2001":570,"yr_2013":572,"pct_change_13vs01":0.4,"pct_change_13vs98":-5.5,"pct_change_13vs93":-37.4,"pct_change_13vs90":-50.3,"crime":"Gr. Larceny"},{"yr_1990":2945,"yr_1993":2123,"yr_1998":942,"yr_2001":704,"yr_2013":166,"pct_change_13vs01":-76.4,"pct_change_13vs98":-82.4,"pct_change_13vs93":-92.2,"pct_change_13vs90":-94.4,"crime":"G.L.A."},{"yr_1990":7857,"yr_1993":5965,"yr_1998":3259,"yr_2001":2319,"yr_2013":1332,"pct_change_13vs01":-42.56,"pct_change_13vs98":-59.13,"pct_change_13vs93":-77.67,"pct_change_13vs90":-83.05,"crime":"TOTAL"}]}