{"mayor":"Bill de Blasio","commissioner":"William J. Bratton","volume":22,"number":3,"precinct":"108th","startDate":"2015-01-12T05:00:00.000Z","endDate":"2015-01-18T05:00:00.000Z","crimes":[{"crime":"Murder","wtd_curr_yr":0,"wtd_prev_yr":0,"wtd_pct_change":null,"twentyeight_day_curr_yr":0,"twentyeight_day_prev_yr":0,"twentyeight_day_pct_change":null,"ytd_curr_yr":0,"ytd_prev_yr":0,"ytd_pct_change":null,"two_year_pct_change":null,"six_year_pct_change":null,"twentytwo_year_pct_change":-100},{"crime":"Rape","wtd_curr_yr":0,"wtd_prev_yr":1,"wtd_pct_change":-100,"twentyeight_day_curr_yr":1,"twentyeight_day_prev_yr":2,"twentyeight_day_pct_change":-50,"ytd_curr_yr":0,"ytd_prev_yr":2,"ytd_pct_change":-100,"two_year_pct_change":null,"six_year_pct_change":null,"twentytwo_year_pct_change":-100},{"crime":"Robbery","wtd_curr_yr":2,"wtd_prev_yr":6,"wtd_pct_change":-66.7,"twentyeight_day_curr_yr":4,"twentyeight_day_prev_yr":22,"twentyeight_day_pct_change":-81.8,"ytd_curr_yr":2,"ytd_prev_yr":16,"ytd_pct_change":-87.5,"two_year_pct_change":-80,"six_year_pct_change":-60,"twentytwo_year_pct_change":-97.4},{"crime":"Fel. Assault","wtd_curr_yr":2,"wtd_prev_yr":5,"wtd_pct_change":-60,"twentyeight_day_curr_yr":14,"twentyeight_day_prev_yr":14,"twentyeight_day_pct_change":0,"ytd_curr_yr":7,"ytd_prev_yr":6,"ytd_pct_change":16.7,"two_year_pct_change":0,"six_year_pct_change":0,"twentytwo_year_pct_change":-61.1},{"crime":"Burglary","wtd_curr_yr":4,"wtd_prev_yr":6,"wtd_pct_change":-33.3,"twentyeight_day_curr_yr":9,"twentyeight_day_prev_yr":28,"twentyeight_day_pct_change":-67.9,"ytd_curr_yr":7,"ytd_prev_yr":12,"ytd_pct_change":-41.7,"two_year_pct_change":-22.2,"six_year_pct_change":-41.7,"twentytwo_year_pct_change":-90.4},{"crime":"Gr. Larceny","wtd_curr_yr":7,"wtd_prev_yr":19,"wtd_pct_change":-63.2,"twentyeight_day_curr_yr":35,"twentyeight_day_prev_yr":45,"twentyeight_day_pct_change":-22.2,"ytd_curr_yr":18,"ytd_prev_yr":32,"ytd_pct_change":-43.8,"two_year_pct_change":-28,"six_year_pct_change":-10,"twentytwo_year_pct_change":-51.4},{"crime":"G.L.A.","wtd_curr_yr":2,"wtd_prev_yr":2,"wtd_pct_change":0,"twentyeight_day_curr_yr":11,"twentyeight_day_prev_yr":6,"twentyeight_day_pct_change":83.3,"ytd_curr_yr":7,"ytd_prev_yr":5,"ytd_pct_change":40,"two_year_pct_change":16.7,"six_year_pct_change":-30,"twentytwo_year_pct_change":-94.2},{"crime":"TOTAL","wtd_curr_yr":17,"wtd_prev_yr":39,"wtd_pct_change":-56.41,"twentyeight_day_curr_yr":74,"twentyeight_day_prev_yr":117,"twentyeight_day_pct_change":-36.75,"ytd_curr_yr":41,"ytd_prev_yr":73,"ytd_pct_change":-43.84,"two_year_pct_change":-28.07,"six_year_pct_change":-24.07,"twentytwo_year_pct_change":-87.42},{"crime":"Transit","wtd_curr_yr":0,"wtd_prev_yr":1,"wtd_pct_change":-100,"twentyeight_day_curr_yr":4,"twentyeight_day_prev_yr":7,"twentyeight_day_pct_change":-42.9,"ytd_curr_yr":1,"ytd_prev_yr":3,"ytd_pct_change":-66.7,"two_year_pct_change":-83.3,"six_year_pct_change":-50,"twentytwo_year_pct_change":null},{"crime":"Housing","wtd_curr_yr":0,"wtd_prev_yr":0,"wtd_pct_change":null,"twentyeight_day_curr_yr":0,"twentyeight_day_prev_yr":0,"twentyeight_day_pct_change":null,"ytd_curr_yr":0,"ytd_prev_yr":0,"ytd_pct_change":null,"two_year_pct_change":null,"six_year_pct_change":null,"twentytwo_year_pct_change":null},{"crime":"Petit Larceny","wtd_curr_yr":11,"wtd_prev_yr":14,"wtd_pct_change":-21.4,"twentyeight_day_curr_yr":49,"twentyeight_day_prev_yr":54,"twentyeight_day_pct_change":-9.3,"ytd_curr_yr":27,"ytd_prev_yr":28,"ytd_pct_change":-3.6,"two_year_pct_change":-20.6,"six_year_pct_change":-25,"twentytwo_year_pct_change":null},{"crime":"Misd. Assault","wtd_curr_yr":12,"wtd_prev_yr":2,"wtd_pct_change":500,"twentyeight_day_curr_yr":41,"twentyeight_day_prev_yr":29,"twentyeight_day_pct_change":41.4,"ytd_curr_yr":24,"ytd_prev_yr":17,"ytd_pct_change":41.2,"two_year_pct_change":41.2,"six_year_pct_change":-4,"twentytwo_year_pct_change":null},{"crime":"Misd. Sex Crimes","wtd_curr_yr":0,"wtd_prev_yr":0,"wtd_pct_change":null,"twentyeight_day_curr_yr":1,"twentyeight_day_prev_yr":2,"twentyeight_day_pct_change":-50,"ytd_curr_yr":0,"ytd_prev_yr":1,"ytd_pct_change":-100,"two_year_pct_change":-100,"six_year_pct_change":-100,"twentytwo_year_pct_change":null},{"crime":"Shooting Vic.","wtd_curr_yr":0,"wtd_prev_yr":0,"wtd_pct_change":null,"twentyeight_day_curr_yr":0,"twentyeight_day_prev_yr":0,"twentyeight_day_pct_change":null,"ytd_curr_yr":0,"ytd_prev_yr":0,"ytd_pct_change":null,"two_year_pct_change":null,"six_year_pct_change":null,"twentytwo_year_pct_change":-100},{"crime":"Shooting Inc.","wtd_curr_yr":0,"wtd_prev_yr":0,"wtd_pct_change":null,"twentyeight_day_curr_yr":0,"twentyeight_day_prev_yr":0,"twentyeight_day_pct_change":null,"ytd_curr_yr":0,"ytd_prev_yr":0,"ytd_pct_change":null,"two_year_pct_change":null,"six_year_pct_change":null,"twentytwo_year_pct_change":-100}],"historical":[{"yr_1990":16,"yr_1993":10,"yr_1998":5,"yr_2001":3,"yr_2014":2,"pct_change_14vs01":-33.3,"pct_change_14vs98":-60,"pct_change_14vs93":-80,"pct_change_14vs90":-87.5,"crime":"Murder"},{"yr_1990":22,"yr_1993":12,"yr_1998":24,"yr_2001":18,"yr_2014":15,"pct_change_14vs01":-16.7,"pct_change_14vs98":-37.5,"pct_change_14vs93":25,"pct_change_14vs90":-31.8,"crime":"Rape"},{"yr_1990":1372,"yr_1993":1026,"yr_1998":464,"yr_2001":313,"yr_2014":157,"pct_change_14vs01":-49.8,"pct_change_14vs98":-66.2,"pct_change_14vs93":-84.7,"pct_change_14vs90":-88.6,"crime":"Robbery"},{"yr_1990":290,"yr_1993":317,"yr_1998":248,"yr_2001":147,"yr_2014":169,"pct_change_14vs01":15,"pct_change_14vs98":-31.9,"pct_change_14vs93":-46.7,"pct_change_14vs90":-41.7,"crime":"Fel. Assault"},{"yr_1990":2062,"yr_1993":1563,"yr_1998":971,"yr_2001":564,"yr_2014":229,"pct_change_14vs01":-59.4,"pct_change_14vs98":-76.4,"pct_change_14vs93":-85.3,"pct_change_14vs90":-88.9,"crime":"Burglary"},{"yr_1990":1150,"yr_1993":914,"yr_1998":605,"yr_2001":570,"yr_2014":563,"pct_change_14vs01":-1.2,"pct_change_14vs98":-6.9,"pct_change_14vs93":-38.4,"pct_change_14vs90":-51,"crime":"Gr. Larceny"},{"yr_1990":2945,"yr_1993":2123,"yr_1998":942,"yr_2001":704,"yr_2014":143,"pct_change_14vs01":-79.7,"pct_change_14vs98":-84.8,"pct_change_14vs93":-93.3,"pct_change_14vs90":-95.1,"crime":"G.L.A."},{"yr_1990":7857,"yr_1993":5965,"yr_1998":3259,"yr_2001":2319,"yr_2014":1278,"pct_change_14vs01":-44.89,"pct_change_14vs98":-60.79,"pct_change_14vs93":-78.58,"pct_change_14vs90":-83.73,"crime":"TOTAL"}]}