{"mayor":"Bill de Blasio","commissioner":"William J. Bratton","volume":21,"number":11,"precinct":"107th","startDate":"2014-03-10T04:00:00.000Z","endDate":"2014-03-16T04:00:00.000Z","crimes":[{"crime":"Murder","wtd_curr_yr":0,"wtd_prev_yr":0,"wtd_pct_change":null,"twentyeight_day_curr_yr":0,"twentyeight_day_prev_yr":0,"twentyeight_day_pct_change":null,"ytd_curr_yr":0,"ytd_prev_yr":1,"ytd_pct_change":-100,"two_year_pct_change":null,"six_year_pct_change":-100,"twentytwo_year_pct_change":-100},{"crime":"Rape","wtd_curr_yr":0,"wtd_prev_yr":2,"wtd_pct_change":-100,"twentyeight_day_curr_yr":3,"twentyeight_day_prev_yr":4,"twentyeight_day_pct_change":-25,"ytd_curr_yr":5,"ytd_prev_yr":4,"ytd_pct_change":25,"two_year_pct_change":400,"six_year_pct_change":66.7,"twentytwo_year_pct_change":-28.6},{"crime":"Robbery","wtd_curr_yr":3,"wtd_prev_yr":6,"wtd_pct_change":-50,"twentyeight_day_curr_yr":15,"twentyeight_day_prev_yr":29,"twentyeight_day_pct_change":-48.3,"ytd_curr_yr":46,"ytd_prev_yr":53,"ytd_pct_change":-13.2,"two_year_pct_change":-8,"six_year_pct_change":-41.8,"twentytwo_year_pct_change":-78.9},{"crime":"Fel. Assault","wtd_curr_yr":0,"wtd_prev_yr":0,"wtd_pct_change":null,"twentyeight_day_curr_yr":5,"twentyeight_day_prev_yr":6,"twentyeight_day_pct_change":-16.7,"ytd_curr_yr":14,"ytd_prev_yr":20,"ytd_pct_change":-30,"two_year_pct_change":-39.1,"six_year_pct_change":-61.1,"twentytwo_year_pct_change":-72.5},{"crime":"Burglary","wtd_curr_yr":5,"wtd_prev_yr":3,"wtd_pct_change":66.7,"twentyeight_day_curr_yr":17,"twentyeight_day_prev_yr":16,"twentyeight_day_pct_change":6.2,"ytd_curr_yr":35,"ytd_prev_yr":41,"ytd_pct_change":-14.6,"two_year_pct_change":-18.6,"six_year_pct_change":-63.5,"twentytwo_year_pct_change":-90},{"crime":"Gr. Larceny","wtd_curr_yr":11,"wtd_prev_yr":9,"wtd_pct_change":22.2,"twentyeight_day_curr_yr":38,"twentyeight_day_prev_yr":27,"twentyeight_day_pct_change":40.7,"ytd_curr_yr":80,"ytd_prev_yr":75,"ytd_pct_change":6.7,"two_year_pct_change":-15.8,"six_year_pct_change":-27.9,"twentytwo_year_pct_change":-25.9},{"crime":"G.L.A.","wtd_curr_yr":5,"wtd_prev_yr":3,"wtd_pct_change":66.7,"twentyeight_day_curr_yr":9,"twentyeight_day_prev_yr":5,"twentyeight_day_pct_change":80,"ytd_curr_yr":18,"ytd_prev_yr":18,"ytd_pct_change":0,"two_year_pct_change":-40,"six_year_pct_change":-88.5,"twentytwo_year_pct_change":-98.2},{"crime":"TOTAL","wtd_curr_yr":24,"wtd_prev_yr":23,"wtd_pct_change":4.35,"twentyeight_day_curr_yr":87,"twentyeight_day_prev_yr":87,"twentyeight_day_pct_change":0,"ytd_curr_yr":198,"ytd_prev_yr":212,"ytd_pct_change":-6.6,"two_year_pct_change":-18.18,"six_year_pct_change":-59.01,"twentytwo_year_pct_change":-88.54},{"crime":"Transit","wtd_curr_yr":0,"wtd_prev_yr":0,"wtd_pct_change":null,"twentyeight_day_curr_yr":2,"twentyeight_day_prev_yr":1,"twentyeight_day_pct_change":100,"ytd_curr_yr":6,"ytd_prev_yr":3,"ytd_pct_change":100,"two_year_pct_change":200,"six_year_pct_change":0,"twentytwo_year_pct_change":null},{"crime":"Housing","wtd_curr_yr":0,"wtd_prev_yr":1,"wtd_pct_change":-100,"twentyeight_day_curr_yr":6,"twentyeight_day_prev_yr":5,"twentyeight_day_pct_change":20,"ytd_curr_yr":11,"ytd_prev_yr":8,"ytd_pct_change":37.5,"two_year_pct_change":37.5,"six_year_pct_change":22.2,"twentytwo_year_pct_change":null},{"crime":"Petit Larceny","wtd_curr_yr":18,"wtd_prev_yr":14,"wtd_pct_change":28.6,"twentyeight_day_curr_yr":46,"twentyeight_day_prev_yr":51,"twentyeight_day_pct_change":-9.8,"ytd_curr_yr":125,"ytd_prev_yr":140,"ytd_pct_change":-10.7,"two_year_pct_change":-24.2,"six_year_pct_change":null,"twentytwo_year_pct_change":null},{"crime":"Misd. Assault","wtd_curr_yr":11,"wtd_prev_yr":6,"wtd_pct_change":83.3,"twentyeight_day_curr_yr":29,"twentyeight_day_prev_yr":28,"twentyeight_day_pct_change":3.6,"ytd_curr_yr":68,"ytd_prev_yr":71,"ytd_pct_change":-4.2,"two_year_pct_change":-6.8,"six_year_pct_change":null,"twentytwo_year_pct_change":null},{"crime":"Misd. Sex Crimes","wtd_curr_yr":1,"wtd_prev_yr":1,"wtd_pct_change":0,"twentyeight_day_curr_yr":3,"twentyeight_day_prev_yr":2,"twentyeight_day_pct_change":50,"ytd_curr_yr":4,"ytd_prev_yr":6,"ytd_pct_change":-33.3,"two_year_pct_change":-33.3,"six_year_pct_change":null,"twentytwo_year_pct_change":null},{"crime":"Shooting Vic.","wtd_curr_yr":0,"wtd_prev_yr":0,"wtd_pct_change":null,"twentyeight_day_curr_yr":0,"twentyeight_day_prev_yr":0,"twentyeight_day_pct_change":null,"ytd_curr_yr":0,"ytd_prev_yr":1,"ytd_pct_change":-100,"two_year_pct_change":null,"six_year_pct_change":-100,"twentytwo_year_pct_change":-100},{"crime":"Shooting Inc.","wtd_curr_yr":0,"wtd_prev_yr":0,"wtd_pct_change":null,"twentyeight_day_curr_yr":0,"twentyeight_day_prev_yr":0,"twentyeight_day_pct_change":null,"ytd_curr_yr":0,"ytd_prev_yr":1,"ytd_pct_change":-100,"two_year_pct_change":null,"six_year_pct_change":-100,"twentytwo_year_pct_change":-100}],"historical":[{"yr_1990":14,"yr_1993":8,"yr_1998":5,"yr_2001":4,"yr_2013":1,"pct_change_13vs01":-75,"pct_change_13vs98":-80,"pct_change_13vs93":-87.5,"pct_change_13vs90":-92.9,"crime":"Murder"},{"yr_1990":24,"yr_1993":32,"yr_1998":30,"yr_2001":15,"yr_2013":7,"pct_change_13vs01":-53.3,"pct_change_13vs98":-76.7,"pct_change_13vs93":-78.1,"pct_change_13vs90":-70.8,"crime":"Rape"},{"yr_1990":1039,"yr_1993":514,"yr_1998":375,"yr_2001":242,"yr_2013":-35.5,"pct_change_13vs01":-52.9,"pct_change_13vs98":-76.7,"pct_change_13vs93":-72.9,"pct_change_13vs90":null,"crime":"Robbery 893"},{"yr_1990":260,"yr_1993":239,"yr_1998":226,"yr_2001":153,"yr_2013":138,"pct_change_13vs01":-9.8,"pct_change_13vs98":-38.9,"pct_change_13vs93":-42.3,"pct_change_13vs90":-46.9,"crime":"Fel. Assault"},{"yr_1990":2152,"yr_1993":1425,"yr_1998":862,"yr_2001":632,"yr_2013":244,"pct_change_13vs01":-61.4,"pct_change_13vs98":-71.7,"pct_change_13vs93":-82.9,"pct_change_13vs90":-88.7,"crime":"Burglary"},{"yr_1990":805,"yr_1993":616,"yr_1998":614,"yr_2001":572,"yr_2013":517,"pct_change_13vs01":-9.6,"pct_change_13vs98":-15.8,"pct_change_13vs93":-16.1,"pct_change_13vs90":-35.8,"crime":"Gr. Larceny"},{"yr_1990":5535,"yr_1993":4902,"yr_1998":1560,"yr_2001":802,"yr_2013":149,"pct_change_13vs01":-81.4,"pct_change_13vs98":-90.4,"pct_change_13vs93":-97,"pct_change_13vs90":-97.3,"crime":"G.L.A."},{"yr_1990":9683,"yr_1993":8261,"yr_1998":3811,"yr_2001":2553,"yr_2013":1298,"pct_change_13vs01":-49.16,"pct_change_13vs98":-65.94,"pct_change_13vs93":-84.29,"pct_change_13vs90":-86.6,"crime":"TOTAL"}]}