{"mayor":"Bill de Blasio","commissioner":"William J. Bratton","volume":21,"number":47,"precinct":"105th","startDate":"2014-11-17T05:00:00.000Z","endDate":"2014-11-23T05:00:00.000Z","crimes":[{"crime":"Murder","wtd_curr_yr":0,"wtd_prev_yr":0,"wtd_pct_change":null,"twentyeight_day_curr_yr":1,"twentyeight_day_prev_yr":0,"twentyeight_day_pct_change":null,"ytd_curr_yr":7,"ytd_prev_yr":3,"ytd_pct_change":133.3,"two_year_pct_change":0,"six_year_pct_change":0,"twentytwo_year_pct_change":-66.7},{"crime":"Rape","wtd_curr_yr":2,"wtd_prev_yr":0,"wtd_pct_change":null,"twentyeight_day_curr_yr":4,"twentyeight_day_prev_yr":0,"twentyeight_day_pct_change":null,"ytd_curr_yr":23,"ytd_prev_yr":15,"ytd_pct_change":53.3,"two_year_pct_change":-30.3,"six_year_pct_change":-25.8,"twentytwo_year_pct_change":-36.1},{"crime":"Robbery","wtd_curr_yr":7,"wtd_prev_yr":7,"wtd_pct_change":0,"twentyeight_day_curr_yr":24,"twentyeight_day_prev_yr":22,"twentyeight_day_pct_change":9.1,"ytd_curr_yr":191,"ytd_prev_yr":300,"ytd_pct_change":-36.3,"two_year_pct_change":-38.6,"six_year_pct_change":-35,"twentytwo_year_pct_change":-79.5},{"crime":"Fel. Assault","wtd_curr_yr":3,"wtd_prev_yr":10,"wtd_pct_change":-70,"twentyeight_day_curr_yr":20,"twentyeight_day_prev_yr":31,"twentyeight_day_pct_change":-35.5,"ytd_curr_yr":303,"ytd_prev_yr":279,"ytd_pct_change":8.6,"two_year_pct_change":12.2,"six_year_pct_change":37.7,"twentytwo_year_pct_change":-20.5},{"crime":"Burglary","wtd_curr_yr":5,"wtd_prev_yr":14,"wtd_pct_change":-64.3,"twentyeight_day_curr_yr":26,"twentyeight_day_prev_yr":41,"twentyeight_day_pct_change":-36.6,"ytd_curr_yr":286,"ytd_prev_yr":426,"ytd_pct_change":-32.9,"two_year_pct_change":-39.7,"six_year_pct_change":-25.5,"twentytwo_year_pct_change":-80.6},{"crime":"Gr. Larceny","wtd_curr_yr":12,"wtd_prev_yr":16,"wtd_pct_change":-25,"twentyeight_day_curr_yr":45,"twentyeight_day_prev_yr":44,"twentyeight_day_pct_change":2.3,"ytd_curr_yr":495,"ytd_prev_yr":457,"ytd_pct_change":8.3,"two_year_pct_change":15.4,"six_year_pct_change":17.6,"twentytwo_year_pct_change":-7.6},{"crime":"G.L.A.","wtd_curr_yr":3,"wtd_prev_yr":3,"wtd_pct_change":0,"twentyeight_day_curr_yr":14,"twentyeight_day_prev_yr":19,"twentyeight_day_pct_change":-26.3,"ytd_curr_yr":213,"ytd_prev_yr":234,"ytd_pct_change":-9,"two_year_pct_change":-26.3,"six_year_pct_change":-29.2,"twentytwo_year_pct_change":-93.2},{"crime":"TOTAL","wtd_curr_yr":32,"wtd_prev_yr":50,"wtd_pct_change":-36,"twentyeight_day_curr_yr":134,"twentyeight_day_prev_yr":157,"twentyeight_day_pct_change":-14.65,"ytd_curr_yr":1518,"ytd_prev_yr":1714,"ytd_pct_change":-11.44,"two_year_pct_change":-16.27,"six_year_pct_change":-8.44,"twentytwo_year_pct_change":-76.62},{"crime":"Transit","wtd_curr_yr":0,"wtd_prev_yr":0,"wtd_pct_change":null,"twentyeight_day_curr_yr":0,"twentyeight_day_prev_yr":0,"twentyeight_day_pct_change":null,"ytd_curr_yr":0,"ytd_prev_yr":0,"ytd_pct_change":null,"two_year_pct_change":null,"six_year_pct_change":null,"twentytwo_year_pct_change":null},{"crime":"Housing","wtd_curr_yr":0,"wtd_prev_yr":0,"wtd_pct_change":null,"twentyeight_day_curr_yr":0,"twentyeight_day_prev_yr":0,"twentyeight_day_pct_change":null,"ytd_curr_yr":0,"ytd_prev_yr":0,"ytd_pct_change":null,"two_year_pct_change":null,"six_year_pct_change":null,"twentytwo_year_pct_change":null},{"crime":"Petit Larceny","wtd_curr_yr":12,"wtd_prev_yr":22,"wtd_pct_change":-45.5,"twentyeight_day_curr_yr":67,"twentyeight_day_prev_yr":74,"twentyeight_day_pct_change":-9.5,"ytd_curr_yr":701,"ytd_prev_yr":647,"ytd_pct_change":8.3,"two_year_pct_change":1.2,"six_year_pct_change":-17.9,"twentytwo_year_pct_change":null},{"crime":"Misd. Assault","wtd_curr_yr":8,"wtd_prev_yr":11,"wtd_pct_change":-27.3,"twentyeight_day_curr_yr":52,"twentyeight_day_prev_yr":52,"twentyeight_day_pct_change":0,"ytd_curr_yr":612,"ytd_prev_yr":569,"ytd_pct_change":7.6,"two_year_pct_change":17,"six_year_pct_change":-6.7,"twentytwo_year_pct_change":null},{"crime":"Misd. Sex Crimes","wtd_curr_yr":0,"wtd_prev_yr":0,"wtd_pct_change":null,"twentyeight_day_curr_yr":3,"twentyeight_day_prev_yr":2,"twentyeight_day_pct_change":50,"ytd_curr_yr":21,"ytd_prev_yr":33,"ytd_pct_change":-36.4,"two_year_pct_change":-34.4,"six_year_pct_change":-43.2,"twentytwo_year_pct_change":null},{"crime":"Shooting Vic.","wtd_curr_yr":0,"wtd_prev_yr":0,"wtd_pct_change":null,"twentyeight_day_curr_yr":0,"twentyeight_day_prev_yr":0,"twentyeight_day_pct_change":null,"ytd_curr_yr":10,"ytd_prev_yr":10,"ytd_pct_change":0,"two_year_pct_change":-64.3,"six_year_pct_change":-56.5,"twentytwo_year_pct_change":-86.3},{"crime":"Shooting Inc.","wtd_curr_yr":0,"wtd_prev_yr":0,"wtd_pct_change":null,"twentyeight_day_curr_yr":0,"twentyeight_day_prev_yr":0,"twentyeight_day_pct_change":null,"ytd_curr_yr":9,"ytd_prev_yr":9,"ytd_pct_change":0,"two_year_pct_change":-62.5,"six_year_pct_change":-57.1,"twentytwo_year_pct_change":-86.2}],"historical":[{"yr_1990":30,"yr_1993":23,"yr_1998":7,"yr_2001":18,"yr_2013":3,"pct_change_13vs01":-83.3,"pct_change_13vs98":-57.1,"pct_change_13vs93":-87,"pct_change_13vs90":-90,"crime":"Murder"},{"yr_1990":56,"yr_1993":41,"yr_1998":52,"yr_2001":35,"yr_2013":18,"pct_change_13vs01":-48.6,"pct_change_13vs98":-65.4,"pct_change_13vs93":-56.1,"pct_change_13vs90":-67.9,"crime":"Rape"},{"yr_1990":1066,"yr_1993":1082,"yr_1998":557,"yr_2001":395,"yr_2013":331,"pct_change_13vs01":-16.2,"pct_change_13vs98":-40.6,"pct_change_13vs93":-69.4,"pct_change_13vs90":-68.9,"crime":"Robbery"},{"yr_1990":459,"yr_1993":409,"yr_1998":400,"yr_2001":329,"yr_2013":313,"pct_change_13vs01":-4.9,"pct_change_13vs98":-21.8,"pct_change_13vs93":-23.5,"pct_change_13vs90":-31.8,"crime":"Fel. Assault"},{"yr_1990":2199,"yr_1993":1640,"yr_1998":854,"yr_2001":630,"yr_2013":469,"pct_change_13vs01":-25.6,"pct_change_13vs98":-45.1,"pct_change_13vs93":-71.4,"pct_change_13vs90":-78.7,"crime":"Burglary"},{"yr_1990":699,"yr_1993":593,"yr_1998":444,"yr_2001":456,"yr_2013":520,"pct_change_13vs01":14,"pct_change_13vs98":17.1,"pct_change_13vs93":-12.3,"pct_change_13vs90":-25.6,"crime":"Gr. Larceny"},{"yr_1990":3534,"yr_1993":3476,"yr_1998":1360,"yr_2001":913,"yr_2013":263,"pct_change_13vs01":-71.2,"pct_change_13vs98":-80.7,"pct_change_13vs93":-92.4,"pct_change_13vs90":-92.6,"crime":"G.L.A."},{"yr_1990":8043,"yr_1993":7264,"yr_1998":3674,"yr_2001":2776,"yr_2013":1917,"pct_change_13vs01":-30.94,"pct_change_13vs98":-47.82,"pct_change_13vs93":-73.61,"pct_change_13vs90":-76.17,"crime":"TOTAL"}]}