{"mayor":"Bill de Blasio","commissioner":"William J. Bratton","volume":21,"number":50,"precinct":"104th","startDate":"2014-12-08T05:00:00.000Z","endDate":"2014-12-14T05:00:00.000Z","crimes":[{"crime":"Murder","wtd_curr_yr":0,"wtd_prev_yr":0,"wtd_pct_change":null,"twentyeight_day_curr_yr":0,"twentyeight_day_prev_yr":0,"twentyeight_day_pct_change":null,"ytd_curr_yr":3,"ytd_prev_yr":3,"ytd_pct_change":0,"two_year_pct_change":null,"six_year_pct_change":200,"twentytwo_year_pct_change":-83.3},{"crime":"Rape","wtd_curr_yr":0,"wtd_prev_yr":0,"wtd_pct_change":null,"twentyeight_day_curr_yr":1,"twentyeight_day_prev_yr":1,"twentyeight_day_pct_change":0,"ytd_curr_yr":18,"ytd_prev_yr":14,"ytd_pct_change":28.6,"two_year_pct_change":20,"six_year_pct_change":38.5,"twentytwo_year_pct_change":-14.3},{"crime":"Robbery","wtd_curr_yr":4,"wtd_prev_yr":5,"wtd_pct_change":-20,"twentyeight_day_curr_yr":14,"twentyeight_day_prev_yr":21,"twentyeight_day_pct_change":-33.3,"ytd_curr_yr":174,"ytd_prev_yr":249,"ytd_pct_change":-30.1,"two_year_pct_change":-35.3,"six_year_pct_change":-35.1,"twentytwo_year_pct_change":-82.1},{"crime":"Fel. Assault","wtd_curr_yr":4,"wtd_prev_yr":2,"wtd_pct_change":100,"twentyeight_day_curr_yr":11,"twentyeight_day_prev_yr":12,"twentyeight_day_pct_change":-8.3,"ytd_curr_yr":198,"ytd_prev_yr":232,"ytd_pct_change":-14.7,"two_year_pct_change":-19.2,"six_year_pct_change":10.6,"twentytwo_year_pct_change":-32.7},{"crime":"Burglary","wtd_curr_yr":8,"wtd_prev_yr":2,"wtd_pct_change":300,"twentyeight_day_curr_yr":26,"twentyeight_day_prev_yr":22,"twentyeight_day_pct_change":18.2,"ytd_curr_yr":271,"ytd_prev_yr":323,"ytd_pct_change":-16.1,"two_year_pct_change":-26,"six_year_pct_change":-35.3,"twentytwo_year_pct_change":-85.8},{"crime":"Gr. Larceny","wtd_curr_yr":8,"wtd_prev_yr":10,"wtd_pct_change":-20,"twentyeight_day_curr_yr":39,"twentyeight_day_prev_yr":52,"twentyeight_day_pct_change":-25,"ytd_curr_yr":546,"ytd_prev_yr":547,"ytd_pct_change":-0.2,"two_year_pct_change":8.1,"six_year_pct_change":14.5,"twentytwo_year_pct_change":-15.6},{"crime":"G.L.A.","wtd_curr_yr":2,"wtd_prev_yr":7,"wtd_pct_change":-71.4,"twentyeight_day_curr_yr":20,"twentyeight_day_prev_yr":22,"twentyeight_day_pct_change":-9.1,"ytd_curr_yr":215,"ytd_prev_yr":167,"ytd_pct_change":28.7,"two_year_pct_change":9.1,"six_year_pct_change":-24.8,"twentytwo_year_pct_change":-93.5},{"crime":"TOTAL","wtd_curr_yr":26,"wtd_prev_yr":26,"wtd_pct_change":0,"twentyeight_day_curr_yr":111,"twentyeight_day_prev_yr":130,"twentyeight_day_pct_change":-14.62,"ytd_curr_yr":1425,"ytd_prev_yr":1535,"ytd_pct_change":-7.17,"two_year_pct_change":-10.77,"six_year_pct_change":-13.27,"twentytwo_year_pct_change":-80.09},{"crime":"Transit","wtd_curr_yr":0,"wtd_prev_yr":0,"wtd_pct_change":null,"twentyeight_day_curr_yr":0,"twentyeight_day_prev_yr":3,"twentyeight_day_pct_change":-100,"ytd_curr_yr":11,"ytd_prev_yr":17,"ytd_pct_change":-35.3,"two_year_pct_change":-56,"six_year_pct_change":83.3,"twentytwo_year_pct_change":null},{"crime":"Housing","wtd_curr_yr":0,"wtd_prev_yr":0,"wtd_pct_change":null,"twentyeight_day_curr_yr":0,"twentyeight_day_prev_yr":0,"twentyeight_day_pct_change":null,"ytd_curr_yr":0,"ytd_prev_yr":0,"ytd_pct_change":null,"two_year_pct_change":null,"six_year_pct_change":null,"twentytwo_year_pct_change":null},{"crime":"Petit Larceny","wtd_curr_yr":12,"wtd_prev_yr":24,"wtd_pct_change":-50,"twentyeight_day_curr_yr":50,"twentyeight_day_prev_yr":99,"twentyeight_day_pct_change":-49.5,"ytd_curr_yr":1067,"ytd_prev_yr":1127,"ytd_pct_change":-5.3,"two_year_pct_change":3.4,"six_year_pct_change":-3.2,"twentytwo_year_pct_change":null},{"crime":"Misd. Assault","wtd_curr_yr":7,"wtd_prev_yr":6,"wtd_pct_change":16.7,"twentyeight_day_curr_yr":45,"twentyeight_day_prev_yr":44,"twentyeight_day_pct_change":2.3,"ytd_curr_yr":583,"ytd_prev_yr":549,"ytd_pct_change":6.2,"two_year_pct_change":-4.7,"six_year_pct_change":-4.7,"twentytwo_year_pct_change":null},{"crime":"Misd. Sex Crimes","wtd_curr_yr":1,"wtd_prev_yr":0,"wtd_pct_change":null,"twentyeight_day_curr_yr":3,"twentyeight_day_prev_yr":2,"twentyeight_day_pct_change":50,"ytd_curr_yr":15,"ytd_prev_yr":27,"ytd_pct_change":-44.4,"two_year_pct_change":-46.4,"six_year_pct_change":-54.5,"twentytwo_year_pct_change":null},{"crime":"Shooting Vic.","wtd_curr_yr":0,"wtd_prev_yr":0,"wtd_pct_change":null,"twentyeight_day_curr_yr":0,"twentyeight_day_prev_yr":0,"twentyeight_day_pct_change":null,"ytd_curr_yr":8,"ytd_prev_yr":4,"ytd_pct_change":100,"two_year_pct_change":60,"six_year_pct_change":33.3,"twentytwo_year_pct_change":-73.3},{"crime":"Shooting Inc.","wtd_curr_yr":0,"wtd_prev_yr":0,"wtd_pct_change":null,"twentyeight_day_curr_yr":0,"twentyeight_day_prev_yr":0,"twentyeight_day_pct_change":null,"ytd_curr_yr":7,"ytd_prev_yr":4,"ytd_pct_change":75,"two_year_pct_change":40,"six_year_pct_change":40,"twentytwo_year_pct_change":-74.1}],"historical":[{"yr_1990":11,"yr_1993":19,"yr_1998":7,"yr_2001":5,"yr_2013":3,"pct_change_13vs01":-40,"pct_change_13vs98":-57.1,"pct_change_13vs93":-84.2,"pct_change_13vs90":-72.7,"crime":"Murder"},{"yr_1990":21,"yr_1993":21,"yr_1998":24,"yr_2001":15,"yr_2013":15,"pct_change_13vs01":0,"pct_change_13vs98":-37.5,"pct_change_13vs93":-28.6,"pct_change_13vs90":-28.6,"crime":"Rape"},{"yr_1990":1307,"yr_1993":1027,"yr_1998":490,"yr_2001":359,"yr_2013":256,"pct_change_13vs01":-28.7,"pct_change_13vs98":-47.8,"pct_change_13vs93":-75.1,"pct_change_13vs90":-80.4,"crime":"Robbery"},{"yr_1990":279,"yr_1993":305,"yr_1998":261,"yr_2001":262,"yr_2013":241,"pct_change_13vs01":-8,"pct_change_13vs98":-7.7,"pct_change_13vs93":-21,"pct_change_13vs90":-13.6,"crime":"Fel. Assault"},{"yr_1990":2562,"yr_1993":1955,"yr_1998":1024,"yr_2001":790,"yr_2013":339,"pct_change_13vs01":-57.1,"pct_change_13vs98":-66.9,"pct_change_13vs93":-82.7,"pct_change_13vs90":-86.8,"crime":"Burglary"},{"yr_1990":884,"yr_1993":678,"yr_1998":485,"yr_2001":551,"yr_2013":572,"pct_change_13vs01":3.8,"pct_change_13vs98":17.9,"pct_change_13vs93":-15.6,"pct_change_13vs90":-35.3,"crime":"Gr. Larceny"},{"yr_1990":4443,"yr_1993":3418,"yr_1998":1374,"yr_2001":892,"yr_2013":181,"pct_change_13vs01":-79.7,"pct_change_13vs98":-86.8,"pct_change_13vs93":-94.7,"pct_change_13vs90":-95.9,"crime":"G.L.A."},{"yr_1990":9507,"yr_1993":7423,"yr_1998":3665,"yr_2001":2874,"yr_2013":1607,"pct_change_13vs01":-44.08,"pct_change_13vs98":-56.15,"pct_change_13vs93":-78.35,"pct_change_13vs90":-83.1,"crime":"TOTAL"}]}