{"mayor":"Bill de Blasio","commissioner":"William J. Bratton","volume":21,"number":39,"precinct":"102nd","startDate":"2014-09-22T04:00:00.000Z","endDate":"2014-09-28T04:00:00.000Z","crimes":[{"crime":"Murder","wtd_curr_yr":0,"wtd_prev_yr":0,"wtd_pct_change":null,"twentyeight_day_curr_yr":0,"twentyeight_day_prev_yr":0,"twentyeight_day_pct_change":null,"ytd_curr_yr":2,"ytd_prev_yr":5,"ytd_pct_change":-60,"two_year_pct_change":-60,"six_year_pct_change":-50,"twentytwo_year_pct_change":-60},{"crime":"Rape","wtd_curr_yr":1,"wtd_prev_yr":0,"wtd_pct_change":null,"twentyeight_day_curr_yr":2,"twentyeight_day_prev_yr":1,"twentyeight_day_pct_change":100,"ytd_curr_yr":13,"ytd_prev_yr":21,"ytd_pct_change":-38.1,"two_year_pct_change":-38.1,"six_year_pct_change":-18.8,"twentytwo_year_pct_change":-45.8},{"crime":"Robbery","wtd_curr_yr":3,"wtd_prev_yr":6,"wtd_pct_change":-50,"twentyeight_day_curr_yr":8,"twentyeight_day_prev_yr":23,"twentyeight_day_pct_change":-65.2,"ytd_curr_yr":166,"ytd_prev_yr":216,"ytd_pct_change":-23.1,"two_year_pct_change":-25.2,"six_year_pct_change":-14,"twentytwo_year_pct_change":-80.9},{"crime":"Fel. Assault","wtd_curr_yr":4,"wtd_prev_yr":1,"wtd_pct_change":300,"twentyeight_day_curr_yr":10,"twentyeight_day_prev_yr":19,"twentyeight_day_pct_change":-47.4,"ytd_curr_yr":177,"ytd_prev_yr":231,"ytd_pct_change":-23.4,"two_year_pct_change":-2.2,"six_year_pct_change":-2.2,"twentytwo_year_pct_change":-34.4},{"crime":"Burglary","wtd_curr_yr":8,"wtd_prev_yr":8,"wtd_pct_change":0,"twentyeight_day_curr_yr":23,"twentyeight_day_prev_yr":31,"twentyeight_day_pct_change":-25.8,"ytd_curr_yr":221,"ytd_prev_yr":223,"ytd_pct_change":-0.9,"two_year_pct_change":-6.8,"six_year_pct_change":-14,"twentytwo_year_pct_change":-79.1},{"crime":"Gr. Larceny","wtd_curr_yr":7,"wtd_prev_yr":12,"wtd_pct_change":-41.7,"twentyeight_day_curr_yr":25,"twentyeight_day_prev_yr":44,"twentyeight_day_pct_change":-43.2,"ytd_curr_yr":372,"ytd_prev_yr":336,"ytd_pct_change":10.7,"two_year_pct_change":10.7,"six_year_pct_change":15.9,"twentytwo_year_pct_change":-10.6},{"crime":"G.L.A.","wtd_curr_yr":6,"wtd_prev_yr":9,"wtd_pct_change":-33.3,"twentyeight_day_curr_yr":25,"twentyeight_day_prev_yr":22,"twentyeight_day_pct_change":13.6,"ytd_curr_yr":177,"ytd_prev_yr":186,"ytd_pct_change":-4.8,"two_year_pct_change":2.9,"six_year_pct_change":-0.6,"twentytwo_year_pct_change":-93.1},{"crime":"TOTAL","wtd_curr_yr":29,"wtd_prev_yr":36,"wtd_pct_change":-19.44,"twentyeight_day_curr_yr":93,"twentyeight_day_prev_yr":140,"twentyeight_day_pct_change":-33.57,"ytd_curr_yr":1128,"ytd_prev_yr":1218,"ytd_pct_change":-7.39,"two_year_pct_change":-3.92,"six_year_pct_change":-1.91,"twentytwo_year_pct_change":-78.38},{"crime":"Transit","wtd_curr_yr":0,"wtd_prev_yr":0,"wtd_pct_change":null,"twentyeight_day_curr_yr":1,"twentyeight_day_prev_yr":3,"twentyeight_day_pct_change":-66.7,"ytd_curr_yr":13,"ytd_prev_yr":12,"ytd_pct_change":8.3,"two_year_pct_change":-31.6,"six_year_pct_change":-7.1,"twentytwo_year_pct_change":null},{"crime":"Housing","wtd_curr_yr":0,"wtd_prev_yr":0,"wtd_pct_change":null,"twentyeight_day_curr_yr":0,"twentyeight_day_prev_yr":0,"twentyeight_day_pct_change":null,"ytd_curr_yr":0,"ytd_prev_yr":0,"ytd_pct_change":null,"two_year_pct_change":null,"six_year_pct_change":null,"twentytwo_year_pct_change":null},{"crime":"Petit Larceny","wtd_curr_yr":15,"wtd_prev_yr":26,"wtd_pct_change":-42.3,"twentyeight_day_curr_yr":72,"twentyeight_day_prev_yr":86,"twentyeight_day_pct_change":-16.3,"ytd_curr_yr":775,"ytd_prev_yr":681,"ytd_pct_change":13.8,"two_year_pct_change":7.8,"six_year_pct_change":21.9,"twentytwo_year_pct_change":null},{"crime":"Misd. Assault","wtd_curr_yr":7,"wtd_prev_yr":15,"wtd_pct_change":-53.3,"twentyeight_day_curr_yr":46,"twentyeight_day_prev_yr":44,"twentyeight_day_pct_change":4.5,"ytd_curr_yr":436,"ytd_prev_yr":429,"ytd_pct_change":1.6,"two_year_pct_change":-11.2,"six_year_pct_change":-7.8,"twentytwo_year_pct_change":null},{"crime":"Misd. Sex Crimes","wtd_curr_yr":5,"wtd_prev_yr":2,"wtd_pct_change":150,"twentyeight_day_curr_yr":6,"twentyeight_day_prev_yr":4,"twentyeight_day_pct_change":50,"ytd_curr_yr":27,"ytd_prev_yr":21,"ytd_pct_change":28.6,"two_year_pct_change":68.8,"six_year_pct_change":3.8,"twentytwo_year_pct_change":null},{"crime":"Shooting Vic.","wtd_curr_yr":0,"wtd_prev_yr":0,"wtd_pct_change":null,"twentyeight_day_curr_yr":0,"twentyeight_day_prev_yr":0,"twentyeight_day_pct_change":null,"ytd_curr_yr":5,"ytd_prev_yr":6,"ytd_pct_change":-16.7,"two_year_pct_change":-16.7,"six_year_pct_change":-54.5,"twentytwo_year_pct_change":-81.5},{"crime":"Shooting Inc.","wtd_curr_yr":0,"wtd_prev_yr":0,"wtd_pct_change":null,"twentyeight_day_curr_yr":0,"twentyeight_day_prev_yr":0,"twentyeight_day_pct_change":null,"ytd_curr_yr":5,"ytd_prev_yr":6,"ytd_pct_change":-16.7,"two_year_pct_change":-16.7,"six_year_pct_change":-50,"twentytwo_year_pct_change":-77.3}],"historical":[{"yr_1990":6,"yr_1993":12,"yr_1998":3,"yr_2001":2,"yr_2013":7,"pct_change_13vs01":250,"pct_change_13vs98":133.3,"pct_change_13vs93":-41.7,"pct_change_13vs90":16.7,"crime":"Murder"},{"yr_1990":29,"yr_1993":34,"yr_1998":23,"yr_2001":21,"yr_2013":24,"pct_change_13vs01":14.3,"pct_change_13vs98":4.3,"pct_change_13vs93":-29.4,"pct_change_13vs90":-17.2,"crime":"Rape"},{"yr_1990":1067,"yr_1993":1238,"yr_1998":672,"yr_2001":459,"yr_2013":311,"pct_change_13vs01":-32.2,"pct_change_13vs98":-53.7,"pct_change_13vs93":-74.9,"pct_change_13vs90":-70.9,"crime":"Robbery"},{"yr_1990":345,"yr_1993":362,"yr_1998":440,"yr_2001":309,"yr_2013":323,"pct_change_13vs01":4.5,"pct_change_13vs98":-26.6,"pct_change_13vs93":-10.8,"pct_change_13vs90":-6.4,"crime":"Fel. Assault"},{"yr_1990":1847,"yr_1993":1503,"yr_1998":965,"yr_2001":622,"yr_2013":288,"pct_change_13vs01":-53.7,"pct_change_13vs98":-70.2,"pct_change_13vs93":-80.8,"pct_change_13vs90":-84.4,"crime":"Burglary"},{"yr_1990":721,"yr_1993":583,"yr_1998":538,"yr_2001":378,"yr_2013":490,"pct_change_13vs01":29.6,"pct_change_13vs98":-8.9,"pct_change_13vs93":-16,"pct_change_13vs90":-32,"crime":"Gr. Larceny"},{"yr_1990":4145,"yr_1993":3495,"yr_1998":1303,"yr_2001":803,"yr_2013":252,"pct_change_13vs01":-68.6,"pct_change_13vs98":-80.7,"pct_change_13vs93":-92.8,"pct_change_13vs90":-93.9,"crime":"G.L.A."},{"yr_1990":8160,"yr_1993":7227,"yr_1998":3944,"yr_2001":2594,"yr_2013":1695,"pct_change_13vs01":-34.66,"pct_change_13vs98":-57.02,"pct_change_13vs93":-76.55,"pct_change_13vs90":-79.23,"crime":"TOTAL"}]}