{"mayor":"Bill de Blasio","commissioner":"William J. Bratton","volume":21,"number":49,"precinct":"103rd","startDate":"2014-12-01T05:00:00.000Z","endDate":"2014-12-07T05:00:00.000Z","crimes":[{"crime":"Murder","wtd_curr_yr":1,"wtd_prev_yr":0,"wtd_pct_change":null,"twentyeight_day_curr_yr":1,"twentyeight_day_prev_yr":1,"twentyeight_day_pct_change":0,"ytd_curr_yr":9,"ytd_prev_yr":8,"ytd_pct_change":12.5,"two_year_pct_change":-10,"six_year_pct_change":-18.2,"twentytwo_year_pct_change":-67.9},{"crime":"Rape","wtd_curr_yr":0,"wtd_prev_yr":0,"wtd_pct_change":null,"twentyeight_day_curr_yr":3,"twentyeight_day_prev_yr":0,"twentyeight_day_pct_change":null,"ytd_curr_yr":21,"ytd_prev_yr":36,"ytd_pct_change":-41.7,"two_year_pct_change":-30,"six_year_pct_change":-30,"twentytwo_year_pct_change":-70.4},{"crime":"Robbery","wtd_curr_yr":8,"wtd_prev_yr":5,"wtd_pct_change":60,"twentyeight_day_curr_yr":33,"twentyeight_day_prev_yr":28,"twentyeight_day_pct_change":17.9,"ytd_curr_yr":367,"ytd_prev_yr":416,"ytd_pct_change":-11.8,"two_year_pct_change":-10,"six_year_pct_change":4,"twentytwo_year_pct_change":-77.1},{"crime":"Fel. Assault","wtd_curr_yr":4,"wtd_prev_yr":2,"wtd_pct_change":100,"twentyeight_day_curr_yr":32,"twentyeight_day_prev_yr":22,"twentyeight_day_pct_change":45.5,"ytd_curr_yr":425,"ytd_prev_yr":348,"ytd_pct_change":22.1,"two_year_pct_change":19.4,"six_year_pct_change":15.5,"twentytwo_year_pct_change":-47.1},{"crime":"Burglary","wtd_curr_yr":5,"wtd_prev_yr":7,"wtd_pct_change":-28.6,"twentyeight_day_curr_yr":24,"twentyeight_day_prev_yr":31,"twentyeight_day_pct_change":-22.6,"ytd_curr_yr":246,"ytd_prev_yr":288,"ytd_pct_change":-14.6,"two_year_pct_change":-16.9,"six_year_pct_change":-13.4,"twentytwo_year_pct_change":-77.4},{"crime":"Gr. Larceny","wtd_curr_yr":3,"wtd_prev_yr":13,"wtd_pct_change":-76.9,"twentyeight_day_curr_yr":26,"twentyeight_day_prev_yr":48,"twentyeight_day_pct_change":-45.8,"ytd_curr_yr":451,"ytd_prev_yr":457,"ytd_pct_change":-1.3,"two_year_pct_change":-0.7,"six_year_pct_change":5.6,"twentytwo_year_pct_change":-59.6},{"crime":"G.L.A.","wtd_curr_yr":3,"wtd_prev_yr":2,"wtd_pct_change":50,"twentyeight_day_curr_yr":10,"twentyeight_day_prev_yr":14,"twentyeight_day_pct_change":-28.6,"ytd_curr_yr":128,"ytd_prev_yr":159,"ytd_pct_change":-19.5,"two_year_pct_change":-23.8,"six_year_pct_change":-22,"twentytwo_year_pct_change":-91.4},{"crime":"TOTAL","wtd_curr_yr":24,"wtd_prev_yr":29,"wtd_pct_change":-17.24,"twentyeight_day_curr_yr":129,"twentyeight_day_prev_yr":144,"twentyeight_day_pct_change":-10.42,"ytd_curr_yr":1647,"ytd_prev_yr":1712,"ytd_pct_change":-3.8,"two_year_pct_change":-4.36,"six_year_pct_change":0.61,"twentytwo_year_pct_change":-73.46},{"crime":"Transit","wtd_curr_yr":0,"wtd_prev_yr":0,"wtd_pct_change":null,"twentyeight_day_curr_yr":0,"twentyeight_day_prev_yr":1,"twentyeight_day_pct_change":-100,"ytd_curr_yr":21,"ytd_prev_yr":37,"ytd_pct_change":-43.2,"two_year_pct_change":-22.2,"six_year_pct_change":75,"twentytwo_year_pct_change":null},{"crime":"Housing","wtd_curr_yr":3,"wtd_prev_yr":0,"wtd_pct_change":null,"twentyeight_day_curr_yr":4,"twentyeight_day_prev_yr":4,"twentyeight_day_pct_change":0,"ytd_curr_yr":30,"ytd_prev_yr":39,"ytd_pct_change":-23.1,"two_year_pct_change":-28.6,"six_year_pct_change":25,"twentytwo_year_pct_change":null},{"crime":"Petit Larceny","wtd_curr_yr":21,"wtd_prev_yr":13,"wtd_pct_change":61.5,"twentyeight_day_curr_yr":79,"twentyeight_day_prev_yr":78,"twentyeight_day_pct_change":1.3,"ytd_curr_yr":1107,"ytd_prev_yr":1070,"ytd_pct_change":3.5,"two_year_pct_change":16.4,"six_year_pct_change":13.2,"twentytwo_year_pct_change":null},{"crime":"Misd. Assault","wtd_curr_yr":13,"wtd_prev_yr":22,"wtd_pct_change":-40.9,"twentyeight_day_curr_yr":52,"twentyeight_day_prev_yr":69,"twentyeight_day_pct_change":-24.6,"ytd_curr_yr":803,"ytd_prev_yr":888,"ytd_pct_change":-9.6,"two_year_pct_change":4.6,"six_year_pct_change":15.5,"twentytwo_year_pct_change":null},{"crime":"Misd. Sex Crimes","wtd_curr_yr":2,"wtd_prev_yr":0,"wtd_pct_change":null,"twentyeight_day_curr_yr":5,"twentyeight_day_prev_yr":2,"twentyeight_day_pct_change":150,"ytd_curr_yr":33,"ytd_prev_yr":26,"ytd_pct_change":26.9,"two_year_pct_change":-15.4,"six_year_pct_change":3.1,"twentytwo_year_pct_change":null},{"crime":"Shooting Vic.","wtd_curr_yr":0,"wtd_prev_yr":0,"wtd_pct_change":null,"twentyeight_day_curr_yr":0,"twentyeight_day_prev_yr":1,"twentyeight_day_pct_change":-100,"ytd_curr_yr":21,"ytd_prev_yr":32,"ytd_pct_change":-34.4,"two_year_pct_change":-52.3,"six_year_pct_change":-52.3,"twentytwo_year_pct_change":-86.2},{"crime":"Shooting Inc.","wtd_curr_yr":0,"wtd_prev_yr":0,"wtd_pct_change":null,"twentyeight_day_curr_yr":0,"twentyeight_day_prev_yr":1,"twentyeight_day_pct_change":-100,"ytd_curr_yr":17,"ytd_prev_yr":29,"ytd_pct_change":-41.4,"two_year_pct_change":-57.5,"six_year_pct_change":-52.8,"twentytwo_year_pct_change":-87.9}],"historical":[{"yr_1990":38,"yr_1993":28,"yr_1998":16,"yr_2001":10,"yr_2013":8,"pct_change_13vs01":-20,"pct_change_13vs98":-50,"pct_change_13vs93":-71.4,"pct_change_13vs90":-78.9,"crime":"Murder"},{"yr_1990":60,"yr_1993":74,"yr_1998":45,"yr_2001":27,"yr_2013":37,"pct_change_13vs01":37,"pct_change_13vs98":-17.8,"pct_change_13vs93":-50,"pct_change_13vs90":-38.3,"crime":"Rape"},{"yr_1990":1846,"yr_1993":1742,"yr_1998":751,"yr_2001":530,"yr_2013":438,"pct_change_13vs01":-17.4,"pct_change_13vs98":-41.7,"pct_change_13vs93":-74.9,"pct_change_13vs90":-76.3,"crime":"Robbery"},{"yr_1990":958,"yr_1993":853,"yr_1998":611,"yr_2001":406,"yr_2013":369,"pct_change_13vs01":-9.1,"pct_change_13vs98":-39.6,"pct_change_13vs93":-56.7,"pct_change_13vs90":-61.5,"crime":"Fel. Assault"},{"yr_1990":1592,"yr_1993":1166,"yr_1998":598,"yr_2001":449,"yr_2013":300,"pct_change_13vs01":-33.2,"pct_change_13vs98":-49.8,"pct_change_13vs93":-74.3,"pct_change_13vs90":-81.2,"crime":"Burglary"},{"yr_1990":1277,"yr_1993":1214,"yr_1998":578,"yr_2001":587,"yr_2013":487,"pct_change_13vs01":-17,"pct_change_13vs98":-15.7,"pct_change_13vs93":-59.9,"pct_change_13vs90":-61.9,"crime":"Gr. Larceny"},{"yr_1990":1889,"yr_1993":1591,"yr_1998":602,"yr_2001":472,"yr_2013":172,"pct_change_13vs01":-63.6,"pct_change_13vs98":-71.4,"pct_change_13vs93":-89.2,"pct_change_13vs90":-90.9,"crime":"G.L.A."},{"yr_1990":7660,"yr_1993":6668,"yr_1998":3201,"yr_2001":2481,"yr_2013":1811,"pct_change_13vs01":-27.01,"pct_change_13vs98":-43.42,"pct_change_13vs93":-72.84,"pct_change_13vs90":-76.36,"crime":"TOTAL"}]}