{"mayor":"Bill de Blasio","commissioner":"William J. Bratton","volume":21,"number":15,"precinct":"105th","startDate":"2014-04-07T04:00:00.000Z","endDate":"2014-04-13T04:00:00.000Z","crimes":[{"crime":"Murder","wtd_curr_yr":0,"wtd_prev_yr":0,"wtd_pct_change":null,"twentyeight_day_curr_yr":1,"twentyeight_day_prev_yr":1,"twentyeight_day_pct_change":0,"ytd_curr_yr":2,"ytd_prev_yr":1,"ytd_pct_change":100,"two_year_pct_change":-33.3,"six_year_pct_change":100,"twentytwo_year_pct_change":-60},{"crime":"Rape","wtd_curr_yr":0,"wtd_prev_yr":2,"wtd_pct_change":-100,"twentyeight_day_curr_yr":2,"twentyeight_day_prev_yr":4,"twentyeight_day_pct_change":-50,"ytd_curr_yr":7,"ytd_prev_yr":7,"ytd_pct_change":0,"two_year_pct_change":-22.2,"six_year_pct_change":-36.4,"twentytwo_year_pct_change":-41.7},{"crime":"Robbery","wtd_curr_yr":1,"wtd_prev_yr":7,"wtd_pct_change":-85.7,"twentyeight_day_curr_yr":8,"twentyeight_day_prev_yr":21,"twentyeight_day_pct_change":-61.9,"ytd_curr_yr":55,"ytd_prev_yr":111,"ytd_pct_change":-50.5,"two_year_pct_change":-50.5,"six_year_pct_change":-50.9,"twentytwo_year_pct_change":-79.9},{"crime":"Fel. Assault","wtd_curr_yr":3,"wtd_prev_yr":2,"wtd_pct_change":50,"twentyeight_day_curr_yr":21,"twentyeight_day_prev_yr":18,"twentyeight_day_pct_change":16.7,"ytd_curr_yr":79,"ytd_prev_yr":69,"ytd_pct_change":14.5,"two_year_pct_change":-1.2,"six_year_pct_change":19.7,"twentytwo_year_pct_change":-14.1},{"crime":"Burglary","wtd_curr_yr":8,"wtd_prev_yr":13,"wtd_pct_change":-38.5,"twentyeight_day_curr_yr":21,"twentyeight_day_prev_yr":31,"twentyeight_day_pct_change":-32.3,"ytd_curr_yr":73,"ytd_prev_yr":154,"ytd_pct_change":-52.6,"two_year_pct_change":-43,"six_year_pct_change":-41.6,"twentytwo_year_pct_change":-82.7},{"crime":"Gr. Larceny","wtd_curr_yr":10,"wtd_prev_yr":10,"wtd_pct_change":0,"twentyeight_day_curr_yr":32,"twentyeight_day_prev_yr":28,"twentyeight_day_pct_change":14.3,"ytd_curr_yr":128,"ytd_prev_yr":156,"ytd_pct_change":-17.9,"two_year_pct_change":-15.2,"six_year_pct_change":0.8,"twentytwo_year_pct_change":-16.9},{"crime":"G.L.A.","wtd_curr_yr":4,"wtd_prev_yr":3,"wtd_pct_change":33.3,"twentyeight_day_curr_yr":16,"twentyeight_day_prev_yr":14,"twentyeight_day_pct_change":14.3,"ytd_curr_yr":56,"ytd_prev_yr":64,"ytd_pct_change":-12.5,"two_year_pct_change":-39.8,"six_year_pct_change":-29.1,"twentytwo_year_pct_change":-94.3},{"crime":"TOTAL","wtd_curr_yr":26,"wtd_prev_yr":37,"wtd_pct_change":-29.73,"twentyeight_day_curr_yr":101,"twentyeight_day_prev_yr":117,"twentyeight_day_pct_change":-13.68,"ytd_curr_yr":400,"ytd_prev_yr":562,"ytd_pct_change":-28.83,"two_year_pct_change":-30.43,"six_year_pct_change":-23.22,"twentytwo_year_pct_change":-79.33},{"crime":"Transit","wtd_curr_yr":0,"wtd_prev_yr":0,"wtd_pct_change":null,"twentyeight_day_curr_yr":0,"twentyeight_day_prev_yr":0,"twentyeight_day_pct_change":null,"ytd_curr_yr":0,"ytd_prev_yr":0,"ytd_pct_change":null,"two_year_pct_change":null,"six_year_pct_change":null,"twentytwo_year_pct_change":null},{"crime":"Housing","wtd_curr_yr":0,"wtd_prev_yr":0,"wtd_pct_change":null,"twentyeight_day_curr_yr":0,"twentyeight_day_prev_yr":0,"twentyeight_day_pct_change":null,"ytd_curr_yr":0,"ytd_prev_yr":0,"ytd_pct_change":null,"two_year_pct_change":null,"six_year_pct_change":null,"twentytwo_year_pct_change":null},{"crime":"Petit Larceny","wtd_curr_yr":19,"wtd_prev_yr":17,"wtd_pct_change":11.8,"twentyeight_day_curr_yr":55,"twentyeight_day_prev_yr":57,"twentyeight_day_pct_change":-3.5,"ytd_curr_yr":197,"ytd_prev_yr":202,"ytd_pct_change":-2.5,"two_year_pct_change":-1.5,"six_year_pct_change":-18.9,"twentytwo_year_pct_change":null},{"crime":"Misd. Assault","wtd_curr_yr":11,"wtd_prev_yr":6,"wtd_pct_change":83.3,"twentyeight_day_curr_yr":42,"twentyeight_day_prev_yr":46,"twentyeight_day_pct_change":-8.7,"ytd_curr_yr":158,"ytd_prev_yr":144,"ytd_pct_change":9.7,"two_year_pct_change":-3.7,"six_year_pct_change":-24.4,"twentytwo_year_pct_change":null},{"crime":"Misd. Sex Crimes","wtd_curr_yr":1,"wtd_prev_yr":3,"wtd_pct_change":-66.7,"twentyeight_day_curr_yr":2,"twentyeight_day_prev_yr":3,"twentyeight_day_pct_change":-33.3,"ytd_curr_yr":7,"ytd_prev_yr":14,"ytd_pct_change":-50,"two_year_pct_change":-36.4,"six_year_pct_change":-22.2,"twentytwo_year_pct_change":null},{"crime":"Shooting Vic.","wtd_curr_yr":0,"wtd_prev_yr":0,"wtd_pct_change":null,"twentyeight_day_curr_yr":1,"twentyeight_day_prev_yr":0,"twentyeight_day_pct_change":null,"ytd_curr_yr":3,"ytd_prev_yr":6,"ytd_pct_change":-50,"two_year_pct_change":-78.6,"six_year_pct_change":-25,"twentytwo_year_pct_change":-80},{"crime":"Shooting Inc.","wtd_curr_yr":0,"wtd_prev_yr":0,"wtd_pct_change":null,"twentyeight_day_curr_yr":1,"twentyeight_day_prev_yr":0,"twentyeight_day_pct_change":null,"ytd_curr_yr":3,"ytd_prev_yr":5,"ytd_pct_change":-40,"two_year_pct_change":-75,"six_year_pct_change":-25,"twentytwo_year_pct_change":-78.6}],"historical":[{"yr_1990":30,"yr_1993":23,"yr_1998":7,"yr_2001":18,"yr_2013":3,"pct_change_13vs01":-83.3,"pct_change_13vs98":-57.1,"pct_change_13vs93":-87,"pct_change_13vs90":-90,"crime":"Murder"},{"yr_1990":56,"yr_1993":41,"yr_1998":52,"yr_2001":35,"yr_2013":18,"pct_change_13vs01":-48.6,"pct_change_13vs98":-65.4,"pct_change_13vs93":-56.1,"pct_change_13vs90":-67.9,"crime":"Rape"},{"yr_1990":1066,"yr_1993":1082,"yr_1998":557,"yr_2001":395,"yr_2013":331,"pct_change_13vs01":-16.2,"pct_change_13vs98":-40.6,"pct_change_13vs93":-69.4,"pct_change_13vs90":-68.9,"crime":"Robbery"},{"yr_1990":459,"yr_1993":409,"yr_1998":400,"yr_2001":329,"yr_2013":313,"pct_change_13vs01":-4.9,"pct_change_13vs98":-21.8,"pct_change_13vs93":-23.5,"pct_change_13vs90":-31.8,"crime":"Fel. Assault"},{"yr_1990":2199,"yr_1993":1640,"yr_1998":854,"yr_2001":630,"yr_2013":469,"pct_change_13vs01":-25.6,"pct_change_13vs98":-45.1,"pct_change_13vs93":-71.4,"pct_change_13vs90":-78.7,"crime":"Burglary"},{"yr_1990":699,"yr_1993":593,"yr_1998":444,"yr_2001":456,"yr_2013":520,"pct_change_13vs01":14,"pct_change_13vs98":17.1,"pct_change_13vs93":-12.3,"pct_change_13vs90":-25.6,"crime":"Gr. Larceny"},{"yr_1990":3534,"yr_1993":3476,"yr_1998":1360,"yr_2001":913,"yr_2013":263,"pct_change_13vs01":-71.2,"pct_change_13vs98":-80.7,"pct_change_13vs93":-92.4,"pct_change_13vs90":-92.6,"crime":"G.L.A."},{"yr_1990":8043,"yr_1993":7264,"yr_1998":3674,"yr_2001":2776,"yr_2013":1917,"pct_change_13vs01":-30.94,"pct_change_13vs98":-47.82,"pct_change_13vs93":-73.61,"pct_change_13vs90":-76.17,"crime":"TOTAL"}]}