{"mayor":"Bill de Blasio","commissioner":"William J. Bratton","volume":21,"number":4,"precinct":"105th","startDate":"2014-01-20T05:00:00.000Z","endDate":"2014-01-26T05:00:00.000Z","crimes":[{"crime":"Murder","wtd_curr_yr":0,"wtd_prev_yr":0,"wtd_pct_change":null,"twentyeight_day_curr_yr":1,"twentyeight_day_prev_yr":0,"twentyeight_day_pct_change":null,"ytd_curr_yr":1,"ytd_prev_yr":0,"ytd_pct_change":null,"two_year_pct_change":0,"six_year_pct_change":null,"twentytwo_year_pct_change":0},{"crime":"Rape","wtd_curr_yr":0,"wtd_prev_yr":0,"wtd_pct_change":null,"twentyeight_day_curr_yr":1,"twentyeight_day_prev_yr":1,"twentyeight_day_pct_change":0,"ytd_curr_yr":1,"ytd_prev_yr":1,"ytd_pct_change":0,"two_year_pct_change":0,"six_year_pct_change":-66.7,"twentytwo_year_pct_change":-50},{"crime":"Robbery","wtd_curr_yr":3,"wtd_prev_yr":10,"wtd_pct_change":-70,"twentyeight_day_curr_yr":16,"twentyeight_day_prev_yr":38,"twentyeight_day_pct_change":-57.9,"ytd_curr_yr":15,"ytd_prev_yr":35,"ytd_pct_change":-57.1,"two_year_pct_change":-57.1,"six_year_pct_change":-28.6,"twentytwo_year_pct_change":-82.1},{"crime":"Fel. Assault","wtd_curr_yr":6,"wtd_prev_yr":2,"wtd_pct_change":200,"twentyeight_day_curr_yr":18,"twentyeight_day_prev_yr":22,"twentyeight_day_pct_change":-18.2,"ytd_curr_yr":17,"ytd_prev_yr":20,"ytd_pct_change":-15,"two_year_pct_change":-29.2,"six_year_pct_change":-15,"twentytwo_year_pct_change":-37},{"crime":"Burglary","wtd_curr_yr":5,"wtd_prev_yr":9,"wtd_pct_change":-44.4,"twentyeight_day_curr_yr":18,"twentyeight_day_prev_yr":45,"twentyeight_day_pct_change":-60,"ytd_curr_yr":16,"ytd_prev_yr":42,"ytd_pct_change":-61.9,"two_year_pct_change":-48.4,"six_year_pct_change":-56.8,"twentytwo_year_pct_change":-84.8},{"crime":"Gr. Larceny","wtd_curr_yr":10,"wtd_prev_yr":13,"wtd_pct_change":-23.1,"twentyeight_day_curr_yr":35,"twentyeight_day_prev_yr":39,"twentyeight_day_pct_change":-10.3,"ytd_curr_yr":31,"ytd_prev_yr":37,"ytd_pct_change":-16.2,"two_year_pct_change":0,"six_year_pct_change":47.6,"twentytwo_year_pct_change":-16.2},{"crime":"G.L.A.","wtd_curr_yr":4,"wtd_prev_yr":3,"wtd_pct_change":33.3,"twentyeight_day_curr_yr":19,"twentyeight_day_prev_yr":23,"twentyeight_day_pct_change":-17.4,"ytd_curr_yr":17,"ytd_prev_yr":21,"ytd_pct_change":-19,"two_year_pct_change":13.3,"six_year_pct_change":-70.2,"twentytwo_year_pct_change":-93.3},{"crime":"TOTAL","wtd_curr_yr":28,"wtd_prev_yr":37,"wtd_pct_change":-24.32,"twentyeight_day_curr_yr":108,"twentyeight_day_prev_yr":168,"twentyeight_day_pct_change":-35.71,"ytd_curr_yr":98,"ytd_prev_yr":156,"ytd_pct_change":-37.18,"two_year_pct_change":-28.99,"six_year_pct_change":-38.36,"twentytwo_year_pct_change":-80.75},{"crime":"Petit Larceny","wtd_curr_yr":9,"wtd_prev_yr":10,"wtd_pct_change":-10,"twentyeight_day_curr_yr":69,"twentyeight_day_prev_yr":52,"twentyeight_day_pct_change":32.7,"ytd_curr_yr":63,"ytd_prev_yr":50,"ytd_pct_change":26,"two_year_pct_change":34,"six_year_pct_change":null,"twentytwo_year_pct_change":null},{"crime":"Misd. Assault","wtd_curr_yr":15,"wtd_prev_yr":8,"wtd_pct_change":87.5,"twentyeight_day_curr_yr":42,"twentyeight_day_prev_yr":38,"twentyeight_day_pct_change":10.5,"ytd_curr_yr":39,"ytd_prev_yr":35,"ytd_pct_change":11.4,"two_year_pct_change":11.4,"six_year_pct_change":null,"twentytwo_year_pct_change":null},{"crime":"Misd. Sex Crimes","wtd_curr_yr":1,"wtd_prev_yr":2,"wtd_pct_change":-50,"twentyeight_day_curr_yr":3,"twentyeight_day_prev_yr":4,"twentyeight_day_pct_change":-25,"ytd_curr_yr":3,"ytd_prev_yr":4,"ytd_pct_change":-25,"two_year_pct_change":200,"six_year_pct_change":null,"twentytwo_year_pct_change":null},{"crime":"Shooting Vic.","wtd_curr_yr":0,"wtd_prev_yr":0,"wtd_pct_change":null,"twentyeight_day_curr_yr":1,"twentyeight_day_prev_yr":3,"twentyeight_day_pct_change":-66.7,"ytd_curr_yr":1,"ytd_prev_yr":3,"ytd_pct_change":-66.7,"two_year_pct_change":-50,"six_year_pct_change":-50,"twentytwo_year_pct_change":-83.3},{"crime":"Shooting Inc.","wtd_curr_yr":0,"wtd_prev_yr":0,"wtd_pct_change":null,"twentyeight_day_curr_yr":1,"twentyeight_day_prev_yr":2,"twentyeight_day_pct_change":-50,"ytd_curr_yr":1,"ytd_prev_yr":2,"ytd_pct_change":-50,"two_year_pct_change":-50,"six_year_pct_change":-50,"twentytwo_year_pct_change":-83.3}],"historical":[{"yr_1990":30,"yr_1993":23,"yr_1998":7,"yr_2001":18,"yr_2013":3,"pct_change_13vs01":-83.3,"pct_change_13vs98":-57.1,"pct_change_13vs93":-87,"pct_change_13vs90":-90,"crime":"Murder"},{"yr_1990":56,"yr_1993":41,"yr_1998":52,"yr_2001":35,"yr_2013":18,"pct_change_13vs01":-48.6,"pct_change_13vs98":-65.4,"pct_change_13vs93":-56.1,"pct_change_13vs90":-67.9,"crime":"Rape"},{"yr_1990":1066,"yr_1993":1082,"yr_1998":557,"yr_2001":395,"yr_2013":331,"pct_change_13vs01":-16.2,"pct_change_13vs98":-40.6,"pct_change_13vs93":-69.4,"pct_change_13vs90":-68.9,"crime":"Robbery"},{"yr_1990":459,"yr_1993":409,"yr_1998":400,"yr_2001":329,"yr_2013":313,"pct_change_13vs01":-4.9,"pct_change_13vs98":-21.8,"pct_change_13vs93":-23.5,"pct_change_13vs90":-31.8,"crime":"Fel. Assault"},{"yr_1990":2199,"yr_1993":1640,"yr_1998":854,"yr_2001":630,"yr_2013":469,"pct_change_13vs01":-25.6,"pct_change_13vs98":-45.1,"pct_change_13vs93":-71.4,"pct_change_13vs90":-78.7,"crime":"Burglary"},{"yr_1990":699,"yr_1993":593,"yr_1998":444,"yr_2001":456,"yr_2013":520,"pct_change_13vs01":14,"pct_change_13vs98":17.1,"pct_change_13vs93":-12.3,"pct_change_13vs90":-25.6,"crime":"Gr. Larceny"},{"yr_1990":3534,"yr_1993":3476,"yr_1998":1360,"yr_2001":913,"yr_2013":263,"pct_change_13vs01":-71.2,"pct_change_13vs98":-80.7,"pct_change_13vs93":-92.4,"pct_change_13vs90":-92.6,"crime":"G.L.A."},{"yr_1990":8043,"yr_1993":7264,"yr_1998":3674,"yr_2001":2776,"yr_2013":1917,"pct_change_13vs01":-30.94,"pct_change_13vs98":-47.82,"pct_change_13vs93":-73.61,"pct_change_13vs90":-76.17,"crime":"TOTAL"}]}