{"mayor":"Bill de Blasio","commissioner":"William J. Bratton","volume":21,"number":12,"precinct":"103rd","startDate":"2014-03-17T04:00:00.000Z","endDate":"2014-03-23T04:00:00.000Z","crimes":[{"crime":"Murder","wtd_curr_yr":0,"wtd_prev_yr":0,"wtd_pct_change":null,"twentyeight_day_curr_yr":1,"twentyeight_day_prev_yr":0,"twentyeight_day_pct_change":null,"ytd_curr_yr":4,"ytd_prev_yr":1,"ytd_pct_change":300,"two_year_pct_change":100,"six_year_pct_change":100,"twentytwo_year_pct_change":-20},{"crime":"Rape","wtd_curr_yr":1,"wtd_prev_yr":0,"wtd_pct_change":null,"twentyeight_day_curr_yr":3,"twentyeight_day_prev_yr":4,"twentyeight_day_pct_change":-25,"ytd_curr_yr":5,"ytd_prev_yr":8,"ytd_pct_change":-37.5,"two_year_pct_change":-37.5,"six_year_pct_change":-28.6,"twentytwo_year_pct_change":-58.3},{"crime":"Robbery","wtd_curr_yr":5,"wtd_prev_yr":9,"wtd_pct_change":-44.4,"twentyeight_day_curr_yr":18,"twentyeight_day_prev_yr":30,"twentyeight_day_pct_change":-40,"ytd_curr_yr":64,"ytd_prev_yr":116,"ytd_pct_change":-44.8,"two_year_pct_change":-20,"six_year_pct_change":-8.6,"twentytwo_year_pct_change":-82},{"crime":"Fel. Assault","wtd_curr_yr":7,"wtd_prev_yr":8,"wtd_pct_change":-12.5,"twentyeight_day_curr_yr":27,"twentyeight_day_prev_yr":36,"twentyeight_day_pct_change":-25,"ytd_curr_yr":68,"ytd_prev_yr":85,"ytd_pct_change":-20,"two_year_pct_change":-10.5,"six_year_pct_change":-24.4,"twentytwo_year_pct_change":-62},{"crime":"Burglary","wtd_curr_yr":4,"wtd_prev_yr":9,"wtd_pct_change":-55.6,"twentyeight_day_curr_yr":16,"twentyeight_day_prev_yr":26,"twentyeight_day_pct_change":-38.5,"ytd_curr_yr":42,"ytd_prev_yr":64,"ytd_pct_change":-34.4,"two_year_pct_change":-30,"six_year_pct_change":-16,"twentytwo_year_pct_change":-82.9},{"crime":"Gr. Larceny","wtd_curr_yr":6,"wtd_prev_yr":4,"wtd_pct_change":50,"twentyeight_day_curr_yr":25,"twentyeight_day_prev_yr":20,"twentyeight_day_pct_change":25,"ytd_curr_yr":85,"ytd_prev_yr":69,"ytd_pct_change":23.2,"two_year_pct_change":-28.6,"six_year_pct_change":10.4,"twentytwo_year_pct_change":-63.2},{"crime":"G.L.A.","wtd_curr_yr":3,"wtd_prev_yr":5,"wtd_pct_change":-40,"twentyeight_day_curr_yr":12,"twentyeight_day_prev_yr":11,"twentyeight_day_pct_change":9.1,"ytd_curr_yr":29,"ytd_prev_yr":50,"ytd_pct_change":-42,"two_year_pct_change":-14.7,"six_year_pct_change":0,"twentytwo_year_pct_change":-89.9},{"crime":"TOTAL","wtd_curr_yr":26,"wtd_prev_yr":35,"wtd_pct_change":-25.71,"twentyeight_day_curr_yr":102,"twentyeight_day_prev_yr":127,"twentyeight_day_pct_change":-19.69,"ytd_curr_yr":297,"ytd_prev_yr":393,"ytd_pct_change":-24.43,"two_year_pct_change":-21.64,"six_year_pct_change":-8.62,"twentytwo_year_pct_change":-77.41},{"crime":"Transit","wtd_curr_yr":1,"wtd_prev_yr":0,"wtd_pct_change":null,"twentyeight_day_curr_yr":3,"twentyeight_day_prev_yr":2,"twentyeight_day_pct_change":50,"ytd_curr_yr":7,"ytd_prev_yr":11,"ytd_pct_change":-36.4,"two_year_pct_change":75,"six_year_pct_change":250,"twentytwo_year_pct_change":null},{"crime":"Housing","wtd_curr_yr":1,"wtd_prev_yr":0,"wtd_pct_change":null,"twentyeight_day_curr_yr":4,"twentyeight_day_prev_yr":3,"twentyeight_day_pct_change":33.3,"ytd_curr_yr":6,"ytd_prev_yr":9,"ytd_pct_change":-33.3,"two_year_pct_change":-57.1,"six_year_pct_change":50,"twentytwo_year_pct_change":null},{"crime":"Petit Larceny","wtd_curr_yr":22,"wtd_prev_yr":17,"wtd_pct_change":29.4,"twentyeight_day_curr_yr":79,"twentyeight_day_prev_yr":68,"twentyeight_day_pct_change":16.2,"ytd_curr_yr":231,"ytd_prev_yr":184,"ytd_pct_change":25.5,"two_year_pct_change":-1.3,"six_year_pct_change":10.5,"twentytwo_year_pct_change":null},{"crime":"Misd. Assault","wtd_curr_yr":14,"wtd_prev_yr":16,"wtd_pct_change":-12.5,"twentyeight_day_curr_yr":67,"twentyeight_day_prev_yr":69,"twentyeight_day_pct_change":-2.9,"ytd_curr_yr":191,"ytd_prev_yr":214,"ytd_pct_change":-10.7,"two_year_pct_change":11.7,"six_year_pct_change":23.2,"twentytwo_year_pct_change":null},{"crime":"Misd. Sex Crimes","wtd_curr_yr":2,"wtd_prev_yr":1,"wtd_pct_change":100,"twentyeight_day_curr_yr":3,"twentyeight_day_prev_yr":4,"twentyeight_day_pct_change":-25,"ytd_curr_yr":9,"ytd_prev_yr":6,"ytd_pct_change":50,"two_year_pct_change":28.6,"six_year_pct_change":80,"twentytwo_year_pct_change":null},{"crime":"Shooting Vic.","wtd_curr_yr":0,"wtd_prev_yr":0,"wtd_pct_change":null,"twentyeight_day_curr_yr":2,"twentyeight_day_prev_yr":1,"twentyeight_day_pct_change":100,"ytd_curr_yr":4,"ytd_prev_yr":5,"ytd_pct_change":-20,"two_year_pct_change":-60,"six_year_pct_change":-69.2,"twentytwo_year_pct_change":-81.8},{"crime":"Shooting Inc.","wtd_curr_yr":0,"wtd_prev_yr":0,"wtd_pct_change":null,"twentyeight_day_curr_yr":2,"twentyeight_day_prev_yr":1,"twentyeight_day_pct_change":100,"ytd_curr_yr":4,"ytd_prev_yr":4,"ytd_pct_change":0,"two_year_pct_change":-50,"six_year_pct_change":-42.9,"twentytwo_year_pct_change":-80}],"historical":[{"yr_1990":38,"yr_1993":28,"yr_1998":16,"yr_2001":10,"yr_2013":8,"pct_change_13vs01":-20,"pct_change_13vs98":-50,"pct_change_13vs93":-71.4,"pct_change_13vs90":-78.9,"crime":"Murder"},{"yr_1990":60,"yr_1993":74,"yr_1998":45,"yr_2001":27,"yr_2013":37,"pct_change_13vs01":37,"pct_change_13vs98":-17.8,"pct_change_13vs93":-50,"pct_change_13vs90":-38.3,"crime":"Rape"},{"yr_1990":1846,"yr_1993":1742,"yr_1998":751,"yr_2001":530,"yr_2013":438,"pct_change_13vs01":-17.4,"pct_change_13vs98":-41.7,"pct_change_13vs93":-74.9,"pct_change_13vs90":-76.3,"crime":"Robbery"},{"yr_1990":958,"yr_1993":853,"yr_1998":611,"yr_2001":406,"yr_2013":369,"pct_change_13vs01":-9.1,"pct_change_13vs98":-39.6,"pct_change_13vs93":-56.7,"pct_change_13vs90":-61.5,"crime":"Fel. Assault"},{"yr_1990":1592,"yr_1993":1166,"yr_1998":598,"yr_2001":449,"yr_2013":300,"pct_change_13vs01":-33.2,"pct_change_13vs98":-49.8,"pct_change_13vs93":-74.3,"pct_change_13vs90":-81.2,"crime":"Burglary"},{"yr_1990":1277,"yr_1993":1214,"yr_1998":578,"yr_2001":587,"yr_2013":487,"pct_change_13vs01":-17,"pct_change_13vs98":-15.7,"pct_change_13vs93":-59.9,"pct_change_13vs90":-61.9,"crime":"Gr. Larceny"},{"yr_1990":1889,"yr_1993":1591,"yr_1998":602,"yr_2001":472,"yr_2013":172,"pct_change_13vs01":-63.6,"pct_change_13vs98":-71.4,"pct_change_13vs93":-89.2,"pct_change_13vs90":-90.9,"crime":"G.L.A."},{"yr_1990":7660,"yr_1993":6668,"yr_1998":3201,"yr_2001":2481,"yr_2013":1811,"pct_change_13vs01":-27.01,"pct_change_13vs98":-43.42,"pct_change_13vs93":-72.84,"pct_change_13vs90":-76.36,"crime":"TOTAL"}]}