{"mayor":"Bill de Blasio","commissioner":"William J. Bratton","volume":21,"number":13,"precinct":"103rd","startDate":"2014-03-24T04:00:00.000Z","endDate":"2014-03-30T04:00:00.000Z","crimes":[{"crime":"Murder","wtd_curr_yr":1,"wtd_prev_yr":0,"wtd_pct_change":null,"twentyeight_day_curr_yr":2,"twentyeight_day_prev_yr":0,"twentyeight_day_pct_change":null,"ytd_curr_yr":5,"ytd_prev_yr":1,"ytd_pct_change":400,"two_year_pct_change":150,"six_year_pct_change":150,"twentytwo_year_pct_change":0},{"crime":"Rape","wtd_curr_yr":2,"wtd_prev_yr":0,"wtd_pct_change":null,"twentyeight_day_curr_yr":3,"twentyeight_day_prev_yr":2,"twentyeight_day_pct_change":50,"ytd_curr_yr":5,"ytd_prev_yr":8,"ytd_pct_change":-37.5,"two_year_pct_change":-44.4,"six_year_pct_change":-28.6,"twentytwo_year_pct_change":-64.3},{"crime":"Robbery","wtd_curr_yr":8,"wtd_prev_yr":3,"wtd_pct_change":166.7,"twentyeight_day_curr_yr":22,"twentyeight_day_prev_yr":24,"twentyeight_day_pct_change":-8.3,"ytd_curr_yr":72,"ytd_prev_yr":119,"ytd_pct_change":-39.5,"two_year_pct_change":-20,"six_year_pct_change":-6.5,"twentytwo_year_pct_change":-81.2},{"crime":"Fel. Assault","wtd_curr_yr":5,"wtd_prev_yr":7,"wtd_pct_change":-28.6,"twentyeight_day_curr_yr":25,"twentyeight_day_prev_yr":38,"twentyeight_day_pct_change":-34.2,"ytd_curr_yr":73,"ytd_prev_yr":92,"ytd_pct_change":-20.7,"two_year_pct_change":-14.1,"six_year_pct_change":-26.3,"twentytwo_year_pct_change":-65.1},{"crime":"Burglary","wtd_curr_yr":3,"wtd_prev_yr":4,"wtd_pct_change":-25,"twentyeight_day_curr_yr":13,"twentyeight_day_prev_yr":23,"twentyeight_day_pct_change":-43.5,"ytd_curr_yr":45,"ytd_prev_yr":68,"ytd_pct_change":-33.8,"two_year_pct_change":-29.7,"six_year_pct_change":-15.1,"twentytwo_year_pct_change":-82.9},{"crime":"Gr. Larceny","wtd_curr_yr":7,"wtd_prev_yr":9,"wtd_pct_change":-22.2,"twentyeight_day_curr_yr":26,"twentyeight_day_prev_yr":27,"twentyeight_day_pct_change":-3.7,"ytd_curr_yr":92,"ytd_prev_yr":78,"ytd_pct_change":17.9,"two_year_pct_change":-31.3,"six_year_pct_change":10.8,"twentytwo_year_pct_change":-64.6},{"crime":"G.L.A.","wtd_curr_yr":1,"wtd_prev_yr":2,"wtd_pct_change":-50,"twentyeight_day_curr_yr":12,"twentyeight_day_prev_yr":11,"twentyeight_day_pct_change":9.1,"ytd_curr_yr":30,"ytd_prev_yr":52,"ytd_pct_change":-42.3,"two_year_pct_change":-21.1,"six_year_pct_change":-6.2,"twentytwo_year_pct_change":-90.8},{"crime":"TOTAL","wtd_curr_yr":27,"wtd_prev_yr":25,"wtd_pct_change":8,"twentyeight_day_curr_yr":103,"twentyeight_day_prev_yr":125,"twentyeight_day_pct_change":-17.6,"ytd_curr_yr":322,"ytd_prev_yr":418,"ytd_pct_change":-22.97,"two_year_pct_change":-23.7,"six_year_pct_change":-8.78,"twentytwo_year_pct_change":-77.93},{"crime":"Transit","wtd_curr_yr":0,"wtd_prev_yr":1,"wtd_pct_change":-100,"twentyeight_day_curr_yr":3,"twentyeight_day_prev_yr":2,"twentyeight_day_pct_change":50,"ytd_curr_yr":7,"ytd_prev_yr":12,"ytd_pct_change":-41.7,"two_year_pct_change":16.7,"six_year_pct_change":133.3,"twentytwo_year_pct_change":null},{"crime":"Housing","wtd_curr_yr":0,"wtd_prev_yr":1,"wtd_pct_change":-100,"twentyeight_day_curr_yr":2,"twentyeight_day_prev_yr":3,"twentyeight_day_pct_change":-33.3,"ytd_curr_yr":6,"ytd_prev_yr":10,"ytd_pct_change":-40,"two_year_pct_change":-60,"six_year_pct_change":20,"twentytwo_year_pct_change":null},{"crime":"Petit Larceny","wtd_curr_yr":23,"wtd_prev_yr":17,"wtd_pct_change":35.3,"twentyeight_day_curr_yr":81,"twentyeight_day_prev_yr":60,"twentyeight_day_pct_change":35,"ytd_curr_yr":255,"ytd_prev_yr":201,"ytd_pct_change":26.9,"two_year_pct_change":2.4,"six_year_pct_change":12.8,"twentytwo_year_pct_change":null},{"crime":"Misd. Assault","wtd_curr_yr":22,"wtd_prev_yr":18,"wtd_pct_change":22.2,"twentyeight_day_curr_yr":73,"twentyeight_day_prev_yr":74,"twentyeight_day_pct_change":-1.4,"ytd_curr_yr":213,"ytd_prev_yr":232,"ytd_pct_change":-8.2,"two_year_pct_change":12.1,"six_year_pct_change":29.9,"twentytwo_year_pct_change":null},{"crime":"Misd. Sex Crimes","wtd_curr_yr":1,"wtd_prev_yr":0,"wtd_pct_change":null,"twentyeight_day_curr_yr":4,"twentyeight_day_prev_yr":3,"twentyeight_day_pct_change":33.3,"ytd_curr_yr":10,"ytd_prev_yr":6,"ytd_pct_change":66.7,"two_year_pct_change":42.9,"six_year_pct_change":66.7,"twentytwo_year_pct_change":null},{"crime":"Shooting Vic.","wtd_curr_yr":2,"wtd_prev_yr":0,"wtd_pct_change":null,"twentyeight_day_curr_yr":4,"twentyeight_day_prev_yr":1,"twentyeight_day_pct_change":300,"ytd_curr_yr":6,"ytd_prev_yr":5,"ytd_pct_change":20,"two_year_pct_change":-45.5,"six_year_pct_change":-57.1,"twentytwo_year_pct_change":-77.8},{"crime":"Shooting Inc.","wtd_curr_yr":1,"wtd_prev_yr":0,"wtd_pct_change":null,"twentyeight_day_curr_yr":3,"twentyeight_day_prev_yr":1,"twentyeight_day_pct_change":200,"ytd_curr_yr":5,"ytd_prev_yr":4,"ytd_pct_change":25,"two_year_pct_change":-44.4,"six_year_pct_change":-37.5,"twentytwo_year_pct_change":-80}],"historical":[{"yr_1990":38,"yr_1993":28,"yr_1998":16,"yr_2001":10,"yr_2013":8,"pct_change_13vs01":-20,"pct_change_13vs98":-50,"pct_change_13vs93":-71.4,"pct_change_13vs90":-78.9,"crime":"Murder"},{"yr_1990":60,"yr_1993":74,"yr_1998":45,"yr_2001":27,"yr_2013":37,"pct_change_13vs01":37,"pct_change_13vs98":-17.8,"pct_change_13vs93":-50,"pct_change_13vs90":-38.3,"crime":"Rape"},{"yr_1990":1846,"yr_1993":1742,"yr_1998":751,"yr_2001":530,"yr_2013":438,"pct_change_13vs01":-17.4,"pct_change_13vs98":-41.7,"pct_change_13vs93":-74.9,"pct_change_13vs90":-76.3,"crime":"Robbery"},{"yr_1990":958,"yr_1993":853,"yr_1998":611,"yr_2001":406,"yr_2013":369,"pct_change_13vs01":-9.1,"pct_change_13vs98":-39.6,"pct_change_13vs93":-56.7,"pct_change_13vs90":-61.5,"crime":"Fel. Assault"},{"yr_1990":1592,"yr_1993":1166,"yr_1998":598,"yr_2001":449,"yr_2013":300,"pct_change_13vs01":-33.2,"pct_change_13vs98":-49.8,"pct_change_13vs93":-74.3,"pct_change_13vs90":-81.2,"crime":"Burglary"},{"yr_1990":1277,"yr_1993":1214,"yr_1998":578,"yr_2001":587,"yr_2013":487,"pct_change_13vs01":-17,"pct_change_13vs98":-15.7,"pct_change_13vs93":-59.9,"pct_change_13vs90":-61.9,"crime":"Gr. Larceny"},{"yr_1990":1889,"yr_1993":1591,"yr_1998":602,"yr_2001":472,"yr_2013":172,"pct_change_13vs01":-63.6,"pct_change_13vs98":-71.4,"pct_change_13vs93":-89.2,"pct_change_13vs90":-90.9,"crime":"G.L.A."},{"yr_1990":7660,"yr_1993":6668,"yr_1998":3201,"yr_2001":2481,"yr_2013":1811,"pct_change_13vs01":-27.01,"pct_change_13vs98":-43.42,"pct_change_13vs93":-72.84,"pct_change_13vs90":-76.36,"crime":"TOTAL"}]}