{"mayor":"Bill de Blasio","commissioner":"William J. Bratton","volume":21,"number":50,"precinct":"106th","startDate":"2014-12-08T05:00:00.000Z","endDate":"2014-12-14T05:00:00.000Z","crimes":[{"crime":"Murder","wtd_curr_yr":0,"wtd_prev_yr":0,"wtd_pct_change":null,"twentyeight_day_curr_yr":0,"twentyeight_day_prev_yr":1,"twentyeight_day_pct_change":-100,"ytd_curr_yr":2,"ytd_prev_yr":5,"ytd_pct_change":-60,"two_year_pct_change":0,"six_year_pct_change":-50,"twentytwo_year_pct_change":-90.5},{"crime":"Rape","wtd_curr_yr":0,"wtd_prev_yr":1,"wtd_pct_change":-100,"twentyeight_day_curr_yr":0,"twentyeight_day_prev_yr":2,"twentyeight_day_pct_change":-100,"ytd_curr_yr":23,"ytd_prev_yr":18,"ytd_pct_change":27.8,"two_year_pct_change":53.3,"six_year_pct_change":109.1,"twentytwo_year_pct_change":-25.8},{"crime":"Robbery","wtd_curr_yr":4,"wtd_prev_yr":5,"wtd_pct_change":-20,"twentyeight_day_curr_yr":19,"twentyeight_day_prev_yr":34,"twentyeight_day_pct_change":-44.1,"ytd_curr_yr":251,"ytd_prev_yr":310,"ytd_pct_change":-19,"two_year_pct_change":-17.4,"six_year_pct_change":9.1,"twentytwo_year_pct_change":-70.2},{"crime":"Fel. Assault","wtd_curr_yr":3,"wtd_prev_yr":5,"wtd_pct_change":-40,"twentyeight_day_curr_yr":18,"twentyeight_day_prev_yr":24,"twentyeight_day_pct_change":-25,"ytd_curr_yr":226,"ytd_prev_yr":241,"ytd_pct_change":-6.2,"two_year_pct_change":23.5,"six_year_pct_change":38.7,"twentytwo_year_pct_change":-42.8},{"crime":"Burglary","wtd_curr_yr":5,"wtd_prev_yr":8,"wtd_pct_change":-37.5,"twentyeight_day_curr_yr":24,"twentyeight_day_prev_yr":26,"twentyeight_day_pct_change":-7.7,"ytd_curr_yr":243,"ytd_prev_yr":329,"ytd_pct_change":-26.1,"two_year_pct_change":-32.7,"six_year_pct_change":-20.1,"twentytwo_year_pct_change":-79.2},{"crime":"Gr. Larceny","wtd_curr_yr":16,"wtd_prev_yr":7,"wtd_pct_change":128.6,"twentyeight_day_curr_yr":41,"twentyeight_day_prev_yr":49,"twentyeight_day_pct_change":-16.3,"ytd_curr_yr":497,"ytd_prev_yr":490,"ytd_pct_change":1.4,"two_year_pct_change":7.3,"six_year_pct_change":32.9,"twentytwo_year_pct_change":-12.3},{"crime":"G.L.A.","wtd_curr_yr":7,"wtd_prev_yr":4,"wtd_pct_change":75,"twentyeight_day_curr_yr":20,"twentyeight_day_prev_yr":14,"twentyeight_day_pct_change":42.9,"ytd_curr_yr":223,"ytd_prev_yr":179,"ytd_pct_change":24.6,"two_year_pct_change":5.7,"six_year_pct_change":-16.2,"twentytwo_year_pct_change":-93},{"crime":"TOTAL","wtd_curr_yr":35,"wtd_prev_yr":30,"wtd_pct_change":16.67,"twentyeight_day_curr_yr":122,"twentyeight_day_prev_yr":150,"twentyeight_day_pct_change":-18.67,"ytd_curr_yr":1465,"ytd_prev_yr":1572,"ytd_pct_change":-6.81,"two_year_pct_change":-4.81,"six_year_pct_change":8.36,"twentytwo_year_pct_change":-76.33},{"crime":"Transit","wtd_curr_yr":1,"wtd_prev_yr":0,"wtd_pct_change":null,"twentyeight_day_curr_yr":1,"twentyeight_day_prev_yr":4,"twentyeight_day_pct_change":-75,"ytd_curr_yr":28,"ytd_prev_yr":35,"ytd_pct_change":-20,"two_year_pct_change":-26.3,"six_year_pct_change":55.6,"twentytwo_year_pct_change":null},{"crime":"Housing","wtd_curr_yr":0,"wtd_prev_yr":0,"wtd_pct_change":null,"twentyeight_day_curr_yr":0,"twentyeight_day_prev_yr":0,"twentyeight_day_pct_change":null,"ytd_curr_yr":0,"ytd_prev_yr":0,"ytd_pct_change":null,"two_year_pct_change":null,"six_year_pct_change":null,"twentytwo_year_pct_change":null},{"crime":"Petit Larceny","wtd_curr_yr":23,"wtd_prev_yr":12,"wtd_pct_change":91.7,"twentyeight_day_curr_yr":72,"twentyeight_day_prev_yr":54,"twentyeight_day_pct_change":33.3,"ytd_curr_yr":886,"ytd_prev_yr":732,"ytd_pct_change":21,"two_year_pct_change":-1.4,"six_year_pct_change":18.3,"twentytwo_year_pct_change":null},{"crime":"Misd. Assault","wtd_curr_yr":6,"wtd_prev_yr":5,"wtd_pct_change":20,"twentyeight_day_curr_yr":23,"twentyeight_day_prev_yr":29,"twentyeight_day_pct_change":-20.7,"ytd_curr_yr":453,"ytd_prev_yr":440,"ytd_pct_change":3,"two_year_pct_change":-1.7,"six_year_pct_change":3.9,"twentytwo_year_pct_change":null},{"crime":"Misd. Sex Crimes","wtd_curr_yr":0,"wtd_prev_yr":0,"wtd_pct_change":null,"twentyeight_day_curr_yr":5,"twentyeight_day_prev_yr":2,"twentyeight_day_pct_change":150,"ytd_curr_yr":21,"ytd_prev_yr":22,"ytd_pct_change":-4.5,"two_year_pct_change":-12.5,"six_year_pct_change":5,"twentytwo_year_pct_change":null},{"crime":"Shooting Vic.","wtd_curr_yr":1,"wtd_prev_yr":0,"wtd_pct_change":null,"twentyeight_day_curr_yr":1,"twentyeight_day_prev_yr":1,"twentyeight_day_pct_change":0,"ytd_curr_yr":4,"ytd_prev_yr":10,"ytd_pct_change":-60,"two_year_pct_change":-50,"six_year_pct_change":-66.7,"twentytwo_year_pct_change":-81.8},{"crime":"Shooting Inc.","wtd_curr_yr":1,"wtd_prev_yr":0,"wtd_pct_change":null,"twentyeight_day_curr_yr":1,"twentyeight_day_prev_yr":1,"twentyeight_day_pct_change":0,"ytd_curr_yr":4,"ytd_prev_yr":9,"ytd_pct_change":-55.6,"two_year_pct_change":-42.9,"six_year_pct_change":-63.6,"twentytwo_year_pct_change":-81.8}],"historical":[{"yr_1990":15,"yr_1993":21,"yr_1998":7,"yr_2001":4,"yr_2013":6,"pct_change_13vs01":50,"pct_change_13vs98":-14.3,"pct_change_13vs93":-71.4,"pct_change_13vs90":-60,"crime":"Murder"},{"yr_1990":31,"yr_1993":33,"yr_1998":40,"yr_2001":19,"yr_2013":19,"pct_change_13vs01":0,"pct_change_13vs98":-52.5,"pct_change_13vs93":-42.4,"pct_change_13vs90":-38.7,"crime":"Rape"},{"yr_1990":832,"yr_1993":891,"yr_1998":545,"yr_2001":344,"yr_2013":328,"pct_change_13vs01":-4.7,"pct_change_13vs98":-39.8,"pct_change_13vs93":-63.2,"pct_change_13vs90":-60.6,"crime":"Robbery"},{"yr_1990":329,"yr_1993":408,"yr_1998":297,"yr_2001":241,"yr_2013":253,"pct_change_13vs01":5,"pct_change_13vs98":-14.8,"pct_change_13vs93":-38,"pct_change_13vs90":-23.1,"crime":"Fel. Assault"},{"yr_1990":1348,"yr_1993":1230,"yr_1998":662,"yr_2001":417,"yr_2013":346,"pct_change_13vs01":-17,"pct_change_13vs98":-47.7,"pct_change_13vs93":-71.9,"pct_change_13vs90":-74.3,"crime":"Burglary"},{"yr_1990":715,"yr_1993":595,"yr_1998":440,"yr_2001":381,"yr_2013":522,"pct_change_13vs01":37,"pct_change_13vs98":18.6,"pct_change_13vs93":-12.3,"pct_change_13vs90":-27,"crime":"Gr. Larceny"},{"yr_1990":3071,"yr_1993":3304,"yr_1998":1370,"yr_2001":778,"yr_2013":191,"pct_change_13vs01":-75.4,"pct_change_13vs98":-86.1,"pct_change_13vs93":-94.2,"pct_change_13vs90":-93.8,"crime":"G.L.A."},{"yr_1990":6341,"yr_1993":6482,"yr_1998":3361,"yr_2001":2184,"yr_2013":1665,"pct_change_13vs01":-23.76,"pct_change_13vs98":-50.46,"pct_change_13vs93":-74.31,"pct_change_13vs90":-73.74,"crime":"TOTAL"}]}