{"mayor":"Bill de Blasio","commissioner":"William J. Bratton","volume":21,"number":49,"precinct":"105th","startDate":"2014-12-01T05:00:00.000Z","endDate":"2014-12-07T05:00:00.000Z","crimes":[{"crime":"Murder","wtd_curr_yr":0,"wtd_prev_yr":0,"wtd_pct_change":null,"twentyeight_day_curr_yr":0,"twentyeight_day_prev_yr":0,"twentyeight_day_pct_change":null,"ytd_curr_yr":7,"ytd_prev_yr":3,"ytd_pct_change":133.3,"two_year_pct_change":0,"six_year_pct_change":-12.5,"twentytwo_year_pct_change":-68.2},{"crime":"Rape","wtd_curr_yr":0,"wtd_prev_yr":0,"wtd_pct_change":null,"twentyeight_day_curr_yr":2,"twentyeight_day_prev_yr":0,"twentyeight_day_pct_change":null,"ytd_curr_yr":22,"ytd_prev_yr":15,"ytd_pct_change":46.7,"two_year_pct_change":-33.3,"six_year_pct_change":-31.2,"twentytwo_year_pct_change":-45},{"crime":"Robbery","wtd_curr_yr":6,"wtd_prev_yr":6,"wtd_pct_change":0,"twentyeight_day_curr_yr":19,"twentyeight_day_prev_yr":20,"twentyeight_day_pct_change":-5,"ytd_curr_yr":200,"ytd_prev_yr":309,"ytd_pct_change":-35.3,"two_year_pct_change":-37.5,"six_year_pct_change":-37.1,"twentytwo_year_pct_change":-79.5},{"crime":"Fel. Assault","wtd_curr_yr":5,"wtd_prev_yr":7,"wtd_pct_change":-28.6,"twentyeight_day_curr_yr":21,"twentyeight_day_prev_yr":31,"twentyeight_day_pct_change":-32.3,"ytd_curr_yr":324,"ytd_prev_yr":293,"ytd_pct_change":10.6,"two_year_pct_change":17,"six_year_pct_change":45.3,"twentytwo_year_pct_change":-16.9},{"crime":"Burglary","wtd_curr_yr":4,"wtd_prev_yr":14,"wtd_pct_change":-71.4,"twentyeight_day_curr_yr":20,"twentyeight_day_prev_yr":43,"twentyeight_day_pct_change":-53.5,"ytd_curr_yr":295,"ytd_prev_yr":449,"ytd_pct_change":-34.3,"two_year_pct_change":-41,"six_year_pct_change":-26.4,"twentytwo_year_pct_change":-80.9},{"crime":"Gr. Larceny","wtd_curr_yr":20,"wtd_prev_yr":12,"wtd_pct_change":66.7,"twentyeight_day_curr_yr":61,"twentyeight_day_prev_yr":51,"twentyeight_day_pct_change":19.6,"ytd_curr_yr":535,"ytd_prev_yr":481,"ytd_pct_change":11.2,"two_year_pct_change":18.6,"six_year_pct_change":23.6,"twentytwo_year_pct_change":-4.5},{"crime":"G.L.A.","wtd_curr_yr":8,"wtd_prev_yr":4,"wtd_pct_change":100,"twentyeight_day_curr_yr":18,"twentyeight_day_prev_yr":17,"twentyeight_day_pct_change":5.9,"ytd_curr_yr":223,"ytd_prev_yr":244,"ytd_pct_change":-8.6,"two_year_pct_change":-26.9,"six_year_pct_change":-30.1,"twentytwo_year_pct_change":-93.2},{"crime":"TOTAL","wtd_curr_yr":43,"wtd_prev_yr":43,"wtd_pct_change":0,"twentyeight_day_curr_yr":141,"twentyeight_day_prev_yr":162,"twentyeight_day_pct_change":-12.96,"ytd_curr_yr":1606,"ytd_prev_yr":1794,"ytd_pct_change":-10.48,"two_year_pct_change":-15.16,"six_year_pct_change":-7.38,"twentytwo_year_pct_change":-76.35},{"crime":"Transit","wtd_curr_yr":0,"wtd_prev_yr":0,"wtd_pct_change":null,"twentyeight_day_curr_yr":0,"twentyeight_day_prev_yr":0,"twentyeight_day_pct_change":null,"ytd_curr_yr":0,"ytd_prev_yr":0,"ytd_pct_change":null,"two_year_pct_change":null,"six_year_pct_change":null,"twentytwo_year_pct_change":null},{"crime":"Housing","wtd_curr_yr":0,"wtd_prev_yr":0,"wtd_pct_change":null,"twentyeight_day_curr_yr":0,"twentyeight_day_prev_yr":0,"twentyeight_day_pct_change":null,"ytd_curr_yr":0,"ytd_prev_yr":0,"ytd_pct_change":null,"two_year_pct_change":null,"six_year_pct_change":null,"twentytwo_year_pct_change":null},{"crime":"Petit Larceny","wtd_curr_yr":13,"wtd_prev_yr":16,"wtd_pct_change":-18.8,"twentyeight_day_curr_yr":55,"twentyeight_day_prev_yr":71,"twentyeight_day_pct_change":-22.5,"ytd_curr_yr":719,"ytd_prev_yr":679,"ytd_pct_change":5.9,"two_year_pct_change":-1.6,"six_year_pct_change":-18.3,"twentytwo_year_pct_change":null},{"crime":"Misd. Assault","wtd_curr_yr":11,"wtd_prev_yr":7,"wtd_pct_change":57.1,"twentyeight_day_curr_yr":49,"twentyeight_day_prev_yr":48,"twentyeight_day_pct_change":2.1,"ytd_curr_yr":639,"ytd_prev_yr":592,"ytd_pct_change":7.9,"two_year_pct_change":18.6,"six_year_pct_change":-5.3,"twentytwo_year_pct_change":null},{"crime":"Misd. Sex Crimes","wtd_curr_yr":1,"wtd_prev_yr":0,"wtd_pct_change":null,"twentyeight_day_curr_yr":2,"twentyeight_day_prev_yr":1,"twentyeight_day_pct_change":100,"ytd_curr_yr":22,"ytd_prev_yr":33,"ytd_pct_change":-33.3,"two_year_pct_change":-35.3,"six_year_pct_change":-40.5,"twentytwo_year_pct_change":null},{"crime":"Shooting Vic.","wtd_curr_yr":0,"wtd_prev_yr":0,"wtd_pct_change":null,"twentyeight_day_curr_yr":0,"twentyeight_day_prev_yr":0,"twentyeight_day_pct_change":null,"ytd_curr_yr":10,"ytd_prev_yr":10,"ytd_pct_change":0,"two_year_pct_change":-64.3,"six_year_pct_change":-58.3,"twentytwo_year_pct_change":-87.2},{"crime":"Shooting Inc.","wtd_curr_yr":0,"wtd_prev_yr":0,"wtd_pct_change":null,"twentyeight_day_curr_yr":0,"twentyeight_day_prev_yr":0,"twentyeight_day_pct_change":null,"ytd_curr_yr":9,"ytd_prev_yr":9,"ytd_pct_change":0,"two_year_pct_change":-62.5,"six_year_pct_change":-59.1,"twentytwo_year_pct_change":-87}],"historical":[{"yr_1990":30,"yr_1993":23,"yr_1998":7,"yr_2001":18,"yr_2013":3,"pct_change_13vs01":-83.3,"pct_change_13vs98":-57.1,"pct_change_13vs93":-87,"pct_change_13vs90":-90,"crime":"Murder"},{"yr_1990":56,"yr_1993":41,"yr_1998":52,"yr_2001":35,"yr_2013":18,"pct_change_13vs01":-48.6,"pct_change_13vs98":-65.4,"pct_change_13vs93":-56.1,"pct_change_13vs90":-67.9,"crime":"Rape"},{"yr_1990":1066,"yr_1993":1082,"yr_1998":557,"yr_2001":395,"yr_2013":331,"pct_change_13vs01":-16.2,"pct_change_13vs98":-40.6,"pct_change_13vs93":-69.4,"pct_change_13vs90":-68.9,"crime":"Robbery"},{"yr_1990":459,"yr_1993":409,"yr_1998":400,"yr_2001":329,"yr_2013":313,"pct_change_13vs01":-4.9,"pct_change_13vs98":-21.8,"pct_change_13vs93":-23.5,"pct_change_13vs90":-31.8,"crime":"Fel. Assault"},{"yr_1990":2199,"yr_1993":1640,"yr_1998":854,"yr_2001":630,"yr_2013":469,"pct_change_13vs01":-25.6,"pct_change_13vs98":-45.1,"pct_change_13vs93":-71.4,"pct_change_13vs90":-78.7,"crime":"Burglary"},{"yr_1990":699,"yr_1993":593,"yr_1998":444,"yr_2001":456,"yr_2013":520,"pct_change_13vs01":14,"pct_change_13vs98":17.1,"pct_change_13vs93":-12.3,"pct_change_13vs90":-25.6,"crime":"Gr. Larceny"},{"yr_1990":3534,"yr_1993":3476,"yr_1998":1360,"yr_2001":913,"yr_2013":263,"pct_change_13vs01":-71.2,"pct_change_13vs98":-80.7,"pct_change_13vs93":-92.4,"pct_change_13vs90":-92.6,"crime":"G.L.A."},{"yr_1990":8043,"yr_1993":7264,"yr_1998":3674,"yr_2001":2776,"yr_2013":1917,"pct_change_13vs01":-30.94,"pct_change_13vs98":-47.82,"pct_change_13vs93":-73.61,"pct_change_13vs90":-76.17,"crime":"TOTAL"}]}