{"mayor":"Bill de Blasio","commissioner":"William J. Bratton","volume":21,"number":24,"precinct":"103rd","startDate":"2014-06-09T04:00:00.000Z","endDate":"2014-06-15T04:00:00.000Z","crimes":[{"crime":"Murder","wtd_curr_yr":0,"wtd_prev_yr":0,"wtd_pct_change":null,"twentyeight_day_curr_yr":0,"twentyeight_day_prev_yr":2,"twentyeight_day_pct_change":-100,"ytd_curr_yr":6,"ytd_prev_yr":3,"ytd_pct_change":100,"two_year_pct_change":-25,"six_year_pct_change":20,"twentytwo_year_pct_change":-50},{"crime":"Rape","wtd_curr_yr":0,"wtd_prev_yr":0,"wtd_pct_change":null,"twentyeight_day_curr_yr":0,"twentyeight_day_prev_yr":2,"twentyeight_day_pct_change":-100,"ytd_curr_yr":8,"ytd_prev_yr":18,"ytd_pct_change":-55.6,"two_year_pct_change":-42.9,"six_year_pct_change":-38.5,"twentytwo_year_pct_change":-73.3},{"crime":"Robbery","wtd_curr_yr":2,"wtd_prev_yr":8,"wtd_pct_change":-75,"twentyeight_day_curr_yr":18,"twentyeight_day_prev_yr":29,"twentyeight_day_pct_change":-37.9,"ytd_curr_yr":132,"ytd_prev_yr":207,"ytd_pct_change":-36.2,"two_year_pct_change":-27.9,"six_year_pct_change":0.8,"twentytwo_year_pct_change":-81.6},{"crime":"Fel. Assault","wtd_curr_yr":4,"wtd_prev_yr":4,"wtd_pct_change":0,"twentyeight_day_curr_yr":38,"twentyeight_day_prev_yr":21,"twentyeight_day_pct_change":81,"ytd_curr_yr":175,"ytd_prev_yr":163,"ytd_pct_change":7.4,"two_year_pct_change":4.8,"six_year_pct_change":0.6,"twentytwo_year_pct_change":-53.3},{"crime":"Burglary","wtd_curr_yr":4,"wtd_prev_yr":3,"wtd_pct_change":33.3,"twentyeight_day_curr_yr":16,"twentyeight_day_prev_yr":17,"twentyeight_day_pct_change":-5.9,"ytd_curr_yr":95,"ytd_prev_yr":133,"ytd_pct_change":-28.6,"two_year_pct_change":-37.1,"six_year_pct_change":-18.8,"twentytwo_year_pct_change":-81.9},{"crime":"Gr. Larceny","wtd_curr_yr":10,"wtd_prev_yr":14,"wtd_pct_change":-28.6,"twentyeight_day_curr_yr":30,"twentyeight_day_prev_yr":48,"twentyeight_day_pct_change":-37.5,"ytd_curr_yr":193,"ytd_prev_yr":187,"ytd_pct_change":3.2,"two_year_pct_change":-13.5,"six_year_pct_change":-1.5,"twentytwo_year_pct_change":-62.9},{"crime":"G.L.A.","wtd_curr_yr":6,"wtd_prev_yr":5,"wtd_pct_change":20,"twentyeight_day_curr_yr":16,"twentyeight_day_prev_yr":11,"twentyeight_day_pct_change":45.5,"ytd_curr_yr":70,"ytd_prev_yr":75,"ytd_pct_change":-6.7,"two_year_pct_change":-9.1,"six_year_pct_change":-13.6,"twentytwo_year_pct_change":-89.1},{"crime":"TOTAL","wtd_curr_yr":26,"wtd_prev_yr":34,"wtd_pct_change":-23.53,"twentyeight_day_curr_yr":118,"twentyeight_day_prev_yr":130,"twentyeight_day_pct_change":-9.23,"ytd_curr_yr":679,"ytd_prev_yr":786,"ytd_pct_change":-13.61,"two_year_pct_change":-17.5,"six_year_pct_change":-5.3,"twentytwo_year_pct_change":-75.94},{"crime":"Transit","wtd_curr_yr":0,"wtd_prev_yr":0,"wtd_pct_change":null,"twentyeight_day_curr_yr":2,"twentyeight_day_prev_yr":4,"twentyeight_day_pct_change":-50,"ytd_curr_yr":11,"ytd_prev_yr":18,"ytd_pct_change":-38.9,"two_year_pct_change":-15.4,"six_year_pct_change":120,"twentytwo_year_pct_change":null},{"crime":"Housing","wtd_curr_yr":0,"wtd_prev_yr":0,"wtd_pct_change":null,"twentyeight_day_curr_yr":2,"twentyeight_day_prev_yr":2,"twentyeight_day_pct_change":0,"ytd_curr_yr":12,"ytd_prev_yr":16,"ytd_pct_change":-25,"two_year_pct_change":-42.9,"six_year_pct_change":-20,"twentytwo_year_pct_change":null},{"crime":"Petit Larceny","wtd_curr_yr":27,"wtd_prev_yr":12,"wtd_pct_change":125,"twentyeight_day_curr_yr":109,"twentyeight_day_prev_yr":91,"twentyeight_day_pct_change":19.8,"ytd_curr_yr":528,"ytd_prev_yr":460,"ytd_pct_change":14.8,"two_year_pct_change":15.3,"six_year_pct_change":21.9,"twentytwo_year_pct_change":null},{"crime":"Misd. Assault","wtd_curr_yr":24,"wtd_prev_yr":14,"wtd_pct_change":71.4,"twentyeight_day_curr_yr":75,"twentyeight_day_prev_yr":61,"twentyeight_day_pct_change":23,"ytd_curr_yr":428,"ytd_prev_yr":439,"ytd_pct_change":-2.5,"two_year_pct_change":17.9,"six_year_pct_change":34.6,"twentytwo_year_pct_change":null},{"crime":"Misd. Sex Crimes","wtd_curr_yr":1,"wtd_prev_yr":0,"wtd_pct_change":null,"twentyeight_day_curr_yr":4,"twentyeight_day_prev_yr":0,"twentyeight_day_pct_change":null,"ytd_curr_yr":16,"ytd_prev_yr":15,"ytd_pct_change":6.7,"two_year_pct_change":-15.8,"six_year_pct_change":0,"twentytwo_year_pct_change":null},{"crime":"Shooting Vic.","wtd_curr_yr":0,"wtd_prev_yr":1,"wtd_pct_change":-100,"twentyeight_day_curr_yr":4,"twentyeight_day_prev_yr":4,"twentyeight_day_pct_change":0,"ytd_curr_yr":12,"ytd_prev_yr":10,"ytd_pct_change":20,"two_year_pct_change":-52,"six_year_pct_change":-33.3,"twentytwo_year_pct_change":-82.4},{"crime":"Shooting Inc.","wtd_curr_yr":0,"wtd_prev_yr":1,"wtd_pct_change":-100,"twentyeight_day_curr_yr":2,"twentyeight_day_prev_yr":4,"twentyeight_day_pct_change":-50,"ytd_curr_yr":8,"ytd_prev_yr":9,"ytd_pct_change":-11.1,"two_year_pct_change":-63.6,"six_year_pct_change":-33.3,"twentytwo_year_pct_change":-87.5}],"historical":[{"yr_1990":38,"yr_1993":28,"yr_1998":16,"yr_2001":10,"yr_2013":8,"pct_change_13vs01":-20,"pct_change_13vs98":-50,"pct_change_13vs93":-71.4,"pct_change_13vs90":-78.9,"crime":"Murder"},{"yr_1990":60,"yr_1993":74,"yr_1998":45,"yr_2001":27,"yr_2013":37,"pct_change_13vs01":37,"pct_change_13vs98":-17.8,"pct_change_13vs93":-50,"pct_change_13vs90":-38.3,"crime":"Rape"},{"yr_1990":1846,"yr_1993":1742,"yr_1998":751,"yr_2001":530,"yr_2013":438,"pct_change_13vs01":-17.4,"pct_change_13vs98":-41.7,"pct_change_13vs93":-74.9,"pct_change_13vs90":-76.3,"crime":"Robbery"},{"yr_1990":958,"yr_1993":853,"yr_1998":611,"yr_2001":406,"yr_2013":369,"pct_change_13vs01":-9.1,"pct_change_13vs98":-39.6,"pct_change_13vs93":-56.7,"pct_change_13vs90":-61.5,"crime":"Fel. Assault"},{"yr_1990":1592,"yr_1993":1166,"yr_1998":598,"yr_2001":449,"yr_2013":300,"pct_change_13vs01":-33.2,"pct_change_13vs98":-49.8,"pct_change_13vs93":-74.3,"pct_change_13vs90":-81.2,"crime":"Burglary"},{"yr_1990":1277,"yr_1993":1214,"yr_1998":578,"yr_2001":587,"yr_2013":487,"pct_change_13vs01":-17,"pct_change_13vs98":-15.7,"pct_change_13vs93":-59.9,"pct_change_13vs90":-61.9,"crime":"Gr. Larceny"},{"yr_1990":1889,"yr_1993":1591,"yr_1998":602,"yr_2001":472,"yr_2013":172,"pct_change_13vs01":-63.6,"pct_change_13vs98":-71.4,"pct_change_13vs93":-89.2,"pct_change_13vs90":-90.9,"crime":"G.L.A."},{"yr_1990":7660,"yr_1993":6668,"yr_1998":3201,"yr_2001":2481,"yr_2013":1811,"pct_change_13vs01":-27.01,"pct_change_13vs98":-43.42,"pct_change_13vs93":-72.84,"pct_change_13vs90":-76.36,"crime":"TOTAL"}]}