{"mayor":"Bill de Blasio","commissioner":"William J. Bratton","volume":21,"number":48,"precinct":"102nd","startDate":"2014-11-24T05:00:00.000Z","endDate":"2014-11-30T05:00:00.000Z","crimes":[{"crime":"Murder","wtd_curr_yr":0,"wtd_prev_yr":0,"wtd_pct_change":null,"twentyeight_day_curr_yr":0,"twentyeight_day_prev_yr":1,"twentyeight_day_pct_change":-100,"ytd_curr_yr":2,"ytd_prev_yr":6,"ytd_pct_change":-66.7,"two_year_pct_change":-71.4,"six_year_pct_change":-50,"twentytwo_year_pct_change":-81.8},{"crime":"Rape","wtd_curr_yr":0,"wtd_prev_yr":0,"wtd_pct_change":null,"twentyeight_day_curr_yr":1,"twentyeight_day_prev_yr":2,"twentyeight_day_pct_change":-50,"ytd_curr_yr":14,"ytd_prev_yr":24,"ytd_pct_change":-41.7,"two_year_pct_change":-48.1,"six_year_pct_change":-30,"twentytwo_year_pct_change":-53.3},{"crime":"Robbery","wtd_curr_yr":6,"wtd_prev_yr":3,"wtd_pct_change":100,"twentyeight_day_curr_yr":20,"twentyeight_day_prev_yr":24,"twentyeight_day_pct_change":-16.7,"ytd_curr_yr":206,"ytd_prev_yr":284,"ytd_pct_change":-27.5,"two_year_pct_change":-27.7,"six_year_pct_change":-19.2,"twentytwo_year_pct_change":-81},{"crime":"Fel. Assault","wtd_curr_yr":1,"wtd_prev_yr":5,"wtd_pct_change":-80,"twentyeight_day_curr_yr":21,"twentyeight_day_prev_yr":23,"twentyeight_day_pct_change":-8.7,"ytd_curr_yr":221,"ytd_prev_yr":292,"ytd_pct_change":-24.3,"two_year_pct_change":-2.6,"six_year_pct_change":-4.3,"twentytwo_year_pct_change":-34.2},{"crime":"Burglary","wtd_curr_yr":5,"wtd_prev_yr":2,"wtd_pct_change":150,"twentyeight_day_curr_yr":23,"twentyeight_day_prev_yr":17,"twentyeight_day_pct_change":35.3,"ytd_curr_yr":269,"ytd_prev_yr":270,"ytd_pct_change":-0.4,"two_year_pct_change":-8.5,"six_year_pct_change":-17.7,"twentytwo_year_pct_change":-79.9},{"crime":"Gr. Larceny","wtd_curr_yr":7,"wtd_prev_yr":7,"wtd_pct_change":0,"twentyeight_day_curr_yr":33,"twentyeight_day_prev_yr":32,"twentyeight_day_pct_change":3.1,"ytd_curr_yr":455,"ytd_prev_yr":431,"ytd_pct_change":5.6,"two_year_pct_change":12.6,"six_year_pct_change":19.4,"twentytwo_year_pct_change":-14.2},{"crime":"G.L.A.","wtd_curr_yr":5,"wtd_prev_yr":7,"wtd_pct_change":-28.6,"twentyeight_day_curr_yr":19,"twentyeight_day_prev_yr":25,"twentyeight_day_pct_change":-24,"ytd_curr_yr":228,"ytd_prev_yr":228,"ytd_pct_change":0,"two_year_pct_change":5.6,"six_year_pct_change":-13,"twentytwo_year_pct_change":-92.9},{"crime":"TOTAL","wtd_curr_yr":24,"wtd_prev_yr":24,"wtd_pct_change":0,"twentyeight_day_curr_yr":117,"twentyeight_day_prev_yr":124,"twentyeight_day_pct_change":-5.65,"ytd_curr_yr":1395,"ytd_prev_yr":1535,"ytd_pct_change":-9.12,"two_year_pct_change":-4.45,"six_year_pct_change":-5.74,"twentytwo_year_pct_change":-78.61},{"crime":"Transit","wtd_curr_yr":0,"wtd_prev_yr":1,"wtd_pct_change":-100,"twentyeight_day_curr_yr":0,"twentyeight_day_prev_yr":2,"twentyeight_day_pct_change":-100,"ytd_curr_yr":14,"ytd_prev_yr":19,"ytd_pct_change":-26.3,"two_year_pct_change":-36.4,"six_year_pct_change":-17.6,"twentytwo_year_pct_change":null},{"crime":"Housing","wtd_curr_yr":0,"wtd_prev_yr":0,"wtd_pct_change":null,"twentyeight_day_curr_yr":0,"twentyeight_day_prev_yr":0,"twentyeight_day_pct_change":null,"ytd_curr_yr":0,"ytd_prev_yr":0,"ytd_pct_change":null,"two_year_pct_change":null,"six_year_pct_change":null,"twentytwo_year_pct_change":null},{"crime":"Petit Larceny","wtd_curr_yr":15,"wtd_prev_yr":25,"wtd_pct_change":-40,"twentyeight_day_curr_yr":65,"twentyeight_day_prev_yr":92,"twentyeight_day_pct_change":-29.3,"ytd_curr_yr":956,"ytd_prev_yr":911,"ytd_pct_change":4.9,"two_year_pct_change":9.3,"six_year_pct_change":23,"twentytwo_year_pct_change":null},{"crime":"Misd. Assault","wtd_curr_yr":13,"wtd_prev_yr":10,"wtd_pct_change":30,"twentyeight_day_curr_yr":42,"twentyeight_day_prev_yr":42,"twentyeight_day_pct_change":0,"ytd_curr_yr":541,"ytd_prev_yr":546,"ytd_pct_change":-0.9,"two_year_pct_change":-10,"six_year_pct_change":-4.6,"twentytwo_year_pct_change":null},{"crime":"Misd. Sex Crimes","wtd_curr_yr":0,"wtd_prev_yr":1,"wtd_pct_change":-100,"twentyeight_day_curr_yr":2,"twentyeight_day_prev_yr":3,"twentyeight_day_pct_change":-33.3,"ytd_curr_yr":30,"ytd_prev_yr":29,"ytd_pct_change":3.4,"two_year_pct_change":76.5,"six_year_pct_change":-16.7,"twentytwo_year_pct_change":null},{"crime":"Shooting Vic.","wtd_curr_yr":0,"wtd_prev_yr":0,"wtd_pct_change":null,"twentyeight_day_curr_yr":0,"twentyeight_day_prev_yr":1,"twentyeight_day_pct_change":-100,"ytd_curr_yr":5,"ytd_prev_yr":7,"ytd_pct_change":-28.6,"two_year_pct_change":-37.5,"six_year_pct_change":-66.7,"twentytwo_year_pct_change":-84.4},{"crime":"Shooting Inc.","wtd_curr_yr":0,"wtd_prev_yr":0,"wtd_pct_change":null,"twentyeight_day_curr_yr":0,"twentyeight_day_prev_yr":1,"twentyeight_day_pct_change":-100,"ytd_curr_yr":5,"ytd_prev_yr":7,"ytd_pct_change":-28.6,"two_year_pct_change":-28.6,"six_year_pct_change":-61.5,"twentytwo_year_pct_change":-81.5}],"historical":[{"yr_1990":6,"yr_1993":12,"yr_1998":3,"yr_2001":2,"yr_2013":7,"pct_change_13vs01":250,"pct_change_13vs98":133.3,"pct_change_13vs93":-41.7,"pct_change_13vs90":16.7,"crime":"Murder"},{"yr_1990":29,"yr_1993":34,"yr_1998":23,"yr_2001":21,"yr_2013":24,"pct_change_13vs01":14.3,"pct_change_13vs98":4.3,"pct_change_13vs93":-29.4,"pct_change_13vs90":-17.2,"crime":"Rape"},{"yr_1990":1067,"yr_1993":1238,"yr_1998":672,"yr_2001":459,"yr_2013":311,"pct_change_13vs01":-32.2,"pct_change_13vs98":-53.7,"pct_change_13vs93":-74.9,"pct_change_13vs90":-70.9,"crime":"Robbery"},{"yr_1990":345,"yr_1993":362,"yr_1998":440,"yr_2001":309,"yr_2013":323,"pct_change_13vs01":4.5,"pct_change_13vs98":-26.6,"pct_change_13vs93":-10.8,"pct_change_13vs90":-6.4,"crime":"Fel. Assault"},{"yr_1990":1847,"yr_1993":1503,"yr_1998":965,"yr_2001":622,"yr_2013":288,"pct_change_13vs01":-53.7,"pct_change_13vs98":-70.2,"pct_change_13vs93":-80.8,"pct_change_13vs90":-84.4,"crime":"Burglary"},{"yr_1990":721,"yr_1993":583,"yr_1998":538,"yr_2001":378,"yr_2013":490,"pct_change_13vs01":29.6,"pct_change_13vs98":-8.9,"pct_change_13vs93":-16,"pct_change_13vs90":-32,"crime":"Gr. Larceny"},{"yr_1990":4145,"yr_1993":3495,"yr_1998":1303,"yr_2001":803,"yr_2013":252,"pct_change_13vs01":-68.6,"pct_change_13vs98":-80.7,"pct_change_13vs93":-92.8,"pct_change_13vs90":-93.9,"crime":"G.L.A."},{"yr_1990":8160,"yr_1993":7227,"yr_1998":3944,"yr_2001":2594,"yr_2013":1695,"pct_change_13vs01":-34.66,"pct_change_13vs98":-57.02,"pct_change_13vs93":-76.55,"pct_change_13vs90":-79.23,"crime":"TOTAL"}]}