{"mayor":"Bill de Blasio","commissioner":"William J. Bratton","volume":21,"number":41,"precinct":"107th","startDate":"2014-10-06T04:00:00.000Z","endDate":"2014-10-12T04:00:00.000Z","crimes":[{"crime":"Murder","wtd_curr_yr":0,"wtd_prev_yr":0,"wtd_pct_change":null,"twentyeight_day_curr_yr":0,"twentyeight_day_prev_yr":0,"twentyeight_day_pct_change":null,"ytd_curr_yr":0,"ytd_prev_yr":1,"ytd_pct_change":-100,"two_year_pct_change":-100,"six_year_pct_change":-100,"twentytwo_year_pct_change":-100},{"crime":"Rape","wtd_curr_yr":2,"wtd_prev_yr":0,"wtd_pct_change":null,"twentyeight_day_curr_yr":3,"twentyeight_day_prev_yr":0,"twentyeight_day_pct_change":null,"ytd_curr_yr":19,"ytd_prev_yr":6,"ytd_pct_change":216.7,"two_year_pct_change":111.1,"six_year_pct_change":280,"twentytwo_year_pct_change":-24},{"crime":"Robbery","wtd_curr_yr":4,"wtd_prev_yr":7,"wtd_pct_change":-42.9,"twentyeight_day_curr_yr":13,"twentyeight_day_prev_yr":25,"twentyeight_day_pct_change":-48,"ytd_curr_yr":147,"ytd_prev_yr":180,"ytd_pct_change":-18.3,"two_year_pct_change":-18.3,"six_year_pct_change":-18.3,"twentytwo_year_pct_change":-79.9},{"crime":"Fel. Assault","wtd_curr_yr":3,"wtd_prev_yr":2,"wtd_pct_change":50,"twentyeight_day_curr_yr":10,"twentyeight_day_prev_yr":15,"twentyeight_day_pct_change":-33.3,"ytd_curr_yr":83,"ytd_prev_yr":110,"ytd_pct_change":-24.5,"two_year_pct_change":-23.9,"six_year_pct_change":13.7,"twentytwo_year_pct_change":-57.4},{"crime":"Burglary","wtd_curr_yr":0,"wtd_prev_yr":5,"wtd_pct_change":-100,"twentyeight_day_curr_yr":9,"twentyeight_day_prev_yr":18,"twentyeight_day_pct_change":-50,"ytd_curr_yr":129,"ytd_prev_yr":198,"ytd_pct_change":-34.8,"two_year_pct_change":-41.1,"six_year_pct_change":-40.3,"twentytwo_year_pct_change":-88.7},{"crime":"Gr. Larceny","wtd_curr_yr":9,"wtd_prev_yr":8,"wtd_pct_change":12.5,"twentyeight_day_curr_yr":39,"twentyeight_day_prev_yr":48,"twentyeight_day_pct_change":-18.8,"ytd_curr_yr":348,"ytd_prev_yr":375,"ytd_pct_change":-7.2,"two_year_pct_change":-2.8,"six_year_pct_change":-7,"twentytwo_year_pct_change":-26.6},{"crime":"G.L.A.","wtd_curr_yr":1,"wtd_prev_yr":6,"wtd_pct_change":-83.3,"twentyeight_day_curr_yr":15,"twentyeight_day_prev_yr":18,"twentyeight_day_pct_change":-16.7,"ytd_curr_yr":119,"ytd_prev_yr":119,"ytd_pct_change":0,"two_year_pct_change":-5.6,"six_year_pct_change":-29.6,"twentytwo_year_pct_change":-96.9},{"crime":"TOTAL","wtd_curr_yr":19,"wtd_prev_yr":28,"wtd_pct_change":-32.14,"twentyeight_day_curr_yr":89,"twentyeight_day_prev_yr":124,"twentyeight_day_pct_change":-28.23,"ytd_curr_yr":845,"ytd_prev_yr":989,"ytd_pct_change":-14.56,"two_year_pct_change":-15.67,"six_year_pct_change":-17.08,"twentytwo_year_pct_change":-86.86},{"crime":"Transit","wtd_curr_yr":1,"wtd_prev_yr":0,"wtd_pct_change":null,"twentyeight_day_curr_yr":4,"twentyeight_day_prev_yr":1,"twentyeight_day_pct_change":300,"ytd_curr_yr":21,"ytd_prev_yr":20,"ytd_pct_change":5,"two_year_pct_change":-8.7,"six_year_pct_change":5,"twentytwo_year_pct_change":null},{"crime":"Housing","wtd_curr_yr":1,"wtd_prev_yr":1,"wtd_pct_change":0,"twentyeight_day_curr_yr":4,"twentyeight_day_prev_yr":8,"twentyeight_day_pct_change":-50,"ytd_curr_yr":41,"ytd_prev_yr":43,"ytd_pct_change":-4.7,"two_year_pct_change":0,"six_year_pct_change":70.8,"twentytwo_year_pct_change":null},{"crime":"Petit Larceny","wtd_curr_yr":18,"wtd_prev_yr":21,"wtd_pct_change":-14.3,"twentyeight_day_curr_yr":68,"twentyeight_day_prev_yr":73,"twentyeight_day_pct_change":-6.8,"ytd_curr_yr":629,"ytd_prev_yr":647,"ytd_pct_change":-2.8,"two_year_pct_change":3.6,"six_year_pct_change":-16.8,"twentytwo_year_pct_change":null},{"crime":"Misd. Assault","wtd_curr_yr":5,"wtd_prev_yr":11,"wtd_pct_change":-54.5,"twentyeight_day_curr_yr":25,"twentyeight_day_prev_yr":35,"twentyeight_day_pct_change":-28.6,"ytd_curr_yr":279,"ytd_prev_yr":287,"ytd_pct_change":-2.8,"two_year_pct_change":-0.4,"six_year_pct_change":-21.6,"twentytwo_year_pct_change":null},{"crime":"Misd. Sex Crimes","wtd_curr_yr":0,"wtd_prev_yr":1,"wtd_pct_change":-100,"twentyeight_day_curr_yr":2,"twentyeight_day_prev_yr":1,"twentyeight_day_pct_change":100,"ytd_curr_yr":19,"ytd_prev_yr":21,"ytd_pct_change":-9.5,"two_year_pct_change":-13.6,"six_year_pct_change":-17.4,"twentytwo_year_pct_change":null},{"crime":"Shooting Vic.","wtd_curr_yr":0,"wtd_prev_yr":0,"wtd_pct_change":null,"twentyeight_day_curr_yr":0,"twentyeight_day_prev_yr":0,"twentyeight_day_pct_change":null,"ytd_curr_yr":3,"ytd_prev_yr":2,"ytd_pct_change":50,"two_year_pct_change":-25,"six_year_pct_change":-25,"twentytwo_year_pct_change":-70},{"crime":"Shooting Inc.","wtd_curr_yr":0,"wtd_prev_yr":0,"wtd_pct_change":null,"twentyeight_day_curr_yr":0,"twentyeight_day_prev_yr":0,"twentyeight_day_pct_change":null,"ytd_curr_yr":3,"ytd_prev_yr":2,"ytd_pct_change":50,"two_year_pct_change":0,"six_year_pct_change":-25,"twentytwo_year_pct_change":-70}],"historical":[{"yr_1990":14,"yr_1993":8,"yr_1998":5,"yr_2001":4,"yr_2013":1,"pct_change_13vs01":-75,"pct_change_13vs98":-80,"pct_change_13vs93":-87.5,"pct_change_13vs90":-92.9,"crime":"Murder"},{"yr_1990":24,"yr_1993":32,"yr_1998":30,"yr_2001":15,"yr_2013":7,"pct_change_13vs01":-53.3,"pct_change_13vs98":-76.7,"pct_change_13vs93":-78.1,"pct_change_13vs90":-70.8,"crime":"Rape"},{"yr_1990":1039,"yr_1993":514,"yr_1998":375,"yr_2001":242,"yr_2013":-35.5,"pct_change_13vs01":-52.9,"pct_change_13vs98":-76.7,"pct_change_13vs93":-72.9,"pct_change_13vs90":null,"crime":"Robbery 893"},{"yr_1990":260,"yr_1993":239,"yr_1998":226,"yr_2001":153,"yr_2013":138,"pct_change_13vs01":-9.8,"pct_change_13vs98":-38.9,"pct_change_13vs93":-42.3,"pct_change_13vs90":-46.9,"crime":"Fel. Assault"},{"yr_1990":2152,"yr_1993":1425,"yr_1998":862,"yr_2001":632,"yr_2013":244,"pct_change_13vs01":-61.4,"pct_change_13vs98":-71.7,"pct_change_13vs93":-82.9,"pct_change_13vs90":-88.7,"crime":"Burglary"},{"yr_1990":805,"yr_1993":616,"yr_1998":614,"yr_2001":572,"yr_2013":517,"pct_change_13vs01":-9.6,"pct_change_13vs98":-15.8,"pct_change_13vs93":-16.1,"pct_change_13vs90":-35.8,"crime":"Gr. Larceny"},{"yr_1990":5535,"yr_1993":4902,"yr_1998":1560,"yr_2001":802,"yr_2013":149,"pct_change_13vs01":-81.4,"pct_change_13vs98":-90.4,"pct_change_13vs93":-97,"pct_change_13vs90":-97.3,"crime":"G.L.A."},{"yr_1990":9683,"yr_1993":8261,"yr_1998":3811,"yr_2001":2553,"yr_2013":1298,"pct_change_13vs01":-49.16,"pct_change_13vs98":-65.94,"pct_change_13vs93":-84.29,"pct_change_13vs90":-86.6,"crime":"TOTAL"}]}