{"mayor":"Bill de Blasio","commissioner":"William J. Bratton","volume":21,"number":28,"precinct":"104th","startDate":"2014-07-07T04:00:00.000Z","endDate":"2014-07-13T04:00:00.000Z","crimes":[{"crime":"Murder","wtd_curr_yr":0,"wtd_prev_yr":0,"wtd_pct_change":null,"twentyeight_day_curr_yr":0,"twentyeight_day_prev_yr":0,"twentyeight_day_pct_change":null,"ytd_curr_yr":3,"ytd_prev_yr":3,"ytd_pct_change":0,"two_year_pct_change":null,"six_year_pct_change":200,"twentytwo_year_pct_change":-70},{"crime":"Rape","wtd_curr_yr":0,"wtd_prev_yr":0,"wtd_pct_change":null,"twentyeight_day_curr_yr":1,"twentyeight_day_prev_yr":0,"twentyeight_day_pct_change":null,"ytd_curr_yr":11,"ytd_prev_yr":8,"ytd_pct_change":37.5,"two_year_pct_change":37.5,"six_year_pct_change":57.1,"twentytwo_year_pct_change":-35.3},{"crime":"Robbery","wtd_curr_yr":1,"wtd_prev_yr":4,"wtd_pct_change":-75,"twentyeight_day_curr_yr":8,"twentyeight_day_prev_yr":12,"twentyeight_day_pct_change":-33.3,"ytd_curr_yr":86,"ytd_prev_yr":110,"ytd_pct_change":-21.8,"two_year_pct_change":-37.2,"six_year_pct_change":-37.2,"twentytwo_year_pct_change":-83},{"crime":"Fel. Assault","wtd_curr_yr":8,"wtd_prev_yr":0,"wtd_pct_change":null,"twentyeight_day_curr_yr":19,"twentyeight_day_prev_yr":10,"twentyeight_day_pct_change":90,"ytd_curr_yr":114,"ytd_prev_yr":135,"ytd_pct_change":-15.6,"two_year_pct_change":-14.9,"six_year_pct_change":28.1,"twentytwo_year_pct_change":-25.5},{"crime":"Burglary","wtd_curr_yr":8,"wtd_prev_yr":5,"wtd_pct_change":60,"twentyeight_day_curr_yr":19,"twentyeight_day_prev_yr":33,"twentyeight_day_pct_change":-42.4,"ytd_curr_yr":155,"ytd_prev_yr":185,"ytd_pct_change":-16.2,"two_year_pct_change":-22.1,"six_year_pct_change":-32,"twentytwo_year_pct_change":-85.8},{"crime":"Gr. Larceny","wtd_curr_yr":8,"wtd_prev_yr":6,"wtd_pct_change":33.3,"twentyeight_day_curr_yr":44,"twentyeight_day_prev_yr":37,"twentyeight_day_pct_change":18.9,"ytd_curr_yr":297,"ytd_prev_yr":262,"ytd_pct_change":13.4,"two_year_pct_change":9.2,"six_year_pct_change":15.1,"twentytwo_year_pct_change":-8.6},{"crime":"G.L.A.","wtd_curr_yr":2,"wtd_prev_yr":2,"wtd_pct_change":0,"twentyeight_day_curr_yr":15,"twentyeight_day_prev_yr":9,"twentyeight_day_pct_change":66.7,"ytd_curr_yr":108,"ytd_prev_yr":73,"ytd_pct_change":47.9,"two_year_pct_change":-7.7,"six_year_pct_change":-26.5,"twentytwo_year_pct_change":-94.4},{"crime":"TOTAL","wtd_curr_yr":27,"wtd_prev_yr":17,"wtd_pct_change":58.82,"twentyeight_day_curr_yr":106,"twentyeight_day_prev_yr":101,"twentyeight_day_pct_change":4.95,"ytd_curr_yr":774,"ytd_prev_yr":776,"ytd_pct_change":-0.26,"two_year_pct_change":-10.73,"six_year_pct_change":-10.73,"twentytwo_year_pct_change":-80.72},{"crime":"Transit","wtd_curr_yr":1,"wtd_prev_yr":0,"wtd_pct_change":null,"twentyeight_day_curr_yr":2,"twentyeight_day_prev_yr":0,"twentyeight_day_pct_change":null,"ytd_curr_yr":7,"ytd_prev_yr":8,"ytd_pct_change":-12.5,"two_year_pct_change":-53.3,"six_year_pct_change":250,"twentytwo_year_pct_change":null},{"crime":"Housing","wtd_curr_yr":0,"wtd_prev_yr":0,"wtd_pct_change":null,"twentyeight_day_curr_yr":0,"twentyeight_day_prev_yr":0,"twentyeight_day_pct_change":null,"ytd_curr_yr":0,"ytd_prev_yr":0,"ytd_pct_change":null,"two_year_pct_change":null,"six_year_pct_change":null,"twentytwo_year_pct_change":null},{"crime":"Petit Larceny","wtd_curr_yr":21,"wtd_prev_yr":30,"wtd_pct_change":-30,"twentyeight_day_curr_yr":79,"twentyeight_day_prev_yr":94,"twentyeight_day_pct_change":-16,"ytd_curr_yr":594,"ytd_prev_yr":541,"ytd_pct_change":9.8,"two_year_pct_change":7.8,"six_year_pct_change":-3.3,"twentytwo_year_pct_change":null},{"crime":"Misd. Assault","wtd_curr_yr":17,"wtd_prev_yr":20,"wtd_pct_change":-15,"twentyeight_day_curr_yr":53,"twentyeight_day_prev_yr":71,"twentyeight_day_pct_change":-25.4,"ytd_curr_yr":335,"ytd_prev_yr":288,"ytd_pct_change":16.3,"two_year_pct_change":-7.5,"six_year_pct_change":-2.9,"twentytwo_year_pct_change":null},{"crime":"Misd. Sex Crimes","wtd_curr_yr":0,"wtd_prev_yr":0,"wtd_pct_change":null,"twentyeight_day_curr_yr":0,"twentyeight_day_prev_yr":0,"twentyeight_day_pct_change":null,"ytd_curr_yr":6,"ytd_prev_yr":11,"ytd_pct_change":-45.5,"two_year_pct_change":-57.1,"six_year_pct_change":-66.7,"twentytwo_year_pct_change":null},{"crime":"Shooting Vic.","wtd_curr_yr":1,"wtd_prev_yr":0,"wtd_pct_change":null,"twentyeight_day_curr_yr":2,"twentyeight_day_prev_yr":2,"twentyeight_day_pct_change":0,"ytd_curr_yr":6,"ytd_prev_yr":3,"ytd_pct_change":100,"two_year_pct_change":100,"six_year_pct_change":500,"twentytwo_year_pct_change":-57.1},{"crime":"Shooting Inc.","wtd_curr_yr":1,"wtd_prev_yr":0,"wtd_pct_change":null,"twentyeight_day_curr_yr":2,"twentyeight_day_prev_yr":2,"twentyeight_day_pct_change":0,"ytd_curr_yr":5,"ytd_prev_yr":3,"ytd_pct_change":66.7,"two_year_pct_change":66.7,"six_year_pct_change":400,"twentytwo_year_pct_change":-61.5}],"historical":[{"yr_2012":1,"yr_1993":19,"yr_1998":7,"yr_2001":5,"yr_2013":3,"pct_change_13vs01":-40,"pct_change_13vs98":-57.1,"pct_change_13vs93":-84.2,"pct_change_13vs12":200,"crime":"Murder"},{"yr_2012":15,"yr_1993":21,"yr_1998":24,"yr_2001":15,"yr_2013":15,"pct_change_13vs01":0,"pct_change_13vs98":-37.5,"pct_change_13vs93":-28.6,"pct_change_13vs12":0,"crime":"Rape"},{"yr_2012":1027,"yr_1993":490,"yr_1998":359,"yr_2001":256,"yr_2013":-28.7,"pct_change_13vs01":-47.8,"pct_change_13vs98":-75.1,"pct_change_13vs93":-8.2,"pct_change_13vs12":null,"crime":"Robbery 279"},{"yr_2012":256,"yr_1993":305,"yr_1998":261,"yr_2001":262,"yr_2013":241,"pct_change_13vs01":-8,"pct_change_13vs98":-7.7,"pct_change_13vs93":-21,"pct_change_13vs12":-5.9,"crime":"Fel. Assault"},{"yr_2012":1955,"yr_1993":1024,"yr_1998":790,"yr_2001":339,"yr_2013":-57.1,"pct_change_13vs01":-66.9,"pct_change_13vs98":-82.7,"pct_change_13vs93":-13.1,"pct_change_13vs12":null,"crime":"Burglary 390"},{"yr_2012":528,"yr_1993":678,"yr_1998":485,"yr_2001":551,"yr_2013":572,"pct_change_13vs01":3.8,"pct_change_13vs98":17.9,"pct_change_13vs93":-15.6,"pct_change_13vs12":8.3,"crime":"Gr. Larceny"},{"yr_2012":3418,"yr_1993":1374,"yr_1998":892,"yr_2001":181,"yr_2013":-79.7,"pct_change_13vs01":-86.8,"pct_change_13vs98":-94.7,"pct_change_13vs93":-14.2,"pct_change_13vs12":null,"crime":"G.L.A. 211"},{"yr_2012":1680,"yr_1993":7423,"yr_1998":3665,"yr_2001":2874,"yr_2013":1607,"pct_change_13vs01":-44.08,"pct_change_13vs98":-56.15,"pct_change_13vs93":-78.35,"pct_change_13vs12":-4.35,"crime":"TOTAL"}]}