{"mayor":"Bill de Blasio","commissioner":"William J. Bratton","volume":21,"number":40,"precinct":"103rd","startDate":"2014-09-29T04:00:00.000Z","endDate":"2014-10-05T04:00:00.000Z","crimes":[{"crime":"Murder","wtd_curr_yr":0,"wtd_prev_yr":0,"wtd_pct_change":null,"twentyeight_day_curr_yr":0,"twentyeight_day_prev_yr":0,"twentyeight_day_pct_change":null,"ytd_curr_yr":7,"ytd_prev_yr":7,"ytd_pct_change":0,"two_year_pct_change":-30,"six_year_pct_change":-22.2,"twentytwo_year_pct_change":-69.6},{"crime":"Rape","wtd_curr_yr":0,"wtd_prev_yr":1,"wtd_pct_change":-100,"twentyeight_day_curr_yr":0,"twentyeight_day_prev_yr":7,"twentyeight_day_pct_change":-100,"ytd_curr_yr":14,"ytd_prev_yr":34,"ytd_pct_change":-58.8,"two_year_pct_change":-46.2,"six_year_pct_change":-39.1,"twentytwo_year_pct_change":-75.4},{"crime":"Robbery","wtd_curr_yr":8,"wtd_prev_yr":7,"wtd_pct_change":14.3,"twentyeight_day_curr_yr":39,"twentyeight_day_prev_yr":30,"twentyeight_day_pct_change":30,"ytd_curr_yr":285,"ytd_prev_yr":346,"ytd_pct_change":-17.6,"two_year_pct_change":-12.6,"six_year_pct_change":17.3,"twentytwo_year_pct_change":-77.3},{"crime":"Fel. Assault","wtd_curr_yr":9,"wtd_prev_yr":6,"wtd_pct_change":50,"twentyeight_day_curr_yr":30,"twentyeight_day_prev_yr":24,"twentyeight_day_pct_change":25,"ytd_curr_yr":318,"ytd_prev_yr":278,"ytd_pct_change":14.4,"two_year_pct_change":1.9,"six_year_pct_change":11.2,"twentytwo_year_pct_change":-51.7},{"crime":"Burglary","wtd_curr_yr":7,"wtd_prev_yr":5,"wtd_pct_change":40,"twentyeight_day_curr_yr":19,"twentyeight_day_prev_yr":23,"twentyeight_day_pct_change":-17.4,"ytd_curr_yr":183,"ytd_prev_yr":225,"ytd_pct_change":-18.7,"two_year_pct_change":-26.5,"six_year_pct_change":-19.4,"twentytwo_year_pct_change":-79.3},{"crime":"Gr. Larceny","wtd_curr_yr":8,"wtd_prev_yr":11,"wtd_pct_change":-27.3,"twentyeight_day_curr_yr":29,"twentyeight_day_prev_yr":41,"twentyeight_day_pct_change":-29.3,"ytd_curr_yr":365,"ytd_prev_yr":350,"ytd_pct_change":4.3,"two_year_pct_change":0.3,"six_year_pct_change":8,"twentytwo_year_pct_change":-60.6},{"crime":"G.L.A.","wtd_curr_yr":0,"wtd_prev_yr":3,"wtd_pct_change":-100,"twentyeight_day_curr_yr":4,"twentyeight_day_prev_yr":17,"twentyeight_day_pct_change":-76.5,"ytd_curr_yr":103,"ytd_prev_yr":132,"ytd_pct_change":-22,"two_year_pct_change":-23.7,"six_year_pct_change":-23.1,"twentytwo_year_pct_change":-91.3},{"crime":"TOTAL","wtd_curr_yr":32,"wtd_prev_yr":33,"wtd_pct_change":-3.03,"twentyeight_day_curr_yr":121,"twentyeight_day_prev_yr":142,"twentyeight_day_pct_change":-14.79,"ytd_curr_yr":1275,"ytd_prev_yr":1372,"ytd_pct_change":-7.07,"two_year_pct_change":-10.34,"six_year_pct_change":1.19,"twentytwo_year_pct_change":-74.41},{"crime":"Transit","wtd_curr_yr":1,"wtd_prev_yr":0,"wtd_pct_change":null,"twentyeight_day_curr_yr":2,"twentyeight_day_prev_yr":4,"twentyeight_day_pct_change":-50,"ytd_curr_yr":19,"ytd_prev_yr":28,"ytd_pct_change":-32.1,"two_year_pct_change":-20.8,"six_year_pct_change":137.5,"twentytwo_year_pct_change":null},{"crime":"Housing","wtd_curr_yr":0,"wtd_prev_yr":0,"wtd_pct_change":null,"twentyeight_day_curr_yr":1,"twentyeight_day_prev_yr":2,"twentyeight_day_pct_change":-50,"ytd_curr_yr":21,"ytd_prev_yr":29,"ytd_pct_change":-27.6,"two_year_pct_change":-41.7,"six_year_pct_change":-4.5,"twentytwo_year_pct_change":null},{"crime":"Petit Larceny","wtd_curr_yr":21,"wtd_prev_yr":28,"wtd_pct_change":-25,"twentyeight_day_curr_yr":94,"twentyeight_day_prev_yr":106,"twentyeight_day_pct_change":-11.3,"ytd_curr_yr":924,"ytd_prev_yr":854,"ytd_pct_change":8.2,"two_year_pct_change":17,"six_year_pct_change":15.9,"twentytwo_year_pct_change":null},{"crime":"Misd. Assault","wtd_curr_yr":20,"wtd_prev_yr":16,"wtd_pct_change":25,"twentyeight_day_curr_yr":71,"twentyeight_day_prev_yr":58,"twentyeight_day_pct_change":22.4,"ytd_curr_yr":697,"ytd_prev_yr":728,"ytd_pct_change":-4.3,"two_year_pct_change":11,"six_year_pct_change":25.8,"twentytwo_year_pct_change":null},{"crime":"Misd. Sex Crimes","wtd_curr_yr":0,"wtd_prev_yr":1,"wtd_pct_change":-100,"twentyeight_day_curr_yr":1,"twentyeight_day_prev_yr":3,"twentyeight_day_pct_change":-66.7,"ytd_curr_yr":25,"ytd_prev_yr":23,"ytd_pct_change":8.7,"two_year_pct_change":-30.6,"six_year_pct_change":-13.8,"twentytwo_year_pct_change":null},{"crime":"Shooting Vic.","wtd_curr_yr":1,"wtd_prev_yr":0,"wtd_pct_change":null,"twentyeight_day_curr_yr":2,"twentyeight_day_prev_yr":5,"twentyeight_day_pct_change":-60,"ytd_curr_yr":19,"ytd_prev_yr":28,"ytd_pct_change":-32.1,"two_year_pct_change":-51.3,"six_year_pct_change":-45.7,"twentytwo_year_pct_change":-83.8},{"crime":"Shooting Inc.","wtd_curr_yr":1,"wtd_prev_yr":0,"wtd_pct_change":null,"twentyeight_day_curr_yr":2,"twentyeight_day_prev_yr":4,"twentyeight_day_pct_change":-50,"ytd_curr_yr":15,"ytd_prev_yr":25,"ytd_pct_change":-40,"two_year_pct_change":-57.1,"six_year_pct_change":-46.4,"twentytwo_year_pct_change":-86.1}],"historical":[{"yr_1990":38,"yr_1993":28,"yr_1998":16,"yr_2001":10,"yr_2013":8,"pct_change_13vs01":-20,"pct_change_13vs98":-50,"pct_change_13vs93":-71.4,"pct_change_13vs90":-78.9,"crime":"Murder"},{"yr_1990":60,"yr_1993":74,"yr_1998":45,"yr_2001":27,"yr_2013":37,"pct_change_13vs01":37,"pct_change_13vs98":-17.8,"pct_change_13vs93":-50,"pct_change_13vs90":-38.3,"crime":"Rape"},{"yr_1990":1846,"yr_1993":1742,"yr_1998":751,"yr_2001":530,"yr_2013":438,"pct_change_13vs01":-17.4,"pct_change_13vs98":-41.7,"pct_change_13vs93":-74.9,"pct_change_13vs90":-76.3,"crime":"Robbery"},{"yr_1990":958,"yr_1993":853,"yr_1998":611,"yr_2001":406,"yr_2013":369,"pct_change_13vs01":-9.1,"pct_change_13vs98":-39.6,"pct_change_13vs93":-56.7,"pct_change_13vs90":-61.5,"crime":"Fel. Assault"},{"yr_1990":1592,"yr_1993":1166,"yr_1998":598,"yr_2001":449,"yr_2013":300,"pct_change_13vs01":-33.2,"pct_change_13vs98":-49.8,"pct_change_13vs93":-74.3,"pct_change_13vs90":-81.2,"crime":"Burglary"},{"yr_1990":1277,"yr_1993":1214,"yr_1998":578,"yr_2001":587,"yr_2013":487,"pct_change_13vs01":-17,"pct_change_13vs98":-15.7,"pct_change_13vs93":-59.9,"pct_change_13vs90":-61.9,"crime":"Gr. Larceny"},{"yr_1990":1889,"yr_1993":1591,"yr_1998":602,"yr_2001":472,"yr_2013":172,"pct_change_13vs01":-63.6,"pct_change_13vs98":-71.4,"pct_change_13vs93":-89.2,"pct_change_13vs90":-90.9,"crime":"G.L.A."},{"yr_1990":7660,"yr_1993":6668,"yr_1998":3201,"yr_2001":2481,"yr_2013":1811,"pct_change_13vs01":-27.01,"pct_change_13vs98":-43.42,"pct_change_13vs93":-72.84,"pct_change_13vs90":-76.36,"crime":"TOTAL"}]}