{"mayor":"Bill de Blasio","commissioner":"William J. Bratton","volume":21,"number":46,"precinct":"103rd","startDate":"2014-11-10T05:00:00.000Z","endDate":"2014-11-16T05:00:00.000Z","crimes":[{"crime":"Murder","wtd_curr_yr":0,"wtd_prev_yr":0,"wtd_pct_change":null,"twentyeight_day_curr_yr":0,"twentyeight_day_prev_yr":0,"twentyeight_day_pct_change":null,"ytd_curr_yr":8,"ytd_prev_yr":7,"ytd_pct_change":14.3,"two_year_pct_change":-20,"six_year_pct_change":-27.3,"twentytwo_year_pct_change":-69.2},{"crime":"Rape","wtd_curr_yr":0,"wtd_prev_yr":0,"wtd_pct_change":null,"twentyeight_day_curr_yr":2,"twentyeight_day_prev_yr":0,"twentyeight_day_pct_change":null,"ytd_curr_yr":18,"ytd_prev_yr":36,"ytd_pct_change":-50,"two_year_pct_change":-40,"six_year_pct_change":-37.9,"twentytwo_year_pct_change":-72.3},{"crime":"Robbery","wtd_curr_yr":4,"wtd_prev_yr":8,"wtd_pct_change":-50,"twentyeight_day_curr_yr":25,"twentyeight_day_prev_yr":36,"twentyeight_day_pct_change":-30.6,"ytd_curr_yr":337,"ytd_prev_yr":396,"ytd_pct_change":-14.9,"two_year_pct_change":-10.4,"six_year_pct_change":10.1,"twentytwo_year_pct_change":-77.6},{"crime":"Fel. Assault","wtd_curr_yr":4,"wtd_prev_yr":4,"wtd_pct_change":0,"twentyeight_day_curr_yr":33,"twentyeight_day_prev_yr":33,"twentyeight_day_pct_change":0,"ytd_curr_yr":389,"ytd_prev_yr":330,"ytd_pct_change":17.9,"two_year_pct_change":14.4,"six_year_pct_change":11.8,"twentytwo_year_pct_change":-48.7},{"crime":"Burglary","wtd_curr_yr":11,"wtd_prev_yr":10,"wtd_pct_change":10,"twentyeight_day_curr_yr":27,"twentyeight_day_prev_yr":29,"twentyeight_day_pct_change":-6.9,"ytd_curr_yr":228,"ytd_prev_yr":267,"ytd_pct_change":-14.6,"two_year_pct_change":-18,"six_year_pct_change":-12,"twentytwo_year_pct_change":-77.3},{"crime":"Gr. Larceny","wtd_curr_yr":6,"wtd_prev_yr":13,"wtd_pct_change":-53.8,"twentyeight_day_curr_yr":31,"twentyeight_day_prev_yr":47,"twentyeight_day_pct_change":-34,"ytd_curr_yr":427,"ytd_prev_yr":422,"ytd_pct_change":1.2,"two_year_pct_change":0.2,"six_year_pct_change":5.7,"twentytwo_year_pct_change":-59.8},{"crime":"G.L.A.","wtd_curr_yr":1,"wtd_prev_yr":4,"wtd_pct_change":-75,"twentyeight_day_curr_yr":9,"twentyeight_day_prev_yr":12,"twentyeight_day_pct_change":-25,"ytd_curr_yr":117,"ytd_prev_yr":149,"ytd_pct_change":-21.5,"two_year_pct_change":-24,"six_year_pct_change":-23,"twentytwo_year_pct_change":-91.6},{"crime":"TOTAL","wtd_curr_yr":26,"wtd_prev_yr":39,"wtd_pct_change":-33.33,"twentyeight_day_curr_yr":127,"twentyeight_day_prev_yr":157,"twentyeight_day_pct_change":-19.11,"ytd_curr_yr":1524,"ytd_prev_yr":1607,"ytd_pct_change":-5.16,"two_year_pct_change":-5.58,"six_year_pct_change":0.99,"twentytwo_year_pct_change":-73.76},{"crime":"Transit","wtd_curr_yr":0,"wtd_prev_yr":0,"wtd_pct_change":null,"twentyeight_day_curr_yr":1,"twentyeight_day_prev_yr":4,"twentyeight_day_pct_change":-75,"ytd_curr_yr":21,"ytd_prev_yr":36,"ytd_pct_change":-41.7,"two_year_pct_change":-16,"six_year_pct_change":110,"twentytwo_year_pct_change":null},{"crime":"Housing","wtd_curr_yr":0,"wtd_prev_yr":1,"wtd_pct_change":-100,"twentyeight_day_curr_yr":2,"twentyeight_day_prev_yr":6,"twentyeight_day_pct_change":-66.7,"ytd_curr_yr":26,"ytd_prev_yr":36,"ytd_pct_change":-27.8,"two_year_pct_change":-33.3,"six_year_pct_change":13,"twentytwo_year_pct_change":null},{"crime":"Petit Larceny","wtd_curr_yr":21,"wtd_prev_yr":19,"wtd_pct_change":10.5,"twentyeight_day_curr_yr":85,"twentyeight_day_prev_yr":110,"twentyeight_day_pct_change":-22.7,"ytd_curr_yr":1054,"ytd_prev_yr":1011,"ytd_pct_change":4.3,"two_year_pct_change":18.2,"six_year_pct_change":17.5,"twentytwo_year_pct_change":null},{"crime":"Misd. Assault","wtd_curr_yr":16,"wtd_prev_yr":20,"wtd_pct_change":-20,"twentyeight_day_curr_yr":62,"twentyeight_day_prev_yr":68,"twentyeight_day_pct_change":-8.8,"ytd_curr_yr":770,"ytd_prev_yr":839,"ytd_pct_change":-8.2,"two_year_pct_change":5.5,"six_year_pct_change":19.2,"twentytwo_year_pct_change":null},{"crime":"Misd. Sex Crimes","wtd_curr_yr":1,"wtd_prev_yr":1,"wtd_pct_change":0,"twentyeight_day_curr_yr":2,"twentyeight_day_prev_yr":1,"twentyeight_day_pct_change":100,"ytd_curr_yr":29,"ytd_prev_yr":25,"ytd_pct_change":16,"two_year_pct_change":-25.6,"six_year_pct_change":-6.5,"twentytwo_year_pct_change":null},{"crime":"Shooting Vic.","wtd_curr_yr":0,"wtd_prev_yr":0,"wtd_pct_change":null,"twentyeight_day_curr_yr":1,"twentyeight_day_prev_yr":2,"twentyeight_day_pct_change":-50,"ytd_curr_yr":21,"ytd_prev_yr":31,"ytd_pct_change":-32.3,"two_year_pct_change":-51.2,"six_year_pct_change":-50,"twentytwo_year_pct_change":-85.4},{"crime":"Shooting Inc.","wtd_curr_yr":0,"wtd_prev_yr":0,"wtd_pct_change":null,"twentyeight_day_curr_yr":1,"twentyeight_day_prev_yr":2,"twentyeight_day_pct_change":-50,"ytd_curr_yr":17,"ytd_prev_yr":28,"ytd_pct_change":-39.3,"two_year_pct_change":-56.4,"six_year_pct_change":-50,"twentytwo_year_pct_change":-87.1}],"historical":[{"yr_1990":38,"yr_1993":28,"yr_1998":16,"yr_2001":10,"yr_2013":8,"pct_change_13vs01":-20,"pct_change_13vs98":-50,"pct_change_13vs93":-71.4,"pct_change_13vs90":-78.9,"crime":"Murder"},{"yr_1990":60,"yr_1993":74,"yr_1998":45,"yr_2001":27,"yr_2013":37,"pct_change_13vs01":37,"pct_change_13vs98":-17.8,"pct_change_13vs93":-50,"pct_change_13vs90":-38.3,"crime":"Rape"},{"yr_1990":1846,"yr_1993":1742,"yr_1998":751,"yr_2001":530,"yr_2013":438,"pct_change_13vs01":-17.4,"pct_change_13vs98":-41.7,"pct_change_13vs93":-74.9,"pct_change_13vs90":-76.3,"crime":"Robbery"},{"yr_1990":958,"yr_1993":853,"yr_1998":611,"yr_2001":406,"yr_2013":369,"pct_change_13vs01":-9.1,"pct_change_13vs98":-39.6,"pct_change_13vs93":-56.7,"pct_change_13vs90":-61.5,"crime":"Fel. Assault"},{"yr_1990":1592,"yr_1993":1166,"yr_1998":598,"yr_2001":449,"yr_2013":300,"pct_change_13vs01":-33.2,"pct_change_13vs98":-49.8,"pct_change_13vs93":-74.3,"pct_change_13vs90":-81.2,"crime":"Burglary"},{"yr_1990":1277,"yr_1993":1214,"yr_1998":578,"yr_2001":587,"yr_2013":487,"pct_change_13vs01":-17,"pct_change_13vs98":-15.7,"pct_change_13vs93":-59.9,"pct_change_13vs90":-61.9,"crime":"Gr. Larceny"},{"yr_1990":1889,"yr_1993":1591,"yr_1998":602,"yr_2001":472,"yr_2013":172,"pct_change_13vs01":-63.6,"pct_change_13vs98":-71.4,"pct_change_13vs93":-89.2,"pct_change_13vs90":-90.9,"crime":"G.L.A."},{"yr_1990":7660,"yr_1993":6668,"yr_1998":3201,"yr_2001":2481,"yr_2013":1811,"pct_change_13vs01":-27.01,"pct_change_13vs98":-43.42,"pct_change_13vs93":-72.84,"pct_change_13vs90":-76.36,"crime":"TOTAL"}]}