{"mayor":"Bill de Blasio","commissioner":"William J. Bratton","volume":21,"number":29,"precinct":"106th","startDate":"2014-07-14T04:00:00.000Z","endDate":"2014-07-20T04:00:00.000Z","crimes":[{"crime":"Murder","wtd_curr_yr":0,"wtd_prev_yr":0,"wtd_pct_change":null,"twentyeight_day_curr_yr":0,"twentyeight_day_prev_yr":0,"twentyeight_day_pct_change":null,"ytd_curr_yr":1,"ytd_prev_yr":4,"ytd_pct_change":-75,"two_year_pct_change":-50,"six_year_pct_change":0,"twentytwo_year_pct_change":-92.9},{"crime":"Rape","wtd_curr_yr":0,"wtd_prev_yr":1,"wtd_pct_change":-100,"twentyeight_day_curr_yr":3,"twentyeight_day_prev_yr":3,"twentyeight_day_pct_change":0,"ytd_curr_yr":15,"ytd_prev_yr":10,"ytd_pct_change":50,"two_year_pct_change":114.3,"six_year_pct_change":400,"twentytwo_year_pct_change":-28.6},{"crime":"Robbery","wtd_curr_yr":5,"wtd_prev_yr":4,"wtd_pct_change":25,"twentyeight_day_curr_yr":20,"twentyeight_day_prev_yr":23,"twentyeight_day_pct_change":-13,"ytd_curr_yr":141,"ytd_prev_yr":145,"ytd_pct_change":-2.8,"two_year_pct_change":-7.8,"six_year_pct_change":18.5,"twentytwo_year_pct_change":-68.9},{"crime":"Fel. Assault","wtd_curr_yr":5,"wtd_prev_yr":5,"wtd_pct_change":0,"twentyeight_day_curr_yr":24,"twentyeight_day_prev_yr":25,"twentyeight_day_pct_change":-4,"ytd_curr_yr":128,"ytd_prev_yr":139,"ytd_pct_change":-7.9,"two_year_pct_change":25.5,"six_year_pct_change":40.7,"twentytwo_year_pct_change":-39.3},{"crime":"Burglary","wtd_curr_yr":3,"wtd_prev_yr":6,"wtd_pct_change":-50,"twentyeight_day_curr_yr":13,"twentyeight_day_prev_yr":23,"twentyeight_day_pct_change":-43.5,"ytd_curr_yr":153,"ytd_prev_yr":213,"ytd_pct_change":-28.2,"two_year_pct_change":-15.9,"six_year_pct_change":-0.6,"twentytwo_year_pct_change":-76.5},{"crime":"Gr. Larceny","wtd_curr_yr":13,"wtd_prev_yr":12,"wtd_pct_change":8.3,"twentyeight_day_curr_yr":46,"twentyeight_day_prev_yr":34,"twentyeight_day_pct_change":35.3,"ytd_curr_yr":274,"ytd_prev_yr":257,"ytd_pct_change":6.6,"two_year_pct_change":7,"six_year_pct_change":39.8,"twentytwo_year_pct_change":-10.2},{"crime":"G.L.A.","wtd_curr_yr":2,"wtd_prev_yr":1,"wtd_pct_change":100,"twentyeight_day_curr_yr":14,"twentyeight_day_prev_yr":11,"twentyeight_day_pct_change":27.3,"ytd_curr_yr":123,"ytd_prev_yr":86,"ytd_pct_change":43,"two_year_pct_change":4.2,"six_year_pct_change":-16.9,"twentytwo_year_pct_change":-93.1},{"crime":"TOTAL","wtd_curr_yr":28,"wtd_prev_yr":29,"wtd_pct_change":-3.45,"twentyeight_day_curr_yr":120,"twentyeight_day_prev_yr":119,"twentyeight_day_pct_change":0.84,"ytd_curr_yr":835,"ytd_prev_yr":854,"ytd_pct_change":-2.22,"two_year_pct_change":1.83,"six_year_pct_change":17.28,"twentytwo_year_pct_change":-75.79},{"crime":"Transit","wtd_curr_yr":1,"wtd_prev_yr":2,"wtd_pct_change":-50,"twentyeight_day_curr_yr":1,"twentyeight_day_prev_yr":4,"twentyeight_day_pct_change":-75,"ytd_curr_yr":17,"ytd_prev_yr":22,"ytd_pct_change":-22.7,"two_year_pct_change":-15,"six_year_pct_change":70,"twentytwo_year_pct_change":null},{"crime":"Housing","wtd_curr_yr":0,"wtd_prev_yr":0,"wtd_pct_change":null,"twentyeight_day_curr_yr":0,"twentyeight_day_prev_yr":0,"twentyeight_day_pct_change":null,"ytd_curr_yr":0,"ytd_prev_yr":0,"ytd_pct_change":null,"two_year_pct_change":null,"six_year_pct_change":null,"twentytwo_year_pct_change":null},{"crime":"Petit Larceny","wtd_curr_yr":20,"wtd_prev_yr":11,"wtd_pct_change":81.8,"twentyeight_day_curr_yr":82,"twentyeight_day_prev_yr":48,"twentyeight_day_pct_change":70.8,"ytd_curr_yr":488,"ytd_prev_yr":365,"ytd_pct_change":33.7,"two_year_pct_change":-6.9,"six_year_pct_change":12.7,"twentytwo_year_pct_change":null},{"crime":"Misd. Assault","wtd_curr_yr":10,"wtd_prev_yr":14,"wtd_pct_change":-28.6,"twentyeight_day_curr_yr":37,"twentyeight_day_prev_yr":47,"twentyeight_day_pct_change":-21.3,"ytd_curr_yr":285,"ytd_prev_yr":241,"ytd_pct_change":18.3,"two_year_pct_change":6.7,"six_year_pct_change":16.8,"twentytwo_year_pct_change":null},{"crime":"Misd. Sex Crimes","wtd_curr_yr":0,"wtd_prev_yr":0,"wtd_pct_change":null,"twentyeight_day_curr_yr":0,"twentyeight_day_prev_yr":2,"twentyeight_day_pct_change":-100,"ytd_curr_yr":9,"ytd_prev_yr":13,"ytd_pct_change":-30.8,"two_year_pct_change":-30.8,"six_year_pct_change":-35.7,"twentytwo_year_pct_change":null},{"crime":"Shooting Vic.","wtd_curr_yr":0,"wtd_prev_yr":0,"wtd_pct_change":null,"twentyeight_day_curr_yr":0,"twentyeight_day_prev_yr":0,"twentyeight_day_pct_change":null,"ytd_curr_yr":2,"ytd_prev_yr":5,"ytd_pct_change":-60,"two_year_pct_change":-66.7,"six_year_pct_change":-71.4,"twentytwo_year_pct_change":-90.5},{"crime":"Shooting Inc.","wtd_curr_yr":0,"wtd_prev_yr":0,"wtd_pct_change":null,"twentyeight_day_curr_yr":0,"twentyeight_day_prev_yr":0,"twentyeight_day_pct_change":null,"ytd_curr_yr":2,"ytd_prev_yr":4,"ytd_pct_change":-50,"two_year_pct_change":-60,"six_year_pct_change":-66.7,"twentytwo_year_pct_change":-90.5}],"historical":[{"yr_1990":15,"yr_1993":21,"yr_1998":7,"yr_2001":4,"yr_2013":6,"pct_change_13vs01":50,"pct_change_13vs98":-14.3,"pct_change_13vs93":-71.4,"pct_change_13vs90":-60,"crime":"Murder"},{"yr_1990":31,"yr_1993":33,"yr_1998":40,"yr_2001":19,"yr_2013":19,"pct_change_13vs01":0,"pct_change_13vs98":-52.5,"pct_change_13vs93":-42.4,"pct_change_13vs90":-38.7,"crime":"Rape"},{"yr_1990":832,"yr_1993":891,"yr_1998":545,"yr_2001":344,"yr_2013":328,"pct_change_13vs01":-4.7,"pct_change_13vs98":-39.8,"pct_change_13vs93":-63.2,"pct_change_13vs90":-60.6,"crime":"Robbery"},{"yr_1990":329,"yr_1993":408,"yr_1998":297,"yr_2001":241,"yr_2013":253,"pct_change_13vs01":5,"pct_change_13vs98":-14.8,"pct_change_13vs93":-38,"pct_change_13vs90":-23.1,"crime":"Fel. Assault"},{"yr_1990":1348,"yr_1993":1230,"yr_1998":662,"yr_2001":417,"yr_2013":346,"pct_change_13vs01":-17,"pct_change_13vs98":-47.7,"pct_change_13vs93":-71.9,"pct_change_13vs90":-74.3,"crime":"Burglary"},{"yr_1990":715,"yr_1993":595,"yr_1998":440,"yr_2001":381,"yr_2013":522,"pct_change_13vs01":37,"pct_change_13vs98":18.6,"pct_change_13vs93":-12.3,"pct_change_13vs90":-27,"crime":"Gr. Larceny"},{"yr_1990":3071,"yr_1993":3304,"yr_1998":1370,"yr_2001":778,"yr_2013":191,"pct_change_13vs01":-75.4,"pct_change_13vs98":-86.1,"pct_change_13vs93":-94.2,"pct_change_13vs90":-93.8,"crime":"G.L.A."},{"yr_1990":6341,"yr_1993":6482,"yr_1998":3361,"yr_2001":2184,"yr_2013":1665,"pct_change_13vs01":-23.76,"pct_change_13vs98":-50.46,"pct_change_13vs93":-74.31,"pct_change_13vs90":-73.74,"crime":"TOTAL"}]}