{"mayor":"Bill de Blasio","commissioner":"William J. Bratton","volume":21,"number":9,"precinct":"106th","startDate":"2014-02-24T05:00:00.000Z","endDate":"2014-03-02T05:00:00.000Z","crimes":[{"crime":"Murder","wtd_curr_yr":0,"wtd_prev_yr":0,"wtd_pct_change":null,"twentyeight_day_curr_yr":0,"twentyeight_day_prev_yr":0,"twentyeight_day_pct_change":null,"ytd_curr_yr":0,"ytd_prev_yr":0,"ytd_pct_change":null,"two_year_pct_change":null,"six_year_pct_change":-100,"twentytwo_year_pct_change":-100},{"crime":"Rape","wtd_curr_yr":0,"wtd_prev_yr":0,"wtd_pct_change":null,"twentyeight_day_curr_yr":0,"twentyeight_day_prev_yr":0,"twentyeight_day_pct_change":null,"ytd_curr_yr":4,"ytd_prev_yr":0,"ytd_pct_change":null,"two_year_pct_change":33.3,"six_year_pct_change":300,"twentytwo_year_pct_change":-42.9},{"crime":"Robbery","wtd_curr_yr":3,"wtd_prev_yr":8,"wtd_pct_change":-62.5,"twentyeight_day_curr_yr":12,"twentyeight_day_prev_yr":17,"twentyeight_day_pct_change":-29.4,"ytd_curr_yr":37,"ytd_prev_yr":49,"ytd_pct_change":-24.5,"two_year_pct_change":-24.5,"six_year_pct_change":-38.3,"twentytwo_year_pct_change":-79},{"crime":"Fel. Assault","wtd_curr_yr":4,"wtd_prev_yr":2,"wtd_pct_change":100,"twentyeight_day_curr_yr":21,"twentyeight_day_prev_yr":22,"twentyeight_day_pct_change":-4.5,"ytd_curr_yr":39,"ytd_prev_yr":37,"ytd_pct_change":5.4,"two_year_pct_change":69.6,"six_year_pct_change":-15.2,"twentytwo_year_pct_change":-29.1},{"crime":"Burglary","wtd_curr_yr":5,"wtd_prev_yr":10,"wtd_pct_change":-50,"twentyeight_day_curr_yr":24,"twentyeight_day_prev_yr":35,"twentyeight_day_pct_change":-31.4,"ytd_curr_yr":56,"ytd_prev_yr":74,"ytd_pct_change":-24.3,"two_year_pct_change":-13.8,"six_year_pct_change":0,"twentytwo_year_pct_change":-75.4},{"crime":"Gr. Larceny","wtd_curr_yr":4,"wtd_prev_yr":12,"wtd_pct_change":-66.7,"twentyeight_day_curr_yr":36,"twentyeight_day_prev_yr":47,"twentyeight_day_pct_change":-23.4,"ytd_curr_yr":77,"ytd_prev_yr":87,"ytd_pct_change":-11.5,"two_year_pct_change":13.2,"six_year_pct_change":79.1,"twentytwo_year_pct_change":-18.1},{"crime":"G.L.A.","wtd_curr_yr":5,"wtd_prev_yr":2,"wtd_pct_change":150,"twentyeight_day_curr_yr":20,"twentyeight_day_prev_yr":10,"twentyeight_day_pct_change":100,"ytd_curr_yr":46,"ytd_prev_yr":23,"ytd_pct_change":100,"two_year_pct_change":21.1,"six_year_pct_change":-60,"twentytwo_year_pct_change":-92.6},{"crime":"TOTAL","wtd_curr_yr":21,"wtd_prev_yr":34,"wtd_pct_change":-38.24,"twentyeight_day_curr_yr":113,"twentyeight_day_prev_yr":131,"twentyeight_day_pct_change":-13.74,"ytd_curr_yr":259,"ytd_prev_yr":270,"ytd_pct_change":-4.07,"two_year_pct_change":5.28,"six_year_pct_change":-19.57,"twentytwo_year_pct_change":-78.16},{"crime":"Transit","wtd_curr_yr":0,"wtd_prev_yr":0,"wtd_pct_change":null,"twentyeight_day_curr_yr":2,"twentyeight_day_prev_yr":1,"twentyeight_day_pct_change":100,"ytd_curr_yr":5,"ytd_prev_yr":6,"ytd_pct_change":-16.7,"two_year_pct_change":400,"six_year_pct_change":0,"twentytwo_year_pct_change":null},{"crime":"Housing","wtd_curr_yr":0,"wtd_prev_yr":0,"wtd_pct_change":null,"twentyeight_day_curr_yr":0,"twentyeight_day_prev_yr":0,"twentyeight_day_pct_change":null,"ytd_curr_yr":0,"ytd_prev_yr":0,"ytd_pct_change":null,"two_year_pct_change":null,"six_year_pct_change":null,"twentytwo_year_pct_change":null},{"crime":"Petit Larceny","wtd_curr_yr":13,"wtd_prev_yr":16,"wtd_pct_change":-18.8,"twentyeight_day_curr_yr":56,"twentyeight_day_prev_yr":57,"twentyeight_day_pct_change":-1.8,"ytd_curr_yr":129,"ytd_prev_yr":134,"ytd_pct_change":-3.7,"two_year_pct_change":-16.2,"six_year_pct_change":null,"twentytwo_year_pct_change":null},{"crime":"Misd. Assault","wtd_curr_yr":5,"wtd_prev_yr":6,"wtd_pct_change":-16.7,"twentyeight_day_curr_yr":34,"twentyeight_day_prev_yr":37,"twentyeight_day_pct_change":-8.1,"ytd_curr_yr":70,"ytd_prev_yr":70,"ytd_pct_change":0,"two_year_pct_change":14.8,"six_year_pct_change":null,"twentytwo_year_pct_change":null},{"crime":"Misd. Sex Crimes","wtd_curr_yr":0,"wtd_prev_yr":1,"wtd_pct_change":-100,"twentyeight_day_curr_yr":1,"twentyeight_day_prev_yr":2,"twentyeight_day_pct_change":-50,"ytd_curr_yr":2,"ytd_prev_yr":4,"ytd_pct_change":-50,"two_year_pct_change":-50,"six_year_pct_change":null,"twentytwo_year_pct_change":null},{"crime":"Shooting Vic.","wtd_curr_yr":0,"wtd_prev_yr":0,"wtd_pct_change":null,"twentyeight_day_curr_yr":0,"twentyeight_day_prev_yr":1,"twentyeight_day_pct_change":-100,"ytd_curr_yr":0,"ytd_prev_yr":2,"ytd_pct_change":-100,"two_year_pct_change":-100,"six_year_pct_change":-100,"twentytwo_year_pct_change":-100},{"crime":"Shooting Inc.","wtd_curr_yr":0,"wtd_prev_yr":0,"wtd_pct_change":null,"twentyeight_day_curr_yr":0,"twentyeight_day_prev_yr":1,"twentyeight_day_pct_change":-100,"ytd_curr_yr":0,"ytd_prev_yr":2,"ytd_pct_change":-100,"two_year_pct_change":-100,"six_year_pct_change":-100,"twentytwo_year_pct_change":-100}],"historical":[{"yr_1990":15,"yr_1993":21,"yr_1998":7,"yr_2001":4,"yr_2013":6,"pct_change_13vs01":50,"pct_change_13vs98":-14.3,"pct_change_13vs93":-71.4,"pct_change_13vs90":-60,"crime":"Murder"},{"yr_1990":31,"yr_1993":33,"yr_1998":40,"yr_2001":19,"yr_2013":19,"pct_change_13vs01":0,"pct_change_13vs98":-52.5,"pct_change_13vs93":-42.4,"pct_change_13vs90":-38.7,"crime":"Rape"},{"yr_1990":832,"yr_1993":891,"yr_1998":545,"yr_2001":344,"yr_2013":328,"pct_change_13vs01":-4.7,"pct_change_13vs98":-39.8,"pct_change_13vs93":-63.2,"pct_change_13vs90":-60.6,"crime":"Robbery"},{"yr_1990":329,"yr_1993":408,"yr_1998":297,"yr_2001":241,"yr_2013":253,"pct_change_13vs01":5,"pct_change_13vs98":-14.8,"pct_change_13vs93":-38,"pct_change_13vs90":-23.1,"crime":"Fel. Assault"},{"yr_1990":1348,"yr_1993":1230,"yr_1998":662,"yr_2001":417,"yr_2013":346,"pct_change_13vs01":-17,"pct_change_13vs98":-47.7,"pct_change_13vs93":-71.9,"pct_change_13vs90":-74.3,"crime":"Burglary"},{"yr_1990":715,"yr_1993":595,"yr_1998":440,"yr_2001":381,"yr_2013":522,"pct_change_13vs01":37,"pct_change_13vs98":18.6,"pct_change_13vs93":-12.3,"pct_change_13vs90":-27,"crime":"Gr. Larceny"},{"yr_1990":3071,"yr_1993":3304,"yr_1998":1370,"yr_2001":778,"yr_2013":191,"pct_change_13vs01":-75.4,"pct_change_13vs98":-86.1,"pct_change_13vs93":-94.2,"pct_change_13vs90":-93.8,"crime":"G.L.A."},{"yr_1990":6341,"yr_1993":6482,"yr_1998":3361,"yr_2001":2184,"yr_2013":1665,"pct_change_13vs01":-23.76,"pct_change_13vs98":-50.46,"pct_change_13vs93":-74.31,"pct_change_13vs90":-73.74,"crime":"TOTAL"}]}