{"mayor":"Bill de Blasio","commissioner":"William J. Bratton","volume":21,"number":18,"precinct":"104th","startDate":"2014-04-28T04:00:00.000Z","endDate":"2014-05-04T04:00:00.000Z","crimes":[{"crime":"Murder","wtd_curr_yr":0,"wtd_prev_yr":0,"wtd_pct_change":null,"twentyeight_day_curr_yr":0,"twentyeight_day_prev_yr":1,"twentyeight_day_pct_change":-100,"ytd_curr_yr":3,"ytd_prev_yr":1,"ytd_pct_change":200,"two_year_pct_change":null,"six_year_pct_change":200,"twentytwo_year_pct_change":-57.1},{"crime":"Rape","wtd_curr_yr":1,"wtd_prev_yr":0,"wtd_pct_change":null,"twentyeight_day_curr_yr":2,"twentyeight_day_prev_yr":0,"twentyeight_day_pct_change":null,"ytd_curr_yr":7,"ytd_prev_yr":7,"ytd_pct_change":0,"two_year_pct_change":16.7,"six_year_pct_change":40,"twentytwo_year_pct_change":-36.4},{"crime":"Robbery","wtd_curr_yr":2,"wtd_prev_yr":9,"wtd_pct_change":-77.8,"twentyeight_day_curr_yr":6,"twentyeight_day_prev_yr":17,"twentyeight_day_pct_change":-64.7,"ytd_curr_yr":58,"ytd_prev_yr":69,"ytd_pct_change":-15.9,"two_year_pct_change":-38.3,"six_year_pct_change":-28.4,"twentytwo_year_pct_change":-82.9},{"crime":"Fel. Assault","wtd_curr_yr":5,"wtd_prev_yr":5,"wtd_pct_change":0,"twentyeight_day_curr_yr":13,"twentyeight_day_prev_yr":14,"twentyeight_day_pct_change":-7.1,"ytd_curr_yr":62,"ytd_prev_yr":82,"ytd_pct_change":-24.4,"two_year_pct_change":-22.5,"six_year_pct_change":6.9,"twentytwo_year_pct_change":-30.3},{"crime":"Burglary","wtd_curr_yr":6,"wtd_prev_yr":3,"wtd_pct_change":100,"twentyeight_day_curr_yr":22,"twentyeight_day_prev_yr":13,"twentyeight_day_pct_change":69.2,"ytd_curr_yr":105,"ytd_prev_yr":112,"ytd_pct_change":-6.2,"two_year_pct_change":-4.5,"six_year_pct_change":-31.8,"twentytwo_year_pct_change":-84.6},{"crime":"Gr. Larceny","wtd_curr_yr":21,"wtd_prev_yr":13,"wtd_pct_change":61.5,"twentyeight_day_curr_yr":52,"twentyeight_day_prev_yr":36,"twentyeight_day_pct_change":44.4,"ytd_curr_yr":192,"ytd_prev_yr":159,"ytd_pct_change":20.8,"two_year_pct_change":20.8,"six_year_pct_change":23.1,"twentytwo_year_pct_change":-5},{"crime":"G.L.A.","wtd_curr_yr":7,"wtd_prev_yr":1,"wtd_pct_change":600,"twentyeight_day_curr_yr":19,"twentyeight_day_prev_yr":8,"twentyeight_day_pct_change":137.5,"ytd_curr_yr":70,"ytd_prev_yr":39,"ytd_pct_change":79.5,"two_year_pct_change":12.9,"six_year_pct_change":-32.7,"twentytwo_year_pct_change":-94.6},{"crime":"TOTAL","wtd_curr_yr":42,"wtd_prev_yr":31,"wtd_pct_change":35.48,"twentyeight_day_curr_yr":114,"twentyeight_day_prev_yr":89,"twentyeight_day_pct_change":28.09,"ytd_curr_yr":497,"ytd_prev_yr":469,"ytd_pct_change":5.97,"two_year_pct_change":-2.74,"six_year_pct_change":-11.09,"twentytwo_year_pct_change":-81.1},{"crime":"Transit","wtd_curr_yr":0,"wtd_prev_yr":0,"wtd_pct_change":null,"twentyeight_day_curr_yr":0,"twentyeight_day_prev_yr":0,"twentyeight_day_pct_change":null,"ytd_curr_yr":5,"ytd_prev_yr":5,"ytd_pct_change":0,"two_year_pct_change":-44.4,"six_year_pct_change":null,"twentytwo_year_pct_change":null},{"crime":"Housing","wtd_curr_yr":0,"wtd_prev_yr":0,"wtd_pct_change":null,"twentyeight_day_curr_yr":0,"twentyeight_day_prev_yr":0,"twentyeight_day_pct_change":null,"ytd_curr_yr":0,"ytd_prev_yr":0,"ytd_pct_change":null,"two_year_pct_change":null,"six_year_pct_change":null,"twentytwo_year_pct_change":null},{"crime":"Petit Larceny","wtd_curr_yr":23,"wtd_prev_yr":22,"wtd_pct_change":4.5,"twentyeight_day_curr_yr":86,"twentyeight_day_prev_yr":75,"twentyeight_day_pct_change":14.7,"ytd_curr_yr":389,"ytd_prev_yr":348,"ytd_pct_change":11.8,"two_year_pct_change":11.8,"six_year_pct_change":1.3,"twentytwo_year_pct_change":null},{"crime":"Misd. Assault","wtd_curr_yr":17,"wtd_prev_yr":12,"wtd_pct_change":41.7,"twentyeight_day_curr_yr":45,"twentyeight_day_prev_yr":35,"twentyeight_day_pct_change":28.6,"ytd_curr_yr":205,"ytd_prev_yr":160,"ytd_pct_change":28.1,"two_year_pct_change":-11.6,"six_year_pct_change":-2.8,"twentytwo_year_pct_change":null},{"crime":"Misd. Sex Crimes","wtd_curr_yr":0,"wtd_prev_yr":0,"wtd_pct_change":null,"twentyeight_day_curr_yr":1,"twentyeight_day_prev_yr":1,"twentyeight_day_pct_change":0,"ytd_curr_yr":6,"ytd_prev_yr":6,"ytd_pct_change":0,"two_year_pct_change":-33.3,"six_year_pct_change":-53.8,"twentytwo_year_pct_change":null},{"crime":"Shooting Vic.","wtd_curr_yr":0,"wtd_prev_yr":0,"wtd_pct_change":null,"twentyeight_day_curr_yr":1,"twentyeight_day_prev_yr":0,"twentyeight_day_pct_change":null,"ytd_curr_yr":3,"ytd_prev_yr":1,"ytd_pct_change":200,"two_year_pct_change":50,"six_year_pct_change":200,"twentytwo_year_pct_change":-62.5},{"crime":"Shooting Inc.","wtd_curr_yr":0,"wtd_prev_yr":0,"wtd_pct_change":null,"twentyeight_day_curr_yr":1,"twentyeight_day_prev_yr":0,"twentyeight_day_pct_change":null,"ytd_curr_yr":2,"ytd_prev_yr":1,"ytd_pct_change":100,"two_year_pct_change":0,"six_year_pct_change":100,"twentytwo_year_pct_change":-71.4}],"historical":[{"yr_1990":11,"yr_1993":19,"yr_1998":7,"yr_2001":5,"yr_2013":3,"pct_change_13vs01":-40,"pct_change_13vs98":-57.1,"pct_change_13vs93":-84.2,"pct_change_13vs90":-72.7,"crime":"Murder"},{"yr_1990":21,"yr_1993":21,"yr_1998":24,"yr_2001":15,"yr_2013":15,"pct_change_13vs01":0,"pct_change_13vs98":-37.5,"pct_change_13vs93":-28.6,"pct_change_13vs90":-28.6,"crime":"Rape"},{"yr_1990":1307,"yr_1993":1027,"yr_1998":490,"yr_2001":359,"yr_2013":256,"pct_change_13vs01":-28.7,"pct_change_13vs98":-47.8,"pct_change_13vs93":-75.1,"pct_change_13vs90":-80.4,"crime":"Robbery"},{"yr_1990":279,"yr_1993":305,"yr_1998":261,"yr_2001":262,"yr_2013":241,"pct_change_13vs01":-8,"pct_change_13vs98":-7.7,"pct_change_13vs93":-21,"pct_change_13vs90":-13.6,"crime":"Fel. Assault"},{"yr_1990":2562,"yr_1993":1955,"yr_1998":1024,"yr_2001":790,"yr_2013":339,"pct_change_13vs01":-57.1,"pct_change_13vs98":-66.9,"pct_change_13vs93":-82.7,"pct_change_13vs90":-86.8,"crime":"Burglary"},{"yr_1990":884,"yr_1993":678,"yr_1998":485,"yr_2001":551,"yr_2013":572,"pct_change_13vs01":3.8,"pct_change_13vs98":17.9,"pct_change_13vs93":-15.6,"pct_change_13vs90":-35.3,"crime":"Gr. Larceny"},{"yr_1990":4443,"yr_1993":3418,"yr_1998":1374,"yr_2001":892,"yr_2013":181,"pct_change_13vs01":-79.7,"pct_change_13vs98":-86.8,"pct_change_13vs93":-94.7,"pct_change_13vs90":-95.9,"crime":"G.L.A."},{"yr_1990":9507,"yr_1993":7423,"yr_1998":3665,"yr_2001":2874,"yr_2013":1607,"pct_change_13vs01":-44.08,"pct_change_13vs98":-56.15,"pct_change_13vs93":-78.35,"pct_change_13vs90":-83.1,"crime":"TOTAL"}]}