{"mayor":"Bill de Blasio","commissioner":"William J. Bratton","volume":21,"number":8,"precinct":"103rd","startDate":"2014-02-17T05:00:00.000Z","endDate":"2014-02-23T05:00:00.000Z","crimes":[{"crime":"Murder","wtd_curr_yr":0,"wtd_prev_yr":0,"wtd_pct_change":null,"twentyeight_day_curr_yr":0,"twentyeight_day_prev_yr":0,"twentyeight_day_pct_change":null,"ytd_curr_yr":3,"ytd_prev_yr":1,"ytd_pct_change":200,"two_year_pct_change":200,"six_year_pct_change":50,"twentytwo_year_pct_change":50},{"crime":"Rape","wtd_curr_yr":1,"wtd_prev_yr":2,"wtd_pct_change":-50,"twentyeight_day_curr_yr":1,"twentyeight_day_prev_yr":3,"twentyeight_day_pct_change":-66.7,"ytd_curr_yr":2,"ytd_prev_yr":4,"ytd_pct_change":-50,"two_year_pct_change":-50,"six_year_pct_change":-50,"twentytwo_year_pct_change":-77.8},{"crime":"Robbery","wtd_curr_yr":3,"wtd_prev_yr":11,"wtd_pct_change":-72.7,"twentyeight_day_curr_yr":20,"twentyeight_day_prev_yr":42,"twentyeight_day_pct_change":-52.4,"ytd_curr_yr":45,"ytd_prev_yr":86,"ytd_pct_change":-47.7,"two_year_pct_change":-13.5,"six_year_pct_change":-31.8,"twentytwo_year_pct_change":-81},{"crime":"Fel. Assault","wtd_curr_yr":3,"wtd_prev_yr":12,"wtd_pct_change":-75,"twentyeight_day_curr_yr":19,"twentyeight_day_prev_yr":36,"twentyeight_day_pct_change":-47.2,"ytd_curr_yr":41,"ytd_prev_yr":49,"ytd_pct_change":-16.3,"two_year_pct_change":-10.9,"six_year_pct_change":-19.6,"twentytwo_year_pct_change":-63.4},{"crime":"Burglary","wtd_curr_yr":4,"wtd_prev_yr":5,"wtd_pct_change":-20,"twentyeight_day_curr_yr":9,"twentyeight_day_prev_yr":24,"twentyeight_day_pct_change":-62.5,"ytd_curr_yr":26,"ytd_prev_yr":38,"ytd_pct_change":-31.6,"two_year_pct_change":-31.6,"six_year_pct_change":-65.3,"twentytwo_year_pct_change":-85.5},{"crime":"Gr. Larceny","wtd_curr_yr":8,"wtd_prev_yr":4,"wtd_pct_change":100,"twentyeight_day_curr_yr":36,"twentyeight_day_prev_yr":19,"twentyeight_day_pct_change":89.5,"ytd_curr_yr":58,"ytd_prev_yr":49,"ytd_pct_change":18.4,"two_year_pct_change":-28.4,"six_year_pct_change":-38.9,"twentytwo_year_pct_change":-64.8},{"crime":"G.L.A.","wtd_curr_yr":2,"wtd_prev_yr":11,"wtd_pct_change":-81.8,"twentyeight_day_curr_yr":9,"twentyeight_day_prev_yr":29,"twentyeight_day_pct_change":-69,"ytd_curr_yr":17,"ytd_prev_yr":39,"ytd_pct_change":-56.4,"two_year_pct_change":-34.6,"six_year_pct_change":-72.6,"twentytwo_year_pct_change":-91.4},{"crime":"TOTAL","wtd_curr_yr":21,"wtd_prev_yr":45,"wtd_pct_change":-53.33,"twentyeight_day_curr_yr":94,"twentyeight_day_prev_yr":153,"twentyeight_day_pct_change":-38.56,"ytd_curr_yr":192,"ytd_prev_yr":266,"ytd_pct_change":-27.82,"two_year_pct_change":-22.58,"six_year_pct_change":-45.92,"twentytwo_year_pct_change":-78.71},{"crime":"Petit Larceny","wtd_curr_yr":20,"wtd_prev_yr":12,"wtd_pct_change":66.7,"twentyeight_day_curr_yr":66,"twentyeight_day_prev_yr":59,"twentyeight_day_pct_change":11.9,"ytd_curr_yr":152,"ytd_prev_yr":116,"ytd_pct_change":31,"two_year_pct_change":2.7,"six_year_pct_change":null,"twentytwo_year_pct_change":null},{"crime":"Misd. Assault","wtd_curr_yr":19,"wtd_prev_yr":23,"wtd_pct_change":-17.4,"twentyeight_day_curr_yr":62,"twentyeight_day_prev_yr":84,"twentyeight_day_pct_change":-26.2,"ytd_curr_yr":124,"ytd_prev_yr":145,"ytd_pct_change":-14.5,"two_year_pct_change":33.3,"six_year_pct_change":null,"twentytwo_year_pct_change":null},{"crime":"Misd. Sex Crimes","wtd_curr_yr":0,"wtd_prev_yr":0,"wtd_pct_change":null,"twentyeight_day_curr_yr":2,"twentyeight_day_prev_yr":0,"twentyeight_day_pct_change":null,"ytd_curr_yr":5,"ytd_prev_yr":2,"ytd_pct_change":150,"two_year_pct_change":0,"six_year_pct_change":null,"twentytwo_year_pct_change":null},{"crime":"Shooting Vic.","wtd_curr_yr":0,"wtd_prev_yr":0,"wtd_pct_change":null,"twentyeight_day_curr_yr":1,"twentyeight_day_prev_yr":0,"twentyeight_day_pct_change":null,"ytd_curr_yr":2,"ytd_prev_yr":4,"ytd_pct_change":-50,"two_year_pct_change":-50,"six_year_pct_change":-33.3,"twentytwo_year_pct_change":-84.6},{"crime":"Shooting Inc.","wtd_curr_yr":0,"wtd_prev_yr":0,"wtd_pct_change":null,"twentyeight_day_curr_yr":1,"twentyeight_day_prev_yr":0,"twentyeight_day_pct_change":null,"ytd_curr_yr":2,"ytd_prev_yr":3,"ytd_pct_change":-33.3,"two_year_pct_change":-50,"six_year_pct_change":-33.3,"twentytwo_year_pct_change":-83.3}],"historical":[{"yr_1990":38,"yr_1993":28,"yr_1998":16,"yr_2001":10,"yr_2013":8,"pct_change_13vs01":-20,"pct_change_13vs98":-50,"pct_change_13vs93":-71.4,"pct_change_13vs90":-78.9,"crime":"Murder"},{"yr_1990":60,"yr_1993":74,"yr_1998":45,"yr_2001":27,"yr_2013":37,"pct_change_13vs01":37,"pct_change_13vs98":-17.8,"pct_change_13vs93":-50,"pct_change_13vs90":-38.3,"crime":"Rape"},{"yr_1990":1846,"yr_1993":1742,"yr_1998":751,"yr_2001":530,"yr_2013":438,"pct_change_13vs01":-17.4,"pct_change_13vs98":-41.7,"pct_change_13vs93":-74.9,"pct_change_13vs90":-76.3,"crime":"Robbery"},{"yr_1990":958,"yr_1993":853,"yr_1998":611,"yr_2001":406,"yr_2013":369,"pct_change_13vs01":-9.1,"pct_change_13vs98":-39.6,"pct_change_13vs93":-56.7,"pct_change_13vs90":-61.5,"crime":"Fel. Assault"},{"yr_1990":1592,"yr_1993":1166,"yr_1998":598,"yr_2001":449,"yr_2013":300,"pct_change_13vs01":-33.2,"pct_change_13vs98":-49.8,"pct_change_13vs93":-74.3,"pct_change_13vs90":-81.2,"crime":"Burglary"},{"yr_1990":1277,"yr_1993":1214,"yr_1998":578,"yr_2001":587,"yr_2013":487,"pct_change_13vs01":-17,"pct_change_13vs98":-15.7,"pct_change_13vs93":-59.9,"pct_change_13vs90":-61.9,"crime":"Gr. Larceny"},{"yr_1990":1889,"yr_1993":1591,"yr_1998":602,"yr_2001":472,"yr_2013":172,"pct_change_13vs01":-63.6,"pct_change_13vs98":-71.4,"pct_change_13vs93":-89.2,"pct_change_13vs90":-90.9,"crime":"G.L.A."},{"yr_1990":7660,"yr_1993":6668,"yr_1998":3201,"yr_2001":2481,"yr_2013":1811,"pct_change_13vs01":-27.01,"pct_change_13vs98":-43.42,"pct_change_13vs93":-72.84,"pct_change_13vs90":-76.36,"crime":"TOTAL"}]}