{"mayor":"Bill de Blasio","commissioner":"William J. Bratton","volume":21,"number":52,"precinct":"105th","startDate":"2014-12-22T05:00:00.000Z","endDate":"2014-12-28T05:00:00.000Z","crimes":[{"crime":"Murder","wtd_curr_yr":0,"wtd_prev_yr":0,"wtd_pct_change":null,"twentyeight_day_curr_yr":0,"twentyeight_day_prev_yr":0,"twentyeight_day_pct_change":null,"ytd_curr_yr":7,"ytd_prev_yr":3,"ytd_pct_change":133.3,"two_year_pct_change":0,"six_year_pct_change":-22.2,"twentytwo_year_pct_change":-69.6},{"crime":"Rape","wtd_curr_yr":0,"wtd_prev_yr":0,"wtd_pct_change":null,"twentyeight_day_curr_yr":0,"twentyeight_day_prev_yr":3,"twentyeight_day_pct_change":-100,"ytd_curr_yr":22,"ytd_prev_yr":18,"ytd_pct_change":22.2,"two_year_pct_change":-35.3,"six_year_pct_change":-31.2,"twentytwo_year_pct_change":-46.3},{"crime":"Robbery","wtd_curr_yr":1,"wtd_prev_yr":6,"wtd_pct_change":-83.3,"twentyeight_day_curr_yr":15,"twentyeight_day_prev_yr":28,"twentyeight_day_pct_change":-46.4,"ytd_curr_yr":209,"ytd_prev_yr":331,"ytd_pct_change":-36.9,"two_year_pct_change":-40.1,"six_year_pct_change":-38.7,"twentytwo_year_pct_change":-80.3},{"crime":"Fel. Assault","wtd_curr_yr":2,"wtd_prev_yr":5,"wtd_pct_change":-60,"twentyeight_day_curr_yr":12,"twentyeight_day_prev_yr":25,"twentyeight_day_pct_change":-52,"ytd_curr_yr":334,"ytd_prev_yr":311,"ytd_pct_change":7.4,"two_year_pct_change":15.6,"six_year_pct_change":42.1,"twentytwo_year_pct_change":-17.9},{"crime":"Burglary","wtd_curr_yr":6,"wtd_prev_yr":3,"wtd_pct_change":100,"twentyeight_day_curr_yr":27,"twentyeight_day_prev_yr":32,"twentyeight_day_pct_change":-15.6,"ytd_curr_yr":319,"ytd_prev_yr":467,"ytd_pct_change":-31.7,"two_year_pct_change":-40.2,"six_year_pct_change":-26,"twentytwo_year_pct_change":-80.4},{"crime":"Gr. Larceny","wtd_curr_yr":10,"wtd_prev_yr":9,"wtd_pct_change":11.1,"twentyeight_day_curr_yr":59,"twentyeight_day_prev_yr":42,"twentyeight_day_pct_change":40.5,"ytd_curr_yr":575,"ytd_prev_yr":511,"ytd_pct_change":12.5,"two_year_pct_change":18.6,"six_year_pct_change":23.9,"twentytwo_year_pct_change":-2.5},{"crime":"G.L.A.","wtd_curr_yr":1,"wtd_prev_yr":2,"wtd_pct_change":-50,"twentyeight_day_curr_yr":18,"twentyeight_day_prev_yr":19,"twentyeight_day_pct_change":-5.3,"ytd_curr_yr":233,"ytd_prev_yr":259,"ytd_pct_change":-10,"two_year_pct_change":-26.5,"six_year_pct_change":-34.6,"twentytwo_year_pct_change":-93.3},{"crime":"TOTAL","wtd_curr_yr":20,"wtd_prev_yr":25,"wtd_pct_change":-20,"twentyeight_day_curr_yr":131,"twentyeight_day_prev_yr":149,"twentyeight_day_pct_change":-12.08,"ytd_curr_yr":1699,"ytd_prev_yr":1900,"ytd_pct_change":-10.58,"two_year_pct_change":-15.64,"six_year_pct_change":-9.05,"twentytwo_year_pct_change":-76.44},{"crime":"Transit","wtd_curr_yr":0,"wtd_prev_yr":0,"wtd_pct_change":null,"twentyeight_day_curr_yr":0,"twentyeight_day_prev_yr":0,"twentyeight_day_pct_change":null,"ytd_curr_yr":0,"ytd_prev_yr":0,"ytd_pct_change":null,"two_year_pct_change":null,"six_year_pct_change":null,"twentytwo_year_pct_change":null},{"crime":"Housing","wtd_curr_yr":0,"wtd_prev_yr":0,"wtd_pct_change":null,"twentyeight_day_curr_yr":0,"twentyeight_day_prev_yr":0,"twentyeight_day_pct_change":null,"ytd_curr_yr":0,"ytd_prev_yr":0,"ytd_pct_change":null,"two_year_pct_change":null,"six_year_pct_change":null,"twentytwo_year_pct_change":null},{"crime":"Petit Larceny","wtd_curr_yr":8,"wtd_prev_yr":10,"wtd_pct_change":-20,"twentyeight_day_curr_yr":58,"twentyeight_day_prev_yr":53,"twentyeight_day_pct_change":9.4,"ytd_curr_yr":763,"ytd_prev_yr":716,"ytd_pct_change":6.6,"two_year_pct_change":-2.9,"six_year_pct_change":-18,"twentytwo_year_pct_change":null},{"crime":"Misd. Assault","wtd_curr_yr":7,"wtd_prev_yr":13,"wtd_pct_change":-46.2,"twentyeight_day_curr_yr":44,"twentyeight_day_prev_yr":43,"twentyeight_day_pct_change":2.3,"ytd_curr_yr":671,"ytd_prev_yr":628,"ytd_pct_change":6.8,"two_year_pct_change":18.1,"six_year_pct_change":-4.4,"twentytwo_year_pct_change":null},{"crime":"Misd. Sex Crimes","wtd_curr_yr":0,"wtd_prev_yr":0,"wtd_pct_change":null,"twentyeight_day_curr_yr":2,"twentyeight_day_prev_yr":1,"twentyeight_day_pct_change":100,"ytd_curr_yr":23,"ytd_prev_yr":34,"ytd_pct_change":-32.4,"two_year_pct_change":-36.1,"six_year_pct_change":-42.5,"twentytwo_year_pct_change":null},{"crime":"Shooting Vic.","wtd_curr_yr":0,"wtd_prev_yr":0,"wtd_pct_change":null,"twentyeight_day_curr_yr":2,"twentyeight_day_prev_yr":0,"twentyeight_day_pct_change":null,"ytd_curr_yr":12,"ytd_prev_yr":10,"ytd_pct_change":20,"two_year_pct_change":-58.6,"six_year_pct_change":-52,"twentytwo_year_pct_change":-86.2},{"crime":"Shooting Inc.","wtd_curr_yr":0,"wtd_prev_yr":0,"wtd_pct_change":null,"twentyeight_day_curr_yr":2,"twentyeight_day_prev_yr":0,"twentyeight_day_pct_change":null,"ytd_curr_yr":11,"ytd_prev_yr":9,"ytd_pct_change":22.2,"two_year_pct_change":-56,"six_year_pct_change":-52.2,"twentytwo_year_pct_change":-85.3}],"historical":[{"yr_1990":30,"yr_1993":23,"yr_1998":7,"yr_2001":18,"yr_2013":3,"pct_change_13vs01":-83.3,"pct_change_13vs98":-57.1,"pct_change_13vs93":-87,"pct_change_13vs90":-90,"crime":"Murder"},{"yr_1990":56,"yr_1993":41,"yr_1998":52,"yr_2001":35,"yr_2013":18,"pct_change_13vs01":-48.6,"pct_change_13vs98":-65.4,"pct_change_13vs93":-56.1,"pct_change_13vs90":-67.9,"crime":"Rape"},{"yr_1990":1066,"yr_1993":1082,"yr_1998":557,"yr_2001":395,"yr_2013":331,"pct_change_13vs01":-16.2,"pct_change_13vs98":-40.6,"pct_change_13vs93":-69.4,"pct_change_13vs90":-68.9,"crime":"Robbery"},{"yr_1990":459,"yr_1993":409,"yr_1998":400,"yr_2001":329,"yr_2013":313,"pct_change_13vs01":-4.9,"pct_change_13vs98":-21.8,"pct_change_13vs93":-23.5,"pct_change_13vs90":-31.8,"crime":"Fel. Assault"},{"yr_1990":2199,"yr_1993":1640,"yr_1998":854,"yr_2001":630,"yr_2013":469,"pct_change_13vs01":-25.6,"pct_change_13vs98":-45.1,"pct_change_13vs93":-71.4,"pct_change_13vs90":-78.7,"crime":"Burglary"},{"yr_1990":699,"yr_1993":593,"yr_1998":444,"yr_2001":456,"yr_2013":520,"pct_change_13vs01":14,"pct_change_13vs98":17.1,"pct_change_13vs93":-12.3,"pct_change_13vs90":-25.6,"crime":"Gr. Larceny"},{"yr_1990":3534,"yr_1993":3476,"yr_1998":1360,"yr_2001":913,"yr_2013":263,"pct_change_13vs01":-71.2,"pct_change_13vs98":-80.7,"pct_change_13vs93":-92.4,"pct_change_13vs90":-92.6,"crime":"G.L.A."},{"yr_1990":8043,"yr_1993":7264,"yr_1998":3674,"yr_2001":2776,"yr_2013":1917,"pct_change_13vs01":-30.94,"pct_change_13vs98":-47.82,"pct_change_13vs93":-73.61,"pct_change_13vs90":-76.17,"crime":"TOTAL"}]}