{"mayor":"Bill de Blasio","commissioner":"William J. Bratton","volume":21,"number":46,"precinct":"101st","startDate":"2014-11-10T05:00:00.000Z","endDate":"2014-11-16T05:00:00.000Z","crimes":[{"crime":"Murder","wtd_curr_yr":0,"wtd_prev_yr":0,"wtd_pct_change":null,"twentyeight_day_curr_yr":1,"twentyeight_day_prev_yr":0,"twentyeight_day_pct_change":null,"ytd_curr_yr":5,"ytd_prev_yr":2,"ytd_pct_change":150,"two_year_pct_change":25,"six_year_pct_change":-16.7,"twentytwo_year_pct_change":-68.8},{"crime":"Rape","wtd_curr_yr":0,"wtd_prev_yr":0,"wtd_pct_change":null,"twentyeight_day_curr_yr":0,"twentyeight_day_prev_yr":2,"twentyeight_day_pct_change":-100,"ytd_curr_yr":12,"ytd_prev_yr":15,"ytd_pct_change":-20,"two_year_pct_change":-14.3,"six_year_pct_change":-29.4,"twentytwo_year_pct_change":-69.2},{"crime":"Robbery","wtd_curr_yr":3,"wtd_prev_yr":2,"wtd_pct_change":50,"twentyeight_day_curr_yr":13,"twentyeight_day_prev_yr":18,"twentyeight_day_pct_change":-27.8,"ytd_curr_yr":118,"ytd_prev_yr":127,"ytd_pct_change":-7.1,"two_year_pct_change":-8.5,"six_year_pct_change":8.3,"twentytwo_year_pct_change":-80.6},{"crime":"Fel. Assault","wtd_curr_yr":3,"wtd_prev_yr":0,"wtd_pct_change":null,"twentyeight_day_curr_yr":21,"twentyeight_day_prev_yr":7,"twentyeight_day_pct_change":200,"ytd_curr_yr":245,"ytd_prev_yr":186,"ytd_pct_change":31.7,"two_year_pct_change":10.9,"six_year_pct_change":63.3,"twentytwo_year_pct_change":-46.9},{"crime":"Burglary","wtd_curr_yr":3,"wtd_prev_yr":4,"wtd_pct_change":-25,"twentyeight_day_curr_yr":14,"twentyeight_day_prev_yr":15,"twentyeight_day_pct_change":-6.7,"ytd_curr_yr":138,"ytd_prev_yr":203,"ytd_pct_change":-32,"two_year_pct_change":-33.7,"six_year_pct_change":42.3,"twentytwo_year_pct_change":-80.3},{"crime":"Gr. Larceny","wtd_curr_yr":4,"wtd_prev_yr":4,"wtd_pct_change":0,"twentyeight_day_curr_yr":13,"twentyeight_day_prev_yr":21,"twentyeight_day_pct_change":-38.1,"ytd_curr_yr":173,"ytd_prev_yr":153,"ytd_pct_change":13.1,"two_year_pct_change":-8,"six_year_pct_change":35.2,"twentytwo_year_pct_change":-40.3},{"crime":"G.L.A.","wtd_curr_yr":1,"wtd_prev_yr":2,"wtd_pct_change":-50,"twentyeight_day_curr_yr":4,"twentyeight_day_prev_yr":6,"twentyeight_day_pct_change":-33.3,"ytd_curr_yr":68,"ytd_prev_yr":52,"ytd_pct_change":30.8,"two_year_pct_change":44.7,"six_year_pct_change":25.9,"twentytwo_year_pct_change":-83.9},{"crime":"TOTAL","wtd_curr_yr":14,"wtd_prev_yr":12,"wtd_pct_change":16.67,"twentyeight_day_curr_yr":66,"twentyeight_day_prev_yr":69,"twentyeight_day_pct_change":-4.35,"ytd_curr_yr":759,"ytd_prev_yr":738,"ytd_pct_change":2.85,"two_year_pct_change":-6.41,"six_year_pct_change":35.29,"twentytwo_year_pct_change":-70.07},{"crime":"Transit","wtd_curr_yr":0,"wtd_prev_yr":0,"wtd_pct_change":null,"twentyeight_day_curr_yr":1,"twentyeight_day_prev_yr":0,"twentyeight_day_pct_change":null,"ytd_curr_yr":9,"ytd_prev_yr":8,"ytd_pct_change":12.5,"two_year_pct_change":-52.6,"six_year_pct_change":-25,"twentytwo_year_pct_change":null},{"crime":"Housing","wtd_curr_yr":3,"wtd_prev_yr":0,"wtd_pct_change":null,"twentyeight_day_curr_yr":6,"twentyeight_day_prev_yr":5,"twentyeight_day_pct_change":20,"ytd_curr_yr":89,"ytd_prev_yr":74,"ytd_pct_change":20.3,"two_year_pct_change":9.9,"six_year_pct_change":29,"twentytwo_year_pct_change":null},{"crime":"Petit Larceny","wtd_curr_yr":16,"wtd_prev_yr":9,"wtd_pct_change":77.8,"twentyeight_day_curr_yr":32,"twentyeight_day_prev_yr":41,"twentyeight_day_pct_change":-22,"ytd_curr_yr":459,"ytd_prev_yr":465,"ytd_pct_change":-1.3,"two_year_pct_change":8.3,"six_year_pct_change":22.1,"twentytwo_year_pct_change":null},{"crime":"Misd. Assault","wtd_curr_yr":9,"wtd_prev_yr":4,"wtd_pct_change":125,"twentyeight_day_curr_yr":24,"twentyeight_day_prev_yr":33,"twentyeight_day_pct_change":-27.3,"ytd_curr_yr":402,"ytd_prev_yr":435,"ytd_pct_change":-7.6,"two_year_pct_change":3.6,"six_year_pct_change":17.5,"twentytwo_year_pct_change":null},{"crime":"Misd. Sex Crimes","wtd_curr_yr":0,"wtd_prev_yr":1,"wtd_pct_change":-100,"twentyeight_day_curr_yr":1,"twentyeight_day_prev_yr":1,"twentyeight_day_pct_change":0,"ytd_curr_yr":14,"ytd_prev_yr":14,"ytd_pct_change":0,"two_year_pct_change":-26.3,"six_year_pct_change":-39.1,"twentytwo_year_pct_change":null},{"crime":"Shooting Vic.","wtd_curr_yr":1,"wtd_prev_yr":0,"wtd_pct_change":null,"twentyeight_day_curr_yr":3,"twentyeight_day_prev_yr":0,"twentyeight_day_pct_change":null,"ytd_curr_yr":27,"ytd_prev_yr":15,"ytd_pct_change":80,"two_year_pct_change":-15.6,"six_year_pct_change":0,"twentytwo_year_pct_change":-34.1},{"crime":"Shooting Inc.","wtd_curr_yr":1,"wtd_prev_yr":0,"wtd_pct_change":null,"twentyeight_day_curr_yr":3,"twentyeight_day_prev_yr":0,"twentyeight_day_pct_change":null,"ytd_curr_yr":26,"ytd_prev_yr":13,"ytd_pct_change":100,"two_year_pct_change":-10.3,"six_year_pct_change":8.3,"twentytwo_year_pct_change":-33.3}],"historical":[{"yr_1990":14,"yr_1993":16,"yr_1998":9,"yr_2001":6,"yr_2013":3,"pct_change_13vs01":-50,"pct_change_13vs98":-66.7,"pct_change_13vs93":-81.2,"pct_change_13vs90":-78.6,"crime":"Murder"},{"yr_1990":67,"yr_1993":42,"yr_1998":32,"yr_2001":17,"yr_2013":19,"pct_change_13vs01":11.8,"pct_change_13vs98":-40.6,"pct_change_13vs93":-54.8,"pct_change_13vs90":-71.6,"crime":"Rape"},{"yr_1990":826,"yr_1993":710,"yr_1998":413,"yr_2001":247,"yr_2013":148,"pct_change_13vs01":-40.1,"pct_change_13vs98":-64.2,"pct_change_13vs93":-79.2,"pct_change_13vs90":-82.1,"crime":"Robbery"},{"yr_1990":588,"yr_1993":524,"yr_1998":418,"yr_2001":301,"yr_2013":212,"pct_change_13vs01":-29.6,"pct_change_13vs98":-49.3,"pct_change_13vs93":-59.5,"pct_change_13vs90":-63.9,"crime":"Fel. Assault"},{"yr_1990":825,"yr_1993":768,"yr_1998":370,"yr_2001":216,"yr_2013":227,"pct_change_13vs01":5.1,"pct_change_13vs98":-38.6,"pct_change_13vs93":-70.4,"pct_change_13vs90":-72.5,"crime":"Burglary"},{"yr_1990":362,"yr_1993":330,"yr_1998":203,"yr_2001":189,"yr_2013":182,"pct_change_13vs01":-3.7,"pct_change_13vs98":-10.3,"pct_change_13vs93":-44.8,"pct_change_13vs90":-49.7,"crime":"Gr. Larceny"},{"yr_1990":719,"yr_1993":460,"yr_1998":184,"yr_2001":158,"yr_2013":61,"pct_change_13vs01":-61.4,"pct_change_13vs98":-66.8,"pct_change_13vs93":-86.7,"pct_change_13vs90":-91.5,"crime":"G.L.A."},{"yr_1990":3401,"yr_1993":2850,"yr_1998":1629,"yr_2001":1134,"yr_2013":852,"pct_change_13vs01":-24.87,"pct_change_13vs98":-47.7,"pct_change_13vs93":-70.11,"pct_change_13vs90":-74.95,"crime":"TOTAL"}]}