{"mayor":"Bill de Blasio","commissioner":"William J. Bratton","volume":21,"number":29,"precinct":"104th","startDate":"2014-07-14T04:00:00.000Z","endDate":"2014-07-20T04:00:00.000Z","crimes":[{"crime":"Murder","wtd_curr_yr":0,"wtd_prev_yr":0,"wtd_pct_change":null,"twentyeight_day_curr_yr":0,"twentyeight_day_prev_yr":0,"twentyeight_day_pct_change":null,"ytd_curr_yr":3,"ytd_prev_yr":3,"ytd_pct_change":0,"two_year_pct_change":null,"six_year_pct_change":200,"twentytwo_year_pct_change":-70},{"crime":"Rape","wtd_curr_yr":1,"wtd_prev_yr":0,"wtd_pct_change":null,"twentyeight_day_curr_yr":2,"twentyeight_day_prev_yr":0,"twentyeight_day_pct_change":null,"ytd_curr_yr":12,"ytd_prev_yr":8,"ytd_pct_change":50,"two_year_pct_change":50,"six_year_pct_change":71.4,"twentytwo_year_pct_change":-29.4},{"crime":"Robbery","wtd_curr_yr":5,"wtd_prev_yr":6,"wtd_pct_change":-16.7,"twentyeight_day_curr_yr":9,"twentyeight_day_prev_yr":17,"twentyeight_day_pct_change":-47.1,"ytd_curr_yr":91,"ytd_prev_yr":116,"ytd_pct_change":-21.6,"two_year_pct_change":-35,"six_year_pct_change":-36.4,"twentytwo_year_pct_change":-82.4},{"crime":"Fel. Assault","wtd_curr_yr":3,"wtd_prev_yr":5,"wtd_pct_change":-40,"twentyeight_day_curr_yr":17,"twentyeight_day_prev_yr":14,"twentyeight_day_pct_change":21.4,"ytd_curr_yr":117,"ytd_prev_yr":140,"ytd_pct_change":-16.4,"two_year_pct_change":-17,"six_year_pct_change":27.2,"twentytwo_year_pct_change":-28.7},{"crime":"Burglary","wtd_curr_yr":8,"wtd_prev_yr":10,"wtd_pct_change":-20,"twentyeight_day_curr_yr":26,"twentyeight_day_prev_yr":37,"twentyeight_day_pct_change":-29.7,"ytd_curr_yr":163,"ytd_prev_yr":195,"ytd_pct_change":-16.4,"two_year_pct_change":-22,"six_year_pct_change":-32.6,"twentytwo_year_pct_change":-85.7},{"crime":"Gr. Larceny","wtd_curr_yr":17,"wtd_prev_yr":10,"wtd_pct_change":70,"twentyeight_day_curr_yr":53,"twentyeight_day_prev_yr":40,"twentyeight_day_pct_change":32.5,"ytd_curr_yr":314,"ytd_prev_yr":272,"ytd_pct_change":15.4,"two_year_pct_change":11.3,"six_year_pct_change":16.7,"twentytwo_year_pct_change":-8.2},{"crime":"G.L.A.","wtd_curr_yr":0,"wtd_prev_yr":7,"wtd_pct_change":-100,"twentyeight_day_curr_yr":10,"twentyeight_day_prev_yr":14,"twentyeight_day_pct_change":-28.6,"ytd_curr_yr":107,"ytd_prev_yr":80,"ytd_pct_change":33.8,"two_year_pct_change":-11.6,"six_year_pct_change":-31.4,"twentytwo_year_pct_change":-94.6},{"crime":"TOTAL","wtd_curr_yr":34,"wtd_prev_yr":38,"wtd_pct_change":-10.53,"twentyeight_day_curr_yr":117,"twentyeight_day_prev_yr":122,"twentyeight_day_pct_change":-4.1,"ytd_curr_yr":807,"ytd_prev_yr":814,"ytd_pct_change":-0.86,"two_year_pct_change":-10.43,"six_year_pct_change":-11.32,"twentytwo_year_pct_change":-80.68},{"crime":"Transit","wtd_curr_yr":0,"wtd_prev_yr":0,"wtd_pct_change":null,"twentyeight_day_curr_yr":1,"twentyeight_day_prev_yr":0,"twentyeight_day_pct_change":null,"ytd_curr_yr":7,"ytd_prev_yr":8,"ytd_pct_change":-12.5,"two_year_pct_change":-56.2,"six_year_pct_change":250,"twentytwo_year_pct_change":null},{"crime":"Housing","wtd_curr_yr":0,"wtd_prev_yr":0,"wtd_pct_change":null,"twentyeight_day_curr_yr":0,"twentyeight_day_prev_yr":0,"twentyeight_day_pct_change":null,"ytd_curr_yr":0,"ytd_prev_yr":0,"ytd_pct_change":null,"two_year_pct_change":null,"six_year_pct_change":null,"twentytwo_year_pct_change":null},{"crime":"Petit Larceny","wtd_curr_yr":21,"wtd_prev_yr":21,"wtd_pct_change":0,"twentyeight_day_curr_yr":84,"twentyeight_day_prev_yr":96,"twentyeight_day_pct_change":-12.5,"ytd_curr_yr":616,"ytd_prev_yr":562,"ytd_pct_change":9.6,"two_year_pct_change":6.8,"six_year_pct_change":-3.1,"twentytwo_year_pct_change":null},{"crime":"Misd. Assault","wtd_curr_yr":11,"wtd_prev_yr":15,"wtd_pct_change":-26.7,"twentyeight_day_curr_yr":48,"twentyeight_day_prev_yr":67,"twentyeight_day_pct_change":-28.4,"ytd_curr_yr":346,"ytd_prev_yr":303,"ytd_pct_change":14.2,"two_year_pct_change":-7,"six_year_pct_change":-4.4,"twentytwo_year_pct_change":null},{"crime":"Misd. Sex Crimes","wtd_curr_yr":1,"wtd_prev_yr":0,"wtd_pct_change":null,"twentyeight_day_curr_yr":1,"twentyeight_day_prev_yr":0,"twentyeight_day_pct_change":null,"ytd_curr_yr":7,"ytd_prev_yr":11,"ytd_pct_change":-36.4,"two_year_pct_change":-50,"six_year_pct_change":-63.2,"twentytwo_year_pct_change":null},{"crime":"Shooting Vic.","wtd_curr_yr":0,"wtd_prev_yr":0,"wtd_pct_change":null,"twentyeight_day_curr_yr":1,"twentyeight_day_prev_yr":2,"twentyeight_day_pct_change":-50,"ytd_curr_yr":6,"ytd_prev_yr":3,"ytd_pct_change":100,"two_year_pct_change":100,"six_year_pct_change":500,"twentytwo_year_pct_change":-60},{"crime":"Shooting Inc.","wtd_curr_yr":0,"wtd_prev_yr":0,"wtd_pct_change":null,"twentyeight_day_curr_yr":1,"twentyeight_day_prev_yr":2,"twentyeight_day_pct_change":-50,"ytd_curr_yr":5,"ytd_prev_yr":3,"ytd_pct_change":66.7,"two_year_pct_change":66.7,"six_year_pct_change":400,"twentytwo_year_pct_change":-64.3}],"historical":[{"yr_1990":11,"yr_1993":19,"yr_1998":7,"yr_2001":5,"yr_2013":3,"pct_change_13vs01":-40,"pct_change_13vs98":-57.1,"pct_change_13vs93":-84.2,"pct_change_13vs90":-72.7,"crime":"Murder"},{"yr_1990":21,"yr_1993":21,"yr_1998":24,"yr_2001":15,"yr_2013":15,"pct_change_13vs01":0,"pct_change_13vs98":-37.5,"pct_change_13vs93":-28.6,"pct_change_13vs90":-28.6,"crime":"Rape"},{"yr_1990":1307,"yr_1993":1027,"yr_1998":490,"yr_2001":359,"yr_2013":256,"pct_change_13vs01":-28.7,"pct_change_13vs98":-47.8,"pct_change_13vs93":-75.1,"pct_change_13vs90":-80.4,"crime":"Robbery"},{"yr_1990":279,"yr_1993":305,"yr_1998":261,"yr_2001":262,"yr_2013":241,"pct_change_13vs01":-8,"pct_change_13vs98":-7.7,"pct_change_13vs93":-21,"pct_change_13vs90":-13.6,"crime":"Fel. Assault"},{"yr_1990":2562,"yr_1993":1955,"yr_1998":1024,"yr_2001":790,"yr_2013":339,"pct_change_13vs01":-57.1,"pct_change_13vs98":-66.9,"pct_change_13vs93":-82.7,"pct_change_13vs90":-86.8,"crime":"Burglary"},{"yr_1990":884,"yr_1993":678,"yr_1998":485,"yr_2001":551,"yr_2013":572,"pct_change_13vs01":3.8,"pct_change_13vs98":17.9,"pct_change_13vs93":-15.6,"pct_change_13vs90":-35.3,"crime":"Gr. Larceny"},{"yr_1990":4443,"yr_1993":3418,"yr_1998":1374,"yr_2001":892,"yr_2013":181,"pct_change_13vs01":-79.7,"pct_change_13vs98":-86.8,"pct_change_13vs93":-94.7,"pct_change_13vs90":-95.9,"crime":"G.L.A."},{"yr_1990":9507,"yr_1993":7423,"yr_1998":3665,"yr_2001":2874,"yr_2013":1607,"pct_change_13vs01":-44.08,"pct_change_13vs98":-56.15,"pct_change_13vs93":-78.35,"pct_change_13vs90":-83.1,"crime":"TOTAL"}]}