{"mayor":"Bill de Blasio","commissioner":"William J. Bratton","volume":21,"number":52,"precinct":"102nd","startDate":"2014-12-22T05:00:00.000Z","endDate":"2014-12-28T05:00:00.000Z","crimes":[{"crime":"Murder","wtd_curr_yr":1,"wtd_prev_yr":0,"wtd_pct_change":null,"twentyeight_day_curr_yr":1,"twentyeight_day_prev_yr":1,"twentyeight_day_pct_change":0,"ytd_curr_yr":3,"ytd_prev_yr":7,"ytd_pct_change":-57.1,"two_year_pct_change":-57.1,"six_year_pct_change":-25,"twentytwo_year_pct_change":-72.7},{"crime":"Rape","wtd_curr_yr":1,"wtd_prev_yr":0,"wtd_pct_change":null,"twentyeight_day_curr_yr":2,"twentyeight_day_prev_yr":0,"twentyeight_day_pct_change":null,"ytd_curr_yr":16,"ytd_prev_yr":24,"ytd_pct_change":-33.3,"two_year_pct_change":-46.7,"six_year_pct_change":-30.4,"twentytwo_year_pct_change":-52.9},{"crime":"Robbery","wtd_curr_yr":6,"wtd_prev_yr":6,"wtd_pct_change":0,"twentyeight_day_curr_yr":24,"twentyeight_day_prev_yr":25,"twentyeight_day_pct_change":-4,"ytd_curr_yr":231,"ytd_prev_yr":309,"ytd_pct_change":-25.2,"two_year_pct_change":-27.6,"six_year_pct_change":-17.8,"twentytwo_year_pct_change":-81.2},{"crime":"Fel. Assault","wtd_curr_yr":4,"wtd_prev_yr":12,"wtd_pct_change":-66.7,"twentyeight_day_curr_yr":15,"twentyeight_day_prev_yr":30,"twentyeight_day_pct_change":-50,"ytd_curr_yr":238,"ytd_prev_yr":322,"ytd_pct_change":-26.1,"two_year_pct_change":-3.3,"six_year_pct_change":-1.2,"twentytwo_year_pct_change":-34.3},{"crime":"Burglary","wtd_curr_yr":3,"wtd_prev_yr":4,"wtd_pct_change":-25,"twentyeight_day_curr_yr":22,"twentyeight_day_prev_yr":17,"twentyeight_day_pct_change":29.4,"ytd_curr_yr":291,"ytd_prev_yr":287,"ytd_pct_change":1.4,"two_year_pct_change":-7.6,"six_year_pct_change":-19.6,"twentytwo_year_pct_change":-80.4},{"crime":"Gr. Larceny","wtd_curr_yr":2,"wtd_prev_yr":13,"wtd_pct_change":-84.6,"twentyeight_day_curr_yr":30,"twentyeight_day_prev_yr":51,"twentyeight_day_pct_change":-41.2,"ytd_curr_yr":486,"ytd_prev_yr":482,"ytd_pct_change":0.8,"two_year_pct_change":11.5,"six_year_pct_change":18.8,"twentytwo_year_pct_change":-16.2},{"crime":"G.L.A.","wtd_curr_yr":9,"wtd_prev_yr":8,"wtd_pct_change":12.5,"twentyeight_day_curr_yr":27,"twentyeight_day_prev_yr":20,"twentyeight_day_pct_change":35,"ytd_curr_yr":254,"ytd_prev_yr":248,"ytd_pct_change":2.4,"two_year_pct_change":10.9,"six_year_pct_change":-9.3,"twentytwo_year_pct_change":-92.7},{"crime":"TOTAL","wtd_curr_yr":26,"wtd_prev_yr":43,"wtd_pct_change":-39.53,"twentyeight_day_curr_yr":121,"twentyeight_day_prev_yr":144,"twentyeight_day_pct_change":-15.97,"ytd_curr_yr":1519,"ytd_prev_yr":1679,"ytd_pct_change":-9.53,"two_year_pct_change":-3.98,"six_year_pct_change":-5.06,"twentytwo_year_pct_change":-78.8},{"crime":"Transit","wtd_curr_yr":1,"wtd_prev_yr":1,"wtd_pct_change":0,"twentyeight_day_curr_yr":2,"twentyeight_day_prev_yr":2,"twentyeight_day_pct_change":0,"ytd_curr_yr":17,"ytd_prev_yr":21,"ytd_pct_change":-19,"two_year_pct_change":-32,"six_year_pct_change":-5.6,"twentytwo_year_pct_change":null},{"crime":"Housing","wtd_curr_yr":0,"wtd_prev_yr":0,"wtd_pct_change":null,"twentyeight_day_curr_yr":0,"twentyeight_day_prev_yr":0,"twentyeight_day_pct_change":null,"ytd_curr_yr":0,"ytd_prev_yr":0,"ytd_pct_change":null,"two_year_pct_change":null,"six_year_pct_change":null,"twentytwo_year_pct_change":null},{"crime":"Petit Larceny","wtd_curr_yr":21,"wtd_prev_yr":20,"wtd_pct_change":5,"twentyeight_day_curr_yr":61,"twentyeight_day_prev_yr":84,"twentyeight_day_pct_change":-27.4,"ytd_curr_yr":1017,"ytd_prev_yr":995,"ytd_pct_change":2.2,"two_year_pct_change":7.3,"six_year_pct_change":21.5,"twentytwo_year_pct_change":null},{"crime":"Misd. Assault","wtd_curr_yr":8,"wtd_prev_yr":15,"wtd_pct_change":-46.7,"twentyeight_day_curr_yr":35,"twentyeight_day_prev_yr":45,"twentyeight_day_pct_change":-22.2,"ytd_curr_yr":575,"ytd_prev_yr":591,"ytd_pct_change":-2.7,"two_year_pct_change":-10.9,"six_year_pct_change":-3.8,"twentytwo_year_pct_change":null},{"crime":"Misd. Sex Crimes","wtd_curr_yr":0,"wtd_prev_yr":0,"wtd_pct_change":null,"twentyeight_day_curr_yr":4,"twentyeight_day_prev_yr":2,"twentyeight_day_pct_change":100,"ytd_curr_yr":33,"ytd_prev_yr":31,"ytd_pct_change":6.5,"two_year_pct_change":32,"six_year_pct_change":-10.8,"twentytwo_year_pct_change":null},{"crime":"Shooting Vic.","wtd_curr_yr":1,"wtd_prev_yr":1,"wtd_pct_change":0,"twentyeight_day_curr_yr":2,"twentyeight_day_prev_yr":1,"twentyeight_day_pct_change":100,"ytd_curr_yr":7,"ytd_prev_yr":8,"ytd_pct_change":-12.5,"two_year_pct_change":-12.5,"six_year_pct_change":-53.3,"twentytwo_year_pct_change":-78.8},{"crime":"Shooting Inc.","wtd_curr_yr":1,"wtd_prev_yr":1,"wtd_pct_change":0,"twentyeight_day_curr_yr":2,"twentyeight_day_prev_yr":1,"twentyeight_day_pct_change":100,"ytd_curr_yr":7,"ytd_prev_yr":8,"ytd_pct_change":-12.5,"two_year_pct_change":0,"six_year_pct_change":-46.2,"twentytwo_year_pct_change":-75}],"historical":[{"yr_1990":6,"yr_1993":12,"yr_1998":3,"yr_2001":2,"yr_2013":7,"pct_change_13vs01":250,"pct_change_13vs98":133.3,"pct_change_13vs93":-41.7,"pct_change_13vs90":16.7,"crime":"Murder"},{"yr_1990":29,"yr_1993":34,"yr_1998":23,"yr_2001":21,"yr_2013":24,"pct_change_13vs01":14.3,"pct_change_13vs98":4.3,"pct_change_13vs93":-29.4,"pct_change_13vs90":-17.2,"crime":"Rape"},{"yr_1990":1067,"yr_1993":1238,"yr_1998":672,"yr_2001":459,"yr_2013":311,"pct_change_13vs01":-32.2,"pct_change_13vs98":-53.7,"pct_change_13vs93":-74.9,"pct_change_13vs90":-70.9,"crime":"Robbery"},{"yr_1990":345,"yr_1993":362,"yr_1998":440,"yr_2001":309,"yr_2013":323,"pct_change_13vs01":4.5,"pct_change_13vs98":-26.6,"pct_change_13vs93":-10.8,"pct_change_13vs90":-6.4,"crime":"Fel. Assault"},{"yr_1990":1847,"yr_1993":1503,"yr_1998":965,"yr_2001":622,"yr_2013":288,"pct_change_13vs01":-53.7,"pct_change_13vs98":-70.2,"pct_change_13vs93":-80.8,"pct_change_13vs90":-84.4,"crime":"Burglary"},{"yr_1990":721,"yr_1993":583,"yr_1998":538,"yr_2001":378,"yr_2013":490,"pct_change_13vs01":29.6,"pct_change_13vs98":-8.9,"pct_change_13vs93":-16,"pct_change_13vs90":-32,"crime":"Gr. Larceny"},{"yr_1990":4145,"yr_1993":3495,"yr_1998":1303,"yr_2001":803,"yr_2013":252,"pct_change_13vs01":-68.6,"pct_change_13vs98":-80.7,"pct_change_13vs93":-92.8,"pct_change_13vs90":-93.9,"crime":"G.L.A."},{"yr_1990":8160,"yr_1993":7227,"yr_1998":3944,"yr_2001":2594,"yr_2013":1695,"pct_change_13vs01":-34.66,"pct_change_13vs98":-57.02,"pct_change_13vs93":-76.55,"pct_change_13vs90":-79.23,"crime":"TOTAL"}]}