{"mayor":"Bill de Blasio","commissioner":"William J. Bratton","volume":21,"number":1,"precinct":"104th","startDate":"2013-12-30T05:00:00.000Z","endDate":"2014-01-05T05:00:00.000Z","crimes":[{"crime":"Murder","wtd_curr_yr":0,"wtd_prev_yr":0,"wtd_pct_change":null,"twentyeight_day_curr_yr":0,"twentyeight_day_prev_yr":1,"twentyeight_day_pct_change":-100,"ytd_curr_yr":0,"ytd_prev_yr":0,"ytd_pct_change":null,"two_year_pct_change":null,"six_year_pct_change":null,"twentytwo_year_pct_change":null},{"crime":"Rape","wtd_curr_yr":1,"wtd_prev_yr":2,"wtd_pct_change":-50,"twentyeight_day_curr_yr":2,"twentyeight_day_prev_yr":2,"twentyeight_day_pct_change":0,"ytd_curr_yr":1,"ytd_prev_yr":2,"ytd_pct_change":-50,"two_year_pct_change":0,"six_year_pct_change":null,"twentytwo_year_pct_change":0},{"crime":"Robbery","wtd_curr_yr":4,"wtd_prev_yr":4,"wtd_pct_change":0,"twentyeight_day_curr_yr":15,"twentyeight_day_prev_yr":19,"twentyeight_day_pct_change":-21.1,"ytd_curr_yr":4,"ytd_prev_yr":4,"ytd_pct_change":0,"two_year_pct_change":0,"six_year_pct_change":0,"twentytwo_year_pct_change":-78.9},{"crime":"Fel. Assault","wtd_curr_yr":3,"wtd_prev_yr":9,"wtd_pct_change":-66.7,"twentyeight_day_curr_yr":14,"twentyeight_day_prev_yr":19,"twentyeight_day_pct_change":-26.3,"ytd_curr_yr":3,"ytd_prev_yr":4,"ytd_pct_change":-25,"two_year_pct_change":-25,"six_year_pct_change":0,"twentytwo_year_pct_change":-25},{"crime":"Burglary","wtd_curr_yr":11,"wtd_prev_yr":9,"wtd_pct_change":22.2,"twentyeight_day_curr_yr":26,"twentyeight_day_prev_yr":36,"twentyeight_day_pct_change":-27.8,"ytd_curr_yr":6,"ytd_prev_yr":7,"ytd_pct_change":-14.3,"two_year_pct_change":100,"six_year_pct_change":-50,"twentytwo_year_pct_change":-81.2},{"crime":"Gr. Larceny","wtd_curr_yr":12,"wtd_prev_yr":7,"wtd_pct_change":71.4,"twentyeight_day_curr_yr":41,"twentyeight_day_prev_yr":36,"twentyeight_day_pct_change":13.9,"ytd_curr_yr":6,"ytd_prev_yr":2,"ytd_pct_change":200,"two_year_pct_change":100,"six_year_pct_change":-33.3,"twentytwo_year_pct_change":-33.3},{"crime":"G.L.A.","wtd_curr_yr":4,"wtd_prev_yr":1,"wtd_pct_change":300,"twentyeight_day_curr_yr":23,"twentyeight_day_prev_yr":18,"twentyeight_day_pct_change":27.8,"ytd_curr_yr":3,"ytd_prev_yr":1,"ytd_pct_change":200,"two_year_pct_change":200,"six_year_pct_change":-76.9,"twentytwo_year_pct_change":-93.3},{"crime":"TOTAL","wtd_curr_yr":35,"wtd_prev_yr":32,"wtd_pct_change":9.38,"twentyeight_day_curr_yr":121,"twentyeight_day_prev_yr":131,"twentyeight_day_pct_change":-7.63,"ytd_curr_yr":23,"ytd_prev_yr":20,"ytd_pct_change":15,"two_year_pct_change":43.75,"six_year_pct_change":-43.9,"twentytwo_year_pct_change":-79.09},{"crime":"Petit Larceny","wtd_curr_yr":22,"wtd_prev_yr":19,"wtd_pct_change":15.8,"twentyeight_day_curr_yr":83,"twentyeight_day_prev_yr":67,"twentyeight_day_pct_change":23.9,"ytd_curr_yr":12,"ytd_prev_yr":15,"ytd_pct_change":-20,"two_year_pct_change":20,"six_year_pct_change":null,"twentytwo_year_pct_change":null},{"crime":"Misd. Assault","wtd_curr_yr":20,"wtd_prev_yr":9,"wtd_pct_change":122.2,"twentyeight_day_curr_yr":49,"twentyeight_day_prev_yr":43,"twentyeight_day_pct_change":14,"ytd_curr_yr":15,"ytd_prev_yr":6,"ytd_pct_change":150,"two_year_pct_change":25,"six_year_pct_change":null,"twentytwo_year_pct_change":null},{"crime":"Misd. Sex Crimes","wtd_curr_yr":0,"wtd_prev_yr":3,"wtd_pct_change":-100,"twentyeight_day_curr_yr":0,"twentyeight_day_prev_yr":5,"twentyeight_day_pct_change":-100,"ytd_curr_yr":0,"ytd_prev_yr":1,"ytd_pct_change":-100,"two_year_pct_change":null,"six_year_pct_change":null,"twentytwo_year_pct_change":null},{"crime":"Shooting Vic.","wtd_curr_yr":0,"wtd_prev_yr":1,"wtd_pct_change":-100,"twentyeight_day_curr_yr":0,"twentyeight_day_prev_yr":2,"twentyeight_day_pct_change":-100,"ytd_curr_yr":0,"ytd_prev_yr":0,"ytd_pct_change":null,"two_year_pct_change":null,"six_year_pct_change":null,"twentytwo_year_pct_change":null},{"crime":"Shooting Inc.","wtd_curr_yr":0,"wtd_prev_yr":1,"wtd_pct_change":-100,"twentyeight_day_curr_yr":0,"twentyeight_day_prev_yr":2,"twentyeight_day_pct_change":-100,"ytd_curr_yr":0,"ytd_prev_yr":0,"ytd_pct_change":null,"two_year_pct_change":null,"six_year_pct_change":null,"twentytwo_year_pct_change":null}],"historical":[{"yr_1990":11,"yr_1993":19,"yr_1998":7,"yr_2001":5,"yr_2013":3,"pct_change_13vs01":-40,"pct_change_13vs98":-57.1,"pct_change_13vs93":-84.2,"pct_change_13vs90":-72.7,"crime":"Murder"},{"yr_1990":21,"yr_1993":21,"yr_1998":24,"yr_2001":15,"yr_2013":15,"pct_change_13vs01":0,"pct_change_13vs98":-37.5,"pct_change_13vs93":-28.6,"pct_change_13vs90":-28.6,"crime":"Rape"},{"yr_1990":1307,"yr_1993":1027,"yr_1998":490,"yr_2001":359,"yr_2013":256,"pct_change_13vs01":-28.7,"pct_change_13vs98":-47.8,"pct_change_13vs93":-75.1,"pct_change_13vs90":-80.4,"crime":"Robbery"},{"yr_1990":279,"yr_1993":305,"yr_1998":261,"yr_2001":262,"yr_2013":241,"pct_change_13vs01":-8,"pct_change_13vs98":-7.7,"pct_change_13vs93":-21,"pct_change_13vs90":-13.6,"crime":"Fel. Assault"},{"yr_1990":2562,"yr_1993":1955,"yr_1998":1024,"yr_2001":790,"yr_2013":340,"pct_change_13vs01":-57,"pct_change_13vs98":-66.8,"pct_change_13vs93":-82.6,"pct_change_13vs90":-86.7,"crime":"Burglary"},{"yr_1990":884,"yr_1993":678,"yr_1998":485,"yr_2001":551,"yr_2013":572,"pct_change_13vs01":3.8,"pct_change_13vs98":17.9,"pct_change_13vs93":-15.6,"pct_change_13vs90":-35.3,"crime":"Gr. Larceny"},{"yr_1990":4443,"yr_1993":3418,"yr_1998":1374,"yr_2001":892,"yr_2013":181,"pct_change_13vs01":-79.7,"pct_change_13vs98":-86.8,"pct_change_13vs93":-94.7,"pct_change_13vs90":-95.9,"crime":"G.L.A."},{"yr_1990":9507,"yr_1993":7423,"yr_1998":3665,"yr_2001":2874,"yr_2013":1608,"pct_change_13vs01":-44.05,"pct_change_13vs98":-56.13,"pct_change_13vs93":-78.34,"pct_change_13vs90":-83.09,"crime":"TOTAL"}]}