{"mayor":"Bill de Blasio","commissioner":"William J. Bratton","volume":21,"number":49,"precinct":"102nd","startDate":"2014-12-01T05:00:00.000Z","endDate":"2014-12-07T05:00:00.000Z","crimes":[{"crime":"Murder","wtd_curr_yr":0,"wtd_prev_yr":1,"wtd_pct_change":-100,"twentyeight_day_curr_yr":0,"twentyeight_day_prev_yr":2,"twentyeight_day_pct_change":-100,"ytd_curr_yr":2,"ytd_prev_yr":7,"ytd_pct_change":-71.4,"two_year_pct_change":-71.4,"six_year_pct_change":-50,"twentytwo_year_pct_change":-81.8},{"crime":"Rape","wtd_curr_yr":1,"wtd_prev_yr":0,"wtd_pct_change":null,"twentyeight_day_curr_yr":2,"twentyeight_day_prev_yr":0,"twentyeight_day_pct_change":null,"ytd_curr_yr":15,"ytd_prev_yr":24,"ytd_pct_change":-37.5,"two_year_pct_change":-48.3,"six_year_pct_change":-28.6,"twentytwo_year_pct_change":-51.6},{"crime":"Robbery","wtd_curr_yr":7,"wtd_prev_yr":9,"wtd_pct_change":-22.2,"twentyeight_day_curr_yr":23,"twentyeight_day_prev_yr":25,"twentyeight_day_pct_change":-8,"ytd_curr_yr":213,"ytd_prev_yr":293,"ytd_pct_change":-27.3,"two_year_pct_change":-27.1,"six_year_pct_change":-17.8,"twentytwo_year_pct_change":-80.9},{"crime":"Fel. Assault","wtd_curr_yr":5,"wtd_prev_yr":6,"wtd_pct_change":-16.7,"twentyeight_day_curr_yr":16,"twentyeight_day_prev_yr":23,"twentyeight_day_pct_change":-30.4,"ytd_curr_yr":226,"ytd_prev_yr":298,"ytd_pct_change":-24.2,"two_year_pct_change":-2.6,"six_year_pct_change":-3,"twentytwo_year_pct_change":-34.5},{"crime":"Burglary","wtd_curr_yr":9,"wtd_prev_yr":2,"wtd_pct_change":350,"twentyeight_day_curr_yr":26,"twentyeight_day_prev_yr":12,"twentyeight_day_pct_change":116.7,"ytd_curr_yr":278,"ytd_prev_yr":272,"ytd_pct_change":2.2,"two_year_pct_change":-7.3,"six_year_pct_change":-17.8,"twentytwo_year_pct_change":-79.7},{"crime":"Gr. Larceny","wtd_curr_yr":10,"wtd_prev_yr":11,"wtd_pct_change":-9.1,"twentyeight_day_curr_yr":35,"twentyeight_day_prev_yr":37,"twentyeight_day_pct_change":-5.4,"ytd_curr_yr":466,"ytd_prev_yr":442,"ytd_pct_change":5.4,"two_year_pct_change":13.4,"six_year_pct_change":18.9,"twentytwo_year_pct_change":-13.5},{"crime":"G.L.A.","wtd_curr_yr":6,"wtd_prev_yr":1,"wtd_pct_change":500,"twentyeight_day_curr_yr":19,"twentyeight_day_prev_yr":19,"twentyeight_day_pct_change":0,"ytd_curr_yr":233,"ytd_prev_yr":229,"ytd_pct_change":1.7,"two_year_pct_change":6.4,"six_year_pct_change":-12.4,"twentytwo_year_pct_change":-92.9},{"crime":"TOTAL","wtd_curr_yr":38,"wtd_prev_yr":30,"wtd_pct_change":26.67,"twentyeight_day_curr_yr":121,"twentyeight_day_prev_yr":118,"twentyeight_day_pct_change":2.54,"ytd_curr_yr":1433,"ytd_prev_yr":1565,"ytd_pct_change":-8.43,"two_year_pct_change":-3.83,"six_year_pct_change":-5.29,"twentytwo_year_pct_change":-78.53},{"crime":"Transit","wtd_curr_yr":1,"wtd_prev_yr":0,"wtd_pct_change":null,"twentyeight_day_curr_yr":1,"twentyeight_day_prev_yr":2,"twentyeight_day_pct_change":-50,"ytd_curr_yr":16,"ytd_prev_yr":19,"ytd_pct_change":-15.8,"two_year_pct_change":-27.3,"six_year_pct_change":-5.9,"twentytwo_year_pct_change":null},{"crime":"Housing","wtd_curr_yr":0,"wtd_prev_yr":0,"wtd_pct_change":null,"twentyeight_day_curr_yr":0,"twentyeight_day_prev_yr":0,"twentyeight_day_pct_change":null,"ytd_curr_yr":0,"ytd_prev_yr":0,"ytd_pct_change":null,"two_year_pct_change":null,"six_year_pct_change":null,"twentytwo_year_pct_change":null},{"crime":"Petit Larceny","wtd_curr_yr":12,"wtd_prev_yr":19,"wtd_pct_change":-36.8,"twentyeight_day_curr_yr":61,"twentyeight_day_prev_yr":91,"twentyeight_day_pct_change":-33,"ytd_curr_yr":968,"ytd_prev_yr":930,"ytd_pct_change":4.1,"two_year_pct_change":9,"six_year_pct_change":21.9,"twentytwo_year_pct_change":null},{"crime":"Misd. Assault","wtd_curr_yr":7,"wtd_prev_yr":10,"wtd_pct_change":-30,"twentyeight_day_curr_yr":40,"twentyeight_day_prev_yr":36,"twentyeight_day_pct_change":11.1,"ytd_curr_yr":548,"ytd_prev_yr":556,"ytd_pct_change":-1.4,"two_year_pct_change":-10.2,"six_year_pct_change":-5.2,"twentytwo_year_pct_change":null},{"crime":"Misd. Sex Crimes","wtd_curr_yr":1,"wtd_prev_yr":0,"wtd_pct_change":null,"twentyeight_day_curr_yr":2,"twentyeight_day_prev_yr":3,"twentyeight_day_pct_change":-33.3,"ytd_curr_yr":30,"ytd_prev_yr":29,"ytd_pct_change":3.4,"two_year_pct_change":57.9,"six_year_pct_change":-16.7,"twentytwo_year_pct_change":null},{"crime":"Shooting Vic.","wtd_curr_yr":0,"wtd_prev_yr":0,"wtd_pct_change":null,"twentyeight_day_curr_yr":0,"twentyeight_day_prev_yr":1,"twentyeight_day_pct_change":-100,"ytd_curr_yr":5,"ytd_prev_yr":7,"ytd_pct_change":-28.6,"two_year_pct_change":-37.5,"six_year_pct_change":-66.7,"twentytwo_year_pct_change":-84.4},{"crime":"Shooting Inc.","wtd_curr_yr":0,"wtd_prev_yr":0,"wtd_pct_change":null,"twentyeight_day_curr_yr":0,"twentyeight_day_prev_yr":1,"twentyeight_day_pct_change":-100,"ytd_curr_yr":5,"ytd_prev_yr":7,"ytd_pct_change":-28.6,"two_year_pct_change":-28.6,"six_year_pct_change":-61.5,"twentytwo_year_pct_change":-81.5}],"historical":[{"yr_1990":6,"yr_1993":12,"yr_1998":3,"yr_2001":2,"yr_2013":7,"pct_change_13vs01":250,"pct_change_13vs98":133.3,"pct_change_13vs93":-41.7,"pct_change_13vs90":16.7,"crime":"Murder"},{"yr_1990":29,"yr_1993":34,"yr_1998":23,"yr_2001":21,"yr_2013":24,"pct_change_13vs01":14.3,"pct_change_13vs98":4.3,"pct_change_13vs93":-29.4,"pct_change_13vs90":-17.2,"crime":"Rape"},{"yr_1990":1067,"yr_1993":1238,"yr_1998":672,"yr_2001":459,"yr_2013":311,"pct_change_13vs01":-32.2,"pct_change_13vs98":-53.7,"pct_change_13vs93":-74.9,"pct_change_13vs90":-70.9,"crime":"Robbery"},{"yr_1990":345,"yr_1993":362,"yr_1998":440,"yr_2001":309,"yr_2013":323,"pct_change_13vs01":4.5,"pct_change_13vs98":-26.6,"pct_change_13vs93":-10.8,"pct_change_13vs90":-6.4,"crime":"Fel. Assault"},{"yr_1990":1847,"yr_1993":1503,"yr_1998":965,"yr_2001":622,"yr_2013":288,"pct_change_13vs01":-53.7,"pct_change_13vs98":-70.2,"pct_change_13vs93":-80.8,"pct_change_13vs90":-84.4,"crime":"Burglary"},{"yr_1990":721,"yr_1993":583,"yr_1998":538,"yr_2001":378,"yr_2013":490,"pct_change_13vs01":29.6,"pct_change_13vs98":-8.9,"pct_change_13vs93":-16,"pct_change_13vs90":-32,"crime":"Gr. Larceny"},{"yr_1990":4145,"yr_1993":3495,"yr_1998":1303,"yr_2001":803,"yr_2013":252,"pct_change_13vs01":-68.6,"pct_change_13vs98":-80.7,"pct_change_13vs93":-92.8,"pct_change_13vs90":-93.9,"crime":"G.L.A."},{"yr_1990":8160,"yr_1993":7227,"yr_1998":3944,"yr_2001":2594,"yr_2013":1695,"pct_change_13vs01":-34.66,"pct_change_13vs98":-57.02,"pct_change_13vs93":-76.55,"pct_change_13vs90":-79.23,"crime":"TOTAL"}]}