{"mayor":"Bill de Blasio","commissioner":"William J. Bratton","volume":21,"number":20,"precinct":"108th","startDate":"2014-05-12T04:00:00.000Z","endDate":"2014-05-18T04:00:00.000Z","crimes":[{"crime":"Murder","wtd_curr_yr":0,"wtd_prev_yr":0,"wtd_pct_change":null,"twentyeight_day_curr_yr":0,"twentyeight_day_prev_yr":0,"twentyeight_day_pct_change":null,"ytd_curr_yr":0,"ytd_prev_yr":0,"ytd_pct_change":null,"two_year_pct_change":null,"six_year_pct_change":-100,"twentytwo_year_pct_change":-100},{"crime":"Rape","wtd_curr_yr":0,"wtd_prev_yr":1,"wtd_pct_change":-100,"twentyeight_day_curr_yr":0,"twentyeight_day_prev_yr":1,"twentyeight_day_pct_change":-100,"ytd_curr_yr":4,"ytd_prev_yr":8,"ytd_pct_change":-50,"two_year_pct_change":-33.3,"six_year_pct_change":-33.3,"twentytwo_year_pct_change":33.3},{"crime":"Robbery","wtd_curr_yr":1,"wtd_prev_yr":1,"wtd_pct_change":0,"twentyeight_day_curr_yr":7,"twentyeight_day_prev_yr":15,"twentyeight_day_pct_change":-53.3,"ytd_curr_yr":60,"ytd_prev_yr":59,"ytd_pct_change":1.7,"two_year_pct_change":-15.5,"six_year_pct_change":7.1,"twentytwo_year_pct_change":-86.4},{"crime":"Fel. Assault","wtd_curr_yr":4,"wtd_prev_yr":4,"wtd_pct_change":0,"twentyeight_day_curr_yr":9,"twentyeight_day_prev_yr":13,"twentyeight_day_pct_change":-30.8,"ytd_curr_yr":44,"ytd_prev_yr":49,"ytd_pct_change":-10.2,"two_year_pct_change":-2.2,"six_year_pct_change":51.7,"twentytwo_year_pct_change":-54.6},{"crime":"Burglary","wtd_curr_yr":8,"wtd_prev_yr":1,"wtd_pct_change":700,"twentyeight_day_curr_yr":14,"twentyeight_day_prev_yr":18,"twentyeight_day_pct_change":-22.2,"ytd_curr_yr":80,"ytd_prev_yr":71,"ytd_pct_change":12.7,"two_year_pct_change":-33.9,"six_year_pct_change":-21.6,"twentytwo_year_pct_change":-84.7},{"crime":"Gr. Larceny","wtd_curr_yr":14,"wtd_prev_yr":10,"wtd_pct_change":40,"twentyeight_day_curr_yr":37,"twentyeight_day_prev_yr":40,"twentyeight_day_pct_change":-7.5,"ytd_curr_yr":227,"ytd_prev_yr":212,"ytd_pct_change":7.1,"two_year_pct_change":39.3,"six_year_pct_change":12.4,"twentytwo_year_pct_change":-27.9},{"crime":"G.L.A.","wtd_curr_yr":4,"wtd_prev_yr":3,"wtd_pct_change":33.3,"twentyeight_day_curr_yr":14,"twentyeight_day_prev_yr":12,"twentyeight_day_pct_change":16.7,"ytd_curr_yr":44,"ytd_prev_yr":49,"ytd_pct_change":-10.2,"two_year_pct_change":-21.4,"six_year_pct_change":-34.3,"twentytwo_year_pct_change":-93.8},{"crime":"TOTAL","wtd_curr_yr":31,"wtd_prev_yr":20,"wtd_pct_change":55,"twentyeight_day_curr_yr":81,"twentyeight_day_prev_yr":99,"twentyeight_day_pct_change":-18.18,"ytd_curr_yr":459,"ytd_prev_yr":448,"ytd_pct_change":2.46,"two_year_pct_change":-0.65,"six_year_pct_change":-0.86,"twentytwo_year_pct_change":-78.12},{"crime":"Transit","wtd_curr_yr":3,"wtd_prev_yr":1,"wtd_pct_change":200,"twentyeight_day_curr_yr":6,"twentyeight_day_prev_yr":5,"twentyeight_day_pct_change":20,"ytd_curr_yr":27,"ytd_prev_yr":34,"ytd_pct_change":-20.6,"two_year_pct_change":22.7,"six_year_pct_change":125,"twentytwo_year_pct_change":null},{"crime":"Housing","wtd_curr_yr":0,"wtd_prev_yr":0,"wtd_pct_change":null,"twentyeight_day_curr_yr":0,"twentyeight_day_prev_yr":0,"twentyeight_day_pct_change":null,"ytd_curr_yr":0,"ytd_prev_yr":0,"ytd_pct_change":null,"two_year_pct_change":null,"six_year_pct_change":null,"twentytwo_year_pct_change":null},{"crime":"Petit Larceny","wtd_curr_yr":13,"wtd_prev_yr":17,"wtd_pct_change":-23.5,"twentyeight_day_curr_yr":61,"twentyeight_day_prev_yr":76,"twentyeight_day_pct_change":-19.7,"ytd_curr_yr":302,"ytd_prev_yr":352,"ytd_pct_change":-14.2,"two_year_pct_change":-9.9,"six_year_pct_change":-11.7,"twentytwo_year_pct_change":null},{"crime":"Misd. Assault","wtd_curr_yr":6,"wtd_prev_yr":9,"wtd_pct_change":-33.3,"twentyeight_day_curr_yr":34,"twentyeight_day_prev_yr":32,"twentyeight_day_pct_change":6.2,"ytd_curr_yr":157,"ytd_prev_yr":162,"ytd_pct_change":-3.1,"two_year_pct_change":13.8,"six_year_pct_change":-10.8,"twentytwo_year_pct_change":null},{"crime":"Misd. Sex Crimes","wtd_curr_yr":7,"wtd_prev_yr":0,"wtd_pct_change":null,"twentyeight_day_curr_yr":10,"twentyeight_day_prev_yr":2,"twentyeight_day_pct_change":400,"ytd_curr_yr":17,"ytd_prev_yr":25,"ytd_pct_change":-32,"two_year_pct_change":-32,"six_year_pct_change":6.2,"twentytwo_year_pct_change":null},{"crime":"Shooting Vic.","wtd_curr_yr":0,"wtd_prev_yr":0,"wtd_pct_change":null,"twentyeight_day_curr_yr":0,"twentyeight_day_prev_yr":1,"twentyeight_day_pct_change":-100,"ytd_curr_yr":0,"ytd_prev_yr":1,"ytd_pct_change":-100,"two_year_pct_change":-100,"six_year_pct_change":null,"twentytwo_year_pct_change":-100},{"crime":"Shooting Inc.","wtd_curr_yr":0,"wtd_prev_yr":0,"wtd_pct_change":null,"twentyeight_day_curr_yr":0,"twentyeight_day_prev_yr":1,"twentyeight_day_pct_change":-100,"ytd_curr_yr":0,"ytd_prev_yr":1,"ytd_pct_change":-100,"two_year_pct_change":-100,"six_year_pct_change":null,"twentytwo_year_pct_change":-100}],"historical":[{"yr_1990":16,"yr_1993":10,"yr_1998":5,"yr_2001":3,"yr_2013":4,"pct_change_13vs01":33.3,"pct_change_13vs98":-20,"pct_change_13vs93":-60,"pct_change_13vs90":-75,"crime":"Murder"},{"yr_1990":22,"yr_1993":12,"yr_1998":24,"yr_2001":18,"yr_2013":15,"pct_change_13vs01":-16.7,"pct_change_13vs98":-37.5,"pct_change_13vs93":25,"pct_change_13vs90":-31.8,"crime":"Rape"},{"yr_1990":1372,"yr_1993":1026,"yr_1998":464,"yr_2001":313,"yr_2013":160,"pct_change_13vs01":-48.9,"pct_change_13vs98":-65.5,"pct_change_13vs93":-84.4,"pct_change_13vs90":-88.3,"crime":"Robbery"},{"yr_1990":290,"yr_1993":317,"yr_1998":248,"yr_2001":147,"yr_2013":171,"pct_change_13vs01":16.3,"pct_change_13vs98":-31,"pct_change_13vs93":-46.1,"pct_change_13vs90":-41,"crime":"Fel. Assault"},{"yr_1990":2062,"yr_1993":1563,"yr_1998":971,"yr_2001":564,"yr_2013":244,"pct_change_13vs01":-56.7,"pct_change_13vs98":-74.9,"pct_change_13vs93":-84.4,"pct_change_13vs90":-88.2,"crime":"Burglary"},{"yr_1990":1150,"yr_1993":914,"yr_1998":605,"yr_2001":570,"yr_2013":572,"pct_change_13vs01":0.4,"pct_change_13vs98":-5.5,"pct_change_13vs93":-37.4,"pct_change_13vs90":-50.3,"crime":"Gr. Larceny"},{"yr_1990":2945,"yr_1993":2123,"yr_1998":942,"yr_2001":704,"yr_2013":166,"pct_change_13vs01":-76.4,"pct_change_13vs98":-82.4,"pct_change_13vs93":-92.2,"pct_change_13vs90":-94.4,"crime":"G.L.A."},{"yr_1990":7857,"yr_1993":5965,"yr_1998":3259,"yr_2001":2319,"yr_2013":1332,"pct_change_13vs01":-42.56,"pct_change_13vs98":-59.13,"pct_change_13vs93":-77.67,"pct_change_13vs90":-83.05,"crime":"TOTAL"}]}