{"mayor":"Bill de Blasio","commissioner":"William J. Bratton","volume":21,"number":40,"precinct":"105th","startDate":"2014-09-29T04:00:00.000Z","endDate":"2014-10-05T04:00:00.000Z","crimes":[{"crime":"Murder","wtd_curr_yr":0,"wtd_prev_yr":0,"wtd_pct_change":null,"twentyeight_day_curr_yr":0,"twentyeight_day_prev_yr":0,"twentyeight_day_pct_change":null,"ytd_curr_yr":5,"ytd_prev_yr":3,"ytd_pct_change":66.7,"two_year_pct_change":-28.6,"six_year_pct_change":-16.7,"twentytwo_year_pct_change":-70.6},{"crime":"Rape","wtd_curr_yr":1,"wtd_prev_yr":0,"wtd_pct_change":null,"twentyeight_day_curr_yr":2,"twentyeight_day_prev_yr":0,"twentyeight_day_pct_change":null,"ytd_curr_yr":18,"ytd_prev_yr":13,"ytd_pct_change":38.5,"two_year_pct_change":-40,"six_year_pct_change":-35.7,"twentytwo_year_pct_change":-45.5},{"crime":"Robbery","wtd_curr_yr":3,"wtd_prev_yr":7,"wtd_pct_change":-57.1,"twentyeight_day_curr_yr":11,"twentyeight_day_prev_yr":27,"twentyeight_day_pct_change":-59.3,"ytd_curr_yr":154,"ytd_prev_yr":266,"ytd_pct_change":-42.1,"two_year_pct_change":-40.3,"six_year_pct_change":-37.1,"twentytwo_year_pct_change":-80.3},{"crime":"Fel. Assault","wtd_curr_yr":3,"wtd_prev_yr":12,"wtd_pct_change":-75,"twentyeight_day_curr_yr":25,"twentyeight_day_prev_yr":35,"twentyeight_day_pct_change":-28.6,"ytd_curr_yr":255,"ytd_prev_yr":238,"ytd_pct_change":7.1,"two_year_pct_change":7.1,"six_year_pct_change":32.1,"twentytwo_year_pct_change":-19.3},{"crime":"Burglary","wtd_curr_yr":2,"wtd_prev_yr":12,"wtd_pct_change":-83.3,"twentyeight_day_curr_yr":25,"twentyeight_day_prev_yr":32,"twentyeight_day_pct_change":-21.9,"ytd_curr_yr":235,"ytd_prev_yr":355,"ytd_pct_change":-33.8,"two_year_pct_change":-39.6,"six_year_pct_change":-25.4,"twentytwo_year_pct_change":-80.9},{"crime":"Gr. Larceny","wtd_curr_yr":14,"wtd_prev_yr":10,"wtd_pct_change":40,"twentyeight_day_curr_yr":61,"twentyeight_day_prev_yr":39,"twentyeight_day_pct_change":56.4,"ytd_curr_yr":391,"ytd_prev_yr":389,"ytd_pct_change":0.5,"two_year_pct_change":2.4,"six_year_pct_change":7.7,"twentytwo_year_pct_change":-15.9},{"crime":"G.L.A.","wtd_curr_yr":6,"wtd_prev_yr":8,"wtd_pct_change":-25,"twentyeight_day_curr_yr":23,"twentyeight_day_prev_yr":25,"twentyeight_day_pct_change":-8,"ytd_curr_yr":184,"ytd_prev_yr":200,"ytd_pct_change":-8,"two_year_pct_change":-27.3,"six_year_pct_change":-24.9,"twentytwo_year_pct_change":-92.9},{"crime":"TOTAL","wtd_curr_yr":29,"wtd_prev_yr":49,"wtd_pct_change":-40.82,"twentyeight_day_curr_yr":147,"twentyeight_day_prev_yr":158,"twentyeight_day_pct_change":-6.96,"ytd_curr_yr":1242,"ytd_prev_yr":1464,"ytd_pct_change":-15.16,"two_year_pct_change":-20.23,"six_year_pct_change":-10.97,"twentytwo_year_pct_change":-77.14},{"crime":"Transit","wtd_curr_yr":0,"wtd_prev_yr":0,"wtd_pct_change":null,"twentyeight_day_curr_yr":0,"twentyeight_day_prev_yr":0,"twentyeight_day_pct_change":null,"ytd_curr_yr":0,"ytd_prev_yr":0,"ytd_pct_change":null,"two_year_pct_change":null,"six_year_pct_change":null,"twentytwo_year_pct_change":null},{"crime":"Housing","wtd_curr_yr":0,"wtd_prev_yr":0,"wtd_pct_change":null,"twentyeight_day_curr_yr":0,"twentyeight_day_prev_yr":0,"twentyeight_day_pct_change":null,"ytd_curr_yr":0,"ytd_prev_yr":0,"ytd_pct_change":null,"two_year_pct_change":null,"six_year_pct_change":null,"twentytwo_year_pct_change":null},{"crime":"Petit Larceny","wtd_curr_yr":10,"wtd_prev_yr":15,"wtd_pct_change":-33.3,"twentyeight_day_curr_yr":54,"twentyeight_day_prev_yr":57,"twentyeight_day_pct_change":-5.3,"ytd_curr_yr":578,"ytd_prev_yr":537,"ytd_pct_change":7.6,"two_year_pct_change":-4.9,"six_year_pct_change":-20.6,"twentytwo_year_pct_change":null},{"crime":"Misd. Assault","wtd_curr_yr":13,"wtd_prev_yr":17,"wtd_pct_change":-23.5,"twentyeight_day_curr_yr":66,"twentyeight_day_prev_yr":48,"twentyeight_day_pct_change":37.5,"ytd_curr_yr":525,"ytd_prev_yr":483,"ytd_pct_change":8.7,"two_year_pct_change":11.9,"six_year_pct_change":-9,"twentytwo_year_pct_change":null},{"crime":"Misd. Sex Crimes","wtd_curr_yr":3,"wtd_prev_yr":0,"wtd_pct_change":null,"twentyeight_day_curr_yr":3,"twentyeight_day_prev_yr":0,"twentyeight_day_pct_change":null,"ytd_curr_yr":18,"ytd_prev_yr":31,"ytd_pct_change":-41.9,"two_year_pct_change":-30.8,"six_year_pct_change":-37.9,"twentytwo_year_pct_change":null},{"crime":"Shooting Vic.","wtd_curr_yr":0,"wtd_prev_yr":0,"wtd_pct_change":null,"twentyeight_day_curr_yr":1,"twentyeight_day_prev_yr":0,"twentyeight_day_pct_change":null,"ytd_curr_yr":9,"ytd_prev_yr":10,"ytd_pct_change":-10,"two_year_pct_change":-65.4,"six_year_pct_change":-55,"twentytwo_year_pct_change":-84.2},{"crime":"Shooting Inc.","wtd_curr_yr":0,"wtd_prev_yr":0,"wtd_pct_change":null,"twentyeight_day_curr_yr":1,"twentyeight_day_prev_yr":0,"twentyeight_day_pct_change":null,"ytd_curr_yr":8,"ytd_prev_yr":9,"ytd_pct_change":-11.1,"two_year_pct_change":-63.6,"six_year_pct_change":-55.6,"twentytwo_year_pct_change":-84.3}],"historical":[{"yr_1990":30,"yr_1993":23,"yr_1998":7,"yr_2001":18,"yr_2013":3,"pct_change_13vs01":-83.3,"pct_change_13vs98":-57.1,"pct_change_13vs93":-87,"pct_change_13vs90":-90,"crime":"Murder"},{"yr_1990":56,"yr_1993":41,"yr_1998":52,"yr_2001":35,"yr_2013":18,"pct_change_13vs01":-48.6,"pct_change_13vs98":-65.4,"pct_change_13vs93":-56.1,"pct_change_13vs90":-67.9,"crime":"Rape"},{"yr_1990":1066,"yr_1993":1082,"yr_1998":557,"yr_2001":395,"yr_2013":331,"pct_change_13vs01":-16.2,"pct_change_13vs98":-40.6,"pct_change_13vs93":-69.4,"pct_change_13vs90":-68.9,"crime":"Robbery"},{"yr_1990":459,"yr_1993":409,"yr_1998":400,"yr_2001":329,"yr_2013":313,"pct_change_13vs01":-4.9,"pct_change_13vs98":-21.8,"pct_change_13vs93":-23.5,"pct_change_13vs90":-31.8,"crime":"Fel. Assault"},{"yr_1990":2199,"yr_1993":1640,"yr_1998":854,"yr_2001":630,"yr_2013":469,"pct_change_13vs01":-25.6,"pct_change_13vs98":-45.1,"pct_change_13vs93":-71.4,"pct_change_13vs90":-78.7,"crime":"Burglary"},{"yr_1990":699,"yr_1993":593,"yr_1998":444,"yr_2001":456,"yr_2013":520,"pct_change_13vs01":14,"pct_change_13vs98":17.1,"pct_change_13vs93":-12.3,"pct_change_13vs90":-25.6,"crime":"Gr. Larceny"},{"yr_1990":3534,"yr_1993":3476,"yr_1998":1360,"yr_2001":913,"yr_2013":263,"pct_change_13vs01":-71.2,"pct_change_13vs98":-80.7,"pct_change_13vs93":-92.4,"pct_change_13vs90":-92.6,"crime":"G.L.A."},{"yr_1990":8043,"yr_1993":7264,"yr_1998":3674,"yr_2001":2776,"yr_2013":1917,"pct_change_13vs01":-30.94,"pct_change_13vs98":-47.82,"pct_change_13vs93":-73.61,"pct_change_13vs90":-76.17,"crime":"TOTAL"}]}