{"mayor":"Bill de Blasio","commissioner":"William J. Bratton","volume":22,"number":1,"precinct":"103rd","startDate":"2014-12-28T05:00:00.000Z","endDate":"2015-01-04T05:00:00.000Z","crimes":[{"crime":"Murder","wtd_curr_yr":0,"wtd_prev_yr":0,"wtd_pct_change":null,"twentyeight_day_curr_yr":0,"twentyeight_day_prev_yr":0,"twentyeight_day_pct_change":null,"ytd_curr_yr":0,"ytd_prev_yr":0,"ytd_pct_change":null,"two_year_pct_change":null,"six_year_pct_change":null,"twentytwo_year_pct_change":null},{"crime":"Rape","wtd_curr_yr":0,"wtd_prev_yr":0,"wtd_pct_change":null,"twentyeight_day_curr_yr":0,"twentyeight_day_prev_yr":1,"twentyeight_day_pct_change":-100,"ytd_curr_yr":0,"ytd_prev_yr":0,"ytd_pct_change":null,"two_year_pct_change":null,"six_year_pct_change":-100,"twentytwo_year_pct_change":-100},{"crime":"Robbery","wtd_curr_yr":8,"wtd_prev_yr":7,"wtd_pct_change":14.3,"twentyeight_day_curr_yr":26,"twentyeight_day_prev_yr":26,"twentyeight_day_pct_change":0,"ytd_curr_yr":4,"ytd_prev_yr":2,"ytd_pct_change":100,"two_year_pct_change":-50,"six_year_pct_change":-20,"twentytwo_year_pct_change":-75},{"crime":"Fel. Assault","wtd_curr_yr":9,"wtd_prev_yr":3,"wtd_pct_change":200,"twentyeight_day_curr_yr":32,"twentyeight_day_prev_yr":30,"twentyeight_day_pct_change":6.7,"ytd_curr_yr":5,"ytd_prev_yr":0,"ytd_pct_change":null,"two_year_pct_change":150,"six_year_pct_change":25,"twentytwo_year_pct_change":-37.5},{"crime":"Burglary","wtd_curr_yr":8,"wtd_prev_yr":3,"wtd_pct_change":166.7,"twentyeight_day_curr_yr":30,"twentyeight_day_prev_yr":18,"twentyeight_day_pct_change":66.7,"ytd_curr_yr":1,"ytd_prev_yr":2,"ytd_pct_change":-50,"two_year_pct_change":-80,"six_year_pct_change":-50,"twentytwo_year_pct_change":-92.9},{"crime":"Gr. Larceny","wtd_curr_yr":15,"wtd_prev_yr":11,"wtd_pct_change":36.4,"twentyeight_day_curr_yr":43,"twentyeight_day_prev_yr":38,"twentyeight_day_pct_change":13.2,"ytd_curr_yr":8,"ytd_prev_yr":5,"ytd_pct_change":60,"two_year_pct_change":166.7,"six_year_pct_change":700,"twentytwo_year_pct_change":-20},{"crime":"G.L.A.","wtd_curr_yr":8,"wtd_prev_yr":3,"wtd_pct_change":166.7,"twentyeight_day_curr_yr":17,"twentyeight_day_prev_yr":13,"twentyeight_day_pct_change":30.8,"ytd_curr_yr":1,"ytd_prev_yr":0,"ytd_pct_change":null,"two_year_pct_change":null,"six_year_pct_change":null,"twentytwo_year_pct_change":-90},{"crime":"TOTAL","wtd_curr_yr":48,"wtd_prev_yr":27,"wtd_pct_change":77.78,"twentyeight_day_curr_yr":148,"twentyeight_day_prev_yr":126,"twentyeight_day_pct_change":17.46,"ytd_curr_yr":19,"ytd_prev_yr":9,"ytd_pct_change":111.11,"two_year_pct_change":5.56,"six_year_pct_change":46.15,"twentytwo_year_pct_change":-67.8},{"crime":"Transit","wtd_curr_yr":1,"wtd_prev_yr":1,"wtd_pct_change":0,"twentyeight_day_curr_yr":3,"twentyeight_day_prev_yr":4,"twentyeight_day_pct_change":-25,"ytd_curr_yr":0,"ytd_prev_yr":0,"ytd_pct_change":null,"two_year_pct_change":null,"six_year_pct_change":null,"twentytwo_year_pct_change":null},{"crime":"Housing","wtd_curr_yr":1,"wtd_prev_yr":0,"wtd_pct_change":null,"twentyeight_day_curr_yr":4,"twentyeight_day_prev_yr":0,"twentyeight_day_pct_change":null,"ytd_curr_yr":1,"ytd_prev_yr":0,"ytd_pct_change":null,"two_year_pct_change":-50,"six_year_pct_change":null,"twentytwo_year_pct_change":null},{"crime":"Petit Larceny","wtd_curr_yr":17,"wtd_prev_yr":21,"wtd_pct_change":-19,"twentyeight_day_curr_yr":75,"twentyeight_day_prev_yr":69,"twentyeight_day_pct_change":8.7,"ytd_curr_yr":4,"ytd_prev_yr":9,"ytd_pct_change":-55.6,"two_year_pct_change":-33.3,"six_year_pct_change":-63.6,"twentytwo_year_pct_change":null},{"crime":"Misd. Assault","wtd_curr_yr":12,"wtd_prev_yr":15,"wtd_pct_change":-20,"twentyeight_day_curr_yr":45,"twentyeight_day_prev_yr":68,"twentyeight_day_pct_change":-33.8,"ytd_curr_yr":6,"ytd_prev_yr":11,"ytd_pct_change":-45.5,"two_year_pct_change":-53.8,"six_year_pct_change":0,"twentytwo_year_pct_change":null},{"crime":"Misd. Sex Crimes","wtd_curr_yr":1,"wtd_prev_yr":1,"wtd_pct_change":0,"twentyeight_day_curr_yr":3,"twentyeight_day_prev_yr":3,"twentyeight_day_pct_change":0,"ytd_curr_yr":0,"ytd_prev_yr":0,"ytd_pct_change":null,"two_year_pct_change":null,"six_year_pct_change":null,"twentytwo_year_pct_change":null},{"crime":"Shooting Vic.","wtd_curr_yr":1,"wtd_prev_yr":0,"wtd_pct_change":null,"twentyeight_day_curr_yr":1,"twentyeight_day_prev_yr":1,"twentyeight_day_pct_change":0,"ytd_curr_yr":1,"ytd_prev_yr":0,"ytd_pct_change":null,"two_year_pct_change":null,"six_year_pct_change":null,"twentytwo_year_pct_change":-80},{"crime":"Shooting Inc.","wtd_curr_yr":1,"wtd_prev_yr":0,"wtd_pct_change":null,"twentyeight_day_curr_yr":1,"twentyeight_day_prev_yr":1,"twentyeight_day_pct_change":0,"ytd_curr_yr":1,"ytd_prev_yr":0,"ytd_pct_change":null,"two_year_pct_change":null,"six_year_pct_change":null,"twentytwo_year_pct_change":-80}],"historical":[{"yr_1990":38,"yr_1993":28,"yr_1998":16,"yr_2001":10,"yr_2014":9,"pct_change_14vs01":-10,"pct_change_14vs98":-43.8,"pct_change_14vs93":-67.9,"pct_change_14vs90":-76.3,"crime":"Murder"},{"yr_1990":60,"yr_1993":74,"yr_1998":45,"yr_2001":27,"yr_2014":21,"pct_change_14vs01":-22.2,"pct_change_14vs98":-53.3,"pct_change_14vs93":-71.6,"pct_change_14vs90":-65,"crime":"Rape"},{"yr_1990":1846,"yr_1993":1742,"yr_1998":751,"yr_2001":530,"yr_2014":392,"pct_change_14vs01":-26,"pct_change_14vs98":-47.8,"pct_change_14vs93":-77.5,"pct_change_14vs90":-78.8,"crime":"Robbery"},{"yr_1990":958,"yr_1993":853,"yr_1998":611,"yr_2001":406,"yr_2014":458,"pct_change_14vs01":12.8,"pct_change_14vs98":-25,"pct_change_14vs93":-46.3,"pct_change_14vs90":-52.2,"crime":"Fel. Assault"},{"yr_1990":1592,"yr_1993":1166,"yr_1998":598,"yr_2001":449,"yr_2014":281,"pct_change_14vs01":-37.4,"pct_change_14vs98":-53,"pct_change_14vs93":-75.9,"pct_change_14vs90":-82.3,"crime":"Burglary"},{"yr_1990":1277,"yr_1993":1214,"yr_1998":578,"yr_2001":587,"yr_2014":489,"pct_change_14vs01":-16.7,"pct_change_14vs98":-15.4,"pct_change_14vs93":-59.7,"pct_change_14vs90":-61.7,"crime":"Gr. Larceny"},{"yr_1990":1889,"yr_1993":1591,"yr_1998":602,"yr_2001":472,"yr_2014":144,"pct_change_14vs01":-69.5,"pct_change_14vs98":-76.1,"pct_change_14vs93":-90.9,"pct_change_14vs90":-92.4,"crime":"G.L.A."},{"yr_1990":7660,"yr_1993":6668,"yr_1998":3201,"yr_2001":2481,"yr_2014":1794,"pct_change_14vs01":-27.69,"pct_change_14vs98":-43.96,"pct_change_14vs93":-73.1,"pct_change_14vs90":-76.58,"crime":"TOTAL"}]}