{"mayor":"Bill de Blasio","commissioner":"William J. Bratton","volume":21,"number":44,"precinct":"101st","startDate":"2014-10-27T04:00:00.000Z","endDate":"2014-11-02T04:00:00.000Z","crimes":[{"crime":"Murder","wtd_curr_yr":0,"wtd_prev_yr":0,"wtd_pct_change":null,"twentyeight_day_curr_yr":0,"twentyeight_day_prev_yr":0,"twentyeight_day_pct_change":null,"ytd_curr_yr":4,"ytd_prev_yr":2,"ytd_pct_change":100,"two_year_pct_change":33.3,"six_year_pct_change":-33.3,"twentytwo_year_pct_change":-73.3},{"crime":"Rape","wtd_curr_yr":0,"wtd_prev_yr":0,"wtd_pct_change":null,"twentyeight_day_curr_yr":0,"twentyeight_day_prev_yr":1,"twentyeight_day_pct_change":-100,"ytd_curr_yr":12,"ytd_prev_yr":14,"ytd_pct_change":-14.3,"two_year_pct_change":-7.7,"six_year_pct_change":-29.4,"twentytwo_year_pct_change":-67.6},{"crime":"Robbery","wtd_curr_yr":2,"wtd_prev_yr":6,"wtd_pct_change":-66.7,"twentyeight_day_curr_yr":9,"twentyeight_day_prev_yr":15,"twentyeight_day_pct_change":-40,"ytd_curr_yr":109,"ytd_prev_yr":122,"ytd_pct_change":-10.7,"two_year_pct_change":-12.8,"six_year_pct_change":9,"twentytwo_year_pct_change":-81.1},{"crime":"Fel. Assault","wtd_curr_yr":4,"wtd_prev_yr":3,"wtd_pct_change":33.3,"twentyeight_day_curr_yr":13,"twentyeight_day_prev_yr":17,"twentyeight_day_pct_change":-23.5,"ytd_curr_yr":230,"ytd_prev_yr":184,"ytd_pct_change":25,"two_year_pct_change":8,"six_year_pct_change":58.6,"twentytwo_year_pct_change":-46.4},{"crime":"Burglary","wtd_curr_yr":6,"wtd_prev_yr":5,"wtd_pct_change":20,"twentyeight_day_curr_yr":11,"twentyeight_day_prev_yr":12,"twentyeight_day_pct_change":-8.3,"ytd_curr_yr":133,"ytd_prev_yr":195,"ytd_pct_change":-31.8,"two_year_pct_change":-29.3,"six_year_pct_change":46.2,"twentytwo_year_pct_change":-80.2},{"crime":"Gr. Larceny","wtd_curr_yr":3,"wtd_prev_yr":2,"wtd_pct_change":50,"twentyeight_day_curr_yr":12,"twentyeight_day_prev_yr":15,"twentyeight_day_pct_change":-20,"ytd_curr_yr":163,"ytd_prev_yr":139,"ytd_pct_change":17.3,"two_year_pct_change":-11.9,"six_year_pct_change":31.5,"twentytwo_year_pct_change":-40.7},{"crime":"G.L.A.","wtd_curr_yr":0,"wtd_prev_yr":1,"wtd_pct_change":-100,"twentyeight_day_curr_yr":5,"twentyeight_day_prev_yr":4,"twentyeight_day_pct_change":25,"ytd_curr_yr":66,"ytd_prev_yr":48,"ytd_pct_change":37.5,"two_year_pct_change":50,"six_year_pct_change":24.5,"twentytwo_year_pct_change":-83.3},{"crime":"TOTAL","wtd_curr_yr":15,"wtd_prev_yr":17,"wtd_pct_change":-11.76,"twentyeight_day_curr_yr":50,"twentyeight_day_prev_yr":64,"twentyeight_day_pct_change":-21.88,"ytd_curr_yr":717,"ytd_prev_yr":704,"ytd_pct_change":1.85,"two_year_pct_change":-7,"six_year_pct_change":33.77,"twentytwo_year_pct_change":-70.16},{"crime":"Transit","wtd_curr_yr":0,"wtd_prev_yr":0,"wtd_pct_change":null,"twentyeight_day_curr_yr":1,"twentyeight_day_prev_yr":0,"twentyeight_day_pct_change":null,"ytd_curr_yr":9,"ytd_prev_yr":8,"ytd_pct_change":12.5,"two_year_pct_change":-52.6,"six_year_pct_change":-25,"twentytwo_year_pct_change":null},{"crime":"Housing","wtd_curr_yr":0,"wtd_prev_yr":1,"wtd_pct_change":-100,"twentyeight_day_curr_yr":2,"twentyeight_day_prev_yr":4,"twentyeight_day_pct_change":-50,"ytd_curr_yr":82,"ytd_prev_yr":72,"ytd_pct_change":13.9,"two_year_pct_change":9.3,"six_year_pct_change":24.2,"twentytwo_year_pct_change":null},{"crime":"Petit Larceny","wtd_curr_yr":5,"wtd_prev_yr":8,"wtd_pct_change":-37.5,"twentyeight_day_curr_yr":29,"twentyeight_day_prev_yr":46,"twentyeight_day_pct_change":-37,"ytd_curr_yr":437,"ytd_prev_yr":447,"ytd_pct_change":-2.2,"two_year_pct_change":7.1,"six_year_pct_change":21.4,"twentytwo_year_pct_change":null},{"crime":"Misd. Assault","wtd_curr_yr":3,"wtd_prev_yr":14,"wtd_pct_change":-78.6,"twentyeight_day_curr_yr":26,"twentyeight_day_prev_yr":43,"twentyeight_day_pct_change":-39.5,"ytd_curr_yr":385,"ytd_prev_yr":423,"ytd_pct_change":-9,"two_year_pct_change":2.9,"six_year_pct_change":17.4,"twentytwo_year_pct_change":null},{"crime":"Misd. Sex Crimes","wtd_curr_yr":0,"wtd_prev_yr":0,"wtd_pct_change":null,"twentyeight_day_curr_yr":2,"twentyeight_day_prev_yr":2,"twentyeight_day_pct_change":0,"ytd_curr_yr":14,"ytd_prev_yr":13,"ytd_pct_change":7.7,"two_year_pct_change":-26.3,"six_year_pct_change":-39.1,"twentytwo_year_pct_change":null},{"crime":"Shooting Vic.","wtd_curr_yr":0,"wtd_prev_yr":0,"wtd_pct_change":null,"twentyeight_day_curr_yr":0,"twentyeight_day_prev_yr":1,"twentyeight_day_pct_change":-100,"ytd_curr_yr":24,"ytd_prev_yr":15,"ytd_pct_change":60,"two_year_pct_change":-20,"six_year_pct_change":-11.1,"twentytwo_year_pct_change":-38.5},{"crime":"Shooting Inc.","wtd_curr_yr":0,"wtd_prev_yr":0,"wtd_pct_change":null,"twentyeight_day_curr_yr":0,"twentyeight_day_prev_yr":1,"twentyeight_day_pct_change":-100,"ytd_curr_yr":23,"ytd_prev_yr":13,"ytd_pct_change":76.9,"two_year_pct_change":-17.9,"six_year_pct_change":-4.2,"twentytwo_year_pct_change":-37.8}],"historical":[{"yr_1990":14,"yr_1993":16,"yr_1998":9,"yr_2001":6,"yr_2013":3,"pct_change_13vs01":-50,"pct_change_13vs98":-66.7,"pct_change_13vs93":-81.2,"pct_change_13vs90":-78.6,"crime":"Murder"},{"yr_1990":67,"yr_1993":42,"yr_1998":32,"yr_2001":17,"yr_2013":19,"pct_change_13vs01":11.8,"pct_change_13vs98":-40.6,"pct_change_13vs93":-54.8,"pct_change_13vs90":-71.6,"crime":"Rape"},{"yr_1990":826,"yr_1993":710,"yr_1998":413,"yr_2001":247,"yr_2013":148,"pct_change_13vs01":-40.1,"pct_change_13vs98":-64.2,"pct_change_13vs93":-79.2,"pct_change_13vs90":-82.1,"crime":"Robbery"},{"yr_1990":588,"yr_1993":524,"yr_1998":418,"yr_2001":301,"yr_2013":212,"pct_change_13vs01":-29.6,"pct_change_13vs98":-49.3,"pct_change_13vs93":-59.5,"pct_change_13vs90":-63.9,"crime":"Fel. Assault"},{"yr_1990":825,"yr_1993":768,"yr_1998":370,"yr_2001":216,"yr_2013":227,"pct_change_13vs01":5.1,"pct_change_13vs98":-38.6,"pct_change_13vs93":-70.4,"pct_change_13vs90":-72.5,"crime":"Burglary"},{"yr_1990":362,"yr_1993":330,"yr_1998":203,"yr_2001":189,"yr_2013":182,"pct_change_13vs01":-3.7,"pct_change_13vs98":-10.3,"pct_change_13vs93":-44.8,"pct_change_13vs90":-49.7,"crime":"Gr. Larceny"},{"yr_1990":719,"yr_1993":460,"yr_1998":184,"yr_2001":158,"yr_2013":61,"pct_change_13vs01":-61.4,"pct_change_13vs98":-66.8,"pct_change_13vs93":-86.7,"pct_change_13vs90":-91.5,"crime":"G.L.A."},{"yr_1990":3401,"yr_1993":2850,"yr_1998":1629,"yr_2001":1134,"yr_2013":852,"pct_change_13vs01":-24.87,"pct_change_13vs98":-47.7,"pct_change_13vs93":-70.11,"pct_change_13vs90":-74.95,"crime":"TOTAL"}]}