{"mayor":"Bill de Blasio","commissioner":"William J. Bratton","volume":22,"number":1,"precinct":"106th","startDate":"2014-12-28T05:00:00.000Z","endDate":"2015-01-04T05:00:00.000Z","crimes":[{"crime":"Murder","wtd_curr_yr":0,"wtd_prev_yr":0,"wtd_pct_change":null,"twentyeight_day_curr_yr":0,"twentyeight_day_prev_yr":1,"twentyeight_day_pct_change":-100,"ytd_curr_yr":0,"ytd_prev_yr":0,"ytd_pct_change":null,"two_year_pct_change":null,"six_year_pct_change":null,"twentytwo_year_pct_change":null},{"crime":"Rape","wtd_curr_yr":0,"wtd_prev_yr":0,"wtd_pct_change":null,"twentyeight_day_curr_yr":2,"twentyeight_day_prev_yr":1,"twentyeight_day_pct_change":100,"ytd_curr_yr":0,"ytd_prev_yr":0,"ytd_pct_change":null,"two_year_pct_change":null,"six_year_pct_change":null,"twentytwo_year_pct_change":null},{"crime":"Robbery","wtd_curr_yr":11,"wtd_prev_yr":9,"wtd_pct_change":22.2,"twentyeight_day_curr_yr":28,"twentyeight_day_prev_yr":26,"twentyeight_day_pct_change":7.7,"ytd_curr_yr":5,"ytd_prev_yr":3,"ytd_pct_change":66.7,"two_year_pct_change":150,"six_year_pct_change":66.7,"twentytwo_year_pct_change":-54.5},{"crime":"Fel. Assault","wtd_curr_yr":5,"wtd_prev_yr":9,"wtd_pct_change":-44.4,"twentyeight_day_curr_yr":17,"twentyeight_day_prev_yr":22,"twentyeight_day_pct_change":-22.7,"ytd_curr_yr":1,"ytd_prev_yr":5,"ytd_pct_change":-80,"two_year_pct_change":0,"six_year_pct_change":-50,"twentytwo_year_pct_change":-66.7},{"crime":"Burglary","wtd_curr_yr":3,"wtd_prev_yr":1,"wtd_pct_change":200,"twentyeight_day_curr_yr":13,"twentyeight_day_prev_yr":25,"twentyeight_day_pct_change":-48,"ytd_curr_yr":1,"ytd_prev_yr":0,"ytd_pct_change":null,"two_year_pct_change":-80,"six_year_pct_change":null,"twentytwo_year_pct_change":-93.3},{"crime":"Gr. Larceny","wtd_curr_yr":9,"wtd_prev_yr":18,"wtd_pct_change":-50,"twentyeight_day_curr_yr":62,"twentyeight_day_prev_yr":43,"twentyeight_day_pct_change":44.2,"ytd_curr_yr":5,"ytd_prev_yr":4,"ytd_pct_change":25,"two_year_pct_change":-37.5,"six_year_pct_change":150,"twentytwo_year_pct_change":-28.6},{"crime":"G.L.A.","wtd_curr_yr":3,"wtd_prev_yr":3,"wtd_pct_change":0,"twentyeight_day_curr_yr":23,"twentyeight_day_prev_yr":16,"twentyeight_day_pct_change":43.8,"ytd_curr_yr":2,"ytd_prev_yr":1,"ytd_pct_change":100,"two_year_pct_change":100,"six_year_pct_change":-50,"twentytwo_year_pct_change":-95.3},{"crime":"TOTAL","wtd_curr_yr":31,"wtd_prev_yr":40,"wtd_pct_change":-22.5,"twentyeight_day_curr_yr":145,"twentyeight_day_prev_yr":134,"twentyeight_day_pct_change":8.21,"ytd_curr_yr":14,"ytd_prev_yr":13,"ytd_pct_change":7.69,"two_year_pct_change":-17.65,"six_year_pct_change":27.27,"twentytwo_year_pct_change":-82.28},{"crime":"Transit","wtd_curr_yr":2,"wtd_prev_yr":1,"wtd_pct_change":100,"twentyeight_day_curr_yr":7,"twentyeight_day_prev_yr":1,"twentyeight_day_pct_change":600,"ytd_curr_yr":1,"ytd_prev_yr":1,"ytd_pct_change":0,"two_year_pct_change":0,"six_year_pct_change":null,"twentytwo_year_pct_change":null},{"crime":"Housing","wtd_curr_yr":0,"wtd_prev_yr":0,"wtd_pct_change":null,"twentyeight_day_curr_yr":0,"twentyeight_day_prev_yr":0,"twentyeight_day_pct_change":null,"ytd_curr_yr":0,"ytd_prev_yr":0,"ytd_pct_change":null,"two_year_pct_change":null,"six_year_pct_change":null,"twentytwo_year_pct_change":null},{"crime":"Petit Larceny","wtd_curr_yr":27,"wtd_prev_yr":10,"wtd_pct_change":170,"twentyeight_day_curr_yr":82,"twentyeight_day_prev_yr":62,"twentyeight_day_pct_change":32.3,"ytd_curr_yr":9,"ytd_prev_yr":4,"ytd_pct_change":125,"two_year_pct_change":28.6,"six_year_pct_change":null,"twentytwo_year_pct_change":null},{"crime":"Misd. Assault","wtd_curr_yr":7,"wtd_prev_yr":13,"wtd_pct_change":-46.2,"twentyeight_day_curr_yr":25,"twentyeight_day_prev_yr":37,"twentyeight_day_pct_change":-32.4,"ytd_curr_yr":5,"ytd_prev_yr":6,"ytd_pct_change":-16.7,"two_year_pct_change":0,"six_year_pct_change":0,"twentytwo_year_pct_change":null},{"crime":"Misd. Sex Crimes","wtd_curr_yr":0,"wtd_prev_yr":0,"wtd_pct_change":null,"twentyeight_day_curr_yr":1,"twentyeight_day_prev_yr":1,"twentyeight_day_pct_change":0,"ytd_curr_yr":0,"ytd_prev_yr":0,"ytd_pct_change":null,"two_year_pct_change":null,"six_year_pct_change":null,"twentytwo_year_pct_change":null},{"crime":"Shooting Vic.","wtd_curr_yr":0,"wtd_prev_yr":0,"wtd_pct_change":null,"twentyeight_day_curr_yr":1,"twentyeight_day_prev_yr":1,"twentyeight_day_pct_change":0,"ytd_curr_yr":0,"ytd_prev_yr":0,"ytd_pct_change":null,"two_year_pct_change":null,"six_year_pct_change":null,"twentytwo_year_pct_change":null},{"crime":"Shooting Inc.","wtd_curr_yr":0,"wtd_prev_yr":0,"wtd_pct_change":null,"twentyeight_day_curr_yr":1,"twentyeight_day_prev_yr":1,"twentyeight_day_pct_change":0,"ytd_curr_yr":0,"ytd_prev_yr":0,"ytd_pct_change":null,"two_year_pct_change":null,"six_year_pct_change":null,"twentytwo_year_pct_change":null}],"historical":[{"yr_1990":15,"yr_1993":21,"yr_1998":7,"yr_2001":4,"yr_2014":2,"pct_change_14vs01":-50,"pct_change_14vs98":-71.4,"pct_change_14vs93":-90.5,"pct_change_14vs90":-86.7,"crime":"Murder"},{"yr_1990":31,"yr_1993":33,"yr_1998":40,"yr_2001":19,"yr_2014":25,"pct_change_14vs01":31.6,"pct_change_14vs98":-37.5,"pct_change_14vs93":-24.2,"pct_change_14vs90":-19.4,"crime":"Rape"},{"yr_1990":832,"yr_1993":891,"yr_1998":545,"yr_2001":344,"yr_2014":272,"pct_change_14vs01":-20.9,"pct_change_14vs98":-50.1,"pct_change_14vs93":-69.5,"pct_change_14vs90":-67.3,"crime":"Robbery"},{"yr_1990":329,"yr_1993":408,"yr_1998":297,"yr_2001":241,"yr_2014":239,"pct_change_14vs01":-0.8,"pct_change_14vs98":-19.5,"pct_change_14vs93":-41.4,"pct_change_14vs90":-27.4,"crime":"Fel. Assault"},{"yr_1990":1348,"yr_1993":1230,"yr_1998":662,"yr_2001":417,"yr_2014":251,"pct_change_14vs01":-39.8,"pct_change_14vs98":-62.1,"pct_change_14vs93":-79.6,"pct_change_14vs90":-81.4,"crime":"Burglary"},{"yr_1990":715,"yr_1993":595,"yr_1998":440,"yr_2001":381,"yr_2014":537,"pct_change_14vs01":40.9,"pct_change_14vs98":22,"pct_change_14vs93":-9.7,"pct_change_14vs90":-24.9,"crime":"Gr. Larceny"},{"yr_1990":3071,"yr_1993":3304,"yr_1998":1370,"yr_2001":778,"yr_2014":237,"pct_change_14vs01":-69.5,"pct_change_14vs98":-82.7,"pct_change_14vs93":-92.8,"pct_change_14vs90":-92.3,"crime":"G.L.A."},{"yr_1990":6341,"yr_1993":6482,"yr_1998":3361,"yr_2001":2184,"yr_2014":1563,"pct_change_14vs01":-28.43,"pct_change_14vs98":-53.5,"pct_change_14vs93":-75.89,"pct_change_14vs90":-75.35,"crime":"TOTAL"}]}