{"mayor":"Bill de Blasio","commissioner":"William J. Bratton","volume":22,"number":3,"precinct":"106th","startDate":"2015-01-12T05:00:00.000Z","endDate":"2015-01-18T05:00:00.000Z","crimes":[{"crime":"Murder","wtd_curr_yr":0,"wtd_prev_yr":0,"wtd_pct_change":null,"twentyeight_day_curr_yr":1,"twentyeight_day_prev_yr":1,"twentyeight_day_pct_change":0,"ytd_curr_yr":1,"ytd_prev_yr":0,"ytd_pct_change":null,"two_year_pct_change":null,"six_year_pct_change":0,"twentytwo_year_pct_change":-50},{"crime":"Rape","wtd_curr_yr":2,"wtd_prev_yr":1,"wtd_pct_change":100,"twentyeight_day_curr_yr":3,"twentyeight_day_prev_yr":2,"twentyeight_day_pct_change":50,"ytd_curr_yr":2,"ytd_prev_yr":2,"ytd_pct_change":0,"two_year_pct_change":null,"six_year_pct_change":null,"twentytwo_year_pct_change":-50},{"crime":"Robbery","wtd_curr_yr":2,"wtd_prev_yr":2,"wtd_pct_change":0,"twentyeight_day_curr_yr":22,"twentyeight_day_prev_yr":23,"twentyeight_day_pct_change":-4.3,"ytd_curr_yr":9,"ytd_prev_yr":14,"ytd_pct_change":-35.7,"two_year_pct_change":-57.1,"six_year_pct_change":-10,"twentytwo_year_pct_change":-80.4},{"crime":"Fel. Assault","wtd_curr_yr":4,"wtd_prev_yr":2,"wtd_pct_change":100,"twentyeight_day_curr_yr":13,"twentyeight_day_prev_yr":17,"twentyeight_day_pct_change":-23.5,"ytd_curr_yr":8,"ytd_prev_yr":9,"ytd_pct_change":-11.1,"two_year_pct_change":-11.1,"six_year_pct_change":60,"twentytwo_year_pct_change":-38.5},{"crime":"Burglary","wtd_curr_yr":6,"wtd_prev_yr":5,"wtd_pct_change":20,"twentyeight_day_curr_yr":16,"twentyeight_day_prev_yr":24,"twentyeight_day_pct_change":-33.3,"ytd_curr_yr":11,"ytd_prev_yr":17,"ytd_pct_change":-35.3,"two_year_pct_change":-60.7,"six_year_pct_change":-26.7,"twentytwo_year_pct_change":-84.7},{"crime":"Gr. Larceny","wtd_curr_yr":13,"wtd_prev_yr":7,"wtd_pct_change":85.7,"twentyeight_day_curr_yr":54,"twentyeight_day_prev_yr":37,"twentyeight_day_pct_change":45.9,"ytd_curr_yr":33,"ytd_prev_yr":16,"ytd_pct_change":106.2,"two_year_pct_change":32,"six_year_pct_change":50,"twentytwo_year_pct_change":6.5},{"crime":"G.L.A.","wtd_curr_yr":6,"wtd_prev_yr":3,"wtd_pct_change":100,"twentyeight_day_curr_yr":17,"twentyeight_day_prev_yr":15,"twentyeight_day_pct_change":13.3,"ytd_curr_yr":10,"ytd_prev_yr":11,"ytd_pct_change":-9.1,"two_year_pct_change":66.7,"six_year_pct_change":-23.1,"twentytwo_year_pct_change":-93.5},{"crime":"TOTAL","wtd_curr_yr":33,"wtd_prev_yr":20,"wtd_pct_change":65,"twentyeight_day_curr_yr":126,"twentyeight_day_prev_yr":119,"twentyeight_day_pct_change":5.88,"ytd_curr_yr":74,"ytd_prev_yr":69,"ytd_pct_change":7.25,"two_year_pct_change":-16.85,"six_year_pct_change":12.12,"twentytwo_year_pct_change":-77.09},{"crime":"Transit","wtd_curr_yr":0,"wtd_prev_yr":0,"wtd_pct_change":null,"twentyeight_day_curr_yr":2,"twentyeight_day_prev_yr":1,"twentyeight_day_pct_change":100,"ytd_curr_yr":1,"ytd_prev_yr":1,"ytd_pct_change":0,"two_year_pct_change":-80,"six_year_pct_change":0,"twentytwo_year_pct_change":null},{"crime":"Housing","wtd_curr_yr":0,"wtd_prev_yr":0,"wtd_pct_change":null,"twentyeight_day_curr_yr":0,"twentyeight_day_prev_yr":0,"twentyeight_day_pct_change":null,"ytd_curr_yr":0,"ytd_prev_yr":0,"ytd_pct_change":null,"two_year_pct_change":null,"six_year_pct_change":null,"twentytwo_year_pct_change":null},{"crime":"Petit Larceny","wtd_curr_yr":19,"wtd_prev_yr":24,"wtd_pct_change":-20.8,"twentyeight_day_curr_yr":68,"twentyeight_day_prev_yr":62,"twentyeight_day_pct_change":9.7,"ytd_curr_yr":39,"ytd_prev_yr":42,"ytd_pct_change":-7.1,"two_year_pct_change":-17,"six_year_pct_change":69.6,"twentytwo_year_pct_change":null},{"crime":"Misd. Assault","wtd_curr_yr":7,"wtd_prev_yr":8,"wtd_pct_change":-12.5,"twentyeight_day_curr_yr":26,"twentyeight_day_prev_yr":38,"twentyeight_day_pct_change":-31.6,"ytd_curr_yr":18,"ytd_prev_yr":22,"ytd_pct_change":-18.2,"two_year_pct_change":-10,"six_year_pct_change":-10,"twentytwo_year_pct_change":null},{"crime":"Misd. Sex Crimes","wtd_curr_yr":0,"wtd_prev_yr":0,"wtd_pct_change":null,"twentyeight_day_curr_yr":0,"twentyeight_day_prev_yr":1,"twentyeight_day_pct_change":-100,"ytd_curr_yr":0,"ytd_prev_yr":1,"ytd_pct_change":-100,"two_year_pct_change":-100,"six_year_pct_change":null,"twentytwo_year_pct_change":null},{"crime":"Shooting Vic.","wtd_curr_yr":1,"wtd_prev_yr":0,"wtd_pct_change":null,"twentyeight_day_curr_yr":3,"twentyeight_day_prev_yr":1,"twentyeight_day_pct_change":200,"ytd_curr_yr":3,"ytd_prev_yr":0,"ytd_pct_change":null,"two_year_pct_change":null,"six_year_pct_change":200,"twentytwo_year_pct_change":null},{"crime":"Shooting Inc.","wtd_curr_yr":1,"wtd_prev_yr":0,"wtd_pct_change":null,"twentyeight_day_curr_yr":2,"twentyeight_day_prev_yr":1,"twentyeight_day_pct_change":100,"ytd_curr_yr":2,"ytd_prev_yr":0,"ytd_pct_change":null,"two_year_pct_change":null,"six_year_pct_change":100,"twentytwo_year_pct_change":null}],"historical":[{"yr_1990":15,"yr_1993":21,"yr_1998":7,"yr_2001":4,"yr_2014":2,"pct_change_14vs01":-50,"pct_change_14vs98":-71.4,"pct_change_14vs93":-90.5,"pct_change_14vs90":-86.7,"crime":"Murder"},{"yr_1990":31,"yr_1993":33,"yr_1998":40,"yr_2001":19,"yr_2014":25,"pct_change_14vs01":31.6,"pct_change_14vs98":-37.5,"pct_change_14vs93":-24.2,"pct_change_14vs90":-19.4,"crime":"Rape"},{"yr_1990":832,"yr_1993":891,"yr_1998":545,"yr_2001":344,"yr_2014":272,"pct_change_14vs01":-20.9,"pct_change_14vs98":-50.1,"pct_change_14vs93":-69.5,"pct_change_14vs90":-67.3,"crime":"Robbery"},{"yr_1990":329,"yr_1993":408,"yr_1998":297,"yr_2001":241,"yr_2014":239,"pct_change_14vs01":-0.8,"pct_change_14vs98":-19.5,"pct_change_14vs93":-41.4,"pct_change_14vs90":-27.4,"crime":"Fel. Assault"},{"yr_1990":1348,"yr_1993":1230,"yr_1998":662,"yr_2001":417,"yr_2014":251,"pct_change_14vs01":-39.8,"pct_change_14vs98":-62.1,"pct_change_14vs93":-79.6,"pct_change_14vs90":-81.4,"crime":"Burglary"},{"yr_1990":715,"yr_1993":595,"yr_1998":440,"yr_2001":381,"yr_2014":537,"pct_change_14vs01":40.9,"pct_change_14vs98":22,"pct_change_14vs93":-9.7,"pct_change_14vs90":-24.9,"crime":"Gr. Larceny"},{"yr_1990":3071,"yr_1993":3304,"yr_1998":1370,"yr_2001":778,"yr_2014":237,"pct_change_14vs01":-69.5,"pct_change_14vs98":-82.7,"pct_change_14vs93":-92.8,"pct_change_14vs90":-92.3,"crime":"G.L.A."},{"yr_1990":6341,"yr_1993":6482,"yr_1998":3361,"yr_2001":2184,"yr_2014":1563,"pct_change_14vs01":-28.43,"pct_change_14vs98":-53.5,"pct_change_14vs93":-75.89,"pct_change_14vs90":-75.35,"crime":"TOTAL"}]}