{"mayor":"Bill de Blasio","commissioner":"William J. Bratton","volume":21,"number":45,"precinct":"103rd","startDate":"2014-11-03T05:00:00.000Z","endDate":"2014-11-09T05:00:00.000Z","crimes":[{"crime":"Murder","wtd_curr_yr":0,"wtd_prev_yr":0,"wtd_pct_change":null,"twentyeight_day_curr_yr":0,"twentyeight_day_prev_yr":0,"twentyeight_day_pct_change":null,"ytd_curr_yr":8,"ytd_prev_yr":7,"ytd_pct_change":14.3,"two_year_pct_change":-20,"six_year_pct_change":-27.3,"twentytwo_year_pct_change":-68},{"crime":"Rape","wtd_curr_yr":0,"wtd_prev_yr":0,"wtd_pct_change":null,"twentyeight_day_curr_yr":3,"twentyeight_day_prev_yr":0,"twentyeight_day_pct_change":null,"ytd_curr_yr":18,"ytd_prev_yr":36,"ytd_pct_change":-50,"two_year_pct_change":-37.9,"six_year_pct_change":-37.9,"twentytwo_year_pct_change":-71.9},{"crime":"Robbery","wtd_curr_yr":9,"wtd_prev_yr":13,"wtd_pct_change":-30.8,"twentyeight_day_curr_yr":32,"twentyeight_day_prev_yr":34,"twentyeight_day_pct_change":-5.9,"ytd_curr_yr":332,"ytd_prev_yr":388,"ytd_pct_change":-14.4,"two_year_pct_change":-8.8,"six_year_pct_change":15.7,"twentytwo_year_pct_change":-77.3},{"crime":"Fel. Assault","wtd_curr_yr":7,"wtd_prev_yr":11,"wtd_pct_change":-36.4,"twentyeight_day_curr_yr":37,"twentyeight_day_prev_yr":40,"twentyeight_day_pct_change":-7.5,"ytd_curr_yr":379,"ytd_prev_yr":326,"ytd_pct_change":16.3,"two_year_pct_change":13.5,"six_year_pct_change":11.1,"twentytwo_year_pct_change":-48.6},{"crime":"Burglary","wtd_curr_yr":5,"wtd_prev_yr":8,"wtd_pct_change":-37.5,"twentyeight_day_curr_yr":19,"twentyeight_day_prev_yr":26,"twentyeight_day_pct_change":-26.9,"ytd_curr_yr":216,"ytd_prev_yr":257,"ytd_pct_change":-16,"two_year_pct_change":-20.9,"six_year_pct_change":-15.3,"twentytwo_year_pct_change":-78},{"crime":"Gr. Larceny","wtd_curr_yr":4,"wtd_prev_yr":14,"wtd_pct_change":-71.4,"twentyeight_day_curr_yr":36,"twentyeight_day_prev_yr":45,"twentyeight_day_pct_change":-20,"ytd_curr_yr":418,"ytd_prev_yr":409,"ytd_pct_change":2.2,"two_year_pct_change":1.2,"six_year_pct_change":6.9,"twentytwo_year_pct_change":-59.6},{"crime":"G.L.A.","wtd_curr_yr":2,"wtd_prev_yr":4,"wtd_pct_change":-50,"twentyeight_day_curr_yr":8,"twentyeight_day_prev_yr":11,"twentyeight_day_pct_change":-27.3,"ytd_curr_yr":116,"ytd_prev_yr":145,"ytd_pct_change":-20,"two_year_pct_change":-22.1,"six_year_pct_change":-22.7,"twentytwo_year_pct_change":-91.4},{"crime":"TOTAL","wtd_curr_yr":27,"wtd_prev_yr":50,"wtd_pct_change":-46,"twentyeight_day_curr_yr":135,"twentyeight_day_prev_yr":156,"twentyeight_day_pct_change":-13.46,"ytd_curr_yr":1487,"ytd_prev_yr":1568,"ytd_pct_change":-5.17,"two_year_pct_change":-5.41,"six_year_pct_change":1.57,"twentytwo_year_pct_change":-73.69},{"crime":"Transit","wtd_curr_yr":0,"wtd_prev_yr":4,"wtd_pct_change":-100,"twentyeight_day_curr_yr":2,"twentyeight_day_prev_yr":5,"twentyeight_day_pct_change":-60,"ytd_curr_yr":21,"ytd_prev_yr":36,"ytd_pct_change":-41.7,"two_year_pct_change":-16,"six_year_pct_change":110,"twentytwo_year_pct_change":null},{"crime":"Housing","wtd_curr_yr":0,"wtd_prev_yr":2,"wtd_pct_change":-100,"twentyeight_day_curr_yr":2,"twentyeight_day_prev_yr":5,"twentyeight_day_pct_change":-60,"ytd_curr_yr":26,"ytd_prev_yr":35,"ytd_pct_change":-25.7,"two_year_pct_change":-33.3,"six_year_pct_change":18.2,"twentytwo_year_pct_change":null},{"crime":"Petit Larceny","wtd_curr_yr":18,"wtd_prev_yr":31,"wtd_pct_change":-41.9,"twentyeight_day_curr_yr":91,"twentyeight_day_prev_yr":115,"twentyeight_day_pct_change":-20.9,"ytd_curr_yr":1037,"ytd_prev_yr":992,"ytd_pct_change":4.5,"two_year_pct_change":19.3,"six_year_pct_change":18.5,"twentytwo_year_pct_change":null},{"crime":"Misd. Assault","wtd_curr_yr":16,"wtd_prev_yr":19,"wtd_pct_change":-15.8,"twentyeight_day_curr_yr":64,"twentyeight_day_prev_yr":66,"twentyeight_day_pct_change":-3,"ytd_curr_yr":756,"ytd_prev_yr":819,"ytd_pct_change":-7.7,"two_year_pct_change":7.5,"six_year_pct_change":19.4,"twentytwo_year_pct_change":null},{"crime":"Misd. Sex Crimes","wtd_curr_yr":1,"wtd_prev_yr":0,"wtd_pct_change":null,"twentyeight_day_curr_yr":1,"twentyeight_day_prev_yr":0,"twentyeight_day_pct_change":null,"ytd_curr_yr":29,"ytd_prev_yr":24,"ytd_pct_change":20.8,"two_year_pct_change":-25.6,"six_year_pct_change":0,"twentytwo_year_pct_change":null},{"crime":"Shooting Vic.","wtd_curr_yr":0,"wtd_prev_yr":0,"wtd_pct_change":null,"twentyeight_day_curr_yr":1,"twentyeight_day_prev_yr":3,"twentyeight_day_pct_change":-66.7,"ytd_curr_yr":21,"ytd_prev_yr":31,"ytd_pct_change":-32.3,"two_year_pct_change":-48.8,"six_year_pct_change":-48.8,"twentytwo_year_pct_change":-85.1},{"crime":"Shooting Inc.","wtd_curr_yr":0,"wtd_prev_yr":0,"wtd_pct_change":null,"twentyeight_day_curr_yr":1,"twentyeight_day_prev_yr":3,"twentyeight_day_pct_change":-66.7,"ytd_curr_yr":17,"ytd_prev_yr":28,"ytd_pct_change":-39.3,"two_year_pct_change":-54.1,"six_year_pct_change":-48.5,"twentytwo_year_pct_change":-86.8}],"historical":[{"yr_1990":38,"yr_1993":28,"yr_1998":16,"yr_2001":10,"yr_2013":8,"pct_change_13vs01":-20,"pct_change_13vs98":-50,"pct_change_13vs93":-71.4,"pct_change_13vs90":-78.9,"crime":"Murder"},{"yr_1990":60,"yr_1993":74,"yr_1998":45,"yr_2001":27,"yr_2013":37,"pct_change_13vs01":37,"pct_change_13vs98":-17.8,"pct_change_13vs93":-50,"pct_change_13vs90":-38.3,"crime":"Rape"},{"yr_1990":1846,"yr_1993":1742,"yr_1998":751,"yr_2001":530,"yr_2013":438,"pct_change_13vs01":-17.4,"pct_change_13vs98":-41.7,"pct_change_13vs93":-74.9,"pct_change_13vs90":-76.3,"crime":"Robbery"},{"yr_1990":958,"yr_1993":853,"yr_1998":611,"yr_2001":406,"yr_2013":369,"pct_change_13vs01":-9.1,"pct_change_13vs98":-39.6,"pct_change_13vs93":-56.7,"pct_change_13vs90":-61.5,"crime":"Fel. Assault"},{"yr_1990":1592,"yr_1993":1166,"yr_1998":598,"yr_2001":449,"yr_2013":300,"pct_change_13vs01":-33.2,"pct_change_13vs98":-49.8,"pct_change_13vs93":-74.3,"pct_change_13vs90":-81.2,"crime":"Burglary"},{"yr_1990":1277,"yr_1993":1214,"yr_1998":578,"yr_2001":587,"yr_2013":487,"pct_change_13vs01":-17,"pct_change_13vs98":-15.7,"pct_change_13vs93":-59.9,"pct_change_13vs90":-61.9,"crime":"Gr. Larceny"},{"yr_1990":1889,"yr_1993":1591,"yr_1998":602,"yr_2001":472,"yr_2013":172,"pct_change_13vs01":-63.6,"pct_change_13vs98":-71.4,"pct_change_13vs93":-89.2,"pct_change_13vs90":-90.9,"crime":"G.L.A."},{"yr_1990":7660,"yr_1993":6668,"yr_1998":3201,"yr_2001":2481,"yr_2013":1811,"pct_change_13vs01":-27.01,"pct_change_13vs98":-43.42,"pct_change_13vs93":-72.84,"pct_change_13vs90":-76.36,"crime":"TOTAL"}]}