{"mayor":"Bill de Blasio","commissioner":"William J. Bratton","volume":21,"number":39,"precinct":"108th","startDate":"2014-09-22T04:00:00.000Z","endDate":"2014-09-28T04:00:00.000Z","crimes":[{"crime":"Murder","wtd_curr_yr":0,"wtd_prev_yr":0,"wtd_pct_change":null,"twentyeight_day_curr_yr":0,"twentyeight_day_prev_yr":1,"twentyeight_day_pct_change":-100,"ytd_curr_yr":2,"ytd_prev_yr":4,"ytd_pct_change":-50,"two_year_pct_change":0,"six_year_pct_change":100,"twentytwo_year_pct_change":-75},{"crime":"Rape","wtd_curr_yr":0,"wtd_prev_yr":0,"wtd_pct_change":null,"twentyeight_day_curr_yr":2,"twentyeight_day_prev_yr":0,"twentyeight_day_pct_change":null,"ytd_curr_yr":12,"ytd_prev_yr":12,"ytd_pct_change":0,"two_year_pct_change":-7.7,"six_year_pct_change":9.1,"twentytwo_year_pct_change":50},{"crime":"Robbery","wtd_curr_yr":3,"wtd_prev_yr":1,"wtd_pct_change":200,"twentyeight_day_curr_yr":17,"twentyeight_day_prev_yr":13,"twentyeight_day_pct_change":30.8,"ytd_curr_yr":120,"ytd_prev_yr":112,"ytd_pct_change":7.1,"two_year_pct_change":-18.4,"six_year_pct_change":6.2,"twentytwo_year_pct_change":-84.3},{"crime":"Fel. Assault","wtd_curr_yr":6,"wtd_prev_yr":2,"wtd_pct_change":200,"twentyeight_day_curr_yr":16,"twentyeight_day_prev_yr":12,"twentyeight_day_pct_change":33.3,"ytd_curr_yr":119,"ytd_prev_yr":134,"ytd_pct_change":-11.2,"two_year_pct_change":21.4,"six_year_pct_change":85.9,"twentytwo_year_pct_change":-48.9},{"crime":"Burglary","wtd_curr_yr":5,"wtd_prev_yr":5,"wtd_pct_change":0,"twentyeight_day_curr_yr":15,"twentyeight_day_prev_yr":13,"twentyeight_day_pct_change":15.4,"ytd_curr_yr":171,"ytd_prev_yr":164,"ytd_pct_change":4.3,"two_year_pct_change":-9.5,"six_year_pct_change":-14.5,"twentytwo_year_pct_change":-85},{"crime":"Gr. Larceny","wtd_curr_yr":12,"wtd_prev_yr":17,"wtd_pct_change":-29.4,"twentyeight_day_curr_yr":39,"twentyeight_day_prev_yr":51,"twentyeight_day_pct_change":-23.5,"ytd_curr_yr":414,"ytd_prev_yr":423,"ytd_pct_change":-2.1,"two_year_pct_change":22.5,"six_year_pct_change":16,"twentytwo_year_pct_change":-39.9},{"crime":"G.L.A.","wtd_curr_yr":1,"wtd_prev_yr":7,"wtd_pct_change":-85.7,"twentyeight_day_curr_yr":13,"twentyeight_day_prev_yr":17,"twentyeight_day_pct_change":-23.5,"ytd_curr_yr":110,"ytd_prev_yr":120,"ytd_pct_change":-8.3,"two_year_pct_change":-2.7,"six_year_pct_change":-21.4,"twentytwo_year_pct_change":-92.8},{"crime":"TOTAL","wtd_curr_yr":27,"wtd_prev_yr":32,"wtd_pct_change":-15.62,"twentyeight_day_curr_yr":102,"twentyeight_day_prev_yr":107,"twentyeight_day_pct_change":-4.67,"ytd_curr_yr":948,"ytd_prev_yr":969,"ytd_pct_change":-2.17,"two_year_pct_change":5.33,"six_year_pct_change":7,"twentytwo_year_pct_change":-78.3},{"crime":"Transit","wtd_curr_yr":0,"wtd_prev_yr":2,"wtd_pct_change":-100,"twentyeight_day_curr_yr":5,"twentyeight_day_prev_yr":7,"twentyeight_day_pct_change":-28.6,"ytd_curr_yr":49,"ytd_prev_yr":57,"ytd_pct_change":-14,"two_year_pct_change":-5.8,"six_year_pct_change":81.5,"twentytwo_year_pct_change":null},{"crime":"Housing","wtd_curr_yr":0,"wtd_prev_yr":0,"wtd_pct_change":null,"twentyeight_day_curr_yr":0,"twentyeight_day_prev_yr":0,"twentyeight_day_pct_change":null,"ytd_curr_yr":0,"ytd_prev_yr":0,"ytd_pct_change":null,"two_year_pct_change":null,"six_year_pct_change":null,"twentytwo_year_pct_change":null},{"crime":"Petit Larceny","wtd_curr_yr":14,"wtd_prev_yr":22,"wtd_pct_change":-36.4,"twentyeight_day_curr_yr":57,"twentyeight_day_prev_yr":97,"twentyeight_day_pct_change":-41.2,"ytd_curr_yr":638,"ytd_prev_yr":743,"ytd_pct_change":-14.1,"two_year_pct_change":-2.4,"six_year_pct_change":-6.5,"twentytwo_year_pct_change":null},{"crime":"Misd. Assault","wtd_curr_yr":13,"wtd_prev_yr":3,"wtd_pct_change":333.3,"twentyeight_day_curr_yr":50,"twentyeight_day_prev_yr":35,"twentyeight_day_pct_change":42.9,"ytd_curr_yr":334,"ytd_prev_yr":350,"ytd_pct_change":-4.6,"two_year_pct_change":3.7,"six_year_pct_change":-9.7,"twentytwo_year_pct_change":null},{"crime":"Misd. Sex Crimes","wtd_curr_yr":0,"wtd_prev_yr":0,"wtd_pct_change":null,"twentyeight_day_curr_yr":3,"twentyeight_day_prev_yr":3,"twentyeight_day_pct_change":0,"ytd_curr_yr":37,"ytd_prev_yr":48,"ytd_pct_change":-22.9,"two_year_pct_change":-15.9,"six_year_pct_change":-14,"twentytwo_year_pct_change":null},{"crime":"Shooting Vic.","wtd_curr_yr":0,"wtd_prev_yr":0,"wtd_pct_change":null,"twentyeight_day_curr_yr":0,"twentyeight_day_prev_yr":0,"twentyeight_day_pct_change":null,"ytd_curr_yr":1,"ytd_prev_yr":5,"ytd_pct_change":-80,"two_year_pct_change":0,"six_year_pct_change":null,"twentytwo_year_pct_change":-92.9},{"crime":"Shooting Inc.","wtd_curr_yr":0,"wtd_prev_yr":0,"wtd_pct_change":null,"twentyeight_day_curr_yr":0,"twentyeight_day_prev_yr":0,"twentyeight_day_pct_change":null,"ytd_curr_yr":1,"ytd_prev_yr":4,"ytd_pct_change":-75,"two_year_pct_change":0,"six_year_pct_change":null,"twentytwo_year_pct_change":-92.9}],"historical":[{"yr_1990":16,"yr_1993":10,"yr_1998":5,"yr_2001":3,"yr_2013":4,"pct_change_13vs01":33.3,"pct_change_13vs98":-20,"pct_change_13vs93":-60,"pct_change_13vs90":-75,"crime":"Murder"},{"yr_1990":22,"yr_1993":12,"yr_1998":24,"yr_2001":18,"yr_2013":15,"pct_change_13vs01":-16.7,"pct_change_13vs98":-37.5,"pct_change_13vs93":25,"pct_change_13vs90":-31.8,"crime":"Rape"},{"yr_1990":1372,"yr_1993":1026,"yr_1998":464,"yr_2001":313,"yr_2013":160,"pct_change_13vs01":-48.9,"pct_change_13vs98":-65.5,"pct_change_13vs93":-84.4,"pct_change_13vs90":-88.3,"crime":"Robbery"},{"yr_1990":290,"yr_1993":317,"yr_1998":248,"yr_2001":147,"yr_2013":171,"pct_change_13vs01":16.3,"pct_change_13vs98":-31,"pct_change_13vs93":-46.1,"pct_change_13vs90":-41,"crime":"Fel. Assault"},{"yr_1990":2062,"yr_1993":1563,"yr_1998":971,"yr_2001":564,"yr_2013":244,"pct_change_13vs01":-56.7,"pct_change_13vs98":-74.9,"pct_change_13vs93":-84.4,"pct_change_13vs90":-88.2,"crime":"Burglary"},{"yr_1990":1150,"yr_1993":914,"yr_1998":605,"yr_2001":570,"yr_2013":572,"pct_change_13vs01":0.4,"pct_change_13vs98":-5.5,"pct_change_13vs93":-37.4,"pct_change_13vs90":-50.3,"crime":"Gr. Larceny"},{"yr_1990":2945,"yr_1993":2123,"yr_1998":942,"yr_2001":704,"yr_2013":166,"pct_change_13vs01":-76.4,"pct_change_13vs98":-82.4,"pct_change_13vs93":-92.2,"pct_change_13vs90":-94.4,"crime":"G.L.A."},{"yr_1990":7857,"yr_1993":5965,"yr_1998":3259,"yr_2001":2319,"yr_2013":1332,"pct_change_13vs01":-42.56,"pct_change_13vs98":-59.13,"pct_change_13vs93":-77.67,"pct_change_13vs90":-83.05,"crime":"TOTAL"}]}