{"mayor":"Bill de Blasio","commissioner":"William J. Bratton","volume":21,"number":39,"precinct":"101st","startDate":"2014-09-22T04:00:00.000Z","endDate":"2014-09-28T04:00:00.000Z","crimes":[{"crime":"Murder","wtd_curr_yr":0,"wtd_prev_yr":0,"wtd_pct_change":null,"twentyeight_day_curr_yr":0,"twentyeight_day_prev_yr":0,"twentyeight_day_pct_change":null,"ytd_curr_yr":4,"ytd_prev_yr":2,"ytd_pct_change":100,"two_year_pct_change":33.3,"six_year_pct_change":-33.3,"twentytwo_year_pct_change":-69.2},{"crime":"Rape","wtd_curr_yr":0,"wtd_prev_yr":0,"wtd_pct_change":null,"twentyeight_day_curr_yr":2,"twentyeight_day_prev_yr":1,"twentyeight_day_pct_change":100,"ytd_curr_yr":11,"ytd_prev_yr":12,"ytd_pct_change":-8.3,"two_year_pct_change":-15.4,"six_year_pct_change":-31.2,"twentytwo_year_pct_change":-66.7},{"crime":"Robbery","wtd_curr_yr":0,"wtd_prev_yr":8,"wtd_pct_change":-100,"twentyeight_day_curr_yr":15,"twentyeight_day_prev_yr":17,"twentyeight_day_pct_change":-11.8,"ytd_curr_yr":97,"ytd_prev_yr":105,"ytd_pct_change":-7.6,"two_year_pct_change":-10.2,"six_year_pct_change":14.1,"twentytwo_year_pct_change":-80.2},{"crime":"Fel. Assault","wtd_curr_yr":4,"wtd_prev_yr":3,"wtd_pct_change":33.3,"twentyeight_day_curr_yr":25,"twentyeight_day_prev_yr":12,"twentyeight_day_pct_change":108.3,"ytd_curr_yr":211,"ytd_prev_yr":163,"ytd_pct_change":29.4,"two_year_pct_change":9.3,"six_year_pct_change":64.8,"twentytwo_year_pct_change":-45.5},{"crime":"Burglary","wtd_curr_yr":0,"wtd_prev_yr":2,"wtd_pct_change":-100,"twentyeight_day_curr_yr":9,"twentyeight_day_prev_yr":10,"twentyeight_day_pct_change":-10,"ytd_curr_yr":118,"ytd_prev_yr":177,"ytd_pct_change":-33.3,"two_year_pct_change":-11.3,"six_year_pct_change":59.5,"twentytwo_year_pct_change":-80.5},{"crime":"Gr. Larceny","wtd_curr_yr":8,"wtd_prev_yr":3,"wtd_pct_change":166.7,"twentyeight_day_curr_yr":18,"twentyeight_day_prev_yr":17,"twentyeight_day_pct_change":5.9,"ytd_curr_yr":146,"ytd_prev_yr":122,"ytd_pct_change":19.7,"two_year_pct_change":-16.1,"six_year_pct_change":33.9,"twentytwo_year_pct_change":-38.1},{"crime":"G.L.A.","wtd_curr_yr":1,"wtd_prev_yr":1,"wtd_pct_change":0,"twentyeight_day_curr_yr":8,"twentyeight_day_prev_yr":4,"twentyeight_day_pct_change":100,"ytd_curr_yr":61,"ytd_prev_yr":43,"ytd_pct_change":41.9,"two_year_pct_change":45.2,"six_year_pct_change":41.9,"twentytwo_year_pct_change":-82.7},{"crime":"TOTAL","wtd_curr_yr":13,"wtd_prev_yr":17,"wtd_pct_change":-23.53,"twentyeight_day_curr_yr":77,"twentyeight_day_prev_yr":61,"twentyeight_day_pct_change":26.23,"ytd_curr_yr":648,"ytd_prev_yr":624,"ytd_pct_change":3.85,"two_year_pct_change":-2.7,"six_year_pct_change":40.56,"twentytwo_year_pct_change":-69.35},{"crime":"Transit","wtd_curr_yr":0,"wtd_prev_yr":0,"wtd_pct_change":null,"twentyeight_day_curr_yr":1,"twentyeight_day_prev_yr":2,"twentyeight_day_pct_change":-50,"ytd_curr_yr":8,"ytd_prev_yr":8,"ytd_pct_change":0,"two_year_pct_change":-55.6,"six_year_pct_change":-33.3,"twentytwo_year_pct_change":null},{"crime":"Housing","wtd_curr_yr":0,"wtd_prev_yr":0,"wtd_pct_change":null,"twentyeight_day_curr_yr":4,"twentyeight_day_prev_yr":6,"twentyeight_day_pct_change":-33.3,"ytd_curr_yr":76,"ytd_prev_yr":68,"ytd_pct_change":11.8,"two_year_pct_change":13.4,"six_year_pct_change":46.2,"twentytwo_year_pct_change":null},{"crime":"Petit Larceny","wtd_curr_yr":8,"wtd_prev_yr":6,"wtd_pct_change":33.3,"twentyeight_day_curr_yr":27,"twentyeight_day_prev_yr":52,"twentyeight_day_pct_change":-48.1,"ytd_curr_yr":396,"ytd_prev_yr":396,"ytd_pct_change":0,"two_year_pct_change":11.2,"six_year_pct_change":30.3,"twentytwo_year_pct_change":null},{"crime":"Misd. Assault","wtd_curr_yr":12,"wtd_prev_yr":9,"wtd_pct_change":33.3,"twentyeight_day_curr_yr":35,"twentyeight_day_prev_yr":37,"twentyeight_day_pct_change":-5.4,"ytd_curr_yr":350,"ytd_prev_yr":362,"ytd_pct_change":-3.3,"two_year_pct_change":2.9,"six_year_pct_change":25.9,"twentytwo_year_pct_change":null},{"crime":"Misd. Sex Crimes","wtd_curr_yr":0,"wtd_prev_yr":1,"wtd_pct_change":-100,"twentyeight_day_curr_yr":0,"twentyeight_day_prev_yr":1,"twentyeight_day_pct_change":-100,"ytd_curr_yr":12,"ytd_prev_yr":11,"ytd_pct_change":9.1,"two_year_pct_change":-29.4,"six_year_pct_change":-40,"twentytwo_year_pct_change":null},{"crime":"Shooting Vic.","wtd_curr_yr":0,"wtd_prev_yr":0,"wtd_pct_change":null,"twentyeight_day_curr_yr":3,"twentyeight_day_prev_yr":1,"twentyeight_day_pct_change":200,"ytd_curr_yr":24,"ytd_prev_yr":14,"ytd_pct_change":71.4,"two_year_pct_change":-14.3,"six_year_pct_change":4.3,"twentytwo_year_pct_change":-31.4},{"crime":"Shooting Inc.","wtd_curr_yr":0,"wtd_prev_yr":0,"wtd_pct_change":null,"twentyeight_day_curr_yr":3,"twentyeight_day_prev_yr":1,"twentyeight_day_pct_change":200,"ytd_curr_yr":23,"ytd_prev_yr":12,"ytd_pct_change":91.7,"two_year_pct_change":-11.5,"six_year_pct_change":9.5,"twentytwo_year_pct_change":-30.3}],"historical":[{"yr_1990":14,"yr_1993":16,"yr_1998":9,"yr_2001":6,"yr_2013":3,"pct_change_13vs01":-50,"pct_change_13vs98":-66.7,"pct_change_13vs93":-81.2,"pct_change_13vs90":-78.6,"crime":"Murder"},{"yr_1990":67,"yr_1993":42,"yr_1998":32,"yr_2001":17,"yr_2013":19,"pct_change_13vs01":11.8,"pct_change_13vs98":-40.6,"pct_change_13vs93":-54.8,"pct_change_13vs90":-71.6,"crime":"Rape"},{"yr_1990":826,"yr_1993":710,"yr_1998":413,"yr_2001":247,"yr_2013":148,"pct_change_13vs01":-40.1,"pct_change_13vs98":-64.2,"pct_change_13vs93":-79.2,"pct_change_13vs90":-82.1,"crime":"Robbery"},{"yr_1990":588,"yr_1993":524,"yr_1998":418,"yr_2001":301,"yr_2013":212,"pct_change_13vs01":-29.6,"pct_change_13vs98":-49.3,"pct_change_13vs93":-59.5,"pct_change_13vs90":-63.9,"crime":"Fel. Assault"},{"yr_1990":825,"yr_1993":768,"yr_1998":370,"yr_2001":216,"yr_2013":227,"pct_change_13vs01":5.1,"pct_change_13vs98":-38.6,"pct_change_13vs93":-70.4,"pct_change_13vs90":-72.5,"crime":"Burglary"},{"yr_1990":362,"yr_1993":330,"yr_1998":203,"yr_2001":189,"yr_2013":182,"pct_change_13vs01":-3.7,"pct_change_13vs98":-10.3,"pct_change_13vs93":-44.8,"pct_change_13vs90":-49.7,"crime":"Gr. Larceny"},{"yr_1990":719,"yr_1993":460,"yr_1998":184,"yr_2001":158,"yr_2013":61,"pct_change_13vs01":-61.4,"pct_change_13vs98":-66.8,"pct_change_13vs93":-86.7,"pct_change_13vs90":-91.5,"crime":"G.L.A."},{"yr_1990":3401,"yr_1993":2850,"yr_1998":1629,"yr_2001":1134,"yr_2013":852,"pct_change_13vs01":-24.87,"pct_change_13vs98":-47.7,"pct_change_13vs93":-70.11,"pct_change_13vs90":-74.95,"crime":"TOTAL"}]}