{"mayor":"Bill de Blasio","commissioner":"William J. Bratton","volume":21,"number":51,"precinct":"102nd","startDate":"2014-12-15T05:00:00.000Z","endDate":"2014-12-21T05:00:00.000Z","crimes":[{"crime":"Murder","wtd_curr_yr":0,"wtd_prev_yr":0,"wtd_pct_change":null,"twentyeight_day_curr_yr":0,"twentyeight_day_prev_yr":1,"twentyeight_day_pct_change":-100,"ytd_curr_yr":2,"ytd_prev_yr":7,"ytd_pct_change":-71.4,"two_year_pct_change":-71.4,"six_year_pct_change":-50,"twentytwo_year_pct_change":-81.8},{"crime":"Rape","wtd_curr_yr":0,"wtd_prev_yr":0,"wtd_pct_change":null,"twentyeight_day_curr_yr":1,"twentyeight_day_prev_yr":0,"twentyeight_day_pct_change":null,"ytd_curr_yr":15,"ytd_prev_yr":24,"ytd_pct_change":-37.5,"two_year_pct_change":-48.3,"six_year_pct_change":-34.8,"twentytwo_year_pct_change":-55.9},{"crime":"Robbery","wtd_curr_yr":3,"wtd_prev_yr":6,"wtd_pct_change":-50,"twentyeight_day_curr_yr":24,"twentyeight_day_prev_yr":22,"twentyeight_day_pct_change":9.1,"ytd_curr_yr":225,"ytd_prev_yr":303,"ytd_pct_change":-25.7,"two_year_pct_change":-27.9,"six_year_pct_change":-18.2,"twentytwo_year_pct_change":-81.3},{"crime":"Fel. Assault","wtd_curr_yr":2,"wtd_prev_yr":6,"wtd_pct_change":-66.7,"twentyeight_day_curr_yr":12,"twentyeight_day_prev_yr":23,"twentyeight_day_pct_change":-47.8,"ytd_curr_yr":234,"ytd_prev_yr":310,"ytd_pct_change":-24.5,"two_year_pct_change":-1.7,"six_year_pct_change":-2.5,"twentytwo_year_pct_change":-34.6},{"crime":"Burglary","wtd_curr_yr":5,"wtd_prev_yr":4,"wtd_pct_change":25,"twentyeight_day_curr_yr":24,"twentyeight_day_prev_yr":15,"twentyeight_day_pct_change":60,"ytd_curr_yr":288,"ytd_prev_yr":283,"ytd_pct_change":1.8,"two_year_pct_change":-7.1,"six_year_pct_change":-19.1,"twentytwo_year_pct_change":-80},{"crime":"Gr. Larceny","wtd_curr_yr":11,"wtd_prev_yr":13,"wtd_pct_change":-15.4,"twentyeight_day_curr_yr":35,"twentyeight_day_prev_yr":45,"twentyeight_day_pct_change":-22.2,"ytd_curr_yr":484,"ytd_prev_yr":469,"ytd_pct_change":3.2,"two_year_pct_change":12.6,"six_year_pct_change":20.7,"twentytwo_year_pct_change":-14.3},{"crime":"G.L.A.","wtd_curr_yr":6,"wtd_prev_yr":4,"wtd_pct_change":50,"twentyeight_day_curr_yr":23,"twentyeight_day_prev_yr":19,"twentyeight_day_pct_change":21.1,"ytd_curr_yr":245,"ytd_prev_yr":240,"ytd_pct_change":2.1,"two_year_pct_change":8.9,"six_year_pct_change":-10.9,"twentytwo_year_pct_change":-92.8},{"crime":"TOTAL","wtd_curr_yr":27,"wtd_prev_yr":33,"wtd_pct_change":-18.18,"twentyeight_day_curr_yr":119,"twentyeight_day_prev_yr":125,"twentyeight_day_pct_change":-4.8,"ytd_curr_yr":1493,"ytd_prev_yr":1636,"ytd_pct_change":-8.74,"two_year_pct_change":-3.74,"six_year_pct_change":-5.15,"twentytwo_year_pct_change":-78.71},{"crime":"Transit","wtd_curr_yr":0,"wtd_prev_yr":1,"wtd_pct_change":-100,"twentyeight_day_curr_yr":1,"twentyeight_day_prev_yr":2,"twentyeight_day_pct_change":-50,"ytd_curr_yr":16,"ytd_prev_yr":20,"ytd_pct_change":-20,"two_year_pct_change":-36,"six_year_pct_change":-5.9,"twentytwo_year_pct_change":null},{"crime":"Housing","wtd_curr_yr":0,"wtd_prev_yr":0,"wtd_pct_change":null,"twentyeight_day_curr_yr":0,"twentyeight_day_prev_yr":0,"twentyeight_day_pct_change":null,"ytd_curr_yr":0,"ytd_prev_yr":0,"ytd_pct_change":null,"two_year_pct_change":null,"six_year_pct_change":null,"twentytwo_year_pct_change":null},{"crime":"Petit Larceny","wtd_curr_yr":11,"wtd_prev_yr":16,"wtd_pct_change":-31.2,"twentyeight_day_curr_yr":55,"twentyeight_day_prev_yr":89,"twentyeight_day_pct_change":-38.2,"ytd_curr_yr":996,"ytd_prev_yr":975,"ytd_pct_change":2.2,"two_year_pct_change":6.9,"six_year_pct_change":20.4,"twentytwo_year_pct_change":null},{"crime":"Misd. Assault","wtd_curr_yr":4,"wtd_prev_yr":12,"wtd_pct_change":-66.7,"twentyeight_day_curr_yr":40,"twentyeight_day_prev_yr":40,"twentyeight_day_pct_change":0,"ytd_curr_yr":567,"ytd_prev_yr":576,"ytd_pct_change":-1.6,"two_year_pct_change":-9.9,"six_year_pct_change":-2.9,"twentytwo_year_pct_change":null},{"crime":"Misd. Sex Crimes","wtd_curr_yr":3,"wtd_prev_yr":1,"wtd_pct_change":200,"twentyeight_day_curr_yr":5,"twentyeight_day_prev_yr":3,"twentyeight_day_pct_change":66.7,"ytd_curr_yr":34,"ytd_prev_yr":31,"ytd_pct_change":9.7,"two_year_pct_change":41.7,"six_year_pct_change":-8.1,"twentytwo_year_pct_change":null},{"crime":"Shooting Vic.","wtd_curr_yr":1,"wtd_prev_yr":0,"wtd_pct_change":null,"twentyeight_day_curr_yr":1,"twentyeight_day_prev_yr":0,"twentyeight_day_pct_change":null,"ytd_curr_yr":6,"ytd_prev_yr":7,"ytd_pct_change":-14.3,"two_year_pct_change":-25,"six_year_pct_change":-60,"twentytwo_year_pct_change":-81.8},{"crime":"Shooting Inc.","wtd_curr_yr":1,"wtd_prev_yr":0,"wtd_pct_change":null,"twentyeight_day_curr_yr":1,"twentyeight_day_prev_yr":0,"twentyeight_day_pct_change":null,"ytd_curr_yr":6,"ytd_prev_yr":7,"ytd_pct_change":-14.3,"two_year_pct_change":-14.3,"six_year_pct_change":-53.8,"twentytwo_year_pct_change":-78.6}],"historical":[{"yr_1990":6,"yr_1993":12,"yr_1998":3,"yr_2001":2,"yr_2013":7,"pct_change_13vs01":250,"pct_change_13vs98":133.3,"pct_change_13vs93":-41.7,"pct_change_13vs90":16.7,"crime":"Murder"},{"yr_1990":29,"yr_1993":34,"yr_1998":23,"yr_2001":21,"yr_2013":24,"pct_change_13vs01":14.3,"pct_change_13vs98":4.3,"pct_change_13vs93":-29.4,"pct_change_13vs90":-17.2,"crime":"Rape"},{"yr_1990":1067,"yr_1993":1238,"yr_1998":672,"yr_2001":459,"yr_2013":311,"pct_change_13vs01":-32.2,"pct_change_13vs98":-53.7,"pct_change_13vs93":-74.9,"pct_change_13vs90":-70.9,"crime":"Robbery"},{"yr_1990":345,"yr_1993":362,"yr_1998":440,"yr_2001":309,"yr_2013":323,"pct_change_13vs01":4.5,"pct_change_13vs98":-26.6,"pct_change_13vs93":-10.8,"pct_change_13vs90":-6.4,"crime":"Fel. Assault"},{"yr_1990":1847,"yr_1993":1503,"yr_1998":965,"yr_2001":622,"yr_2013":288,"pct_change_13vs01":-53.7,"pct_change_13vs98":-70.2,"pct_change_13vs93":-80.8,"pct_change_13vs90":-84.4,"crime":"Burglary"},{"yr_1990":721,"yr_1993":583,"yr_1998":538,"yr_2001":378,"yr_2013":490,"pct_change_13vs01":29.6,"pct_change_13vs98":-8.9,"pct_change_13vs93":-16,"pct_change_13vs90":-32,"crime":"Gr. Larceny"},{"yr_1990":4145,"yr_1993":3495,"yr_1998":1303,"yr_2001":803,"yr_2013":252,"pct_change_13vs01":-68.6,"pct_change_13vs98":-80.7,"pct_change_13vs93":-92.8,"pct_change_13vs90":-93.9,"crime":"G.L.A."},{"yr_1990":8160,"yr_1993":7227,"yr_1998":3944,"yr_2001":2594,"yr_2013":1695,"pct_change_13vs01":-34.66,"pct_change_13vs98":-57.02,"pct_change_13vs93":-76.55,"pct_change_13vs90":-79.23,"crime":"TOTAL"}]}