{"mayor":"Bill de Blasio","commissioner":"William J. Bratton","volume":21,"number":24,"precinct":"101st","startDate":"2014-06-09T04:00:00.000Z","endDate":"2014-06-15T04:00:00.000Z","crimes":[{"crime":"Murder","wtd_curr_yr":0,"wtd_prev_yr":0,"wtd_pct_change":null,"twentyeight_day_curr_yr":0,"twentyeight_day_prev_yr":0,"twentyeight_day_pct_change":null,"ytd_curr_yr":3,"ytd_prev_yr":2,"ytd_pct_change":50,"two_year_pct_change":50,"six_year_pct_change":50,"twentytwo_year_pct_change":-62.5},{"crime":"Rape","wtd_curr_yr":0,"wtd_prev_yr":0,"wtd_pct_change":null,"twentyeight_day_curr_yr":1,"twentyeight_day_prev_yr":2,"twentyeight_day_pct_change":-50,"ytd_curr_yr":6,"ytd_prev_yr":8,"ytd_pct_change":-25,"two_year_pct_change":-50,"six_year_pct_change":-45.5,"twentytwo_year_pct_change":-60},{"crime":"Robbery","wtd_curr_yr":5,"wtd_prev_yr":1,"wtd_pct_change":400,"twentyeight_day_curr_yr":9,"twentyeight_day_prev_yr":6,"twentyeight_day_pct_change":50,"ytd_curr_yr":51,"ytd_prev_yr":56,"ytd_pct_change":-8.9,"two_year_pct_change":-15,"six_year_pct_change":6.2,"twentytwo_year_pct_change":-81.2},{"crime":"Fel. Assault","wtd_curr_yr":10,"wtd_prev_yr":5,"wtd_pct_change":100,"twentyeight_day_curr_yr":24,"twentyeight_day_prev_yr":22,"twentyeight_day_pct_change":9.1,"ytd_curr_yr":120,"ytd_prev_yr":85,"ytd_pct_change":41.2,"two_year_pct_change":20,"six_year_pct_change":76.5,"twentytwo_year_pct_change":-38.5},{"crime":"Burglary","wtd_curr_yr":5,"wtd_prev_yr":3,"wtd_pct_change":66.7,"twentyeight_day_curr_yr":13,"twentyeight_day_prev_yr":14,"twentyeight_day_pct_change":-7.1,"ytd_curr_yr":66,"ytd_prev_yr":109,"ytd_pct_change":-39.4,"two_year_pct_change":-4.3,"six_year_pct_change":65,"twentytwo_year_pct_change":-79.6},{"crime":"Gr. Larceny","wtd_curr_yr":6,"wtd_prev_yr":4,"wtd_pct_change":50,"twentyeight_day_curr_yr":20,"twentyeight_day_prev_yr":13,"twentyeight_day_pct_change":53.8,"ytd_curr_yr":75,"ytd_prev_yr":53,"ytd_pct_change":41.5,"two_year_pct_change":-21.1,"six_year_pct_change":41.5,"twentytwo_year_pct_change":-40},{"crime":"G.L.A.","wtd_curr_yr":3,"wtd_prev_yr":3,"wtd_pct_change":0,"twentyeight_day_curr_yr":6,"twentyeight_day_prev_yr":8,"twentyeight_day_pct_change":-25,"ytd_curr_yr":38,"ytd_prev_yr":22,"ytd_pct_change":72.7,"two_year_pct_change":65.2,"six_year_pct_change":81,"twentytwo_year_pct_change":-83.9},{"crime":"TOTAL","wtd_curr_yr":29,"wtd_prev_yr":16,"wtd_pct_change":81.25,"twentyeight_day_curr_yr":73,"twentyeight_day_prev_yr":65,"twentyeight_day_pct_change":12.31,"ytd_curr_yr":359,"ytd_prev_yr":335,"ytd_pct_change":7.16,"two_year_pct_change":-0.55,"six_year_pct_change":47.74,"twentytwo_year_pct_change":-69.42},{"crime":"Transit","wtd_curr_yr":1,"wtd_prev_yr":0,"wtd_pct_change":null,"twentyeight_day_curr_yr":2,"twentyeight_day_prev_yr":0,"twentyeight_day_pct_change":null,"ytd_curr_yr":4,"ytd_prev_yr":5,"ytd_pct_change":-20,"two_year_pct_change":-55.6,"six_year_pct_change":-50,"twentytwo_year_pct_change":null},{"crime":"Housing","wtd_curr_yr":6,"wtd_prev_yr":3,"wtd_pct_change":100,"twentyeight_day_curr_yr":13,"twentyeight_day_prev_yr":13,"twentyeight_day_pct_change":0,"ytd_curr_yr":48,"ytd_prev_yr":36,"ytd_pct_change":33.3,"two_year_pct_change":20,"six_year_pct_change":84.6,"twentytwo_year_pct_change":null},{"crime":"Petit Larceny","wtd_curr_yr":22,"wtd_prev_yr":5,"wtd_pct_change":340,"twentyeight_day_curr_yr":54,"twentyeight_day_prev_yr":33,"twentyeight_day_pct_change":63.6,"ytd_curr_yr":243,"ytd_prev_yr":212,"ytd_pct_change":14.6,"two_year_pct_change":42.1,"six_year_pct_change":39.7,"twentytwo_year_pct_change":null},{"crime":"Misd. Assault","wtd_curr_yr":10,"wtd_prev_yr":9,"wtd_pct_change":11.1,"twentyeight_day_curr_yr":42,"twentyeight_day_prev_yr":41,"twentyeight_day_pct_change":2.4,"ytd_curr_yr":200,"ytd_prev_yr":202,"ytd_pct_change":-1,"two_year_pct_change":-4.8,"six_year_pct_change":21.2,"twentytwo_year_pct_change":null},{"crime":"Misd. Sex Crimes","wtd_curr_yr":0,"wtd_prev_yr":0,"wtd_pct_change":null,"twentyeight_day_curr_yr":1,"twentyeight_day_prev_yr":1,"twentyeight_day_pct_change":0,"ytd_curr_yr":9,"ytd_prev_yr":6,"ytd_pct_change":50,"two_year_pct_change":0,"six_year_pct_change":-25,"twentytwo_year_pct_change":null},{"crime":"Shooting Vic.","wtd_curr_yr":2,"wtd_prev_yr":1,"wtd_pct_change":100,"twentyeight_day_curr_yr":2,"twentyeight_day_prev_yr":1,"twentyeight_day_pct_change":100,"ytd_curr_yr":8,"ytd_prev_yr":6,"ytd_pct_change":33.3,"two_year_pct_change":-20,"six_year_pct_change":0,"twentytwo_year_pct_change":-57.9},{"crime":"Shooting Inc.","wtd_curr_yr":2,"wtd_prev_yr":1,"wtd_pct_change":100,"twentyeight_day_curr_yr":2,"twentyeight_day_prev_yr":1,"twentyeight_day_pct_change":100,"ytd_curr_yr":8,"ytd_prev_yr":5,"ytd_pct_change":60,"two_year_pct_change":0,"six_year_pct_change":0,"twentytwo_year_pct_change":-57.9}],"historical":[{"yr_1990":14,"yr_1993":16,"yr_1998":9,"yr_2001":6,"yr_2013":3,"pct_change_13vs01":-50,"pct_change_13vs98":-66.7,"pct_change_13vs93":-81.2,"pct_change_13vs90":-78.6,"crime":"Murder"},{"yr_1990":67,"yr_1993":42,"yr_1998":32,"yr_2001":17,"yr_2013":19,"pct_change_13vs01":11.8,"pct_change_13vs98":-40.6,"pct_change_13vs93":-54.8,"pct_change_13vs90":-71.6,"crime":"Rape"},{"yr_1990":826,"yr_1993":710,"yr_1998":413,"yr_2001":247,"yr_2013":148,"pct_change_13vs01":-40.1,"pct_change_13vs98":-64.2,"pct_change_13vs93":-79.2,"pct_change_13vs90":-82.1,"crime":"Robbery"},{"yr_1990":588,"yr_1993":524,"yr_1998":418,"yr_2001":301,"yr_2013":212,"pct_change_13vs01":-29.6,"pct_change_13vs98":-49.3,"pct_change_13vs93":-59.5,"pct_change_13vs90":-63.9,"crime":"Fel. Assault"},{"yr_1990":825,"yr_1993":768,"yr_1998":370,"yr_2001":216,"yr_2013":227,"pct_change_13vs01":5.1,"pct_change_13vs98":-38.6,"pct_change_13vs93":-70.4,"pct_change_13vs90":-72.5,"crime":"Burglary"},{"yr_1990":362,"yr_1993":330,"yr_1998":203,"yr_2001":189,"yr_2013":182,"pct_change_13vs01":-3.7,"pct_change_13vs98":-10.3,"pct_change_13vs93":-44.8,"pct_change_13vs90":-49.7,"crime":"Gr. Larceny"},{"yr_1990":719,"yr_1993":460,"yr_1998":184,"yr_2001":158,"yr_2013":61,"pct_change_13vs01":-61.4,"pct_change_13vs98":-66.8,"pct_change_13vs93":-86.7,"pct_change_13vs90":-91.5,"crime":"G.L.A."},{"yr_1990":3401,"yr_1993":2850,"yr_1998":1629,"yr_2001":1134,"yr_2013":852,"pct_change_13vs01":-24.87,"pct_change_13vs98":-47.7,"pct_change_13vs93":-70.11,"pct_change_13vs90":-74.95,"crime":"TOTAL"}]}