{"mayor":"Bill de Blasio","commissioner":"William J. Bratton","volume":21,"number":48,"precinct":"106th","startDate":"2014-11-24T05:00:00.000Z","endDate":"2014-11-30T05:00:00.000Z","crimes":[{"crime":"Murder","wtd_curr_yr":0,"wtd_prev_yr":0,"wtd_pct_change":null,"twentyeight_day_curr_yr":0,"twentyeight_day_prev_yr":1,"twentyeight_day_pct_change":-100,"ytd_curr_yr":2,"ytd_prev_yr":5,"ytd_pct_change":-60,"two_year_pct_change":0,"six_year_pct_change":-50,"twentytwo_year_pct_change":-90.5},{"crime":"Rape","wtd_curr_yr":0,"wtd_prev_yr":0,"wtd_pct_change":null,"twentyeight_day_curr_yr":1,"twentyeight_day_prev_yr":0,"twentyeight_day_pct_change":null,"ytd_curr_yr":24,"ytd_prev_yr":16,"ytd_pct_change":50,"two_year_pct_change":71.4,"six_year_pct_change":140,"twentytwo_year_pct_change":-22.6},{"crime":"Robbery","wtd_curr_yr":5,"wtd_prev_yr":11,"wtd_pct_change":-54.5,"twentyeight_day_curr_yr":26,"twentyeight_day_prev_yr":48,"twentyeight_day_pct_change":-45.8,"ytd_curr_yr":243,"ytd_prev_yr":297,"ytd_pct_change":-18.2,"two_year_pct_change":-17.3,"six_year_pct_change":13.6,"twentytwo_year_pct_change":-69.9},{"crime":"Fel. Assault","wtd_curr_yr":7,"wtd_prev_yr":7,"wtd_pct_change":0,"twentyeight_day_curr_yr":21,"twentyeight_day_prev_yr":26,"twentyeight_day_pct_change":-19.2,"ytd_curr_yr":215,"ytd_prev_yr":233,"ytd_pct_change":-7.7,"two_year_pct_change":22.2,"six_year_pct_change":36.1,"twentytwo_year_pct_change":-44},{"crime":"Burglary","wtd_curr_yr":6,"wtd_prev_yr":3,"wtd_pct_change":100,"twentyeight_day_curr_yr":28,"twentyeight_day_prev_yr":15,"twentyeight_day_pct_change":86.7,"ytd_curr_yr":234,"ytd_prev_yr":311,"ytd_pct_change":-24.8,"two_year_pct_change":-31.8,"six_year_pct_change":-18.5,"twentytwo_year_pct_change":-78.9},{"crime":"Gr. Larceny","wtd_curr_yr":11,"wtd_prev_yr":10,"wtd_pct_change":10,"twentyeight_day_curr_yr":38,"twentyeight_day_prev_yr":47,"twentyeight_day_pct_change":-19.1,"ytd_curr_yr":472,"ytd_prev_yr":468,"ytd_pct_change":0.9,"two_year_pct_change":6.3,"six_year_pct_change":36,"twentytwo_year_pct_change":-12.8},{"crime":"G.L.A.","wtd_curr_yr":3,"wtd_prev_yr":4,"wtd_pct_change":-25,"twentyeight_day_curr_yr":16,"twentyeight_day_prev_yr":12,"twentyeight_day_pct_change":33.3,"ytd_curr_yr":214,"ytd_prev_yr":169,"ytd_pct_change":26.6,"two_year_pct_change":5.9,"six_year_pct_change":-15.7,"twentytwo_year_pct_change":-92.9},{"crime":"TOTAL","wtd_curr_yr":32,"wtd_prev_yr":35,"wtd_pct_change":-8.57,"twentyeight_day_curr_yr":130,"twentyeight_day_prev_yr":149,"twentyeight_day_pct_change":-12.75,"ytd_curr_yr":1404,"ytd_prev_yr":1499,"ytd_pct_change":-6.34,"two_year_pct_change":-4.81,"six_year_pct_change":10.2,"twentytwo_year_pct_change":-76.3},{"crime":"Transit","wtd_curr_yr":0,"wtd_prev_yr":0,"wtd_pct_change":null,"twentyeight_day_curr_yr":1,"twentyeight_day_prev_yr":2,"twentyeight_day_pct_change":-50,"ytd_curr_yr":27,"ytd_prev_yr":33,"ytd_pct_change":-18.2,"two_year_pct_change":-28.9,"six_year_pct_change":68.8,"twentytwo_year_pct_change":null},{"crime":"Housing","wtd_curr_yr":0,"wtd_prev_yr":0,"wtd_pct_change":null,"twentyeight_day_curr_yr":0,"twentyeight_day_prev_yr":0,"twentyeight_day_pct_change":null,"ytd_curr_yr":0,"ytd_prev_yr":0,"ytd_pct_change":null,"two_year_pct_change":null,"six_year_pct_change":null,"twentytwo_year_pct_change":null},{"crime":"Petit Larceny","wtd_curr_yr":14,"wtd_prev_yr":13,"wtd_pct_change":7.7,"twentyeight_day_curr_yr":62,"twentyeight_day_prev_yr":73,"twentyeight_day_pct_change":-15.1,"ytd_curr_yr":841,"ytd_prev_yr":707,"ytd_pct_change":19,"two_year_pct_change":-3.9,"six_year_pct_change":16.2,"twentytwo_year_pct_change":null},{"crime":"Misd. Assault","wtd_curr_yr":2,"wtd_prev_yr":8,"wtd_pct_change":-75,"twentyeight_day_curr_yr":22,"twentyeight_day_prev_yr":44,"twentyeight_day_pct_change":-50,"ytd_curr_yr":441,"ytd_prev_yr":430,"ytd_pct_change":2.6,"two_year_pct_change":-1.1,"six_year_pct_change":4.8,"twentytwo_year_pct_change":null},{"crime":"Misd. Sex Crimes","wtd_curr_yr":3,"wtd_prev_yr":1,"wtd_pct_change":200,"twentyeight_day_curr_yr":3,"twentyeight_day_prev_yr":2,"twentyeight_day_pct_change":50,"ytd_curr_yr":19,"ytd_prev_yr":22,"ytd_pct_change":-13.6,"two_year_pct_change":-9.5,"six_year_pct_change":-5,"twentytwo_year_pct_change":null},{"crime":"Shooting Vic.","wtd_curr_yr":0,"wtd_prev_yr":0,"wtd_pct_change":null,"twentyeight_day_curr_yr":0,"twentyeight_day_prev_yr":0,"twentyeight_day_pct_change":null,"ytd_curr_yr":3,"ytd_prev_yr":9,"ytd_pct_change":-66.7,"two_year_pct_change":-62.5,"six_year_pct_change":-75,"twentytwo_year_pct_change":-86.4},{"crime":"Shooting Inc.","wtd_curr_yr":0,"wtd_prev_yr":0,"wtd_pct_change":null,"twentyeight_day_curr_yr":0,"twentyeight_day_prev_yr":0,"twentyeight_day_pct_change":null,"ytd_curr_yr":3,"ytd_prev_yr":8,"ytd_pct_change":-62.5,"two_year_pct_change":-57.1,"six_year_pct_change":-72.7,"twentytwo_year_pct_change":-86.4}],"historical":[{"yr_1990":15,"yr_1993":21,"yr_1998":7,"yr_2001":4,"yr_2013":6,"pct_change_13vs01":50,"pct_change_13vs98":-14.3,"pct_change_13vs93":-71.4,"pct_change_13vs90":-60,"crime":"Murder"},{"yr_1990":31,"yr_1993":33,"yr_1998":40,"yr_2001":19,"yr_2013":19,"pct_change_13vs01":0,"pct_change_13vs98":-52.5,"pct_change_13vs93":-42.4,"pct_change_13vs90":-38.7,"crime":"Rape"},{"yr_1990":832,"yr_1993":891,"yr_1998":545,"yr_2001":344,"yr_2013":328,"pct_change_13vs01":-4.7,"pct_change_13vs98":-39.8,"pct_change_13vs93":-63.2,"pct_change_13vs90":-60.6,"crime":"Robbery"},{"yr_1990":329,"yr_1993":408,"yr_1998":297,"yr_2001":241,"yr_2013":253,"pct_change_13vs01":5,"pct_change_13vs98":-14.8,"pct_change_13vs93":-38,"pct_change_13vs90":-23.1,"crime":"Fel. Assault"},{"yr_1990":1348,"yr_1993":1230,"yr_1998":662,"yr_2001":417,"yr_2013":346,"pct_change_13vs01":-17,"pct_change_13vs98":-47.7,"pct_change_13vs93":-71.9,"pct_change_13vs90":-74.3,"crime":"Burglary"},{"yr_1990":715,"yr_1993":595,"yr_1998":440,"yr_2001":381,"yr_2013":522,"pct_change_13vs01":37,"pct_change_13vs98":18.6,"pct_change_13vs93":-12.3,"pct_change_13vs90":-27,"crime":"Gr. Larceny"},{"yr_1990":3071,"yr_1993":3304,"yr_1998":1370,"yr_2001":778,"yr_2013":191,"pct_change_13vs01":-75.4,"pct_change_13vs98":-86.1,"pct_change_13vs93":-94.2,"pct_change_13vs90":-93.8,"crime":"G.L.A."},{"yr_1990":6341,"yr_1993":6482,"yr_1998":3361,"yr_2001":2184,"yr_2013":1665,"pct_change_13vs01":-23.76,"pct_change_13vs98":-50.46,"pct_change_13vs93":-74.31,"pct_change_13vs90":-73.74,"crime":"TOTAL"}]}