{"mayor":"Bill de Blasio","commissioner":"William J. Bratton","volume":21,"number":51,"precinct":"103rd","startDate":"2014-12-15T05:00:00.000Z","endDate":"2014-12-21T05:00:00.000Z","crimes":[{"crime":"Murder","wtd_curr_yr":0,"wtd_prev_yr":0,"wtd_pct_change":null,"twentyeight_day_curr_yr":1,"twentyeight_day_prev_yr":1,"twentyeight_day_pct_change":0,"ytd_curr_yr":9,"ytd_prev_yr":8,"ytd_pct_change":12.5,"two_year_pct_change":-10,"six_year_pct_change":-18.2,"twentytwo_year_pct_change":-67.9},{"crime":"Rape","wtd_curr_yr":0,"wtd_prev_yr":0,"wtd_pct_change":null,"twentyeight_day_curr_yr":1,"twentyeight_day_prev_yr":0,"twentyeight_day_pct_change":null,"ytd_curr_yr":21,"ytd_prev_yr":36,"ytd_pct_change":-41.7,"two_year_pct_change":-36.4,"six_year_pct_change":-34.4,"twentytwo_year_pct_change":-71.2},{"crime":"Robbery","wtd_curr_yr":8,"wtd_prev_yr":8,"wtd_pct_change":0,"twentyeight_day_curr_yr":26,"twentyeight_day_prev_yr":25,"twentyeight_day_pct_change":4,"ytd_curr_yr":379,"ytd_prev_yr":427,"ytd_pct_change":-11.2,"two_year_pct_change":-11.7,"six_year_pct_change":1.1,"twentytwo_year_pct_change":-77.4},{"crime":"Fel. Assault","wtd_curr_yr":9,"wtd_prev_yr":11,"wtd_pct_change":-18.2,"twentyeight_day_curr_yr":32,"twentyeight_day_prev_yr":28,"twentyeight_day_pct_change":14.3,"ytd_curr_yr":444,"ytd_prev_yr":368,"ytd_pct_change":20.7,"two_year_pct_change":21,"six_year_pct_change":18.4,"twentytwo_year_pct_change":-46.6},{"crime":"Burglary","wtd_curr_yr":5,"wtd_prev_yr":4,"wtd_pct_change":25,"twentyeight_day_curr_yr":22,"twentyeight_day_prev_yr":23,"twentyeight_day_pct_change":-4.3,"ytd_curr_yr":261,"ytd_prev_yr":297,"ytd_pct_change":-12.1,"two_year_pct_change":-14.7,"six_year_pct_change":-10,"twentytwo_year_pct_change":-77.1},{"crime":"Gr. Larceny","wtd_curr_yr":7,"wtd_prev_yr":13,"wtd_pct_change":-46.2,"twentyeight_day_curr_yr":39,"twentyeight_day_prev_yr":47,"twentyeight_day_pct_change":-17,"ytd_curr_yr":477,"ytd_prev_yr":480,"ytd_pct_change":-0.6,"two_year_pct_change":-0.8,"six_year_pct_change":7,"twentytwo_year_pct_change":-59.4},{"crime":"G.L.A.","wtd_curr_yr":3,"wtd_prev_yr":4,"wtd_pct_change":-25,"twentyeight_day_curr_yr":10,"twentyeight_day_prev_yr":9,"twentyeight_day_pct_change":11.1,"ytd_curr_yr":134,"ytd_prev_yr":164,"ytd_pct_change":-18.3,"two_year_pct_change":-22.1,"six_year_pct_change":-22.1,"twentytwo_year_pct_change":-91.4},{"crime":"TOTAL","wtd_curr_yr":32,"wtd_prev_yr":40,"wtd_pct_change":-20,"twentyeight_day_curr_yr":131,"twentyeight_day_prev_yr":133,"twentyeight_day_pct_change":-1.5,"ytd_curr_yr":1725,"ytd_prev_yr":1780,"ytd_pct_change":-3.09,"two_year_pct_change":-4.06,"six_year_pct_change":1.41,"twentytwo_year_pct_change":-73.39},{"crime":"Transit","wtd_curr_yr":0,"wtd_prev_yr":1,"wtd_pct_change":-100,"twentyeight_day_curr_yr":2,"twentyeight_day_prev_yr":4,"twentyeight_day_pct_change":-50,"ytd_curr_yr":23,"ytd_prev_yr":40,"ytd_pct_change":-42.5,"two_year_pct_change":-25.8,"six_year_pct_change":76.9,"twentytwo_year_pct_change":null},{"crime":"Housing","wtd_curr_yr":1,"wtd_prev_yr":0,"wtd_pct_change":null,"twentyeight_day_curr_yr":6,"twentyeight_day_prev_yr":2,"twentyeight_day_pct_change":200,"ytd_curr_yr":32,"ytd_prev_yr":39,"ytd_pct_change":-17.9,"two_year_pct_change":-28.9,"six_year_pct_change":33.3,"twentytwo_year_pct_change":null},{"crime":"Petit Larceny","wtd_curr_yr":25,"wtd_prev_yr":17,"wtd_pct_change":47.1,"twentyeight_day_curr_yr":89,"twentyeight_day_prev_yr":67,"twentyeight_day_pct_change":32.8,"ytd_curr_yr":1152,"ytd_prev_yr":1101,"ytd_pct_change":4.6,"two_year_pct_change":15.9,"six_year_pct_change":13.1,"twentytwo_year_pct_change":null},{"crime":"Misd. Assault","wtd_curr_yr":12,"wtd_prev_yr":14,"wtd_pct_change":-14.3,"twentyeight_day_curr_yr":40,"twentyeight_day_prev_yr":70,"twentyeight_day_pct_change":-42.9,"ytd_curr_yr":824,"ytd_prev_yr":928,"ytd_pct_change":-11.2,"two_year_pct_change":3.6,"six_year_pct_change":15.4,"twentytwo_year_pct_change":null},{"crime":"Misd. Sex Crimes","wtd_curr_yr":2,"wtd_prev_yr":2,"wtd_pct_change":0,"twentyeight_day_curr_yr":4,"twentyeight_day_prev_yr":3,"twentyeight_day_pct_change":33.3,"ytd_curr_yr":35,"ytd_prev_yr":28,"ytd_pct_change":25,"two_year_pct_change":-12.5,"six_year_pct_change":9.4,"twentytwo_year_pct_change":null},{"crime":"Shooting Vic.","wtd_curr_yr":0,"wtd_prev_yr":0,"wtd_pct_change":null,"twentyeight_day_curr_yr":0,"twentyeight_day_prev_yr":2,"twentyeight_day_pct_change":-100,"ytd_curr_yr":21,"ytd_prev_yr":33,"ytd_pct_change":-36.4,"two_year_pct_change":-54.3,"six_year_pct_change":-54.3,"twentytwo_year_pct_change":-86.7},{"crime":"Shooting Inc.","wtd_curr_yr":0,"wtd_prev_yr":0,"wtd_pct_change":null,"twentyeight_day_curr_yr":0,"twentyeight_day_prev_yr":2,"twentyeight_day_pct_change":-100,"ytd_curr_yr":17,"ytd_prev_yr":30,"ytd_pct_change":-43.3,"two_year_pct_change":-59.5,"six_year_pct_change":-55.3,"twentytwo_year_pct_change":-88.1}],"historical":[{"yr_1990":38,"yr_1993":28,"yr_1998":16,"yr_2001":10,"yr_2013":8,"pct_change_13vs01":-20,"pct_change_13vs98":-50,"pct_change_13vs93":-71.4,"pct_change_13vs90":-78.9,"crime":"Murder"},{"yr_1990":60,"yr_1993":74,"yr_1998":45,"yr_2001":27,"yr_2013":37,"pct_change_13vs01":37,"pct_change_13vs98":-17.8,"pct_change_13vs93":-50,"pct_change_13vs90":-38.3,"crime":"Rape"},{"yr_1990":1846,"yr_1993":1742,"yr_1998":751,"yr_2001":530,"yr_2013":438,"pct_change_13vs01":-17.4,"pct_change_13vs98":-41.7,"pct_change_13vs93":-74.9,"pct_change_13vs90":-76.3,"crime":"Robbery"},{"yr_1990":958,"yr_1993":853,"yr_1998":611,"yr_2001":406,"yr_2013":369,"pct_change_13vs01":-9.1,"pct_change_13vs98":-39.6,"pct_change_13vs93":-56.7,"pct_change_13vs90":-61.5,"crime":"Fel. Assault"},{"yr_1990":1592,"yr_1993":1166,"yr_1998":598,"yr_2001":449,"yr_2013":300,"pct_change_13vs01":-33.2,"pct_change_13vs98":-49.8,"pct_change_13vs93":-74.3,"pct_change_13vs90":-81.2,"crime":"Burglary"},{"yr_1990":1277,"yr_1993":1214,"yr_1998":578,"yr_2001":587,"yr_2013":487,"pct_change_13vs01":-17,"pct_change_13vs98":-15.7,"pct_change_13vs93":-59.9,"pct_change_13vs90":-61.9,"crime":"Gr. Larceny"},{"yr_1990":1889,"yr_1993":1591,"yr_1998":602,"yr_2001":472,"yr_2013":172,"pct_change_13vs01":-63.6,"pct_change_13vs98":-71.4,"pct_change_13vs93":-89.2,"pct_change_13vs90":-90.9,"crime":"G.L.A."},{"yr_1990":7660,"yr_1993":6668,"yr_1998":3201,"yr_2001":2481,"yr_2013":1811,"pct_change_13vs01":-27.01,"pct_change_13vs98":-43.42,"pct_change_13vs93":-72.84,"pct_change_13vs90":-76.36,"crime":"TOTAL"}]}