{"mayor":"Bill de Blasio","commissioner":"William J. Bratton","volume":21,"number":48,"precinct":"103rd","startDate":"2014-11-24T05:00:00.000Z","endDate":"2014-11-30T05:00:00.000Z","crimes":[{"crime":"Murder","wtd_curr_yr":0,"wtd_prev_yr":1,"wtd_pct_change":-100,"twentyeight_day_curr_yr":0,"twentyeight_day_prev_yr":1,"twentyeight_day_pct_change":-100,"ytd_curr_yr":8,"ytd_prev_yr":8,"ytd_pct_change":0,"two_year_pct_change":-20,"six_year_pct_change":-27.3,"twentytwo_year_pct_change":-71.4},{"crime":"Rape","wtd_curr_yr":1,"wtd_prev_yr":0,"wtd_pct_change":null,"twentyeight_day_curr_yr":2,"twentyeight_day_prev_yr":0,"twentyeight_day_pct_change":null,"ytd_curr_yr":20,"ytd_prev_yr":36,"ytd_pct_change":-44.4,"two_year_pct_change":-33.3,"six_year_pct_change":-33.3,"twentytwo_year_pct_change":-71},{"crime":"Robbery","wtd_curr_yr":6,"wtd_prev_yr":9,"wtd_pct_change":-33.3,"twentyeight_day_curr_yr":33,"twentyeight_day_prev_yr":36,"twentyeight_day_pct_change":-8.3,"ytd_curr_yr":357,"ytd_prev_yr":411,"ytd_pct_change":-13.1,"two_year_pct_change":-9.8,"six_year_pct_change":4.7,"twentytwo_year_pct_change":-77.2},{"crime":"Fel. Assault","wtd_curr_yr":7,"wtd_prev_yr":6,"wtd_pct_change":16.7,"twentyeight_day_curr_yr":33,"twentyeight_day_prev_yr":31,"twentyeight_day_pct_change":6.5,"ytd_curr_yr":414,"ytd_prev_yr":346,"ytd_pct_change":19.7,"two_year_pct_change":18.3,"six_year_pct_change":15,"twentytwo_year_pct_change":-47.3},{"crime":"Burglary","wtd_curr_yr":2,"wtd_prev_yr":7,"wtd_pct_change":-71.4,"twentyeight_day_curr_yr":22,"twentyeight_day_prev_yr":32,"twentyeight_day_pct_change":-31.2,"ytd_curr_yr":234,"ytd_prev_yr":281,"ytd_pct_change":-16.7,"two_year_pct_change":-19.3,"six_year_pct_change":-14.3,"twentytwo_year_pct_change":-77.9},{"crime":"Gr. Larceny","wtd_curr_yr":10,"wtd_prev_yr":11,"wtd_pct_change":-9.1,"twentyeight_day_curr_yr":28,"twentyeight_day_prev_yr":49,"twentyeight_day_pct_change":-42.9,"ytd_curr_yr":448,"ytd_prev_yr":444,"ytd_pct_change":0.9,"two_year_pct_change":0.7,"six_year_pct_change":6.4,"twentytwo_year_pct_change":-58.9},{"crime":"G.L.A.","wtd_curr_yr":1,"wtd_prev_yr":2,"wtd_pct_change":-50,"twentyeight_day_curr_yr":9,"twentyeight_day_prev_yr":16,"twentyeight_day_pct_change":-43.8,"ytd_curr_yr":123,"ytd_prev_yr":157,"ytd_pct_change":-21.7,"two_year_pct_change":-25.5,"six_year_pct_change":-23.6,"twentytwo_year_pct_change":-91.6},{"crime":"TOTAL","wtd_curr_yr":27,"wtd_prev_yr":36,"wtd_pct_change":-25,"twentyeight_day_curr_yr":127,"twentyeight_day_prev_yr":165,"twentyeight_day_pct_change":-23.03,"ytd_curr_yr":1604,"ytd_prev_yr":1683,"ytd_pct_change":-4.69,"two_year_pct_change":-4.86,"six_year_pct_change":0.44,"twentytwo_year_pct_change":-73.53},{"crime":"Transit","wtd_curr_yr":0,"wtd_prev_yr":1,"wtd_pct_change":-100,"twentyeight_day_curr_yr":0,"twentyeight_day_prev_yr":5,"twentyeight_day_pct_change":-100,"ytd_curr_yr":21,"ytd_prev_yr":37,"ytd_pct_change":-43.2,"two_year_pct_change":-19.2,"six_year_pct_change":75,"twentytwo_year_pct_change":null},{"crime":"Housing","wtd_curr_yr":1,"wtd_prev_yr":2,"wtd_pct_change":-50,"twentyeight_day_curr_yr":1,"twentyeight_day_prev_yr":6,"twentyeight_day_pct_change":-83.3,"ytd_curr_yr":27,"ytd_prev_yr":39,"ytd_pct_change":-30.8,"two_year_pct_change":-34.1,"six_year_pct_change":17.4,"twentytwo_year_pct_change":null},{"crime":"Petit Larceny","wtd_curr_yr":23,"wtd_prev_yr":23,"wtd_pct_change":0,"twentyeight_day_curr_yr":74,"twentyeight_day_prev_yr":96,"twentyeight_day_pct_change":-22.9,"ytd_curr_yr":1088,"ytd_prev_yr":1057,"ytd_pct_change":2.9,"two_year_pct_change":16.7,"six_year_pct_change":14.5,"twentytwo_year_pct_change":null},{"crime":"Misd. Assault","wtd_curr_yr":9,"wtd_prev_yr":8,"wtd_pct_change":12.5,"twentyeight_day_curr_yr":56,"twentyeight_day_prev_yr":66,"twentyeight_day_pct_change":-15.2,"ytd_curr_yr":794,"ytd_prev_yr":866,"ytd_pct_change":-8.3,"two_year_pct_change":6.1,"six_year_pct_change":18,"twentytwo_year_pct_change":null},{"crime":"Misd. Sex Crimes","wtd_curr_yr":0,"wtd_prev_yr":1,"wtd_pct_change":-100,"twentyeight_day_curr_yr":4,"twentyeight_day_prev_yr":2,"twentyeight_day_pct_change":100,"ytd_curr_yr":31,"ytd_prev_yr":26,"ytd_pct_change":19.2,"two_year_pct_change":-20.5,"six_year_pct_change":-3.1,"twentytwo_year_pct_change":null},{"crime":"Shooting Vic.","wtd_curr_yr":0,"wtd_prev_yr":1,"wtd_pct_change":-100,"twentyeight_day_curr_yr":0,"twentyeight_day_prev_yr":1,"twentyeight_day_pct_change":-100,"ytd_curr_yr":21,"ytd_prev_yr":32,"ytd_pct_change":-34.4,"two_year_pct_change":-51.2,"six_year_pct_change":-51.2,"twentytwo_year_pct_change":-86},{"crime":"Shooting Inc.","wtd_curr_yr":0,"wtd_prev_yr":1,"wtd_pct_change":-100,"twentyeight_day_curr_yr":0,"twentyeight_day_prev_yr":1,"twentyeight_day_pct_change":-100,"ytd_curr_yr":17,"ytd_prev_yr":29,"ytd_pct_change":-41.4,"two_year_pct_change":-56.4,"six_year_pct_change":-51.4,"twentytwo_year_pct_change":-87.7}],"historical":[{"yr_1990":38,"yr_1993":28,"yr_1998":16,"yr_2001":10,"yr_2013":8,"pct_change_13vs01":-20,"pct_change_13vs98":-50,"pct_change_13vs93":-71.4,"pct_change_13vs90":-78.9,"crime":"Murder"},{"yr_1990":60,"yr_1993":74,"yr_1998":45,"yr_2001":27,"yr_2013":37,"pct_change_13vs01":37,"pct_change_13vs98":-17.8,"pct_change_13vs93":-50,"pct_change_13vs90":-38.3,"crime":"Rape"},{"yr_1990":1846,"yr_1993":1742,"yr_1998":751,"yr_2001":530,"yr_2013":438,"pct_change_13vs01":-17.4,"pct_change_13vs98":-41.7,"pct_change_13vs93":-74.9,"pct_change_13vs90":-76.3,"crime":"Robbery"},{"yr_1990":958,"yr_1993":853,"yr_1998":611,"yr_2001":406,"yr_2013":369,"pct_change_13vs01":-9.1,"pct_change_13vs98":-39.6,"pct_change_13vs93":-56.7,"pct_change_13vs90":-61.5,"crime":"Fel. Assault"},{"yr_1990":1592,"yr_1993":1166,"yr_1998":598,"yr_2001":449,"yr_2013":300,"pct_change_13vs01":-33.2,"pct_change_13vs98":-49.8,"pct_change_13vs93":-74.3,"pct_change_13vs90":-81.2,"crime":"Burglary"},{"yr_1990":1277,"yr_1993":1214,"yr_1998":578,"yr_2001":587,"yr_2013":487,"pct_change_13vs01":-17,"pct_change_13vs98":-15.7,"pct_change_13vs93":-59.9,"pct_change_13vs90":-61.9,"crime":"Gr. Larceny"},{"yr_1990":1889,"yr_1993":1591,"yr_1998":602,"yr_2001":472,"yr_2013":172,"pct_change_13vs01":-63.6,"pct_change_13vs98":-71.4,"pct_change_13vs93":-89.2,"pct_change_13vs90":-90.9,"crime":"G.L.A."},{"yr_1990":7660,"yr_1993":6668,"yr_1998":3201,"yr_2001":2481,"yr_2013":1811,"pct_change_13vs01":-27.01,"pct_change_13vs98":-43.42,"pct_change_13vs93":-72.84,"pct_change_13vs90":-76.36,"crime":"TOTAL"}]}