{"mayor":"Bill de Blasio","commissioner":"William J. Bratton","volume":21,"number":38,"precinct":"105th","startDate":"2014-09-15T04:00:00.000Z","endDate":"2014-09-21T04:00:00.000Z","crimes":[{"crime":"Murder","wtd_curr_yr":0,"wtd_prev_yr":0,"wtd_pct_change":null,"twentyeight_day_curr_yr":0,"twentyeight_day_prev_yr":1,"twentyeight_day_pct_change":-100,"ytd_curr_yr":5,"ytd_prev_yr":3,"ytd_pct_change":66.7,"two_year_pct_change":-28.6,"six_year_pct_change":0,"twentytwo_year_pct_change":-64.3},{"crime":"Rape","wtd_curr_yr":1,"wtd_prev_yr":0,"wtd_pct_change":null,"twentyeight_day_curr_yr":2,"twentyeight_day_prev_yr":0,"twentyeight_day_pct_change":null,"ytd_curr_yr":17,"ytd_prev_yr":13,"ytd_pct_change":30.8,"two_year_pct_change":-43.3,"six_year_pct_change":-37,"twentytwo_year_pct_change":-48.5},{"crime":"Robbery","wtd_curr_yr":4,"wtd_prev_yr":6,"wtd_pct_change":-33.3,"twentyeight_day_curr_yr":13,"twentyeight_day_prev_yr":19,"twentyeight_day_pct_change":-31.6,"ytd_curr_yr":149,"ytd_prev_yr":249,"ytd_pct_change":-40.2,"two_year_pct_change":-39.7,"six_year_pct_change":-36.1,"twentytwo_year_pct_change":-79.9},{"crime":"Fel. Assault","wtd_curr_yr":5,"wtd_prev_yr":2,"wtd_pct_change":150,"twentyeight_day_curr_yr":25,"twentyeight_day_prev_yr":25,"twentyeight_day_pct_change":0,"ytd_curr_yr":243,"ytd_prev_yr":214,"ytd_pct_change":13.6,"two_year_pct_change":8.5,"six_year_pct_change":30.6,"twentytwo_year_pct_change":-19},{"crime":"Burglary","wtd_curr_yr":6,"wtd_prev_yr":7,"wtd_pct_change":-14.3,"twentyeight_day_curr_yr":35,"twentyeight_day_prev_yr":31,"twentyeight_day_pct_change":12.9,"ytd_curr_yr":225,"ytd_prev_yr":339,"ytd_pct_change":-33.6,"two_year_pct_change":-38,"six_year_pct_change":-23.5,"twentytwo_year_pct_change":-80.5},{"crime":"Gr. Larceny","wtd_curr_yr":9,"wtd_prev_yr":9,"wtd_pct_change":0,"twentyeight_day_curr_yr":40,"twentyeight_day_prev_yr":42,"twentyeight_day_pct_change":-4.8,"ytd_curr_yr":352,"ytd_prev_yr":368,"ytd_pct_change":-4.3,"two_year_pct_change":-5.4,"six_year_pct_change":2.3,"twentytwo_year_pct_change":-20},{"crime":"G.L.A.","wtd_curr_yr":4,"wtd_prev_yr":5,"wtd_pct_change":-20,"twentyeight_day_curr_yr":24,"twentyeight_day_prev_yr":22,"twentyeight_day_pct_change":9.1,"ytd_curr_yr":174,"ytd_prev_yr":183,"ytd_pct_change":-4.9,"two_year_pct_change":-24,"six_year_pct_change":-26.3,"twentytwo_year_pct_change":-92.9},{"crime":"TOTAL","wtd_curr_yr":29,"wtd_prev_yr":29,"wtd_pct_change":0,"twentyeight_day_curr_yr":139,"twentyeight_day_prev_yr":140,"twentyeight_day_pct_change":-0.71,"ytd_curr_yr":1165,"ytd_prev_yr":1369,"ytd_pct_change":-14.9,"two_year_pct_change":-20.86,"six_year_pct_change":-12.08,"twentytwo_year_pct_change":-77.31},{"crime":"Transit","wtd_curr_yr":0,"wtd_prev_yr":0,"wtd_pct_change":null,"twentyeight_day_curr_yr":0,"twentyeight_day_prev_yr":0,"twentyeight_day_pct_change":null,"ytd_curr_yr":0,"ytd_prev_yr":0,"ytd_pct_change":null,"two_year_pct_change":null,"six_year_pct_change":null,"twentytwo_year_pct_change":null},{"crime":"Housing","wtd_curr_yr":0,"wtd_prev_yr":0,"wtd_pct_change":null,"twentyeight_day_curr_yr":0,"twentyeight_day_prev_yr":0,"twentyeight_day_pct_change":null,"ytd_curr_yr":0,"ytd_prev_yr":0,"ytd_pct_change":null,"two_year_pct_change":null,"six_year_pct_change":null,"twentytwo_year_pct_change":null},{"crime":"Petit Larceny","wtd_curr_yr":22,"wtd_prev_yr":15,"wtd_pct_change":46.7,"twentyeight_day_curr_yr":66,"twentyeight_day_prev_yr":51,"twentyeight_day_pct_change":29.4,"ytd_curr_yr":562,"ytd_prev_yr":507,"ytd_pct_change":10.8,"two_year_pct_change":-0.5,"six_year_pct_change":-18.8,"twentytwo_year_pct_change":null},{"crime":"Misd. Assault","wtd_curr_yr":16,"wtd_prev_yr":6,"wtd_pct_change":166.7,"twentyeight_day_curr_yr":68,"twentyeight_day_prev_yr":46,"twentyeight_day_pct_change":47.8,"ytd_curr_yr":493,"ytd_prev_yr":450,"ytd_pct_change":9.6,"two_year_pct_change":10.3,"six_year_pct_change":-8.7,"twentytwo_year_pct_change":null},{"crime":"Misd. Sex Crimes","wtd_curr_yr":0,"wtd_prev_yr":0,"wtd_pct_change":null,"twentyeight_day_curr_yr":0,"twentyeight_day_prev_yr":3,"twentyeight_day_pct_change":-100,"ytd_curr_yr":15,"ytd_prev_yr":31,"ytd_pct_change":-51.6,"two_year_pct_change":-42.3,"six_year_pct_change":-44.4,"twentytwo_year_pct_change":null},{"crime":"Shooting Vic.","wtd_curr_yr":0,"wtd_prev_yr":0,"wtd_pct_change":null,"twentyeight_day_curr_yr":1,"twentyeight_day_prev_yr":1,"twentyeight_day_pct_change":0,"ytd_curr_yr":9,"ytd_prev_yr":10,"ytd_pct_change":-10,"two_year_pct_change":-64,"six_year_pct_change":-43.8,"twentytwo_year_pct_change":-81.2},{"crime":"Shooting Inc.","wtd_curr_yr":0,"wtd_prev_yr":0,"wtd_pct_change":null,"twentyeight_day_curr_yr":1,"twentyeight_day_prev_yr":1,"twentyeight_day_pct_change":0,"ytd_curr_yr":8,"ytd_prev_yr":9,"ytd_pct_change":-11.1,"two_year_pct_change":-61.9,"six_year_pct_change":-46.7,"twentytwo_year_pct_change":-81.8}],"historical":[{"yr_1990":30,"yr_1993":23,"yr_1998":7,"yr_2001":18,"yr_2013":3,"pct_change_13vs01":-83.3,"pct_change_13vs98":-57.1,"pct_change_13vs93":-87,"pct_change_13vs90":-90,"crime":"Murder"},{"yr_1990":56,"yr_1993":41,"yr_1998":52,"yr_2001":35,"yr_2013":18,"pct_change_13vs01":-48.6,"pct_change_13vs98":-65.4,"pct_change_13vs93":-56.1,"pct_change_13vs90":-67.9,"crime":"Rape"},{"yr_1990":1066,"yr_1993":1082,"yr_1998":557,"yr_2001":395,"yr_2013":331,"pct_change_13vs01":-16.2,"pct_change_13vs98":-40.6,"pct_change_13vs93":-69.4,"pct_change_13vs90":-68.9,"crime":"Robbery"},{"yr_1990":459,"yr_1993":409,"yr_1998":400,"yr_2001":329,"yr_2013":313,"pct_change_13vs01":-4.9,"pct_change_13vs98":-21.8,"pct_change_13vs93":-23.5,"pct_change_13vs90":-31.8,"crime":"Fel. Assault"},{"yr_1990":2199,"yr_1993":1640,"yr_1998":854,"yr_2001":630,"yr_2013":469,"pct_change_13vs01":-25.6,"pct_change_13vs98":-45.1,"pct_change_13vs93":-71.4,"pct_change_13vs90":-78.7,"crime":"Burglary"},{"yr_1990":699,"yr_1993":593,"yr_1998":444,"yr_2001":456,"yr_2013":520,"pct_change_13vs01":14,"pct_change_13vs98":17.1,"pct_change_13vs93":-12.3,"pct_change_13vs90":-25.6,"crime":"Gr. Larceny"},{"yr_1990":3534,"yr_1993":3476,"yr_1998":1360,"yr_2001":913,"yr_2013":263,"pct_change_13vs01":-71.2,"pct_change_13vs98":-80.7,"pct_change_13vs93":-92.4,"pct_change_13vs90":-92.6,"crime":"G.L.A."},{"yr_1990":8043,"yr_1993":7264,"yr_1998":3674,"yr_2001":2776,"yr_2013":1917,"pct_change_13vs01":-30.94,"pct_change_13vs98":-47.82,"pct_change_13vs93":-73.61,"pct_change_13vs90":-76.17,"crime":"TOTAL"}]}