{"mayor":"Bill de Blasio","commissioner":"William J. Bratton","volume":21,"number":30,"precinct":"103rd","startDate":"2014-07-21T04:00:00.000Z","endDate":"2014-07-27T04:00:00.000Z","crimes":[{"crime":"Murder","wtd_curr_yr":0,"wtd_prev_yr":1,"wtd_pct_change":-100,"twentyeight_day_curr_yr":0,"twentyeight_day_prev_yr":1,"twentyeight_day_pct_change":-100,"ytd_curr_yr":7,"ytd_prev_yr":5,"ytd_pct_change":40,"two_year_pct_change":-30,"six_year_pct_change":-22.2,"twentytwo_year_pct_change":-50},{"crime":"Rape","wtd_curr_yr":1,"wtd_prev_yr":0,"wtd_pct_change":null,"twentyeight_day_curr_yr":2,"twentyeight_day_prev_yr":1,"twentyeight_day_pct_change":100,"ytd_curr_yr":10,"ytd_prev_yr":20,"ytd_pct_change":-50,"two_year_pct_change":-44.4,"six_year_pct_change":-33.3,"twentytwo_year_pct_change":-76.7},{"crime":"Robbery","wtd_curr_yr":12,"wtd_prev_yr":12,"wtd_pct_change":0,"twentyeight_day_curr_yr":29,"twentyeight_day_prev_yr":38,"twentyeight_day_pct_change":-23.7,"ytd_curr_yr":185,"ytd_prev_yr":255,"ytd_pct_change":-27.5,"two_year_pct_change":-23.9,"six_year_pct_change":8.8,"twentytwo_year_pct_change":-80.2},{"crime":"Fel. Assault","wtd_curr_yr":6,"wtd_prev_yr":6,"wtd_pct_change":0,"twentyeight_day_curr_yr":36,"twentyeight_day_prev_yr":30,"twentyeight_day_pct_change":20,"ytd_curr_yr":227,"ytd_prev_yr":214,"ytd_pct_change":6.1,"two_year_pct_change":6.6,"six_year_pct_change":7.6,"twentytwo_year_pct_change":-54.1},{"crime":"Burglary","wtd_curr_yr":6,"wtd_prev_yr":9,"wtd_pct_change":-33.3,"twentyeight_day_curr_yr":17,"twentyeight_day_prev_yr":31,"twentyeight_day_pct_change":-45.2,"ytd_curr_yr":122,"ytd_prev_yr":174,"ytd_pct_change":-29.9,"two_year_pct_change":-35.1,"six_year_pct_change":-23.3,"twentytwo_year_pct_change":-81.4},{"crime":"Gr. Larceny","wtd_curr_yr":8,"wtd_prev_yr":6,"wtd_pct_change":33.3,"twentyeight_day_curr_yr":47,"twentyeight_day_prev_yr":29,"twentyeight_day_pct_change":62.1,"ytd_curr_yr":271,"ytd_prev_yr":244,"ytd_pct_change":11.1,"two_year_pct_change":-5.2,"six_year_pct_change":13.4,"twentytwo_year_pct_change":-58.9},{"crime":"G.L.A.","wtd_curr_yr":0,"wtd_prev_yr":3,"wtd_pct_change":-100,"twentyeight_day_curr_yr":7,"twentyeight_day_prev_yr":12,"twentyeight_day_pct_change":-41.7,"ytd_curr_yr":80,"ytd_prev_yr":94,"ytd_pct_change":-14.9,"two_year_pct_change":-15.8,"six_year_pct_change":-19.2,"twentytwo_year_pct_change":-90.4},{"crime":"TOTAL","wtd_curr_yr":33,"wtd_prev_yr":37,"wtd_pct_change":-10.81,"twentyeight_day_curr_yr":138,"twentyeight_day_prev_yr":142,"twentyeight_day_pct_change":-2.82,"ytd_curr_yr":902,"ytd_prev_yr":1006,"ytd_pct_change":-10.34,"two_year_pct_change":-14.34,"six_year_pct_change":0,"twentytwo_year_pct_change":-75.22},{"crime":"Transit","wtd_curr_yr":1,"wtd_prev_yr":0,"wtd_pct_change":null,"twentyeight_day_curr_yr":1,"twentyeight_day_prev_yr":0,"twentyeight_day_pct_change":null,"ytd_curr_yr":13,"ytd_prev_yr":18,"ytd_pct_change":-27.8,"two_year_pct_change":-18.8,"six_year_pct_change":160,"twentytwo_year_pct_change":null},{"crime":"Housing","wtd_curr_yr":0,"wtd_prev_yr":0,"wtd_pct_change":null,"twentyeight_day_curr_yr":3,"twentyeight_day_prev_yr":3,"twentyeight_day_pct_change":0,"ytd_curr_yr":15,"ytd_prev_yr":21,"ytd_pct_change":-28.6,"two_year_pct_change":-44.4,"six_year_pct_change":-16.7,"twentytwo_year_pct_change":null},{"crime":"Petit Larceny","wtd_curr_yr":36,"wtd_prev_yr":23,"wtd_pct_change":56.5,"twentyeight_day_curr_yr":91,"twentyeight_day_prev_yr":88,"twentyeight_day_pct_change":3.4,"ytd_curr_yr":665,"ytd_prev_yr":592,"ytd_pct_change":12.3,"two_year_pct_change":11.8,"six_year_pct_change":21.1,"twentytwo_year_pct_change":null},{"crime":"Misd. Assault","wtd_curr_yr":18,"wtd_prev_yr":19,"wtd_pct_change":-5.3,"twentyeight_day_curr_yr":67,"twentyeight_day_prev_yr":82,"twentyeight_day_pct_change":-18.3,"ytd_curr_yr":523,"ytd_prev_yr":556,"ytd_pct_change":-5.9,"two_year_pct_change":17.3,"six_year_pct_change":29.5,"twentytwo_year_pct_change":null},{"crime":"Misd. Sex Crimes","wtd_curr_yr":1,"wtd_prev_yr":0,"wtd_pct_change":null,"twentyeight_day_curr_yr":5,"twentyeight_day_prev_yr":1,"twentyeight_day_pct_change":400,"ytd_curr_yr":23,"ytd_prev_yr":17,"ytd_pct_change":35.3,"two_year_pct_change":-11.5,"six_year_pct_change":4.5,"twentytwo_year_pct_change":null},{"crime":"Shooting Vic.","wtd_curr_yr":1,"wtd_prev_yr":2,"wtd_pct_change":-50,"twentyeight_day_curr_yr":1,"twentyeight_day_prev_yr":4,"twentyeight_day_pct_change":-75,"ytd_curr_yr":14,"ytd_prev_yr":17,"ytd_pct_change":-17.6,"two_year_pct_change":-53.3,"six_year_pct_change":-33.3,"twentytwo_year_pct_change":-83.3},{"crime":"Shooting Inc.","wtd_curr_yr":1,"wtd_prev_yr":2,"wtd_pct_change":-50,"twentyeight_day_curr_yr":1,"twentyeight_day_prev_yr":4,"twentyeight_day_pct_change":-75,"ytd_curr_yr":10,"ytd_prev_yr":16,"ytd_pct_change":-37.5,"two_year_pct_change":-63,"six_year_pct_change":-33.3,"twentytwo_year_pct_change":-87.3}],"historical":[{"yr_1990":38,"yr_1993":28,"yr_1998":16,"yr_2001":10,"yr_2013":8,"pct_change_13vs01":-20,"pct_change_13vs98":-50,"pct_change_13vs93":-71.4,"pct_change_13vs90":-78.9,"crime":"Murder"},{"yr_1990":60,"yr_1993":74,"yr_1998":45,"yr_2001":27,"yr_2013":37,"pct_change_13vs01":37,"pct_change_13vs98":-17.8,"pct_change_13vs93":-50,"pct_change_13vs90":-38.3,"crime":"Rape"},{"yr_1990":1846,"yr_1993":1742,"yr_1998":751,"yr_2001":530,"yr_2013":438,"pct_change_13vs01":-17.4,"pct_change_13vs98":-41.7,"pct_change_13vs93":-74.9,"pct_change_13vs90":-76.3,"crime":"Robbery"},{"yr_1990":958,"yr_1993":853,"yr_1998":611,"yr_2001":406,"yr_2013":369,"pct_change_13vs01":-9.1,"pct_change_13vs98":-39.6,"pct_change_13vs93":-56.7,"pct_change_13vs90":-61.5,"crime":"Fel. Assault"},{"yr_1990":1592,"yr_1993":1166,"yr_1998":598,"yr_2001":449,"yr_2013":300,"pct_change_13vs01":-33.2,"pct_change_13vs98":-49.8,"pct_change_13vs93":-74.3,"pct_change_13vs90":-81.2,"crime":"Burglary"},{"yr_1990":1277,"yr_1993":1214,"yr_1998":578,"yr_2001":587,"yr_2013":487,"pct_change_13vs01":-17,"pct_change_13vs98":-15.7,"pct_change_13vs93":-59.9,"pct_change_13vs90":-61.9,"crime":"Gr. Larceny"},{"yr_1990":1889,"yr_1993":1591,"yr_1998":602,"yr_2001":472,"yr_2013":172,"pct_change_13vs01":-63.6,"pct_change_13vs98":-71.4,"pct_change_13vs93":-89.2,"pct_change_13vs90":-90.9,"crime":"G.L.A."},{"yr_1990":7660,"yr_1993":6668,"yr_1998":3201,"yr_2001":2481,"yr_2013":1811,"pct_change_13vs01":-27.01,"pct_change_13vs98":-43.42,"pct_change_13vs93":-72.84,"pct_change_13vs90":-76.36,"crime":"TOTAL"}]}