{"mayor":"Bill de Blasio","commissioner":"William J. Bratton","volume":21,"number":25,"precinct":"102nd","startDate":"2014-06-16T04:00:00.000Z","endDate":"2014-06-22T04:00:00.000Z","crimes":[{"crime":"Murder","wtd_curr_yr":0,"wtd_prev_yr":0,"wtd_pct_change":null,"twentyeight_day_curr_yr":0,"twentyeight_day_prev_yr":0,"twentyeight_day_pct_change":null,"ytd_curr_yr":1,"ytd_prev_yr":5,"ytd_pct_change":-80,"two_year_pct_change":0,"six_year_pct_change":0,"twentytwo_year_pct_change":-75},{"crime":"Rape","wtd_curr_yr":1,"wtd_prev_yr":0,"wtd_pct_change":null,"twentyeight_day_curr_yr":3,"twentyeight_day_prev_yr":2,"twentyeight_day_pct_change":50,"ytd_curr_yr":12,"ytd_prev_yr":12,"ytd_pct_change":0,"two_year_pct_change":9.1,"six_year_pct_change":71.4,"twentytwo_year_pct_change":-29.4},{"crime":"Robbery","wtd_curr_yr":2,"wtd_prev_yr":7,"wtd_pct_change":-71.4,"twentyeight_day_curr_yr":11,"twentyeight_day_prev_yr":24,"twentyeight_day_pct_change":-54.2,"ytd_curr_yr":118,"ytd_prev_yr":133,"ytd_pct_change":-11.3,"two_year_pct_change":-6.3,"six_year_pct_change":-34.4,"twentytwo_year_pct_change":-78},{"crime":"Fel. Assault","wtd_curr_yr":5,"wtd_prev_yr":9,"wtd_pct_change":-44.4,"twentyeight_day_curr_yr":22,"twentyeight_day_prev_yr":28,"twentyeight_day_pct_change":-21.4,"ytd_curr_yr":114,"ytd_prev_yr":138,"ytd_pct_change":-17.4,"two_year_pct_change":8.6,"six_year_pct_change":-16.8,"twentytwo_year_pct_change":-29.6},{"crime":"Burglary","wtd_curr_yr":2,"wtd_prev_yr":3,"wtd_pct_change":-33.3,"twentyeight_day_curr_yr":22,"twentyeight_day_prev_yr":17,"twentyeight_day_pct_change":29.4,"ytd_curr_yr":146,"ytd_prev_yr":123,"ytd_pct_change":18.7,"two_year_pct_change":9,"six_year_pct_change":-46.9,"twentytwo_year_pct_change":-77.5},{"crime":"Gr. Larceny","wtd_curr_yr":8,"wtd_prev_yr":10,"wtd_pct_change":-20,"twentyeight_day_curr_yr":42,"twentyeight_day_prev_yr":36,"twentyeight_day_pct_change":16.7,"ytd_curr_yr":271,"ytd_prev_yr":192,"ytd_pct_change":41.1,"two_year_pct_change":41.9,"six_year_pct_change":54,"twentytwo_year_pct_change":6.7},{"crime":"G.L.A.","wtd_curr_yr":2,"wtd_prev_yr":10,"wtd_pct_change":-80,"twentyeight_day_curr_yr":13,"twentyeight_day_prev_yr":26,"twentyeight_day_pct_change":-50,"ytd_curr_yr":104,"ytd_prev_yr":108,"ytd_pct_change":-3.7,"two_year_pct_change":10.6,"six_year_pct_change":-71.7,"twentytwo_year_pct_change":-93.8},{"crime":"TOTAL","wtd_curr_yr":20,"wtd_prev_yr":39,"wtd_pct_change":-48.72,"twentyeight_day_curr_yr":113,"twentyeight_day_prev_yr":133,"twentyeight_day_pct_change":-15.04,"ytd_curr_yr":766,"ytd_prev_yr":711,"ytd_pct_change":7.74,"two_year_pct_change":15.71,"six_year_pct_change":-33.04,"twentytwo_year_pct_change":-76.82},{"crime":"Transit","wtd_curr_yr":0,"wtd_prev_yr":0,"wtd_pct_change":null,"twentyeight_day_curr_yr":0,"twentyeight_day_prev_yr":0,"twentyeight_day_pct_change":null,"ytd_curr_yr":11,"ytd_prev_yr":5,"ytd_pct_change":120,"two_year_pct_change":0,"six_year_pct_change":-26.7,"twentytwo_year_pct_change":null},{"crime":"Housing","wtd_curr_yr":0,"wtd_prev_yr":0,"wtd_pct_change":null,"twentyeight_day_curr_yr":0,"twentyeight_day_prev_yr":0,"twentyeight_day_pct_change":null,"ytd_curr_yr":0,"ytd_prev_yr":0,"ytd_pct_change":null,"two_year_pct_change":null,"six_year_pct_change":null,"twentytwo_year_pct_change":null},{"crime":"Petit Larceny","wtd_curr_yr":20,"wtd_prev_yr":21,"wtd_pct_change":-4.8,"twentyeight_day_curr_yr":82,"twentyeight_day_prev_yr":65,"twentyeight_day_pct_change":26.2,"ytd_curr_yr":490,"ytd_prev_yr":402,"ytd_pct_change":21.9,"two_year_pct_change":17.2,"six_year_pct_change":null,"twentytwo_year_pct_change":null},{"crime":"Misd. Assault","wtd_curr_yr":11,"wtd_prev_yr":10,"wtd_pct_change":10,"twentyeight_day_curr_yr":38,"twentyeight_day_prev_yr":41,"twentyeight_day_pct_change":-7.3,"ytd_curr_yr":262,"ytd_prev_yr":254,"ytd_pct_change":3.1,"two_year_pct_change":-11.5,"six_year_pct_change":null,"twentytwo_year_pct_change":null},{"crime":"Misd. Sex Crimes","wtd_curr_yr":1,"wtd_prev_yr":1,"wtd_pct_change":0,"twentyeight_day_curr_yr":4,"twentyeight_day_prev_yr":4,"twentyeight_day_pct_change":0,"ytd_curr_yr":16,"ytd_prev_yr":8,"ytd_pct_change":100,"two_year_pct_change":77.8,"six_year_pct_change":null,"twentytwo_year_pct_change":null},{"crime":"Shooting Vic.","wtd_curr_yr":0,"wtd_prev_yr":0,"wtd_pct_change":null,"twentyeight_day_curr_yr":1,"twentyeight_day_prev_yr":2,"twentyeight_day_pct_change":-50,"ytd_curr_yr":4,"ytd_prev_yr":6,"ytd_pct_change":-33.3,"two_year_pct_change":100,"six_year_pct_change":33.3,"twentytwo_year_pct_change":-73.3},{"crime":"Shooting Inc.","wtd_curr_yr":0,"wtd_prev_yr":0,"wtd_pct_change":null,"twentyeight_day_curr_yr":1,"twentyeight_day_prev_yr":2,"twentyeight_day_pct_change":-50,"ytd_curr_yr":4,"ytd_prev_yr":6,"ytd_pct_change":-33.3,"two_year_pct_change":100,"six_year_pct_change":33.3,"twentytwo_year_pct_change":-63.6}],"historical":[{"yr_1990":6,"yr_1993":12,"yr_1998":3,"yr_2001":2,"yr_2013":7,"pct_change_13vs01":250,"pct_change_13vs98":133.3,"pct_change_13vs93":-41.7,"pct_change_13vs90":16.7,"crime":"Murder"},{"yr_1990":29,"yr_1993":34,"yr_1998":23,"yr_2001":21,"yr_2013":24,"pct_change_13vs01":14.3,"pct_change_13vs98":4.3,"pct_change_13vs93":-29.4,"pct_change_13vs90":-17.2,"crime":"Rape"},{"yr_1990":1067,"yr_1993":1238,"yr_1998":672,"yr_2001":459,"yr_2013":311,"pct_change_13vs01":-32.2,"pct_change_13vs98":-53.7,"pct_change_13vs93":-74.9,"pct_change_13vs90":-70.9,"crime":"Robbery"},{"yr_1990":345,"yr_1993":362,"yr_1998":440,"yr_2001":309,"yr_2013":327,"pct_change_13vs01":5.8,"pct_change_13vs98":-25.7,"pct_change_13vs93":-9.7,"pct_change_13vs90":-5.2,"crime":"Fel. Assault"},{"yr_1990":1847,"yr_1993":1503,"yr_1998":965,"yr_2001":622,"yr_2013":288,"pct_change_13vs01":-53.7,"pct_change_13vs98":-70.2,"pct_change_13vs93":-80.8,"pct_change_13vs90":-84.4,"crime":"Burglary"},{"yr_1990":721,"yr_1993":583,"yr_1998":538,"yr_2001":378,"yr_2013":490,"pct_change_13vs01":29.6,"pct_change_13vs98":-8.9,"pct_change_13vs93":-16,"pct_change_13vs90":-32,"crime":"Gr. Larceny"},{"yr_1990":4145,"yr_1993":3495,"yr_1998":1303,"yr_2001":803,"yr_2013":252,"pct_change_13vs01":-68.6,"pct_change_13vs98":-80.7,"pct_change_13vs93":-92.8,"pct_change_13vs90":-93.9,"crime":"G.L.A."},{"yr_1990":8160,"yr_1993":7227,"yr_1998":3944,"yr_2001":2594,"yr_2013":1699,"pct_change_13vs01":-34.5,"pct_change_13vs98":-56.92,"pct_change_13vs93":-76.49,"pct_change_13vs90":-79.18,"crime":"TOTAL"}]}