{"mayor":"Bill de Blasio","commissioner":"William J. Bratton","volume":21,"number":23,"precinct":"108th","startDate":"2014-06-02T04:00:00.000Z","endDate":"2014-06-08T04:00:00.000Z","crimes":[{"crime":"Murder","wtd_curr_yr":0,"wtd_prev_yr":0,"wtd_pct_change":null,"twentyeight_day_curr_yr":0,"twentyeight_day_prev_yr":1,"twentyeight_day_pct_change":-100,"ytd_curr_yr":0,"ytd_prev_yr":1,"ytd_pct_change":-100,"two_year_pct_change":null,"six_year_pct_change":-100,"twentytwo_year_pct_change":-100},{"crime":"Rape","wtd_curr_yr":1,"wtd_prev_yr":0,"wtd_pct_change":null,"twentyeight_day_curr_yr":1,"twentyeight_day_prev_yr":1,"twentyeight_day_pct_change":0,"ytd_curr_yr":5,"ytd_prev_yr":8,"ytd_pct_change":-37.5,"two_year_pct_change":-28.6,"six_year_pct_change":-16.7,"twentytwo_year_pct_change":25},{"crime":"Robbery","wtd_curr_yr":0,"wtd_prev_yr":2,"wtd_pct_change":-100,"twentyeight_day_curr_yr":11,"twentyeight_day_prev_yr":6,"twentyeight_day_pct_change":83.3,"ytd_curr_yr":71,"ytd_prev_yr":64,"ytd_pct_change":10.9,"two_year_pct_change":-7.8,"six_year_pct_change":10.9,"twentytwo_year_pct_change":-85.6},{"crime":"Fel. Assault","wtd_curr_yr":2,"wtd_prev_yr":3,"wtd_pct_change":-33.3,"twentyeight_day_curr_yr":13,"twentyeight_day_prev_yr":16,"twentyeight_day_pct_change":-18.8,"ytd_curr_yr":53,"ytd_prev_yr":61,"ytd_pct_change":-13.1,"two_year_pct_change":-1.9,"six_year_pct_change":39.5,"twentytwo_year_pct_change":-52.3},{"crime":"Burglary","wtd_curr_yr":5,"wtd_prev_yr":2,"wtd_pct_change":150,"twentyeight_day_curr_yr":20,"twentyeight_day_prev_yr":7,"twentyeight_day_pct_change":185.7,"ytd_curr_yr":92,"ytd_prev_yr":77,"ytd_pct_change":19.5,"two_year_pct_change":-29.8,"six_year_pct_change":-20.7,"twentytwo_year_pct_change":-85.3},{"crime":"Gr. Larceny","wtd_curr_yr":12,"wtd_prev_yr":4,"wtd_pct_change":200,"twentyeight_day_curr_yr":36,"twentyeight_day_prev_yr":26,"twentyeight_day_pct_change":38.5,"ytd_curr_yr":248,"ytd_prev_yr":228,"ytd_pct_change":8.8,"two_year_pct_change":29.8,"six_year_pct_change":6.4,"twentytwo_year_pct_change":-32.6},{"crime":"G.L.A.","wtd_curr_yr":2,"wtd_prev_yr":1,"wtd_pct_change":100,"twentyeight_day_curr_yr":16,"twentyeight_day_prev_yr":13,"twentyeight_day_pct_change":23.1,"ytd_curr_yr":55,"ytd_prev_yr":59,"ytd_pct_change":-6.8,"two_year_pct_change":-12.7,"six_year_pct_change":-31.2,"twentytwo_year_pct_change":-93.3},{"crime":"TOTAL","wtd_curr_yr":22,"wtd_prev_yr":12,"wtd_pct_change":83.33,"twentyeight_day_curr_yr":97,"twentyeight_day_prev_yr":70,"twentyeight_day_pct_change":38.57,"ytd_curr_yr":524,"ytd_prev_yr":498,"ytd_pct_change":5.22,"two_year_pct_change":0.19,"six_year_pct_change":-2.6,"twentytwo_year_pct_change":-78.46},{"crime":"Transit","wtd_curr_yr":1,"wtd_prev_yr":1,"wtd_pct_change":0,"twentyeight_day_curr_yr":6,"twentyeight_day_prev_yr":2,"twentyeight_day_pct_change":200,"ytd_curr_yr":30,"ytd_prev_yr":35,"ytd_pct_change":-14.3,"two_year_pct_change":3.4,"six_year_pct_change":100,"twentytwo_year_pct_change":null},{"crime":"Housing","wtd_curr_yr":0,"wtd_prev_yr":0,"wtd_pct_change":null,"twentyeight_day_curr_yr":0,"twentyeight_day_prev_yr":0,"twentyeight_day_pct_change":null,"ytd_curr_yr":0,"ytd_prev_yr":0,"ytd_pct_change":null,"two_year_pct_change":null,"six_year_pct_change":null,"twentytwo_year_pct_change":null},{"crime":"Petit Larceny","wtd_curr_yr":19,"wtd_prev_yr":13,"wtd_pct_change":46.2,"twentyeight_day_curr_yr":77,"twentyeight_day_prev_yr":61,"twentyeight_day_pct_change":26.2,"ytd_curr_yr":367,"ytd_prev_yr":396,"ytd_pct_change":-7.3,"two_year_pct_change":-6.9,"six_year_pct_change":-8.2,"twentytwo_year_pct_change":null},{"crime":"Misd. Assault","wtd_curr_yr":4,"wtd_prev_yr":6,"wtd_pct_change":-33.3,"twentyeight_day_curr_yr":29,"twentyeight_day_prev_yr":41,"twentyeight_day_pct_change":-29.3,"ytd_curr_yr":179,"ytd_prev_yr":194,"ytd_pct_change":-7.7,"two_year_pct_change":9.8,"six_year_pct_change":-16.4,"twentytwo_year_pct_change":null},{"crime":"Misd. Sex Crimes","wtd_curr_yr":1,"wtd_prev_yr":1,"wtd_pct_change":0,"twentyeight_day_curr_yr":8,"twentyeight_day_prev_yr":2,"twentyeight_day_pct_change":300,"ytd_curr_yr":18,"ytd_prev_yr":27,"ytd_pct_change":-33.3,"two_year_pct_change":-40,"six_year_pct_change":-14.3,"twentytwo_year_pct_change":null},{"crime":"Shooting Vic.","wtd_curr_yr":0,"wtd_prev_yr":0,"wtd_pct_change":null,"twentyeight_day_curr_yr":0,"twentyeight_day_prev_yr":0,"twentyeight_day_pct_change":null,"ytd_curr_yr":0,"ytd_prev_yr":1,"ytd_pct_change":-100,"two_year_pct_change":-100,"six_year_pct_change":null,"twentytwo_year_pct_change":-100},{"crime":"Shooting Inc.","wtd_curr_yr":0,"wtd_prev_yr":0,"wtd_pct_change":null,"twentyeight_day_curr_yr":0,"twentyeight_day_prev_yr":0,"twentyeight_day_pct_change":null,"ytd_curr_yr":0,"ytd_prev_yr":1,"ytd_pct_change":-100,"two_year_pct_change":-100,"six_year_pct_change":null,"twentytwo_year_pct_change":-100}],"historical":[{"yr_1990":16,"yr_1993":10,"yr_1998":5,"yr_2001":3,"yr_2013":4,"pct_change_13vs01":33.3,"pct_change_13vs98":-20,"pct_change_13vs93":-60,"pct_change_13vs90":-75,"crime":"Murder"},{"yr_1990":22,"yr_1993":12,"yr_1998":24,"yr_2001":18,"yr_2013":15,"pct_change_13vs01":-16.7,"pct_change_13vs98":-37.5,"pct_change_13vs93":25,"pct_change_13vs90":-31.8,"crime":"Rape"},{"yr_1990":1372,"yr_1993":1026,"yr_1998":464,"yr_2001":313,"yr_2013":160,"pct_change_13vs01":-48.9,"pct_change_13vs98":-65.5,"pct_change_13vs93":-84.4,"pct_change_13vs90":-88.3,"crime":"Robbery"},{"yr_1990":290,"yr_1993":317,"yr_1998":248,"yr_2001":147,"yr_2013":171,"pct_change_13vs01":16.3,"pct_change_13vs98":-31,"pct_change_13vs93":-46.1,"pct_change_13vs90":-41,"crime":"Fel. Assault"},{"yr_1990":2062,"yr_1993":1563,"yr_1998":971,"yr_2001":564,"yr_2013":244,"pct_change_13vs01":-56.7,"pct_change_13vs98":-74.9,"pct_change_13vs93":-84.4,"pct_change_13vs90":-88.2,"crime":"Burglary"},{"yr_1990":1150,"yr_1993":914,"yr_1998":605,"yr_2001":570,"yr_2013":572,"pct_change_13vs01":0.4,"pct_change_13vs98":-5.5,"pct_change_13vs93":-37.4,"pct_change_13vs90":-50.3,"crime":"Gr. Larceny"},{"yr_1990":2945,"yr_1993":2123,"yr_1998":942,"yr_2001":704,"yr_2013":166,"pct_change_13vs01":-76.4,"pct_change_13vs98":-82.4,"pct_change_13vs93":-92.2,"pct_change_13vs90":-94.4,"crime":"G.L.A."},{"yr_1990":7857,"yr_1993":5965,"yr_1998":3259,"yr_2001":2319,"yr_2013":1332,"pct_change_13vs01":-42.56,"pct_change_13vs98":-59.13,"pct_change_13vs93":-77.67,"pct_change_13vs90":-83.05,"crime":"TOTAL"}]}