{"mayor":"Bill de Blasio","commissioner":"William J. Bratton","volume":21,"number":9,"precinct":"104th","startDate":"2014-02-24T05:00:00.000Z","endDate":"2014-03-02T05:00:00.000Z","crimes":[{"crime":"Murder","wtd_curr_yr":0,"wtd_prev_yr":0,"wtd_pct_change":null,"twentyeight_day_curr_yr":0,"twentyeight_day_prev_yr":0,"twentyeight_day_pct_change":null,"ytd_curr_yr":1,"ytd_prev_yr":0,"ytd_pct_change":null,"two_year_pct_change":null,"six_year_pct_change":-50,"twentytwo_year_pct_change":-66.7},{"crime":"Rape","wtd_curr_yr":1,"wtd_prev_yr":0,"wtd_pct_change":null,"twentyeight_day_curr_yr":2,"twentyeight_day_prev_yr":0,"twentyeight_day_pct_change":null,"ytd_curr_yr":4,"ytd_prev_yr":4,"ytd_pct_change":0,"two_year_pct_change":0,"six_year_pct_change":-33.3,"twentytwo_year_pct_change":-42.9},{"crime":"Robbery","wtd_curr_yr":9,"wtd_prev_yr":3,"wtd_pct_change":200,"twentyeight_day_curr_yr":20,"twentyeight_day_prev_yr":10,"twentyeight_day_pct_change":100,"ytd_curr_yr":38,"ytd_prev_yr":36,"ytd_pct_change":5.6,"two_year_pct_change":-17.4,"six_year_pct_change":-32.1,"twentytwo_year_pct_change":-80.9},{"crime":"Fel. Assault","wtd_curr_yr":0,"wtd_prev_yr":1,"wtd_pct_change":-100,"twentyeight_day_curr_yr":6,"twentyeight_day_prev_yr":9,"twentyeight_day_pct_change":-33.3,"ytd_curr_yr":29,"ytd_prev_yr":36,"ytd_pct_change":-19.4,"two_year_pct_change":-19.4,"six_year_pct_change":-40.8,"twentytwo_year_pct_change":-9.4},{"crime":"Burglary","wtd_curr_yr":9,"wtd_prev_yr":6,"wtd_pct_change":50,"twentyeight_day_curr_yr":30,"twentyeight_day_prev_yr":25,"twentyeight_day_pct_change":20,"ytd_curr_yr":63,"ytd_prev_yr":70,"ytd_pct_change":-10,"two_year_pct_change":18.9,"six_year_pct_change":-55,"twentytwo_year_pct_change":-81.5},{"crime":"Gr. Larceny","wtd_curr_yr":5,"wtd_prev_yr":9,"wtd_pct_change":-44.4,"twentyeight_day_curr_yr":35,"twentyeight_day_prev_yr":39,"twentyeight_day_pct_change":-10.3,"ytd_curr_yr":81,"ytd_prev_yr":80,"ytd_pct_change":1.2,"two_year_pct_change":12.5,"six_year_pct_change":-18.2,"twentytwo_year_pct_change":-19},{"crime":"G.L.A.","wtd_curr_yr":7,"wtd_prev_yr":3,"wtd_pct_change":133.3,"twentyeight_day_curr_yr":14,"twentyeight_day_prev_yr":5,"twentyeight_day_pct_change":180,"ytd_curr_yr":30,"ytd_prev_yr":20,"ytd_pct_change":50,"two_year_pct_change":-18.9,"six_year_pct_change":-79.3,"twentytwo_year_pct_change":-95.1},{"crime":"TOTAL","wtd_curr_yr":31,"wtd_prev_yr":22,"wtd_pct_change":40.91,"twentyeight_day_curr_yr":107,"twentyeight_day_prev_yr":88,"twentyeight_day_pct_change":21.59,"ytd_curr_yr":246,"ytd_prev_yr":246,"ytd_pct_change":0,"two_year_pct_change":-0.81,"six_year_pct_change":-50.5,"twentytwo_year_pct_change":-81.05},{"crime":"Transit","wtd_curr_yr":0,"wtd_prev_yr":0,"wtd_pct_change":null,"twentyeight_day_curr_yr":2,"twentyeight_day_prev_yr":0,"twentyeight_day_pct_change":null,"ytd_curr_yr":4,"ytd_prev_yr":3,"ytd_pct_change":33.3,"two_year_pct_change":100,"six_year_pct_change":-33.3,"twentytwo_year_pct_change":null},{"crime":"Housing","wtd_curr_yr":0,"wtd_prev_yr":0,"wtd_pct_change":null,"twentyeight_day_curr_yr":0,"twentyeight_day_prev_yr":0,"twentyeight_day_pct_change":null,"ytd_curr_yr":0,"ytd_prev_yr":0,"ytd_pct_change":null,"two_year_pct_change":null,"six_year_pct_change":null,"twentytwo_year_pct_change":null},{"crime":"Petit Larceny","wtd_curr_yr":25,"wtd_prev_yr":20,"wtd_pct_change":25,"twentyeight_day_curr_yr":89,"twentyeight_day_prev_yr":69,"twentyeight_day_pct_change":29,"ytd_curr_yr":187,"ytd_prev_yr":170,"ytd_pct_change":10,"two_year_pct_change":9.4,"six_year_pct_change":null,"twentytwo_year_pct_change":null},{"crime":"Misd. Assault","wtd_curr_yr":8,"wtd_prev_yr":7,"wtd_pct_change":14.3,"twentyeight_day_curr_yr":43,"twentyeight_day_prev_yr":38,"twentyeight_day_pct_change":13.2,"ytd_curr_yr":105,"ytd_prev_yr":85,"ytd_pct_change":23.5,"two_year_pct_change":1,"six_year_pct_change":null,"twentytwo_year_pct_change":null},{"crime":"Misd. Sex Crimes","wtd_curr_yr":1,"wtd_prev_yr":1,"wtd_pct_change":0,"twentyeight_day_curr_yr":4,"twentyeight_day_prev_yr":1,"twentyeight_day_pct_change":300,"ytd_curr_yr":4,"ytd_prev_yr":3,"ytd_pct_change":33.3,"two_year_pct_change":0,"six_year_pct_change":null,"twentytwo_year_pct_change":null},{"crime":"Shooting Vic.","wtd_curr_yr":0,"wtd_prev_yr":0,"wtd_pct_change":null,"twentyeight_day_curr_yr":0,"twentyeight_day_prev_yr":0,"twentyeight_day_pct_change":null,"ytd_curr_yr":0,"ytd_prev_yr":0,"ytd_pct_change":null,"two_year_pct_change":null,"six_year_pct_change":-100,"twentytwo_year_pct_change":-100},{"crime":"Shooting Inc.","wtd_curr_yr":0,"wtd_prev_yr":0,"wtd_pct_change":null,"twentyeight_day_curr_yr":0,"twentyeight_day_prev_yr":0,"twentyeight_day_pct_change":null,"ytd_curr_yr":0,"ytd_prev_yr":0,"ytd_pct_change":null,"two_year_pct_change":null,"six_year_pct_change":-100,"twentytwo_year_pct_change":-100}],"historical":[{"yr_1990":11,"yr_1993":19,"yr_1998":7,"yr_2001":5,"yr_2013":3,"pct_change_13vs01":-40,"pct_change_13vs98":-57.1,"pct_change_13vs93":-84.2,"pct_change_13vs90":-72.7,"crime":"Murder"},{"yr_1990":21,"yr_1993":21,"yr_1998":24,"yr_2001":15,"yr_2013":15,"pct_change_13vs01":0,"pct_change_13vs98":-37.5,"pct_change_13vs93":-28.6,"pct_change_13vs90":-28.6,"crime":"Rape"},{"yr_1990":1307,"yr_1993":1027,"yr_1998":490,"yr_2001":359,"yr_2013":256,"pct_change_13vs01":-28.7,"pct_change_13vs98":-47.8,"pct_change_13vs93":-75.1,"pct_change_13vs90":-80.4,"crime":"Robbery"},{"yr_1990":279,"yr_1993":305,"yr_1998":261,"yr_2001":262,"yr_2013":241,"pct_change_13vs01":-8,"pct_change_13vs98":-7.7,"pct_change_13vs93":-21,"pct_change_13vs90":-13.6,"crime":"Fel. Assault"},{"yr_1990":2562,"yr_1993":1955,"yr_1998":1024,"yr_2001":790,"yr_2013":339,"pct_change_13vs01":-57.1,"pct_change_13vs98":-66.9,"pct_change_13vs93":-82.7,"pct_change_13vs90":-86.8,"crime":"Burglary"},{"yr_1990":884,"yr_1993":678,"yr_1998":485,"yr_2001":551,"yr_2013":572,"pct_change_13vs01":3.8,"pct_change_13vs98":17.9,"pct_change_13vs93":-15.6,"pct_change_13vs90":-35.3,"crime":"Gr. Larceny"},{"yr_1990":4443,"yr_1993":3418,"yr_1998":1374,"yr_2001":892,"yr_2013":181,"pct_change_13vs01":-79.7,"pct_change_13vs98":-86.8,"pct_change_13vs93":-94.7,"pct_change_13vs90":-95.9,"crime":"G.L.A."},{"yr_1990":9507,"yr_1993":7423,"yr_1998":3665,"yr_2001":2874,"yr_2013":1607,"pct_change_13vs01":-44.08,"pct_change_13vs98":-56.15,"pct_change_13vs93":-78.35,"pct_change_13vs90":-83.1,"crime":"TOTAL"}]}