{"mayor":"Bill de Blasio","commissioner":"William J. Bratton","volume":21,"number":51,"precinct":"107th","startDate":"2014-12-15T05:00:00.000Z","endDate":"2014-12-21T05:00:00.000Z","crimes":[{"crime":"Murder","wtd_curr_yr":0,"wtd_prev_yr":0,"wtd_pct_change":null,"twentyeight_day_curr_yr":0,"twentyeight_day_prev_yr":0,"twentyeight_day_pct_change":null,"ytd_curr_yr":1,"ytd_prev_yr":1,"ytd_pct_change":0,"two_year_pct_change":-50,"six_year_pct_change":-66.7,"twentytwo_year_pct_change":-83.3},{"crime":"Rape","wtd_curr_yr":0,"wtd_prev_yr":0,"wtd_pct_change":null,"twentyeight_day_curr_yr":2,"twentyeight_day_prev_yr":0,"twentyeight_day_pct_change":null,"ytd_curr_yr":23,"ytd_prev_yr":7,"ytd_pct_change":228.6,"two_year_pct_change":130,"six_year_pct_change":91.7,"twentytwo_year_pct_change":-23.3},{"crime":"Robbery","wtd_curr_yr":3,"wtd_prev_yr":2,"wtd_pct_change":50,"twentyeight_day_curr_yr":16,"twentyeight_day_prev_yr":23,"twentyeight_day_pct_change":-30.4,"ytd_curr_yr":191,"ytd_prev_yr":238,"ytd_pct_change":-19.7,"two_year_pct_change":-20.1,"six_year_pct_change":-25.4,"twentytwo_year_pct_change":-81.2},{"crime":"Fel. Assault","wtd_curr_yr":2,"wtd_prev_yr":1,"wtd_pct_change":100,"twentyeight_day_curr_yr":9,"twentyeight_day_prev_yr":10,"twentyeight_day_pct_change":-10,"ytd_curr_yr":113,"ytd_prev_yr":132,"ytd_pct_change":-14.4,"two_year_pct_change":-12.4,"six_year_pct_change":27,"twentytwo_year_pct_change":-51.3},{"crime":"Burglary","wtd_curr_yr":2,"wtd_prev_yr":2,"wtd_pct_change":0,"twentyeight_day_curr_yr":15,"twentyeight_day_prev_yr":16,"twentyeight_day_pct_change":-6.2,"ytd_curr_yr":167,"ytd_prev_yr":240,"ytd_pct_change":-30.4,"two_year_pct_change":-35.5,"six_year_pct_change":-41,"twentytwo_year_pct_change":-88},{"crime":"Gr. Larceny","wtd_curr_yr":8,"wtd_prev_yr":21,"wtd_pct_change":-61.9,"twentyeight_day_curr_yr":34,"twentyeight_day_prev_yr":49,"twentyeight_day_pct_change":-30.6,"ytd_curr_yr":440,"ytd_prev_yr":506,"ytd_pct_change":-13,"two_year_pct_change":-2.4,"six_year_pct_change":-6,"twentytwo_year_pct_change":-26.4},{"crime":"G.L.A.","wtd_curr_yr":3,"wtd_prev_yr":4,"wtd_pct_change":-25,"twentyeight_day_curr_yr":10,"twentyeight_day_prev_yr":12,"twentyeight_day_pct_change":-16.7,"ytd_curr_yr":141,"ytd_prev_yr":147,"ytd_pct_change":-4.1,"two_year_pct_change":-16.1,"six_year_pct_change":-32.9,"twentytwo_year_pct_change":-97.1},{"crime":"TOTAL","wtd_curr_yr":18,"wtd_prev_yr":30,"wtd_pct_change":-40,"twentyeight_day_curr_yr":86,"twentyeight_day_prev_yr":110,"twentyeight_day_pct_change":-21.82,"ytd_curr_yr":1076,"ytd_prev_yr":1271,"ytd_pct_change":-15.34,"two_year_pct_change":-14.47,"six_year_pct_change":-18.55,"twentytwo_year_pct_change":-86.67},{"crime":"Transit","wtd_curr_yr":1,"wtd_prev_yr":0,"wtd_pct_change":null,"twentyeight_day_curr_yr":3,"twentyeight_day_prev_yr":3,"twentyeight_day_pct_change":0,"ytd_curr_yr":30,"ytd_prev_yr":26,"ytd_pct_change":15.4,"two_year_pct_change":0,"six_year_pct_change":20,"twentytwo_year_pct_change":null},{"crime":"Housing","wtd_curr_yr":0,"wtd_prev_yr":0,"wtd_pct_change":null,"twentyeight_day_curr_yr":0,"twentyeight_day_prev_yr":5,"twentyeight_day_pct_change":-100,"ytd_curr_yr":48,"ytd_prev_yr":51,"ytd_pct_change":-5.9,"two_year_pct_change":-18.6,"six_year_pct_change":37.1,"twentytwo_year_pct_change":null},{"crime":"Petit Larceny","wtd_curr_yr":12,"wtd_prev_yr":27,"wtd_pct_change":-55.6,"twentyeight_day_curr_yr":65,"twentyeight_day_prev_yr":81,"twentyeight_day_pct_change":-19.8,"ytd_curr_yr":789,"ytd_prev_yr":846,"ytd_pct_change":-6.7,"two_year_pct_change":7.1,"six_year_pct_change":-18.5,"twentytwo_year_pct_change":null},{"crime":"Misd. Assault","wtd_curr_yr":10,"wtd_prev_yr":7,"wtd_pct_change":42.9,"twentyeight_day_curr_yr":30,"twentyeight_day_prev_yr":30,"twentyeight_day_pct_change":0,"ytd_curr_yr":361,"ytd_prev_yr":367,"ytd_pct_change":-1.6,"two_year_pct_change":5.2,"six_year_pct_change":-20,"twentytwo_year_pct_change":null},{"crime":"Misd. Sex Crimes","wtd_curr_yr":1,"wtd_prev_yr":0,"wtd_pct_change":null,"twentyeight_day_curr_yr":4,"twentyeight_day_prev_yr":1,"twentyeight_day_pct_change":300,"ytd_curr_yr":26,"ytd_prev_yr":24,"ytd_pct_change":8.3,"two_year_pct_change":-27.8,"six_year_pct_change":-3.7,"twentytwo_year_pct_change":null},{"crime":"Shooting Vic.","wtd_curr_yr":0,"wtd_prev_yr":0,"wtd_pct_change":null,"twentyeight_day_curr_yr":1,"twentyeight_day_prev_yr":0,"twentyeight_day_pct_change":null,"ytd_curr_yr":4,"ytd_prev_yr":2,"ytd_pct_change":100,"two_year_pct_change":-33.3,"six_year_pct_change":-20,"twentytwo_year_pct_change":-60},{"crime":"Shooting Inc.","wtd_curr_yr":0,"wtd_prev_yr":0,"wtd_pct_change":null,"twentyeight_day_curr_yr":1,"twentyeight_day_prev_yr":0,"twentyeight_day_pct_change":null,"ytd_curr_yr":4,"ytd_prev_yr":2,"ytd_pct_change":100,"two_year_pct_change":0,"six_year_pct_change":-20,"twentytwo_year_pct_change":-60}],"historical":[{"yr_1990":14,"yr_1993":8,"yr_1998":5,"yr_2001":4,"yr_2013":1,"pct_change_13vs01":-75,"pct_change_13vs98":-80,"pct_change_13vs93":-87.5,"pct_change_13vs90":-92.9,"crime":"Murder"},{"yr_1990":24,"yr_1993":32,"yr_1998":30,"yr_2001":15,"yr_2013":7,"pct_change_13vs01":-53.3,"pct_change_13vs98":-76.7,"pct_change_13vs93":-78.1,"pct_change_13vs90":-70.8,"crime":"Rape"},{"yr_1990":1039,"yr_1993":514,"yr_1998":375,"yr_2001":242,"yr_2013":-35.5,"pct_change_13vs01":-52.9,"pct_change_13vs98":-76.7,"pct_change_13vs93":-72.9,"pct_change_13vs90":null,"crime":"Robbery 893"},{"yr_1990":260,"yr_1993":239,"yr_1998":226,"yr_2001":153,"yr_2013":138,"pct_change_13vs01":-9.8,"pct_change_13vs98":-38.9,"pct_change_13vs93":-42.3,"pct_change_13vs90":-46.9,"crime":"Fel. Assault"},{"yr_1990":2152,"yr_1993":1425,"yr_1998":862,"yr_2001":632,"yr_2013":244,"pct_change_13vs01":-61.4,"pct_change_13vs98":-71.7,"pct_change_13vs93":-82.9,"pct_change_13vs90":-88.7,"crime":"Burglary"},{"yr_1990":805,"yr_1993":616,"yr_1998":614,"yr_2001":572,"yr_2013":517,"pct_change_13vs01":-9.6,"pct_change_13vs98":-15.8,"pct_change_13vs93":-16.1,"pct_change_13vs90":-35.8,"crime":"Gr. Larceny"},{"yr_1990":5535,"yr_1993":4902,"yr_1998":1560,"yr_2001":802,"yr_2013":149,"pct_change_13vs01":-81.4,"pct_change_13vs98":-90.4,"pct_change_13vs93":-97,"pct_change_13vs90":-97.3,"crime":"G.L.A."},{"yr_1990":9683,"yr_1993":8261,"yr_1998":3811,"yr_2001":2553,"yr_2013":1298,"pct_change_13vs01":-49.16,"pct_change_13vs98":-65.94,"pct_change_13vs93":-84.29,"pct_change_13vs90":-86.6,"crime":"TOTAL"}]}