{"mayor":"Bill de Blasio","commissioner":"William J. Bratton","volume":21,"number":37,"precinct":"104th","startDate":"2014-09-08T04:00:00.000Z","endDate":"2014-09-14T04:00:00.000Z","crimes":[{"crime":"Murder","wtd_curr_yr":0,"wtd_prev_yr":0,"wtd_pct_change":null,"twentyeight_day_curr_yr":0,"twentyeight_day_prev_yr":0,"twentyeight_day_pct_change":null,"ytd_curr_yr":3,"ytd_prev_yr":3,"ytd_pct_change":0,"two_year_pct_change":null,"six_year_pct_change":200,"twentytwo_year_pct_change":-82.4},{"crime":"Rape","wtd_curr_yr":0,"wtd_prev_yr":0,"wtd_pct_change":null,"twentyeight_day_curr_yr":1,"twentyeight_day_prev_yr":0,"twentyeight_day_pct_change":null,"ytd_curr_yr":14,"ytd_prev_yr":8,"ytd_pct_change":75,"two_year_pct_change":40,"six_year_pct_change":40,"twentytwo_year_pct_change":-26.3},{"crime":"Robbery","wtd_curr_yr":1,"wtd_prev_yr":8,"wtd_pct_change":-87.5,"twentyeight_day_curr_yr":12,"twentyeight_day_prev_yr":32,"twentyeight_day_pct_change":-62.5,"ytd_curr_yr":118,"ytd_prev_yr":167,"ytd_pct_change":-29.3,"two_year_pct_change":-39.5,"six_year_pct_change":-35.9,"twentytwo_year_pct_change":-82.1},{"crime":"Fel. Assault","wtd_curr_yr":3,"wtd_prev_yr":7,"wtd_pct_change":-57.1,"twentyeight_day_curr_yr":16,"twentyeight_day_prev_yr":23,"twentyeight_day_pct_change":-30.4,"ytd_curr_yr":150,"ytd_prev_yr":188,"ytd_pct_change":-20.2,"two_year_pct_change":-18.5,"six_year_pct_change":23,"twentytwo_year_pct_change":-32.4},{"crime":"Burglary","wtd_curr_yr":4,"wtd_prev_yr":4,"wtd_pct_change":0,"twentyeight_day_curr_yr":14,"twentyeight_day_prev_yr":27,"twentyeight_day_pct_change":-48.1,"ytd_curr_yr":201,"ytd_prev_yr":250,"ytd_pct_change":-19.6,"two_year_pct_change":-26.9,"six_year_pct_change":-35.2,"twentytwo_year_pct_change":-86.1},{"crime":"Gr. Larceny","wtd_curr_yr":8,"wtd_prev_yr":17,"wtd_pct_change":-52.9,"twentyeight_day_curr_yr":51,"twentyeight_day_prev_yr":63,"twentyeight_day_pct_change":-19,"ytd_curr_yr":412,"ytd_prev_yr":380,"ytd_pct_change":8.4,"two_year_pct_change":14.8,"six_year_pct_change":20.8,"twentytwo_year_pct_change":-9.6},{"crime":"G.L.A.","wtd_curr_yr":6,"wtd_prev_yr":5,"wtd_pct_change":20,"twentyeight_day_curr_yr":22,"twentyeight_day_prev_yr":19,"twentyeight_day_pct_change":15.8,"ytd_curr_yr":148,"ytd_prev_yr":109,"ytd_pct_change":35.8,"two_year_pct_change":-3.3,"six_year_pct_change":-26.4,"twentytwo_year_pct_change":-94.2},{"crime":"TOTAL","wtd_curr_yr":22,"wtd_prev_yr":41,"wtd_pct_change":-46.34,"twentyeight_day_curr_yr":116,"twentyeight_day_prev_yr":164,"twentyeight_day_pct_change":-29.27,"ytd_curr_yr":1046,"ytd_prev_yr":1105,"ytd_pct_change":-5.34,"two_year_pct_change":-11.05,"six_year_pct_change":-10.52,"twentytwo_year_pct_change":-80.48},{"crime":"Transit","wtd_curr_yr":0,"wtd_prev_yr":0,"wtd_pct_change":null,"twentyeight_day_curr_yr":0,"twentyeight_day_prev_yr":1,"twentyeight_day_pct_change":-100,"ytd_curr_yr":8,"ytd_prev_yr":9,"ytd_pct_change":-11.1,"two_year_pct_change":-61.9,"six_year_pct_change":300,"twentytwo_year_pct_change":null},{"crime":"Housing","wtd_curr_yr":0,"wtd_prev_yr":0,"wtd_pct_change":null,"twentyeight_day_curr_yr":0,"twentyeight_day_prev_yr":0,"twentyeight_day_pct_change":null,"ytd_curr_yr":0,"ytd_prev_yr":0,"ytd_pct_change":null,"two_year_pct_change":null,"six_year_pct_change":null,"twentytwo_year_pct_change":null},{"crime":"Petit Larceny","wtd_curr_yr":15,"wtd_prev_yr":25,"wtd_pct_change":-40,"twentyeight_day_curr_yr":72,"twentyeight_day_prev_yr":103,"twentyeight_day_pct_change":-30.1,"ytd_curr_yr":791,"ytd_prev_yr":787,"ytd_pct_change":0.5,"two_year_pct_change":5.2,"six_year_pct_change":-1.6,"twentytwo_year_pct_change":null},{"crime":"Misd. Assault","wtd_curr_yr":10,"wtd_prev_yr":8,"wtd_pct_change":25,"twentyeight_day_curr_yr":42,"twentyeight_day_prev_yr":38,"twentyeight_day_pct_change":10.5,"ytd_curr_yr":441,"ytd_prev_yr":387,"ytd_pct_change":14,"two_year_pct_change":-6.8,"six_year_pct_change":-8.1,"twentytwo_year_pct_change":null},{"crime":"Misd. Sex Crimes","wtd_curr_yr":0,"wtd_prev_yr":1,"wtd_pct_change":-100,"twentyeight_day_curr_yr":0,"twentyeight_day_prev_yr":2,"twentyeight_day_pct_change":-100,"ytd_curr_yr":8,"ytd_prev_yr":16,"ytd_pct_change":-50,"two_year_pct_change":-60,"six_year_pct_change":-68,"twentytwo_year_pct_change":null},{"crime":"Shooting Vic.","wtd_curr_yr":0,"wtd_prev_yr":0,"wtd_pct_change":null,"twentyeight_day_curr_yr":1,"twentyeight_day_prev_yr":0,"twentyeight_day_pct_change":null,"ytd_curr_yr":7,"ytd_prev_yr":4,"ytd_pct_change":75,"two_year_pct_change":75,"six_year_pct_change":75,"twentytwo_year_pct_change":-69.6},{"crime":"Shooting Inc.","wtd_curr_yr":0,"wtd_prev_yr":0,"wtd_pct_change":null,"twentyeight_day_curr_yr":1,"twentyeight_day_prev_yr":0,"twentyeight_day_pct_change":null,"ytd_curr_yr":6,"ytd_prev_yr":4,"ytd_pct_change":50,"two_year_pct_change":50,"six_year_pct_change":50,"twentytwo_year_pct_change":-70}],"historical":[{"yr_1990":11,"yr_1993":19,"yr_1998":7,"yr_2001":5,"yr_2013":3,"pct_change_13vs01":-40,"pct_change_13vs98":-57.1,"pct_change_13vs93":-84.2,"pct_change_13vs90":-72.7,"crime":"Murder"},{"yr_1990":21,"yr_1993":21,"yr_1998":24,"yr_2001":15,"yr_2013":15,"pct_change_13vs01":0,"pct_change_13vs98":-37.5,"pct_change_13vs93":-28.6,"pct_change_13vs90":-28.6,"crime":"Rape"},{"yr_1990":1307,"yr_1993":1027,"yr_1998":490,"yr_2001":359,"yr_2013":256,"pct_change_13vs01":-28.7,"pct_change_13vs98":-47.8,"pct_change_13vs93":-75.1,"pct_change_13vs90":-80.4,"crime":"Robbery"},{"yr_1990":279,"yr_1993":305,"yr_1998":261,"yr_2001":262,"yr_2013":241,"pct_change_13vs01":-8,"pct_change_13vs98":-7.7,"pct_change_13vs93":-21,"pct_change_13vs90":-13.6,"crime":"Fel. Assault"},{"yr_1990":2562,"yr_1993":1955,"yr_1998":1024,"yr_2001":790,"yr_2013":339,"pct_change_13vs01":-57.1,"pct_change_13vs98":-66.9,"pct_change_13vs93":-82.7,"pct_change_13vs90":-86.8,"crime":"Burglary"},{"yr_1990":884,"yr_1993":678,"yr_1998":485,"yr_2001":551,"yr_2013":572,"pct_change_13vs01":3.8,"pct_change_13vs98":17.9,"pct_change_13vs93":-15.6,"pct_change_13vs90":-35.3,"crime":"Gr. Larceny"},{"yr_1990":4443,"yr_1993":3418,"yr_1998":1374,"yr_2001":892,"yr_2013":181,"pct_change_13vs01":-79.7,"pct_change_13vs98":-86.8,"pct_change_13vs93":-94.7,"pct_change_13vs90":-95.9,"crime":"G.L.A."},{"yr_1990":9507,"yr_1993":7423,"yr_1998":3665,"yr_2001":2874,"yr_2013":1607,"pct_change_13vs01":-44.08,"pct_change_13vs98":-56.15,"pct_change_13vs93":-78.35,"pct_change_13vs90":-83.1,"crime":"TOTAL"}]}