{"mayor":"Bill de Blasio","commissioner":"William J. Bratton","volume":21,"number":41,"precinct":"103rd","startDate":"2014-10-06T04:00:00.000Z","endDate":"2014-10-12T04:00:00.000Z","crimes":[{"crime":"Murder","wtd_curr_yr":1,"wtd_prev_yr":0,"wtd_pct_change":null,"twentyeight_day_curr_yr":1,"twentyeight_day_prev_yr":0,"twentyeight_day_pct_change":null,"ytd_curr_yr":8,"ytd_prev_yr":7,"ytd_pct_change":14.3,"two_year_pct_change":-20,"six_year_pct_change":-11.1,"twentytwo_year_pct_change":-65.2},{"crime":"Rape","wtd_curr_yr":1,"wtd_prev_yr":2,"wtd_pct_change":-50,"twentyeight_day_curr_yr":1,"twentyeight_day_prev_yr":7,"twentyeight_day_pct_change":-85.7,"ytd_curr_yr":15,"ytd_prev_yr":36,"ytd_pct_change":-58.3,"two_year_pct_change":-46.4,"six_year_pct_change":-37.5,"twentytwo_year_pct_change":-74.1},{"crime":"Robbery","wtd_curr_yr":7,"wtd_prev_yr":8,"wtd_pct_change":-12.5,"twentyeight_day_curr_yr":39,"twentyeight_day_prev_yr":31,"twentyeight_day_pct_change":25.8,"ytd_curr_yr":297,"ytd_prev_yr":354,"ytd_pct_change":-16.1,"two_year_pct_change":-11.1,"six_year_pct_change":19.3,"twentytwo_year_pct_change":-77},{"crime":"Fel. Assault","wtd_curr_yr":10,"wtd_prev_yr":8,"wtd_pct_change":25,"twentyeight_day_curr_yr":35,"twentyeight_day_prev_yr":25,"twentyeight_day_pct_change":40,"ytd_curr_yr":336,"ytd_prev_yr":286,"ytd_pct_change":17.5,"two_year_pct_change":5.7,"six_year_pct_change":12,"twentytwo_year_pct_change":-50.3},{"crime":"Burglary","wtd_curr_yr":3,"wtd_prev_yr":6,"wtd_pct_change":-50,"twentyeight_day_curr_yr":20,"twentyeight_day_prev_yr":24,"twentyeight_day_pct_change":-16.7,"ytd_curr_yr":191,"ytd_prev_yr":231,"ytd_pct_change":-17.3,"two_year_pct_change":-25.1,"six_year_pct_change":-16.6,"twentytwo_year_pct_change":-78.8},{"crime":"Gr. Larceny","wtd_curr_yr":8,"wtd_prev_yr":14,"wtd_pct_change":-42.9,"twentyeight_day_curr_yr":38,"twentyeight_day_prev_yr":42,"twentyeight_day_pct_change":-9.5,"ytd_curr_yr":382,"ytd_prev_yr":364,"ytd_pct_change":4.9,"two_year_pct_change":3.2,"six_year_pct_change":10.1,"twentytwo_year_pct_change":-59.8},{"crime":"G.L.A.","wtd_curr_yr":5,"wtd_prev_yr":2,"wtd_pct_change":150,"twentyeight_day_curr_yr":6,"twentyeight_day_prev_yr":14,"twentyeight_day_pct_change":-57.1,"ytd_curr_yr":108,"ytd_prev_yr":134,"ytd_pct_change":-19.4,"two_year_pct_change":-21.2,"six_year_pct_change":-20,"twentytwo_year_pct_change":-91.1},{"crime":"TOTAL","wtd_curr_yr":35,"wtd_prev_yr":40,"wtd_pct_change":-12.5,"twentyeight_day_curr_yr":140,"twentyeight_day_prev_yr":143,"twentyeight_day_pct_change":-2.1,"ytd_curr_yr":1337,"ytd_prev_yr":1412,"ytd_pct_change":-5.31,"two_year_pct_change":-7.92,"six_year_pct_change":3.4,"twentytwo_year_pct_change":-73.86},{"crime":"Transit","wtd_curr_yr":0,"wtd_prev_yr":3,"wtd_pct_change":-100,"twentyeight_day_curr_yr":1,"twentyeight_day_prev_yr":5,"twentyeight_day_pct_change":-80,"ytd_curr_yr":19,"ytd_prev_yr":31,"ytd_pct_change":-38.7,"two_year_pct_change":-24,"six_year_pct_change":137.5,"twentytwo_year_pct_change":null},{"crime":"Housing","wtd_curr_yr":1,"wtd_prev_yr":1,"wtd_pct_change":0,"twentyeight_day_curr_yr":2,"twentyeight_day_prev_yr":2,"twentyeight_day_pct_change":0,"ytd_curr_yr":24,"ytd_prev_yr":30,"ytd_pct_change":-20,"two_year_pct_change":-33.3,"six_year_pct_change":9.1,"twentytwo_year_pct_change":null},{"crime":"Petit Larceny","wtd_curr_yr":27,"wtd_prev_yr":23,"wtd_pct_change":17.4,"twentyeight_day_curr_yr":96,"twentyeight_day_prev_yr":94,"twentyeight_day_pct_change":2.1,"ytd_curr_yr":949,"ytd_prev_yr":877,"ytd_pct_change":8.2,"two_year_pct_change":18.5,"six_year_pct_change":17.6,"twentytwo_year_pct_change":null},{"crime":"Misd. Assault","wtd_curr_yr":10,"wtd_prev_yr":25,"wtd_pct_change":-60,"twentyeight_day_curr_yr":58,"twentyeight_day_prev_yr":68,"twentyeight_day_pct_change":-14.7,"ytd_curr_yr":697,"ytd_prev_yr":753,"ytd_pct_change":-7.4,"two_year_pct_change":6.1,"six_year_pct_change":22.5,"twentytwo_year_pct_change":null},{"crime":"Misd. Sex Crimes","wtd_curr_yr":3,"wtd_prev_yr":1,"wtd_pct_change":200,"twentyeight_day_curr_yr":3,"twentyeight_day_prev_yr":3,"twentyeight_day_pct_change":0,"ytd_curr_yr":28,"ytd_prev_yr":24,"ytd_pct_change":16.7,"two_year_pct_change":-24.3,"six_year_pct_change":-3.4,"twentytwo_year_pct_change":null},{"crime":"Shooting Vic.","wtd_curr_yr":1,"wtd_prev_yr":0,"wtd_pct_change":null,"twentyeight_day_curr_yr":3,"twentyeight_day_prev_yr":3,"twentyeight_day_pct_change":0,"ytd_curr_yr":20,"ytd_prev_yr":28,"ytd_pct_change":-28.6,"two_year_pct_change":-48.7,"six_year_pct_change":-42.9,"twentytwo_year_pct_change":-83.1},{"crime":"Shooting Inc.","wtd_curr_yr":1,"wtd_prev_yr":0,"wtd_pct_change":null,"twentyeight_day_curr_yr":3,"twentyeight_day_prev_yr":2,"twentyeight_day_pct_change":50,"ytd_curr_yr":16,"ytd_prev_yr":25,"ytd_pct_change":-36,"two_year_pct_change":-54.3,"six_year_pct_change":-42.9,"twentytwo_year_pct_change":-85.3}],"historical":[{"yr_1990":38,"yr_1993":28,"yr_1998":16,"yr_2001":10,"yr_2013":8,"pct_change_13vs01":-20,"pct_change_13vs98":-50,"pct_change_13vs93":-71.4,"pct_change_13vs90":-78.9,"crime":"Murder"},{"yr_1990":60,"yr_1993":74,"yr_1998":45,"yr_2001":27,"yr_2013":37,"pct_change_13vs01":37,"pct_change_13vs98":-17.8,"pct_change_13vs93":-50,"pct_change_13vs90":-38.3,"crime":"Rape"},{"yr_1990":1846,"yr_1993":1742,"yr_1998":751,"yr_2001":530,"yr_2013":438,"pct_change_13vs01":-17.4,"pct_change_13vs98":-41.7,"pct_change_13vs93":-74.9,"pct_change_13vs90":-76.3,"crime":"Robbery"},{"yr_1990":958,"yr_1993":853,"yr_1998":611,"yr_2001":406,"yr_2013":369,"pct_change_13vs01":-9.1,"pct_change_13vs98":-39.6,"pct_change_13vs93":-56.7,"pct_change_13vs90":-61.5,"crime":"Fel. Assault"},{"yr_1990":1592,"yr_1993":1166,"yr_1998":598,"yr_2001":449,"yr_2013":300,"pct_change_13vs01":-33.2,"pct_change_13vs98":-49.8,"pct_change_13vs93":-74.3,"pct_change_13vs90":-81.2,"crime":"Burglary"},{"yr_1990":1277,"yr_1993":1214,"yr_1998":578,"yr_2001":587,"yr_2013":487,"pct_change_13vs01":-17,"pct_change_13vs98":-15.7,"pct_change_13vs93":-59.9,"pct_change_13vs90":-61.9,"crime":"Gr. Larceny"},{"yr_1990":1889,"yr_1993":1591,"yr_1998":602,"yr_2001":472,"yr_2013":172,"pct_change_13vs01":-63.6,"pct_change_13vs98":-71.4,"pct_change_13vs93":-89.2,"pct_change_13vs90":-90.9,"crime":"G.L.A."},{"yr_1990":7660,"yr_1993":6668,"yr_1998":3201,"yr_2001":2481,"yr_2013":1811,"pct_change_13vs01":-27.01,"pct_change_13vs98":-43.42,"pct_change_13vs93":-72.84,"pct_change_13vs90":-76.36,"crime":"TOTAL"}]}