{"mayor":"Bill de Blasio","commissioner":"William J. Bratton","volume":21,"number":35,"precinct":"107th","startDate":"2014-08-25T04:00:00.000Z","endDate":"2014-08-31T04:00:00.000Z","crimes":[{"crime":"Murder","wtd_curr_yr":0,"wtd_prev_yr":0,"wtd_pct_change":null,"twentyeight_day_curr_yr":0,"twentyeight_day_prev_yr":0,"twentyeight_day_pct_change":null,"ytd_curr_yr":0,"ytd_prev_yr":1,"ytd_pct_change":-100,"two_year_pct_change":-100,"six_year_pct_change":-100,"twentytwo_year_pct_change":-100},{"crime":"Rape","wtd_curr_yr":0,"wtd_prev_yr":0,"wtd_pct_change":null,"twentyeight_day_curr_yr":2,"twentyeight_day_prev_yr":0,"twentyeight_day_pct_change":null,"ytd_curr_yr":16,"ytd_prev_yr":6,"ytd_pct_change":166.7,"two_year_pct_change":128.6,"six_year_pct_change":220,"twentytwo_year_pct_change":-30.4},{"crime":"Robbery","wtd_curr_yr":1,"wtd_prev_yr":5,"wtd_pct_change":-80,"twentyeight_day_curr_yr":13,"twentyeight_day_prev_yr":21,"twentyeight_day_pct_change":-38.1,"ytd_curr_yr":122,"ytd_prev_yr":149,"ytd_pct_change":-18.1,"two_year_pct_change":-24.2,"six_year_pct_change":-24.7,"twentytwo_year_pct_change":-79.9},{"crime":"Fel. Assault","wtd_curr_yr":1,"wtd_prev_yr":3,"wtd_pct_change":-66.7,"twentyeight_day_curr_yr":4,"twentyeight_day_prev_yr":9,"twentyeight_day_pct_change":-55.6,"ytd_curr_yr":69,"ytd_prev_yr":92,"ytd_pct_change":-25,"two_year_pct_change":-20.7,"six_year_pct_change":9.5,"twentytwo_year_pct_change":-59.2},{"crime":"Burglary","wtd_curr_yr":6,"wtd_prev_yr":4,"wtd_pct_change":50,"twentyeight_day_curr_yr":13,"twentyeight_day_prev_yr":20,"twentyeight_day_pct_change":-35,"ytd_curr_yr":114,"ytd_prev_yr":173,"ytd_pct_change":-34.1,"two_year_pct_change":-36.7,"six_year_pct_change":-36.7,"twentytwo_year_pct_change":-88.6},{"crime":"Gr. Larceny","wtd_curr_yr":7,"wtd_prev_yr":10,"wtd_pct_change":-30,"twentyeight_day_curr_yr":35,"twentyeight_day_prev_yr":41,"twentyeight_day_pct_change":-14.6,"ytd_curr_yr":284,"ytd_prev_yr":310,"ytd_pct_change":-8.4,"two_year_pct_change":-1.7,"six_year_pct_change":-7.8,"twentytwo_year_pct_change":-29.9},{"crime":"G.L.A.","wtd_curr_yr":3,"wtd_prev_yr":0,"wtd_pct_change":null,"twentyeight_day_curr_yr":14,"twentyeight_day_prev_yr":9,"twentyeight_day_pct_change":55.6,"ytd_curr_yr":98,"ytd_prev_yr":86,"ytd_pct_change":14,"two_year_pct_change":-4.9,"six_year_pct_change":-29.5,"twentytwo_year_pct_change":-97},{"crime":"TOTAL","wtd_curr_yr":18,"wtd_prev_yr":22,"wtd_pct_change":-18.18,"twentyeight_day_curr_yr":81,"twentyeight_day_prev_yr":100,"twentyeight_day_pct_change":-19,"ytd_curr_yr":703,"ytd_prev_yr":817,"ytd_pct_change":-13.95,"two_year_pct_change":-15.1,"six_year_pct_change":-18.16,"twentytwo_year_pct_change":-87.07},{"crime":"Transit","wtd_curr_yr":0,"wtd_prev_yr":0,"wtd_pct_change":null,"twentyeight_day_curr_yr":0,"twentyeight_day_prev_yr":1,"twentyeight_day_pct_change":-100,"ytd_curr_yr":14,"ytd_prev_yr":18,"ytd_pct_change":-22.2,"two_year_pct_change":-22.2,"six_year_pct_change":-26.3,"twentytwo_year_pct_change":null},{"crime":"Housing","wtd_curr_yr":0,"wtd_prev_yr":1,"wtd_pct_change":-100,"twentyeight_day_curr_yr":3,"twentyeight_day_prev_yr":2,"twentyeight_day_pct_change":50,"ytd_curr_yr":34,"ytd_prev_yr":32,"ytd_pct_change":6.2,"two_year_pct_change":0,"six_year_pct_change":70,"twentytwo_year_pct_change":null},{"crime":"Petit Larceny","wtd_curr_yr":26,"wtd_prev_yr":29,"wtd_pct_change":-10.3,"twentyeight_day_curr_yr":88,"twentyeight_day_prev_yr":67,"twentyeight_day_pct_change":31.3,"ytd_curr_yr":515,"ytd_prev_yr":544,"ytd_pct_change":-5.3,"two_year_pct_change":1,"six_year_pct_change":-16.1,"twentytwo_year_pct_change":null},{"crime":"Misd. Assault","wtd_curr_yr":6,"wtd_prev_yr":8,"wtd_pct_change":-25,"twentyeight_day_curr_yr":23,"twentyeight_day_prev_yr":30,"twentyeight_day_pct_change":-23.3,"ytd_curr_yr":235,"ytd_prev_yr":240,"ytd_pct_change":-2.1,"two_year_pct_change":0,"six_year_pct_change":-24.9,"twentytwo_year_pct_change":null},{"crime":"Misd. Sex Crimes","wtd_curr_yr":1,"wtd_prev_yr":0,"wtd_pct_change":null,"twentyeight_day_curr_yr":3,"twentyeight_day_prev_yr":2,"twentyeight_day_pct_change":50,"ytd_curr_yr":18,"ytd_prev_yr":19,"ytd_pct_change":-5.3,"two_year_pct_change":0,"six_year_pct_change":-5.3,"twentytwo_year_pct_change":null},{"crime":"Shooting Vic.","wtd_curr_yr":0,"wtd_prev_yr":0,"wtd_pct_change":null,"twentyeight_day_curr_yr":0,"twentyeight_day_prev_yr":0,"twentyeight_day_pct_change":null,"ytd_curr_yr":3,"ytd_prev_yr":2,"ytd_pct_change":50,"two_year_pct_change":50,"six_year_pct_change":0,"twentytwo_year_pct_change":-70},{"crime":"Shooting Inc.","wtd_curr_yr":0,"wtd_prev_yr":0,"wtd_pct_change":null,"twentyeight_day_curr_yr":0,"twentyeight_day_prev_yr":0,"twentyeight_day_pct_change":null,"ytd_curr_yr":3,"ytd_prev_yr":2,"ytd_pct_change":50,"two_year_pct_change":50,"six_year_pct_change":0,"twentytwo_year_pct_change":-70}],"historical":[{"yr_1990":14,"yr_1993":8,"yr_1998":5,"yr_2001":4,"yr_2013":1,"pct_change_13vs01":-75,"pct_change_13vs98":-80,"pct_change_13vs93":-87.5,"pct_change_13vs90":-92.9,"crime":"Murder"},{"yr_1990":24,"yr_1993":32,"yr_1998":30,"yr_2001":15,"yr_2013":7,"pct_change_13vs01":-53.3,"pct_change_13vs98":-76.7,"pct_change_13vs93":-78.1,"pct_change_13vs90":-70.8,"crime":"Rape"},{"yr_1990":1039,"yr_1993":514,"yr_1998":375,"yr_2001":242,"yr_2013":-35.5,"pct_change_13vs01":-52.9,"pct_change_13vs98":-76.7,"pct_change_13vs93":-72.9,"pct_change_13vs90":null,"crime":"Robbery 893"},{"yr_1990":260,"yr_1993":239,"yr_1998":226,"yr_2001":153,"yr_2013":138,"pct_change_13vs01":-9.8,"pct_change_13vs98":-38.9,"pct_change_13vs93":-42.3,"pct_change_13vs90":-46.9,"crime":"Fel. Assault"},{"yr_1990":2152,"yr_1993":1425,"yr_1998":862,"yr_2001":632,"yr_2013":244,"pct_change_13vs01":-61.4,"pct_change_13vs98":-71.7,"pct_change_13vs93":-82.9,"pct_change_13vs90":-88.7,"crime":"Burglary"},{"yr_1990":805,"yr_1993":616,"yr_1998":614,"yr_2001":572,"yr_2013":517,"pct_change_13vs01":-9.6,"pct_change_13vs98":-15.8,"pct_change_13vs93":-16.1,"pct_change_13vs90":-35.8,"crime":"Gr. Larceny"},{"yr_1990":5535,"yr_1993":4902,"yr_1998":1560,"yr_2001":802,"yr_2013":149,"pct_change_13vs01":-81.4,"pct_change_13vs98":-90.4,"pct_change_13vs93":-97,"pct_change_13vs90":-97.3,"crime":"G.L.A."},{"yr_1990":9683,"yr_1993":8261,"yr_1998":3811,"yr_2001":2553,"yr_2013":1298,"pct_change_13vs01":-49.16,"pct_change_13vs98":-65.94,"pct_change_13vs93":-84.29,"pct_change_13vs90":-86.6,"crime":"TOTAL"}]}