{"mayor":"Bill de Blasio","commissioner":"William J. Bratton","volume":21,"number":2,"precinct":"108th","startDate":"2014-01-06T05:00:00.000Z","endDate":"2014-01-12T05:00:00.000Z","crimes":[{"crime":"Murder","wtd_curr_yr":0,"wtd_prev_yr":0,"wtd_pct_change":null,"twentyeight_day_curr_yr":0,"twentyeight_day_prev_yr":1,"twentyeight_day_pct_change":-100,"ytd_curr_yr":0,"ytd_prev_yr":0,"ytd_pct_change":null,"two_year_pct_change":null,"six_year_pct_change":-100,"twentytwo_year_pct_change":null},{"crime":"Rape","wtd_curr_yr":0,"wtd_prev_yr":0,"wtd_pct_change":null,"twentyeight_day_curr_yr":1,"twentyeight_day_prev_yr":0,"twentyeight_day_pct_change":null,"ytd_curr_yr":1,"ytd_prev_yr":0,"ytd_pct_change":null,"two_year_pct_change":null,"six_year_pct_change":-50,"twentytwo_year_pct_change":0},{"crime":"Robbery","wtd_curr_yr":9,"wtd_prev_yr":8,"wtd_pct_change":12.5,"twentyeight_day_curr_yr":19,"twentyeight_day_prev_yr":16,"twentyeight_day_pct_change":18.8,"ytd_curr_yr":12,"ytd_prev_yr":9,"ytd_pct_change":33.3,"two_year_pct_change":71.4,"six_year_pct_change":-7.7,"twentytwo_year_pct_change":-74.5},{"crime":"Fel. Assault","wtd_curr_yr":1,"wtd_prev_yr":1,"wtd_pct_change":0,"twentyeight_day_curr_yr":13,"twentyeight_day_prev_yr":11,"twentyeight_day_pct_change":18.2,"ytd_curr_yr":2,"ytd_prev_yr":4,"ytd_pct_change":-50,"two_year_pct_change":-66.7,"six_year_pct_change":0,"twentytwo_year_pct_change":-81.8},{"crime":"Burglary","wtd_curr_yr":2,"wtd_prev_yr":7,"wtd_pct_change":-71.4,"twentyeight_day_curr_yr":33,"twentyeight_day_prev_yr":18,"twentyeight_day_pct_change":83.3,"ytd_curr_yr":6,"ytd_prev_yr":8,"ytd_pct_change":-25,"two_year_pct_change":-57.1,"six_year_pct_change":-66.7,"twentytwo_year_pct_change":-87.2},{"crime":"Gr. Larceny","wtd_curr_yr":9,"wtd_prev_yr":15,"wtd_pct_change":-40,"twentyeight_day_curr_yr":35,"twentyeight_day_prev_yr":48,"twentyeight_day_pct_change":-27.1,"ytd_curr_yr":13,"ytd_prev_yr":19,"ytd_pct_change":-31.6,"two_year_pct_change":-38.1,"six_year_pct_change":-31.6,"twentytwo_year_pct_change":-51.9},{"crime":"G.L.A.","wtd_curr_yr":3,"wtd_prev_yr":2,"wtd_pct_change":50,"twentyeight_day_curr_yr":7,"twentyeight_day_prev_yr":10,"twentyeight_day_pct_change":-30,"ytd_curr_yr":4,"ytd_prev_yr":5,"ytd_pct_change":-20,"two_year_pct_change":-42.9,"six_year_pct_change":-81.8,"twentytwo_year_pct_change":-93.9},{"crime":"TOTAL","wtd_curr_yr":24,"wtd_prev_yr":33,"wtd_pct_change":-27.27,"twentyeight_day_curr_yr":108,"twentyeight_day_prev_yr":104,"twentyeight_day_pct_change":3.85,"ytd_curr_yr":38,"ytd_prev_yr":45,"ytd_pct_change":-15.56,"two_year_pct_change":-30.91,"six_year_pct_change":-50.65,"twentytwo_year_pct_change":-80.9},{"crime":"Petit Larceny","wtd_curr_yr":12,"wtd_prev_yr":15,"wtd_pct_change":-20,"twentyeight_day_curr_yr":65,"twentyeight_day_prev_yr":47,"twentyeight_day_pct_change":38.3,"ytd_curr_yr":15,"ytd_prev_yr":22,"ytd_pct_change":-31.8,"two_year_pct_change":-42.3,"six_year_pct_change":null,"twentytwo_year_pct_change":null},{"crime":"Misd. Assault","wtd_curr_yr":7,"wtd_prev_yr":6,"wtd_pct_change":16.7,"twentyeight_day_curr_yr":35,"twentyeight_day_prev_yr":34,"twentyeight_day_pct_change":2.9,"ytd_curr_yr":15,"ytd_prev_yr":10,"ytd_pct_change":50,"two_year_pct_change":15.4,"six_year_pct_change":null,"twentytwo_year_pct_change":null},{"crime":"Misd. Sex Crimes","wtd_curr_yr":0,"wtd_prev_yr":2,"wtd_pct_change":-100,"twentyeight_day_curr_yr":2,"twentyeight_day_prev_yr":4,"twentyeight_day_pct_change":-50,"ytd_curr_yr":1,"ytd_prev_yr":4,"ytd_pct_change":-75,"two_year_pct_change":0,"six_year_pct_change":null,"twentytwo_year_pct_change":null},{"crime":"Shooting Vic.","wtd_curr_yr":0,"wtd_prev_yr":0,"wtd_pct_change":null,"twentyeight_day_curr_yr":0,"twentyeight_day_prev_yr":0,"twentyeight_day_pct_change":null,"ytd_curr_yr":0,"ytd_prev_yr":0,"ytd_pct_change":null,"two_year_pct_change":null,"six_year_pct_change":-100,"twentytwo_year_pct_change":-100},{"crime":"Shooting Inc.","wtd_curr_yr":0,"wtd_prev_yr":0,"wtd_pct_change":null,"twentyeight_day_curr_yr":0,"twentyeight_day_prev_yr":0,"twentyeight_day_pct_change":null,"ytd_curr_yr":0,"ytd_prev_yr":0,"ytd_pct_change":null,"two_year_pct_change":null,"six_year_pct_change":-100,"twentytwo_year_pct_change":-100}],"historical":[{"yr_1990":16,"yr_1993":10,"yr_1998":5,"yr_2001":3,"yr_2013":4,"pct_change_13vs01":33.3,"pct_change_13vs98":-20,"pct_change_13vs93":-60,"pct_change_13vs90":-75,"crime":"Murder"},{"yr_1990":22,"yr_1993":12,"yr_1998":24,"yr_2001":18,"yr_2013":15,"pct_change_13vs01":-16.7,"pct_change_13vs98":-37.5,"pct_change_13vs93":25,"pct_change_13vs90":-31.8,"crime":"Rape"},{"yr_1990":1372,"yr_1993":1026,"yr_1998":464,"yr_2001":313,"yr_2013":160,"pct_change_13vs01":-48.9,"pct_change_13vs98":-65.5,"pct_change_13vs93":-84.4,"pct_change_13vs90":-88.3,"crime":"Robbery"},{"yr_1990":290,"yr_1993":317,"yr_1998":248,"yr_2001":147,"yr_2013":170,"pct_change_13vs01":15.6,"pct_change_13vs98":-31.5,"pct_change_13vs93":-46.4,"pct_change_13vs90":-41.4,"crime":"Fel. Assault"},{"yr_1990":2062,"yr_1993":1563,"yr_1998":971,"yr_2001":564,"yr_2013":244,"pct_change_13vs01":-56.7,"pct_change_13vs98":-74.9,"pct_change_13vs93":-84.4,"pct_change_13vs90":-88.2,"crime":"Burglary"},{"yr_1990":1150,"yr_1993":914,"yr_1998":605,"yr_2001":570,"yr_2013":572,"pct_change_13vs01":0.4,"pct_change_13vs98":-5.5,"pct_change_13vs93":-37.4,"pct_change_13vs90":-50.3,"crime":"Gr. Larceny"},{"yr_1990":2945,"yr_1993":2123,"yr_1998":942,"yr_2001":704,"yr_2013":166,"pct_change_13vs01":-76.4,"pct_change_13vs98":-82.4,"pct_change_13vs93":-92.2,"pct_change_13vs90":-94.4,"crime":"G.L.A."},{"yr_1990":7857,"yr_1993":5965,"yr_1998":3259,"yr_2001":2319,"yr_2013":1331,"pct_change_13vs01":-42.6,"pct_change_13vs98":-59.16,"pct_change_13vs93":-77.69,"pct_change_13vs90":-83.06,"crime":"TOTAL"}]}