{"mayor":"Bill de Blasio","commissioner":"William J. Bratton","volume":21,"number":14,"precinct":"106th","startDate":"2014-03-31T04:00:00.000Z","endDate":"2014-04-06T04:00:00.000Z","crimes":[{"crime":"Murder","wtd_curr_yr":0,"wtd_prev_yr":0,"wtd_pct_change":null,"twentyeight_day_curr_yr":0,"twentyeight_day_prev_yr":0,"twentyeight_day_pct_change":null,"ytd_curr_yr":0,"ytd_prev_yr":2,"ytd_pct_change":-100,"two_year_pct_change":-100,"six_year_pct_change":-100,"twentytwo_year_pct_change":-100},{"crime":"Rape","wtd_curr_yr":0,"wtd_prev_yr":2,"wtd_pct_change":-100,"twentyeight_day_curr_yr":1,"twentyeight_day_prev_yr":2,"twentyeight_day_pct_change":-50,"ytd_curr_yr":6,"ytd_prev_yr":2,"ytd_pct_change":200,"two_year_pct_change":50,"six_year_pct_change":100,"twentytwo_year_pct_change":-25},{"crime":"Robbery","wtd_curr_yr":2,"wtd_prev_yr":5,"wtd_pct_change":-60,"twentyeight_day_curr_yr":19,"twentyeight_day_prev_yr":13,"twentyeight_day_pct_change":46.2,"ytd_curr_yr":61,"ytd_prev_yr":66,"ytd_pct_change":-7.6,"two_year_pct_change":-19.7,"six_year_pct_change":24.5,"twentytwo_year_pct_change":-77.4},{"crime":"Fel. Assault","wtd_curr_yr":4,"wtd_prev_yr":3,"wtd_pct_change":33.3,"twentyeight_day_curr_yr":15,"twentyeight_day_prev_yr":17,"twentyeight_day_pct_change":-11.8,"ytd_curr_yr":58,"ytd_prev_yr":56,"ytd_pct_change":3.6,"two_year_pct_change":41.5,"six_year_pct_change":70.6,"twentytwo_year_pct_change":-31.8},{"crime":"Burglary","wtd_curr_yr":2,"wtd_prev_yr":9,"wtd_pct_change":-77.8,"twentyeight_day_curr_yr":21,"twentyeight_day_prev_yr":28,"twentyeight_day_pct_change":-25,"ytd_curr_yr":79,"ytd_prev_yr":106,"ytd_pct_change":-25.5,"two_year_pct_change":-12.2,"six_year_pct_change":0,"twentytwo_year_pct_change":-76.5},{"crime":"Gr. Larceny","wtd_curr_yr":8,"wtd_prev_yr":11,"wtd_pct_change":-27.3,"twentyeight_day_curr_yr":39,"twentyeight_day_prev_yr":31,"twentyeight_day_pct_change":25.8,"ytd_curr_yr":125,"ytd_prev_yr":132,"ytd_pct_change":-5.3,"two_year_pct_change":17.9,"six_year_pct_change":42,"twentytwo_year_pct_change":-15.5},{"crime":"G.L.A.","wtd_curr_yr":1,"wtd_prev_yr":2,"wtd_pct_change":-50,"twentyeight_day_curr_yr":17,"twentyeight_day_prev_yr":10,"twentyeight_day_pct_change":70,"ytd_curr_yr":65,"ytd_prev_yr":35,"ytd_pct_change":85.7,"two_year_pct_change":16.1,"six_year_pct_change":-5.8,"twentytwo_year_pct_change":-92.9},{"crime":"TOTAL","wtd_curr_yr":17,"wtd_prev_yr":32,"wtd_pct_change":-46.88,"twentyeight_day_curr_yr":112,"twentyeight_day_prev_yr":101,"twentyeight_day_pct_change":10.89,"ytd_curr_yr":394,"ytd_prev_yr":399,"ytd_pct_change":-1.25,"two_year_pct_change":5.35,"six_year_pct_change":21.98,"twentytwo_year_pct_change":-77.78},{"crime":"Transit","wtd_curr_yr":1,"wtd_prev_yr":1,"wtd_pct_change":0,"twentyeight_day_curr_yr":4,"twentyeight_day_prev_yr":1,"twentyeight_day_pct_change":300,"ytd_curr_yr":10,"ytd_prev_yr":7,"ytd_pct_change":42.9,"two_year_pct_change":150,"six_year_pct_change":150,"twentytwo_year_pct_change":null},{"crime":"Housing","wtd_curr_yr":0,"wtd_prev_yr":0,"wtd_pct_change":null,"twentyeight_day_curr_yr":0,"twentyeight_day_prev_yr":0,"twentyeight_day_pct_change":null,"ytd_curr_yr":0,"ytd_prev_yr":0,"ytd_pct_change":null,"two_year_pct_change":null,"six_year_pct_change":null,"twentytwo_year_pct_change":null},{"crime":"Petit Larceny","wtd_curr_yr":14,"wtd_prev_yr":15,"wtd_pct_change":-6.7,"twentyeight_day_curr_yr":61,"twentyeight_day_prev_yr":54,"twentyeight_day_pct_change":13,"ytd_curr_yr":204,"ytd_prev_yr":203,"ytd_pct_change":0.5,"two_year_pct_change":-15,"six_year_pct_change":-2.4,"twentytwo_year_pct_change":null},{"crime":"Misd. Assault","wtd_curr_yr":14,"wtd_prev_yr":4,"wtd_pct_change":250,"twentyeight_day_curr_yr":39,"twentyeight_day_prev_yr":18,"twentyeight_day_pct_change":116.7,"ytd_curr_yr":113,"ytd_prev_yr":95,"ytd_pct_change":18.9,"two_year_pct_change":0.9,"six_year_pct_change":0,"twentytwo_year_pct_change":null},{"crime":"Misd. Sex Crimes","wtd_curr_yr":0,"wtd_prev_yr":1,"wtd_pct_change":-100,"twentyeight_day_curr_yr":1,"twentyeight_day_prev_yr":2,"twentyeight_day_pct_change":-50,"ytd_curr_yr":4,"ytd_prev_yr":6,"ytd_pct_change":-33.3,"two_year_pct_change":-42.9,"six_year_pct_change":-33.3,"twentytwo_year_pct_change":null},{"crime":"Shooting Vic.","wtd_curr_yr":0,"wtd_prev_yr":0,"wtd_pct_change":null,"twentyeight_day_curr_yr":0,"twentyeight_day_prev_yr":0,"twentyeight_day_pct_change":null,"ytd_curr_yr":0,"ytd_prev_yr":4,"ytd_pct_change":-100,"two_year_pct_change":-100,"six_year_pct_change":-100,"twentytwo_year_pct_change":-100},{"crime":"Shooting Inc.","wtd_curr_yr":0,"wtd_prev_yr":0,"wtd_pct_change":null,"twentyeight_day_curr_yr":0,"twentyeight_day_prev_yr":0,"twentyeight_day_pct_change":null,"ytd_curr_yr":0,"ytd_prev_yr":3,"ytd_pct_change":-100,"two_year_pct_change":-100,"six_year_pct_change":-100,"twentytwo_year_pct_change":-100}],"historical":[{"yr_1990":15,"yr_1993":21,"yr_1995":14,"yr_2001":4,"yr_2013":6,"pct_change_13vs01":50,"pct_change_13vs95":-57.1,"pct_change_13vs93":-71.4,"pct_change_13vs90":-60,"crime":"Murder"},{"yr_1990":31,"yr_1993":33,"yr_1995":31,"yr_2001":19,"yr_2013":19,"pct_change_13vs01":0,"pct_change_13vs95":-38.7,"pct_change_13vs93":-42.4,"pct_change_13vs90":-38.7,"crime":"Rape"},{"yr_1990":832,"yr_1993":891,"yr_1995":756,"yr_2001":344,"yr_2013":328,"pct_change_13vs01":-4.7,"pct_change_13vs95":-56.6,"pct_change_13vs93":-63.2,"pct_change_13vs90":-60.6,"crime":"Robbery"},{"yr_1990":329,"yr_1993":408,"yr_1995":308,"yr_2001":241,"yr_2013":253,"pct_change_13vs01":5,"pct_change_13vs95":-17.9,"pct_change_13vs93":-38,"pct_change_13vs90":-23.1,"crime":"Fel. Assault"},{"yr_1990":1348,"yr_1993":1230,"yr_1995":978,"yr_2001":417,"yr_2013":346,"pct_change_13vs01":-17,"pct_change_13vs95":-64.6,"pct_change_13vs93":-71.9,"pct_change_13vs90":-74.3,"crime":"Burglary"},{"yr_1990":715,"yr_1993":595,"yr_1995":527,"yr_2001":381,"yr_2013":522,"pct_change_13vs01":37,"pct_change_13vs95":-0.9,"pct_change_13vs93":-12.3,"pct_change_13vs90":-27,"crime":"Gr. Larceny"},{"yr_1990":3071,"yr_1993":3304,"yr_1995":1918,"yr_2001":778,"yr_2013":191,"pct_change_13vs01":-75.4,"pct_change_13vs95":-90,"pct_change_13vs93":-94.2,"pct_change_13vs90":-93.8,"crime":"G.L.A."},{"yr_1990":6341,"yr_1993":6482,"yr_1995":4532,"yr_2001":2184,"yr_2013":1665,"pct_change_13vs01":-23.76,"pct_change_13vs95":-63.26,"pct_change_13vs93":-74.31,"pct_change_13vs90":-73.74,"crime":"TOTAL"}]}