{"mayor":"Bill de Blasio","commissioner":"William J. Bratton","volume":21,"number":36,"precinct":"100th","startDate":"2014-09-01T04:00:00.000Z","endDate":"2014-09-07T04:00:00.000Z","crimes":[{"crime":"Murder","wtd_curr_yr":0,"wtd_prev_yr":0,"wtd_pct_change":null,"twentyeight_day_curr_yr":0,"twentyeight_day_prev_yr":0,"twentyeight_day_pct_change":null,"ytd_curr_yr":1,"ytd_prev_yr":1,"ytd_pct_change":0,"two_year_pct_change":0,"six_year_pct_change":-50,"twentytwo_year_pct_change":-75},{"crime":"Rape","wtd_curr_yr":2,"wtd_prev_yr":0,"wtd_pct_change":null,"twentyeight_day_curr_yr":2,"twentyeight_day_prev_yr":0,"twentyeight_day_pct_change":null,"ytd_curr_yr":5,"ytd_prev_yr":1,"ytd_pct_change":400,"two_year_pct_change":25,"six_year_pct_change":66.7,"twentytwo_year_pct_change":-50},{"crime":"Robbery","wtd_curr_yr":1,"wtd_prev_yr":0,"wtd_pct_change":null,"twentyeight_day_curr_yr":6,"twentyeight_day_prev_yr":6,"twentyeight_day_pct_change":0,"ytd_curr_yr":46,"ytd_prev_yr":39,"ytd_pct_change":17.9,"two_year_pct_change":12.2,"six_year_pct_change":17.9,"twentytwo_year_pct_change":-75.1},{"crime":"Fel. Assault","wtd_curr_yr":3,"wtd_prev_yr":2,"wtd_pct_change":50,"twentyeight_day_curr_yr":11,"twentyeight_day_prev_yr":15,"twentyeight_day_pct_change":-26.7,"ytd_curr_yr":99,"ytd_prev_yr":109,"ytd_pct_change":-9.2,"two_year_pct_change":7.6,"six_year_pct_change":47.8,"twentytwo_year_pct_change":-36.1},{"crime":"Burglary","wtd_curr_yr":3,"wtd_prev_yr":4,"wtd_pct_change":-25,"twentyeight_day_curr_yr":7,"twentyeight_day_prev_yr":11,"twentyeight_day_pct_change":-36.4,"ytd_curr_yr":90,"ytd_prev_yr":112,"ytd_pct_change":-19.6,"two_year_pct_change":12.5,"six_year_pct_change":119.5,"twentytwo_year_pct_change":-70.2},{"crime":"Gr. Larceny","wtd_curr_yr":5,"wtd_prev_yr":9,"wtd_pct_change":-44.4,"twentyeight_day_curr_yr":9,"twentyeight_day_prev_yr":26,"twentyeight_day_pct_change":-65.4,"ytd_curr_yr":125,"ytd_prev_yr":121,"ytd_pct_change":3.3,"two_year_pct_change":-6.7,"six_year_pct_change":81.2,"twentytwo_year_pct_change":-13.2},{"crime":"G.L.A.","wtd_curr_yr":2,"wtd_prev_yr":0,"wtd_pct_change":null,"twentyeight_day_curr_yr":5,"twentyeight_day_prev_yr":2,"twentyeight_day_pct_change":150,"ytd_curr_yr":25,"ytd_prev_yr":8,"ytd_pct_change":212.5,"two_year_pct_change":25,"six_year_pct_change":66.7,"twentytwo_year_pct_change":-89.8},{"crime":"TOTAL","wtd_curr_yr":16,"wtd_prev_yr":15,"wtd_pct_change":6.67,"twentyeight_day_curr_yr":40,"twentyeight_day_prev_yr":60,"twentyeight_day_pct_change":-33.33,"ytd_curr_yr":391,"ytd_prev_yr":391,"ytd_pct_change":0,"two_year_pct_change":5.11,"six_year_pct_change":65.68,"twentytwo_year_pct_change":-62.62},{"crime":"Transit","wtd_curr_yr":0,"wtd_prev_yr":0,"wtd_pct_change":null,"twentyeight_day_curr_yr":2,"twentyeight_day_prev_yr":2,"twentyeight_day_pct_change":0,"ytd_curr_yr":8,"ytd_prev_yr":7,"ytd_pct_change":14.3,"two_year_pct_change":-20,"six_year_pct_change":-38.5,"twentytwo_year_pct_change":null},{"crime":"Housing","wtd_curr_yr":1,"wtd_prev_yr":1,"wtd_pct_change":0,"twentyeight_day_curr_yr":3,"twentyeight_day_prev_yr":5,"twentyeight_day_pct_change":-40,"ytd_curr_yr":20,"ytd_prev_yr":30,"ytd_pct_change":-33.3,"two_year_pct_change":-4.8,"six_year_pct_change":53.8,"twentytwo_year_pct_change":null},{"crime":"Petit Larceny","wtd_curr_yr":7,"wtd_prev_yr":5,"wtd_pct_change":40,"twentyeight_day_curr_yr":33,"twentyeight_day_prev_yr":34,"twentyeight_day_pct_change":-2.9,"ytd_curr_yr":287,"ytd_prev_yr":214,"ytd_pct_change":34.1,"two_year_pct_change":10.8,"six_year_pct_change":50.3,"twentytwo_year_pct_change":null},{"crime":"Misd. Assault","wtd_curr_yr":5,"wtd_prev_yr":7,"wtd_pct_change":-28.6,"twentyeight_day_curr_yr":41,"twentyeight_day_prev_yr":29,"twentyeight_day_pct_change":41.4,"ytd_curr_yr":214,"ytd_prev_yr":196,"ytd_pct_change":9.2,"two_year_pct_change":21.6,"six_year_pct_change":0.9,"twentytwo_year_pct_change":null},{"crime":"Misd. Sex Crimes","wtd_curr_yr":0,"wtd_prev_yr":0,"wtd_pct_change":null,"twentyeight_day_curr_yr":3,"twentyeight_day_prev_yr":0,"twentyeight_day_pct_change":null,"ytd_curr_yr":9,"ytd_prev_yr":3,"ytd_pct_change":200,"two_year_pct_change":-18.2,"six_year_pct_change":12.5,"twentytwo_year_pct_change":null},{"crime":"Shooting Vic.","wtd_curr_yr":0,"wtd_prev_yr":0,"wtd_pct_change":null,"twentyeight_day_curr_yr":0,"twentyeight_day_prev_yr":2,"twentyeight_day_pct_change":-100,"ytd_curr_yr":9,"ytd_prev_yr":8,"ytd_pct_change":12.5,"two_year_pct_change":12.5,"six_year_pct_change":28.6,"twentytwo_year_pct_change":80},{"crime":"Shooting Inc.","wtd_curr_yr":0,"wtd_prev_yr":0,"wtd_pct_change":null,"twentyeight_day_curr_yr":0,"twentyeight_day_prev_yr":2,"twentyeight_day_pct_change":-100,"ytd_curr_yr":9,"ytd_prev_yr":7,"ytd_pct_change":28.6,"two_year_pct_change":28.6,"six_year_pct_change":28.6,"twentytwo_year_pct_change":125}],"historical":[{"yr_1990":7,"yr_1993":5,"yr_1998":0,"yr_2001":1,"yr_2013":3,"pct_change_13vs01":200,"pct_change_13vs98":null,"pct_change_13vs93":-40,"pct_change_13vs90":-57.1,"crime":"Murder"},{"yr_1990":8,"yr_1993":13,"yr_1998":11,"yr_2001":10,"yr_2013":3,"pct_change_13vs01":-70,"pct_change_13vs98":-72.7,"pct_change_13vs93":-76.9,"pct_change_13vs90":-62.5,"crime":"Rape"},{"yr_1990":279,"yr_1993":278,"yr_1998":133,"yr_2001":63,"yr_2013":61,"pct_change_13vs01":-3.2,"pct_change_13vs98":-54.1,"pct_change_13vs93":-78.1,"pct_change_13vs90":-78.1,"crime":"Robbery"},{"yr_1990":242,"yr_1993":212,"yr_1998":142,"yr_2001":93,"yr_2013":147,"pct_change_13vs01":58.1,"pct_change_13vs98":3.5,"pct_change_13vs93":-30.7,"pct_change_13vs90":-39.3,"crime":"Fel. Assault"},{"yr_1990":426,"yr_1993":432,"yr_1998":177,"yr_2001":115,"yr_2013":151,"pct_change_13vs01":31.3,"pct_change_13vs98":-14.7,"pct_change_13vs93":-65,"pct_change_13vs90":-64.6,"crime":"Burglary"},{"yr_1990":202,"yr_1993":194,"yr_1998":115,"yr_2001":94,"yr_2013":173,"pct_change_13vs01":84,"pct_change_13vs98":50.4,"pct_change_13vs93":-10.8,"pct_change_13vs90":-14.4,"crime":"Gr. Larceny"},{"yr_1990":417,"yr_1993":310,"yr_1998":88,"yr_2001":71,"yr_2013":20,"pct_change_13vs01":-71.8,"pct_change_13vs98":-77.3,"pct_change_13vs93":-93.5,"pct_change_13vs90":-95.2,"crime":"G.L.A."},{"yr_1990":1581,"yr_1993":1444,"yr_1998":666,"yr_2001":447,"yr_2013":558,"pct_change_13vs01":24.83,"pct_change_13vs98":-16.22,"pct_change_13vs93":-61.36,"pct_change_13vs90":-64.71,"crime":"TOTAL"}]}