{"mayor":"Bill de Blasio","commissioner":"William J. Bratton","volume":21,"number":40,"precinct":"107th","startDate":"2014-09-29T04:00:00.000Z","endDate":"2014-10-05T04:00:00.000Z","crimes":[{"crime":"Murder","wtd_curr_yr":0,"wtd_prev_yr":0,"wtd_pct_change":null,"twentyeight_day_curr_yr":0,"twentyeight_day_prev_yr":0,"twentyeight_day_pct_change":null,"ytd_curr_yr":0,"ytd_prev_yr":1,"ytd_pct_change":-100,"two_year_pct_change":-100,"six_year_pct_change":-100,"twentytwo_year_pct_change":-100},{"crime":"Rape","wtd_curr_yr":0,"wtd_prev_yr":0,"wtd_pct_change":null,"twentyeight_day_curr_yr":1,"twentyeight_day_prev_yr":0,"twentyeight_day_pct_change":null,"ytd_curr_yr":17,"ytd_prev_yr":6,"ytd_pct_change":183.3,"two_year_pct_change":88.9,"six_year_pct_change":240,"twentytwo_year_pct_change":-32},{"crime":"Robbery","wtd_curr_yr":4,"wtd_prev_yr":7,"wtd_pct_change":-42.9,"twentyeight_day_curr_yr":14,"twentyeight_day_prev_yr":22,"twentyeight_day_pct_change":-36.4,"ytd_curr_yr":143,"ytd_prev_yr":173,"ytd_pct_change":-17.3,"two_year_pct_change":-18.8,"six_year_pct_change":-18.8,"twentytwo_year_pct_change":-79.8},{"crime":"Fel. Assault","wtd_curr_yr":0,"wtd_prev_yr":1,"wtd_pct_change":-100,"twentyeight_day_curr_yr":9,"twentyeight_day_prev_yr":14,"twentyeight_day_pct_change":-35.7,"ytd_curr_yr":79,"ytd_prev_yr":108,"ytd_pct_change":-26.9,"two_year_pct_change":-26.2,"six_year_pct_change":17.9,"twentytwo_year_pct_change":-58.2},{"crime":"Burglary","wtd_curr_yr":2,"wtd_prev_yr":2,"wtd_pct_change":0,"twentyeight_day_curr_yr":10,"twentyeight_day_prev_yr":19,"twentyeight_day_pct_change":-47.4,"ytd_curr_yr":129,"ytd_prev_yr":193,"ytd_pct_change":-33.2,"two_year_pct_change":-38.9,"six_year_pct_change":-38.6,"twentytwo_year_pct_change":-88.6},{"crime":"Gr. Larceny","wtd_curr_yr":10,"wtd_prev_yr":14,"wtd_pct_change":-28.6,"twentyeight_day_curr_yr":42,"twentyeight_day_prev_yr":48,"twentyeight_day_pct_change":-12.5,"ytd_curr_yr":340,"ytd_prev_yr":367,"ytd_pct_change":-7.4,"two_year_pct_change":-2.3,"six_year_pct_change":-5.3,"twentytwo_year_pct_change":-26.4},{"crime":"G.L.A.","wtd_curr_yr":3,"wtd_prev_yr":2,"wtd_pct_change":50,"twentyeight_day_curr_yr":17,"twentyeight_day_prev_yr":17,"twentyeight_day_pct_change":0,"ytd_curr_yr":118,"ytd_prev_yr":113,"ytd_pct_change":4.4,"two_year_pct_change":-3.3,"six_year_pct_change":-28.5,"twentytwo_year_pct_change":-96.9},{"crime":"TOTAL","wtd_curr_yr":19,"wtd_prev_yr":26,"wtd_pct_change":-26.92,"twentyeight_day_curr_yr":93,"twentyeight_day_prev_yr":120,"twentyeight_day_pct_change":-22.5,"ytd_curr_yr":826,"ytd_prev_yr":961,"ytd_pct_change":-14.05,"two_year_pct_change":-15.2,"six_year_pct_change":-16.06,"twentytwo_year_pct_change":-86.83},{"crime":"Transit","wtd_curr_yr":1,"wtd_prev_yr":1,"wtd_pct_change":0,"twentyeight_day_curr_yr":4,"twentyeight_day_prev_yr":1,"twentyeight_day_pct_change":300,"ytd_curr_yr":20,"ytd_prev_yr":20,"ytd_pct_change":0,"two_year_pct_change":-9.1,"six_year_pct_change":0,"twentytwo_year_pct_change":null},{"crime":"Housing","wtd_curr_yr":0,"wtd_prev_yr":1,"wtd_pct_change":-100,"twentyeight_day_curr_yr":3,"twentyeight_day_prev_yr":9,"twentyeight_day_pct_change":-66.7,"ytd_curr_yr":40,"ytd_prev_yr":42,"ytd_pct_change":-4.8,"two_year_pct_change":2.6,"six_year_pct_change":66.7,"twentytwo_year_pct_change":null},{"crime":"Petit Larceny","wtd_curr_yr":10,"wtd_prev_yr":19,"wtd_pct_change":-47.4,"twentyeight_day_curr_yr":73,"twentyeight_day_prev_yr":71,"twentyeight_day_pct_change":2.8,"ytd_curr_yr":610,"ytd_prev_yr":626,"ytd_pct_change":-2.6,"two_year_pct_change":4.5,"six_year_pct_change":-15.9,"twentytwo_year_pct_change":null},{"crime":"Misd. Assault","wtd_curr_yr":6,"wtd_prev_yr":7,"wtd_pct_change":-14.3,"twentyeight_day_curr_yr":32,"twentyeight_day_prev_yr":28,"twentyeight_day_pct_change":14.3,"ytd_curr_yr":275,"ytd_prev_yr":276,"ytd_pct_change":-0.4,"two_year_pct_change":1.1,"six_year_pct_change":-21.7,"twentytwo_year_pct_change":null},{"crime":"Misd. Sex Crimes","wtd_curr_yr":0,"wtd_prev_yr":0,"wtd_pct_change":null,"twentyeight_day_curr_yr":2,"twentyeight_day_prev_yr":1,"twentyeight_day_pct_change":100,"ytd_curr_yr":19,"ytd_prev_yr":20,"ytd_pct_change":-5,"two_year_pct_change":-9.5,"six_year_pct_change":-5,"twentytwo_year_pct_change":null},{"crime":"Shooting Vic.","wtd_curr_yr":0,"wtd_prev_yr":0,"wtd_pct_change":null,"twentyeight_day_curr_yr":0,"twentyeight_day_prev_yr":0,"twentyeight_day_pct_change":null,"ytd_curr_yr":3,"ytd_prev_yr":2,"ytd_pct_change":50,"two_year_pct_change":-25,"six_year_pct_change":-25,"twentytwo_year_pct_change":-70},{"crime":"Shooting Inc.","wtd_curr_yr":0,"wtd_prev_yr":0,"wtd_pct_change":null,"twentyeight_day_curr_yr":0,"twentyeight_day_prev_yr":0,"twentyeight_day_pct_change":null,"ytd_curr_yr":3,"ytd_prev_yr":2,"ytd_pct_change":50,"two_year_pct_change":0,"six_year_pct_change":-25,"twentytwo_year_pct_change":-70}],"historical":[{"yr_1990":14,"yr_1993":8,"yr_1998":5,"yr_2001":4,"yr_2013":1,"pct_change_13vs01":-75,"pct_change_13vs98":-80,"pct_change_13vs93":-87.5,"pct_change_13vs90":-92.9,"crime":"Murder"},{"yr_1990":24,"yr_1993":32,"yr_1998":30,"yr_2001":15,"yr_2013":7,"pct_change_13vs01":-53.3,"pct_change_13vs98":-76.7,"pct_change_13vs93":-78.1,"pct_change_13vs90":-70.8,"crime":"Rape"},{"yr_1990":1039,"yr_1993":514,"yr_1998":375,"yr_2001":242,"yr_2013":-35.5,"pct_change_13vs01":-52.9,"pct_change_13vs98":-76.7,"pct_change_13vs93":-72.9,"pct_change_13vs90":null,"crime":"Robbery 893"},{"yr_1990":260,"yr_1993":239,"yr_1998":226,"yr_2001":153,"yr_2013":138,"pct_change_13vs01":-9.8,"pct_change_13vs98":-38.9,"pct_change_13vs93":-42.3,"pct_change_13vs90":-46.9,"crime":"Fel. Assault"},{"yr_1990":2152,"yr_1993":1425,"yr_1998":862,"yr_2001":632,"yr_2013":244,"pct_change_13vs01":-61.4,"pct_change_13vs98":-71.7,"pct_change_13vs93":-82.9,"pct_change_13vs90":-88.7,"crime":"Burglary"},{"yr_1990":805,"yr_1993":616,"yr_1998":614,"yr_2001":572,"yr_2013":517,"pct_change_13vs01":-9.6,"pct_change_13vs98":-15.8,"pct_change_13vs93":-16.1,"pct_change_13vs90":-35.8,"crime":"Gr. Larceny"},{"yr_1990":5535,"yr_1993":4902,"yr_1998":1560,"yr_2001":802,"yr_2013":149,"pct_change_13vs01":-81.4,"pct_change_13vs98":-90.4,"pct_change_13vs93":-97,"pct_change_13vs90":-97.3,"crime":"G.L.A."},{"yr_1990":9683,"yr_1993":8261,"yr_1998":3811,"yr_2001":2553,"yr_2013":1298,"pct_change_13vs01":-49.16,"pct_change_13vs98":-65.94,"pct_change_13vs93":-84.29,"pct_change_13vs90":-86.6,"crime":"TOTAL"}]}