{"mayor":"Bill de Blasio","commissioner":"William J. Bratton","volume":21,"number":20,"precinct":"103rd","startDate":"2014-05-12T04:00:00.000Z","endDate":"2014-05-18T04:00:00.000Z","crimes":[{"crime":"Murder","wtd_curr_yr":1,"wtd_prev_yr":0,"wtd_pct_change":null,"twentyeight_day_curr_yr":1,"twentyeight_day_prev_yr":0,"twentyeight_day_pct_change":null,"ytd_curr_yr":6,"ytd_prev_yr":1,"ytd_pct_change":500,"two_year_pct_change":100,"six_year_pct_change":20,"twentytwo_year_pct_change":-40},{"crime":"Rape","wtd_curr_yr":0,"wtd_prev_yr":4,"wtd_pct_change":-100,"twentyeight_day_curr_yr":2,"twentyeight_day_prev_yr":5,"twentyeight_day_pct_change":-60,"ytd_curr_yr":8,"ytd_prev_yr":16,"ytd_pct_change":-50,"two_year_pct_change":-38.5,"six_year_pct_change":-20,"twentytwo_year_pct_change":-68},{"crime":"Robbery","wtd_curr_yr":3,"wtd_prev_yr":8,"wtd_pct_change":-62.5,"twentyeight_day_curr_yr":25,"twentyeight_day_prev_yr":32,"twentyeight_day_pct_change":-21.9,"ytd_curr_yr":114,"ytd_prev_yr":178,"ytd_pct_change":-36,"two_year_pct_change":-24.5,"six_year_pct_change":2.7,"twentytwo_year_pct_change":-80.4},{"crime":"Fel. Assault","wtd_curr_yr":5,"wtd_prev_yr":6,"wtd_pct_change":-16.7,"twentyeight_day_curr_yr":30,"twentyeight_day_prev_yr":28,"twentyeight_day_pct_change":7.1,"ytd_curr_yr":135,"ytd_prev_yr":142,"ytd_pct_change":-4.9,"two_year_pct_change":-0.7,"six_year_pct_change":-10.6,"twentytwo_year_pct_change":-57.7},{"crime":"Burglary","wtd_curr_yr":2,"wtd_prev_yr":5,"wtd_pct_change":-60,"twentyeight_day_curr_yr":11,"twentyeight_day_prev_yr":26,"twentyeight_day_pct_change":-57.7,"ytd_curr_yr":77,"ytd_prev_yr":116,"ytd_pct_change":-33.6,"two_year_pct_change":-32.5,"six_year_pct_change":-17.2,"twentytwo_year_pct_change":-81.4},{"crime":"Gr. Larceny","wtd_curr_yr":6,"wtd_prev_yr":10,"wtd_pct_change":-40,"twentyeight_day_curr_yr":41,"twentyeight_day_prev_yr":40,"twentyeight_day_pct_change":2.5,"ytd_curr_yr":163,"ytd_prev_yr":139,"ytd_pct_change":17.3,"two_year_pct_change":-16.4,"six_year_pct_change":11.6,"twentytwo_year_pct_change":-62.9},{"crime":"G.L.A.","wtd_curr_yr":3,"wtd_prev_yr":2,"wtd_pct_change":50,"twentyeight_day_curr_yr":13,"twentyeight_day_prev_yr":7,"twentyeight_day_pct_change":85.7,"ytd_curr_yr":54,"ytd_prev_yr":64,"ytd_pct_change":-15.6,"two_year_pct_change":-12.9,"six_year_pct_change":-15.6,"twentytwo_year_pct_change":-89.5},{"crime":"TOTAL","wtd_curr_yr":20,"wtd_prev_yr":35,"wtd_pct_change":-42.86,"twentyeight_day_curr_yr":123,"twentyeight_day_prev_yr":138,"twentyeight_day_pct_change":-10.87,"ytd_curr_yr":557,"ytd_prev_yr":656,"ytd_pct_change":-15.09,"two_year_pct_change":-17.36,"six_year_pct_change":-3.97,"twentytwo_year_pct_change":-75.81},{"crime":"Transit","wtd_curr_yr":0,"wtd_prev_yr":1,"wtd_pct_change":-100,"twentyeight_day_curr_yr":1,"twentyeight_day_prev_yr":2,"twentyeight_day_pct_change":-50,"ytd_curr_yr":9,"ytd_prev_yr":14,"ytd_pct_change":-35.7,"two_year_pct_change":-18.2,"six_year_pct_change":80,"twentytwo_year_pct_change":null},{"crime":"Housing","wtd_curr_yr":0,"wtd_prev_yr":0,"wtd_pct_change":null,"twentyeight_day_curr_yr":1,"twentyeight_day_prev_yr":2,"twentyeight_day_pct_change":-50,"ytd_curr_yr":10,"ytd_prev_yr":14,"ytd_pct_change":-28.6,"two_year_pct_change":-33.3,"six_year_pct_change":-9.1,"twentytwo_year_pct_change":null},{"crime":"Petit Larceny","wtd_curr_yr":24,"wtd_prev_yr":32,"wtd_pct_change":-25,"twentyeight_day_curr_yr":87,"twentyeight_day_prev_yr":102,"twentyeight_day_pct_change":-14.7,"ytd_curr_yr":419,"ytd_prev_yr":369,"ytd_pct_change":13.6,"two_year_pct_change":13.2,"six_year_pct_change":14.8,"twentytwo_year_pct_change":null},{"crime":"Misd. Assault","wtd_curr_yr":19,"wtd_prev_yr":25,"wtd_pct_change":-24,"twentyeight_day_curr_yr":78,"twentyeight_day_prev_yr":87,"twentyeight_day_pct_change":-10.3,"ytd_curr_yr":352,"ytd_prev_yr":378,"ytd_pct_change":-6.9,"two_year_pct_change":20.5,"six_year_pct_change":33.3,"twentytwo_year_pct_change":null},{"crime":"Misd. Sex Crimes","wtd_curr_yr":0,"wtd_prev_yr":4,"wtd_pct_change":-100,"twentyeight_day_curr_yr":2,"twentyeight_day_prev_yr":8,"twentyeight_day_pct_change":-75,"ytd_curr_yr":12,"ytd_prev_yr":15,"ytd_pct_change":-20,"two_year_pct_change":0,"six_year_pct_change":-14.3,"twentytwo_year_pct_change":null},{"crime":"Shooting Vic.","wtd_curr_yr":0,"wtd_prev_yr":0,"wtd_pct_change":null,"twentyeight_day_curr_yr":0,"twentyeight_day_prev_yr":0,"twentyeight_day_pct_change":null,"ytd_curr_yr":8,"ytd_prev_yr":6,"ytd_pct_change":33.3,"two_year_pct_change":-57.9,"six_year_pct_change":-50,"twentytwo_year_pct_change":-84.9},{"crime":"Shooting Inc.","wtd_curr_yr":0,"wtd_prev_yr":0,"wtd_pct_change":null,"twentyeight_day_curr_yr":0,"twentyeight_day_prev_yr":0,"twentyeight_day_pct_change":null,"ytd_curr_yr":6,"ytd_prev_yr":5,"ytd_pct_change":20,"two_year_pct_change":-62.5,"six_year_pct_change":-40,"twentytwo_year_pct_change":-88}],"historical":[{"yr_1990":38,"yr_1993":28,"yr_1998":16,"yr_2001":10,"yr_2013":8,"pct_change_13vs01":-20,"pct_change_13vs98":-50,"pct_change_13vs93":-71.4,"pct_change_13vs90":-78.9,"crime":"Murder"},{"yr_1990":60,"yr_1993":74,"yr_1998":45,"yr_2001":27,"yr_2013":37,"pct_change_13vs01":37,"pct_change_13vs98":-17.8,"pct_change_13vs93":-50,"pct_change_13vs90":-38.3,"crime":"Rape"},{"yr_1990":1846,"yr_1993":1742,"yr_1998":751,"yr_2001":530,"yr_2013":438,"pct_change_13vs01":-17.4,"pct_change_13vs98":-41.7,"pct_change_13vs93":-74.9,"pct_change_13vs90":-76.3,"crime":"Robbery"},{"yr_1990":958,"yr_1993":853,"yr_1998":611,"yr_2001":406,"yr_2013":369,"pct_change_13vs01":-9.1,"pct_change_13vs98":-39.6,"pct_change_13vs93":-56.7,"pct_change_13vs90":-61.5,"crime":"Fel. Assault"},{"yr_1990":1592,"yr_1993":1166,"yr_1998":598,"yr_2001":449,"yr_2013":300,"pct_change_13vs01":-33.2,"pct_change_13vs98":-49.8,"pct_change_13vs93":-74.3,"pct_change_13vs90":-81.2,"crime":"Burglary"},{"yr_1990":1277,"yr_1993":1214,"yr_1998":578,"yr_2001":587,"yr_2013":487,"pct_change_13vs01":-17,"pct_change_13vs98":-15.7,"pct_change_13vs93":-59.9,"pct_change_13vs90":-61.9,"crime":"Gr. Larceny"},{"yr_1990":1889,"yr_1993":1591,"yr_1998":602,"yr_2001":472,"yr_2013":172,"pct_change_13vs01":-63.6,"pct_change_13vs98":-71.4,"pct_change_13vs93":-89.2,"pct_change_13vs90":-90.9,"crime":"G.L.A."},{"yr_1990":7660,"yr_1993":6668,"yr_1998":3201,"yr_2001":2481,"yr_2013":1811,"pct_change_13vs01":-27.01,"pct_change_13vs98":-43.42,"pct_change_13vs93":-72.84,"pct_change_13vs90":-76.36,"crime":"TOTAL"}]}