{"mayor":"Bill de Blasio","commissioner":"William J. Bratton","volume":22,"number":2,"precinct":"104th","startDate":"2015-01-05T05:00:00.000Z","endDate":"2015-01-11T05:00:00.000Z","crimes":[{"crime":"Murder","wtd_curr_yr":0,"wtd_prev_yr":0,"wtd_pct_change":null,"twentyeight_day_curr_yr":0,"twentyeight_day_prev_yr":0,"twentyeight_day_pct_change":null,"ytd_curr_yr":0,"ytd_prev_yr":0,"ytd_pct_change":null,"two_year_pct_change":null,"six_year_pct_change":null,"twentytwo_year_pct_change":-100},{"crime":"Rape","wtd_curr_yr":0,"wtd_prev_yr":1,"wtd_pct_change":-100,"twentyeight_day_curr_yr":0,"twentyeight_day_prev_yr":3,"twentyeight_day_pct_change":-100,"ytd_curr_yr":0,"ytd_prev_yr":2,"ytd_pct_change":-100,"two_year_pct_change":-100,"six_year_pct_change":null,"twentytwo_year_pct_change":-100},{"crime":"Robbery","wtd_curr_yr":4,"wtd_prev_yr":4,"wtd_pct_change":0,"twentyeight_day_curr_yr":10,"twentyeight_day_prev_yr":14,"twentyeight_day_pct_change":-28.6,"ytd_curr_yr":4,"ytd_prev_yr":7,"ytd_pct_change":-42.9,"two_year_pct_change":-60,"six_year_pct_change":-20,"twentytwo_year_pct_change":-90},{"crime":"Fel. Assault","wtd_curr_yr":1,"wtd_prev_yr":5,"wtd_pct_change":-80,"twentyeight_day_curr_yr":14,"twentyeight_day_prev_yr":15,"twentyeight_day_pct_change":-6.7,"ytd_curr_yr":3,"ytd_prev_yr":6,"ytd_pct_change":-50,"two_year_pct_change":-57.1,"six_year_pct_change":-50,"twentytwo_year_pct_change":-62.5},{"crime":"Burglary","wtd_curr_yr":4,"wtd_prev_yr":9,"wtd_pct_change":-55.6,"twentyeight_day_curr_yr":25,"twentyeight_day_prev_yr":32,"twentyeight_day_pct_change":-21.9,"ytd_curr_yr":6,"ytd_prev_yr":15,"ytd_pct_change":-60,"two_year_pct_change":-57.1,"six_year_pct_change":-76,"twentytwo_year_pct_change":-92.6},{"crime":"Gr. Larceny","wtd_curr_yr":8,"wtd_prev_yr":14,"wtd_pct_change":-42.9,"twentyeight_day_curr_yr":43,"twentyeight_day_prev_yr":46,"twentyeight_day_pct_change":-6.5,"ytd_curr_yr":10,"ytd_prev_yr":18,"ytd_pct_change":-44.4,"two_year_pct_change":-9.1,"six_year_pct_change":11.1,"twentytwo_year_pct_change":-33.3},{"crime":"G.L.A.","wtd_curr_yr":2,"wtd_prev_yr":2,"wtd_pct_change":0,"twentyeight_day_curr_yr":15,"twentyeight_day_prev_yr":17,"twentyeight_day_pct_change":-11.8,"ytd_curr_yr":3,"ytd_prev_yr":4,"ytd_pct_change":-25,"two_year_pct_change":0,"six_year_pct_change":-66.7,"twentytwo_year_pct_change":-96.8},{"crime":"TOTAL","wtd_curr_yr":19,"wtd_prev_yr":35,"wtd_pct_change":-45.71,"twentyeight_day_curr_yr":107,"twentyeight_day_prev_yr":127,"twentyeight_day_pct_change":-15.75,"ytd_curr_yr":26,"ytd_prev_yr":52,"ytd_pct_change":-50,"two_year_pct_change":-44.68,"six_year_pct_change":-51.85,"twentytwo_year_pct_change":-89.21},{"crime":"Transit","wtd_curr_yr":1,"wtd_prev_yr":0,"wtd_pct_change":null,"twentyeight_day_curr_yr":2,"twentyeight_day_prev_yr":1,"twentyeight_day_pct_change":100,"ytd_curr_yr":1,"ytd_prev_yr":0,"ytd_pct_change":null,"two_year_pct_change":null,"six_year_pct_change":null,"twentytwo_year_pct_change":null},{"crime":"Housing","wtd_curr_yr":0,"wtd_prev_yr":0,"wtd_pct_change":null,"twentyeight_day_curr_yr":0,"twentyeight_day_prev_yr":0,"twentyeight_day_pct_change":null,"ytd_curr_yr":0,"ytd_prev_yr":0,"ytd_pct_change":null,"two_year_pct_change":null,"six_year_pct_change":null,"twentytwo_year_pct_change":null},{"crime":"Petit Larceny","wtd_curr_yr":19,"wtd_prev_yr":21,"wtd_pct_change":-9.5,"twentyeight_day_curr_yr":58,"twentyeight_day_prev_yr":79,"twentyeight_day_pct_change":-26.6,"ytd_curr_yr":22,"ytd_prev_yr":28,"ytd_pct_change":-21.4,"two_year_pct_change":-46.3,"six_year_pct_change":-33.3,"twentytwo_year_pct_change":null},{"crime":"Misd. Assault","wtd_curr_yr":3,"wtd_prev_yr":8,"wtd_pct_change":-62.5,"twentyeight_day_curr_yr":32,"twentyeight_day_prev_yr":50,"twentyeight_day_pct_change":-36,"ytd_curr_yr":15,"ytd_prev_yr":22,"ytd_pct_change":-31.8,"two_year_pct_change":25,"six_year_pct_change":-21.1,"twentytwo_year_pct_change":null},{"crime":"Misd. Sex Crimes","wtd_curr_yr":0,"wtd_prev_yr":0,"wtd_pct_change":null,"twentyeight_day_curr_yr":1,"twentyeight_day_prev_yr":0,"twentyeight_day_pct_change":null,"ytd_curr_yr":0,"ytd_prev_yr":0,"ytd_pct_change":null,"two_year_pct_change":-100,"six_year_pct_change":null,"twentytwo_year_pct_change":null},{"crime":"Shooting Vic.","wtd_curr_yr":0,"wtd_prev_yr":0,"wtd_pct_change":null,"twentyeight_day_curr_yr":0,"twentyeight_day_prev_yr":0,"twentyeight_day_pct_change":null,"ytd_curr_yr":0,"ytd_prev_yr":0,"ytd_pct_change":null,"two_year_pct_change":null,"six_year_pct_change":null,"twentytwo_year_pct_change":-100},{"crime":"Shooting Inc.","wtd_curr_yr":0,"wtd_prev_yr":0,"wtd_pct_change":null,"twentyeight_day_curr_yr":0,"twentyeight_day_prev_yr":0,"twentyeight_day_pct_change":null,"ytd_curr_yr":0,"ytd_prev_yr":0,"ytd_pct_change":null,"two_year_pct_change":null,"six_year_pct_change":null,"twentytwo_year_pct_change":-100}],"historical":[{"yr_1990":11,"yr_1993":19,"yr_1998":7,"yr_2001":5,"yr_2014":3,"pct_change_14vs01":-40,"pct_change_14vs98":-57.1,"pct_change_14vs93":-84.2,"pct_change_14vs90":-72.7,"crime":"Murder"},{"yr_1990":21,"yr_1993":21,"yr_1998":24,"yr_2001":15,"yr_2014":18,"pct_change_14vs01":20,"pct_change_14vs98":-25,"pct_change_14vs93":-14.3,"pct_change_14vs90":-14.3,"crime":"Rape"},{"yr_1990":1307,"yr_1993":1027,"yr_1998":490,"yr_2001":359,"yr_2014":180,"pct_change_14vs01":-49.9,"pct_change_14vs98":-63.3,"pct_change_14vs93":-82.5,"pct_change_14vs90":-86.2,"crime":"Robbery"},{"yr_1990":279,"yr_1993":305,"yr_1998":261,"yr_2001":262,"yr_2014":213,"pct_change_14vs01":-18.7,"pct_change_14vs98":-18.4,"pct_change_14vs93":-30.2,"pct_change_14vs90":-23.7,"crime":"Fel. Assault"},{"yr_1990":2562,"yr_1993":1955,"yr_1998":1024,"yr_2001":790,"yr_2014":290,"pct_change_14vs01":-63.3,"pct_change_14vs98":-71.7,"pct_change_14vs93":-85.2,"pct_change_14vs90":-88.7,"crime":"Burglary"},{"yr_1990":884,"yr_1993":678,"yr_1998":485,"yr_2001":551,"yr_2014":575,"pct_change_14vs01":4.4,"pct_change_14vs98":18.6,"pct_change_14vs93":-15.2,"pct_change_14vs90":-35,"crime":"Gr. Larceny"},{"yr_1990":4443,"yr_1993":3418,"yr_1998":1374,"yr_2001":892,"yr_2014":227,"pct_change_14vs01":-74.6,"pct_change_14vs98":-83.5,"pct_change_14vs93":-93.4,"pct_change_14vs90":-94.9,"crime":"G.L.A."},{"yr_1990":9507,"yr_1993":7423,"yr_1998":3665,"yr_2001":2874,"yr_2014":1506,"pct_change_14vs01":-47.6,"pct_change_14vs98":-58.91,"pct_change_14vs93":-79.71,"pct_change_14vs90":-84.16,"crime":"TOTAL"}]}