{"mayor":"Bill de Blasio","commissioner":"William J. Bratton","volume":21,"number":43,"precinct":"105th","startDate":"2014-10-20T04:00:00.000Z","endDate":"2014-10-26T04:00:00.000Z","crimes":[{"crime":"Murder","wtd_curr_yr":1,"wtd_prev_yr":0,"wtd_pct_change":null,"twentyeight_day_curr_yr":1,"twentyeight_day_prev_yr":0,"twentyeight_day_pct_change":null,"ytd_curr_yr":6,"ytd_prev_yr":3,"ytd_pct_change":100,"two_year_pct_change":-14.3,"six_year_pct_change":-14.3,"twentytwo_year_pct_change":-70},{"crime":"Rape","wtd_curr_yr":1,"wtd_prev_yr":1,"wtd_pct_change":0,"twentyeight_day_curr_yr":4,"twentyeight_day_prev_yr":2,"twentyeight_day_pct_change":100,"ytd_curr_yr":19,"ytd_prev_yr":15,"ytd_pct_change":26.7,"two_year_pct_change":-38.7,"six_year_pct_change":-32.1,"twentytwo_year_pct_change":-42.4},{"crime":"Robbery","wtd_curr_yr":4,"wtd_prev_yr":5,"wtd_pct_change":-20,"twentyeight_day_curr_yr":16,"twentyeight_day_prev_yr":19,"twentyeight_day_pct_change":-15.8,"ytd_curr_yr":167,"ytd_prev_yr":278,"ytd_pct_change":-39.9,"two_year_pct_change":-39.1,"six_year_pct_change":-37.2,"twentytwo_year_pct_change":-80.3},{"crime":"Fel. Assault","wtd_curr_yr":6,"wtd_prev_yr":1,"wtd_pct_change":500,"twentyeight_day_curr_yr":23,"twentyeight_day_prev_yr":22,"twentyeight_day_pct_change":4.5,"ytd_curr_yr":276,"ytd_prev_yr":248,"ytd_pct_change":11.3,"two_year_pct_change":8.7,"six_year_pct_change":34.6,"twentytwo_year_pct_change":-19.3},{"crime":"Burglary","wtd_curr_yr":8,"wtd_prev_yr":8,"wtd_pct_change":0,"twentyeight_day_curr_yr":27,"twentyeight_day_prev_yr":42,"twentyeight_day_pct_change":-35.7,"ytd_curr_yr":260,"ytd_prev_yr":385,"ytd_pct_change":-32.5,"two_year_pct_change":-40,"six_year_pct_change":-24.2,"twentytwo_year_pct_change":-80.3},{"crime":"Gr. Larceny","wtd_curr_yr":15,"wtd_prev_yr":10,"wtd_pct_change":50,"twentyeight_day_curr_yr":66,"twentyeight_day_prev_yr":34,"twentyeight_day_pct_change":94.1,"ytd_curr_yr":443,"ytd_prev_yr":413,"ytd_pct_change":7.3,"two_year_pct_change":10.2,"six_year_pct_change":14.5,"twentytwo_year_pct_change":-10.9},{"crime":"G.L.A.","wtd_curr_yr":2,"wtd_prev_yr":5,"wtd_pct_change":-60,"twentyeight_day_curr_yr":21,"twentyeight_day_prev_yr":23,"twentyeight_day_pct_change":-8.7,"ytd_curr_yr":199,"ytd_prev_yr":215,"ytd_pct_change":-7.4,"two_year_pct_change":-27.4,"six_year_pct_change":-25.7,"twentytwo_year_pct_change":-92.9},{"crime":"TOTAL","wtd_curr_yr":37,"wtd_prev_yr":30,"wtd_pct_change":23.33,"twentyeight_day_curr_yr":158,"twentyeight_day_prev_yr":142,"twentyeight_day_pct_change":11.27,"ytd_curr_yr":1370,"ytd_prev_yr":1557,"ytd_pct_change":-12.01,"two_year_pct_change":-18.21,"six_year_pct_change":-8.91,"twentytwo_year_pct_change":-76.55},{"crime":"Transit","wtd_curr_yr":0,"wtd_prev_yr":0,"wtd_pct_change":null,"twentyeight_day_curr_yr":0,"twentyeight_day_prev_yr":0,"twentyeight_day_pct_change":null,"ytd_curr_yr":0,"ytd_prev_yr":0,"ytd_pct_change":null,"two_year_pct_change":null,"six_year_pct_change":null,"twentytwo_year_pct_change":null},{"crime":"Housing","wtd_curr_yr":0,"wtd_prev_yr":0,"wtd_pct_change":null,"twentyeight_day_curr_yr":0,"twentyeight_day_prev_yr":0,"twentyeight_day_pct_change":null,"ytd_curr_yr":0,"ytd_prev_yr":0,"ytd_pct_change":null,"two_year_pct_change":null,"six_year_pct_change":null,"twentytwo_year_pct_change":null},{"crime":"Petit Larceny","wtd_curr_yr":22,"wtd_prev_yr":12,"wtd_pct_change":83.3,"twentyeight_day_curr_yr":67,"twentyeight_day_prev_yr":51,"twentyeight_day_pct_change":31.4,"ytd_curr_yr":635,"ytd_prev_yr":573,"ytd_pct_change":10.8,"two_year_pct_change":-2.9,"six_year_pct_change":-17.4,"twentytwo_year_pct_change":null},{"crime":"Misd. Assault","wtd_curr_yr":19,"wtd_prev_yr":10,"wtd_pct_change":90,"twentyeight_day_curr_yr":50,"twentyeight_day_prev_yr":51,"twentyeight_day_pct_change":-2,"ytd_curr_yr":561,"ytd_prev_yr":517,"ytd_pct_change":8.5,"two_year_pct_change":13.3,"six_year_pct_change":-7.4,"twentytwo_year_pct_change":null},{"crime":"Misd. Sex Crimes","wtd_curr_yr":0,"wtd_prev_yr":0,"wtd_pct_change":null,"twentyeight_day_curr_yr":4,"twentyeight_day_prev_yr":0,"twentyeight_day_pct_change":null,"ytd_curr_yr":19,"ytd_prev_yr":31,"ytd_pct_change":-38.7,"two_year_pct_change":-36.7,"six_year_pct_change":-40.6,"twentytwo_year_pct_change":null},{"crime":"Shooting Vic.","wtd_curr_yr":0,"wtd_prev_yr":0,"wtd_pct_change":null,"twentyeight_day_curr_yr":1,"twentyeight_day_prev_yr":0,"twentyeight_day_pct_change":null,"ytd_curr_yr":10,"ytd_prev_yr":10,"ytd_pct_change":0,"two_year_pct_change":-61.5,"six_year_pct_change":-52.4,"twentytwo_year_pct_change":-84.6},{"crime":"Shooting Inc.","wtd_curr_yr":0,"wtd_prev_yr":0,"wtd_pct_change":null,"twentyeight_day_curr_yr":1,"twentyeight_day_prev_yr":0,"twentyeight_day_pct_change":null,"ytd_curr_yr":9,"ytd_prev_yr":9,"ytd_pct_change":0,"two_year_pct_change":-59.1,"six_year_pct_change":-52.6,"twentytwo_year_pct_change":-84.2}],"historical":[{"yr_1990":30,"yr_1993":23,"yr_1998":7,"yr_2001":18,"yr_2013":3,"pct_change_13vs01":-83.3,"pct_change_13vs98":-57.1,"pct_change_13vs93":-87,"pct_change_13vs90":-90,"crime":"Murder"},{"yr_1990":56,"yr_1993":41,"yr_1998":52,"yr_2001":35,"yr_2013":18,"pct_change_13vs01":-48.6,"pct_change_13vs98":-65.4,"pct_change_13vs93":-56.1,"pct_change_13vs90":-67.9,"crime":"Rape"},{"yr_1990":1066,"yr_1993":1082,"yr_1998":557,"yr_2001":395,"yr_2013":331,"pct_change_13vs01":-16.2,"pct_change_13vs98":-40.6,"pct_change_13vs93":-69.4,"pct_change_13vs90":-68.9,"crime":"Robbery"},{"yr_1990":459,"yr_1993":409,"yr_1998":400,"yr_2001":329,"yr_2013":313,"pct_change_13vs01":-4.9,"pct_change_13vs98":-21.8,"pct_change_13vs93":-23.5,"pct_change_13vs90":-31.8,"crime":"Fel. Assault"},{"yr_1990":2199,"yr_1993":1640,"yr_1998":854,"yr_2001":630,"yr_2013":469,"pct_change_13vs01":-25.6,"pct_change_13vs98":-45.1,"pct_change_13vs93":-71.4,"pct_change_13vs90":-78.7,"crime":"Burglary"},{"yr_1990":699,"yr_1993":593,"yr_1998":444,"yr_2001":456,"yr_2013":520,"pct_change_13vs01":14,"pct_change_13vs98":17.1,"pct_change_13vs93":-12.3,"pct_change_13vs90":-25.6,"crime":"Gr. Larceny"},{"yr_1990":3534,"yr_1993":3476,"yr_1998":1360,"yr_2001":913,"yr_2013":263,"pct_change_13vs01":-71.2,"pct_change_13vs98":-80.7,"pct_change_13vs93":-92.4,"pct_change_13vs90":-92.6,"crime":"G.L.A."},{"yr_1990":8043,"yr_1993":7264,"yr_1998":3674,"yr_2001":2776,"yr_2013":1917,"pct_change_13vs01":-30.94,"pct_change_13vs98":-47.82,"pct_change_13vs93":-73.61,"pct_change_13vs90":-76.17,"crime":"TOTAL"}]}