{"mayor":"Bill de Blasio","commissioner":"William J. Bratton","volume":21,"number":13,"precinct":"104th","startDate":"2014-03-24T04:00:00.000Z","endDate":"2014-03-30T04:00:00.000Z","crimes":[{"crime":"Murder","wtd_curr_yr":2,"wtd_prev_yr":0,"wtd_pct_change":null,"twentyeight_day_curr_yr":2,"twentyeight_day_prev_yr":0,"twentyeight_day_pct_change":null,"ytd_curr_yr":3,"ytd_prev_yr":0,"ytd_pct_change":null,"two_year_pct_change":null,"six_year_pct_change":200,"twentytwo_year_pct_change":-25},{"crime":"Rape","wtd_curr_yr":0,"wtd_prev_yr":0,"wtd_pct_change":null,"twentyeight_day_curr_yr":0,"twentyeight_day_prev_yr":0,"twentyeight_day_pct_change":null,"ytd_curr_yr":5,"ytd_prev_yr":4,"ytd_pct_change":25,"two_year_pct_change":0,"six_year_pct_change":66.7,"twentytwo_year_pct_change":-37.5},{"crime":"Robbery","wtd_curr_yr":2,"wtd_prev_yr":3,"wtd_pct_change":-33.3,"twentyeight_day_curr_yr":10,"twentyeight_day_prev_yr":15,"twentyeight_day_pct_change":-33.3,"ytd_curr_yr":48,"ytd_prev_yr":51,"ytd_pct_change":-5.9,"two_year_pct_change":-25,"six_year_pct_change":-15.8,"twentytwo_year_pct_change":-81.2},{"crime":"Fel. Assault","wtd_curr_yr":9,"wtd_prev_yr":7,"wtd_pct_change":28.6,"twentyeight_day_curr_yr":19,"twentyeight_day_prev_yr":26,"twentyeight_day_pct_change":-26.9,"ytd_curr_yr":47,"ytd_prev_yr":62,"ytd_pct_change":-24.2,"two_year_pct_change":-6,"six_year_pct_change":6.8,"twentytwo_year_pct_change":-9.6},{"crime":"Burglary","wtd_curr_yr":6,"wtd_prev_yr":3,"wtd_pct_change":100,"twentyeight_day_curr_yr":18,"twentyeight_day_prev_yr":18,"twentyeight_day_pct_change":0,"ytd_curr_yr":80,"ytd_prev_yr":88,"ytd_pct_change":-9.1,"two_year_pct_change":-1.2,"six_year_pct_change":-22.3,"twentytwo_year_pct_change":-83.2},{"crime":"Gr. Larceny","wtd_curr_yr":13,"wtd_prev_yr":6,"wtd_pct_change":116.7,"twentyeight_day_curr_yr":49,"twentyeight_day_prev_yr":28,"twentyeight_day_pct_change":75,"ytd_curr_yr":130,"ytd_prev_yr":108,"ytd_pct_change":20.4,"two_year_pct_change":20.4,"six_year_pct_change":25,"twentytwo_year_pct_change":-7.1},{"crime":"G.L.A.","wtd_curr_yr":7,"wtd_prev_yr":4,"wtd_pct_change":75,"twentyeight_day_curr_yr":19,"twentyeight_day_prev_yr":8,"twentyeight_day_pct_change":137.5,"ytd_curr_yr":47,"ytd_prev_yr":28,"ytd_pct_change":67.9,"two_year_pct_change":-7.8,"six_year_pct_change":-40.5,"twentytwo_year_pct_change":-94.7},{"crime":"TOTAL","wtd_curr_yr":39,"wtd_prev_yr":23,"wtd_pct_change":69.57,"twentyeight_day_curr_yr":117,"twentyeight_day_prev_yr":95,"twentyeight_day_pct_change":23.16,"ytd_curr_yr":360,"ytd_prev_yr":341,"ytd_pct_change":5.57,"two_year_pct_change":0.28,"six_year_pct_change":-7.93,"twentytwo_year_pct_change":-80.18},{"crime":"Transit","wtd_curr_yr":0,"wtd_prev_yr":0,"wtd_pct_change":null,"twentyeight_day_curr_yr":0,"twentyeight_day_prev_yr":1,"twentyeight_day_pct_change":-100,"ytd_curr_yr":4,"ytd_prev_yr":4,"ytd_pct_change":0,"two_year_pct_change":0,"six_year_pct_change":null,"twentytwo_year_pct_change":null},{"crime":"Housing","wtd_curr_yr":0,"wtd_prev_yr":0,"wtd_pct_change":null,"twentyeight_day_curr_yr":0,"twentyeight_day_prev_yr":0,"twentyeight_day_pct_change":null,"ytd_curr_yr":0,"ytd_prev_yr":0,"ytd_pct_change":null,"two_year_pct_change":null,"six_year_pct_change":null,"twentytwo_year_pct_change":null},{"crime":"Petit Larceny","wtd_curr_yr":32,"wtd_prev_yr":16,"wtd_pct_change":100,"twentyeight_day_curr_yr":94,"twentyeight_day_prev_yr":85,"twentyeight_day_pct_change":10.6,"ytd_curr_yr":282,"ytd_prev_yr":255,"ytd_pct_change":10.6,"two_year_pct_change":16,"six_year_pct_change":-1.1,"twentytwo_year_pct_change":null},{"crime":"Misd. Assault","wtd_curr_yr":10,"wtd_prev_yr":8,"wtd_pct_change":25,"twentyeight_day_curr_yr":35,"twentyeight_day_prev_yr":32,"twentyeight_day_pct_change":9.4,"ytd_curr_yr":140,"ytd_prev_yr":117,"ytd_pct_change":19.7,"two_year_pct_change":-16.2,"six_year_pct_change":-6.7,"twentytwo_year_pct_change":null},{"crime":"Misd. Sex Crimes","wtd_curr_yr":2,"wtd_prev_yr":0,"wtd_pct_change":null,"twentyeight_day_curr_yr":3,"twentyeight_day_prev_yr":2,"twentyeight_day_pct_change":50,"ytd_curr_yr":6,"ytd_prev_yr":5,"ytd_pct_change":20,"two_year_pct_change":0,"six_year_pct_change":-45.5,"twentytwo_year_pct_change":null},{"crime":"Shooting Vic.","wtd_curr_yr":2,"wtd_prev_yr":1,"wtd_pct_change":100,"twentyeight_day_curr_yr":2,"twentyeight_day_prev_yr":1,"twentyeight_day_pct_change":100,"ytd_curr_yr":2,"ytd_prev_yr":1,"ytd_pct_change":100,"two_year_pct_change":100,"six_year_pct_change":100,"twentytwo_year_pct_change":-50},{"crime":"Shooting Inc.","wtd_curr_yr":1,"wtd_prev_yr":1,"wtd_pct_change":0,"twentyeight_day_curr_yr":1,"twentyeight_day_prev_yr":1,"twentyeight_day_pct_change":0,"ytd_curr_yr":1,"ytd_prev_yr":1,"ytd_pct_change":0,"two_year_pct_change":0,"six_year_pct_change":0,"twentytwo_year_pct_change":-75}],"historical":[{"yr_1990":11,"yr_1993":19,"yr_1998":7,"yr_2001":5,"yr_2013":3,"pct_change_13vs01":-40,"pct_change_13vs98":-57.1,"pct_change_13vs93":-84.2,"pct_change_13vs90":-72.7,"crime":"Murder"},{"yr_1990":21,"yr_1993":21,"yr_1998":24,"yr_2001":15,"yr_2013":15,"pct_change_13vs01":0,"pct_change_13vs98":-37.5,"pct_change_13vs93":-28.6,"pct_change_13vs90":-28.6,"crime":"Rape"},{"yr_1990":1307,"yr_1993":1027,"yr_1998":490,"yr_2001":359,"yr_2013":256,"pct_change_13vs01":-28.7,"pct_change_13vs98":-47.8,"pct_change_13vs93":-75.1,"pct_change_13vs90":-80.4,"crime":"Robbery"},{"yr_1990":279,"yr_1993":305,"yr_1998":261,"yr_2001":262,"yr_2013":241,"pct_change_13vs01":-8,"pct_change_13vs98":-7.7,"pct_change_13vs93":-21,"pct_change_13vs90":-13.6,"crime":"Fel. Assault"},{"yr_1990":2562,"yr_1993":1955,"yr_1998":1024,"yr_2001":790,"yr_2013":339,"pct_change_13vs01":-57.1,"pct_change_13vs98":-66.9,"pct_change_13vs93":-82.7,"pct_change_13vs90":-86.8,"crime":"Burglary"},{"yr_1990":884,"yr_1993":678,"yr_1998":485,"yr_2001":551,"yr_2013":572,"pct_change_13vs01":3.8,"pct_change_13vs98":17.9,"pct_change_13vs93":-15.6,"pct_change_13vs90":-35.3,"crime":"Gr. Larceny"},{"yr_1990":4443,"yr_1993":3418,"yr_1998":1374,"yr_2001":892,"yr_2013":181,"pct_change_13vs01":-79.7,"pct_change_13vs98":-86.8,"pct_change_13vs93":-94.7,"pct_change_13vs90":-95.9,"crime":"G.L.A."},{"yr_1990":9507,"yr_1993":7423,"yr_1998":3665,"yr_2001":2874,"yr_2013":1607,"pct_change_13vs01":-44.08,"pct_change_13vs98":-56.15,"pct_change_13vs93":-78.35,"pct_change_13vs90":-83.1,"crime":"TOTAL"}]}