{"mayor":"Bill de Blasio","commissioner":"William J. Bratton","volume":21,"number":51,"precinct":"104th","startDate":"2014-12-15T05:00:00.000Z","endDate":"2014-12-21T05:00:00.000Z","crimes":[{"crime":"Murder","wtd_curr_yr":0,"wtd_prev_yr":0,"wtd_pct_change":null,"twentyeight_day_curr_yr":0,"twentyeight_day_prev_yr":0,"twentyeight_day_pct_change":null,"ytd_curr_yr":3,"ytd_prev_yr":3,"ytd_pct_change":0,"two_year_pct_change":200,"six_year_pct_change":50,"twentytwo_year_pct_change":-84.2},{"crime":"Rape","wtd_curr_yr":0,"wtd_prev_yr":1,"wtd_pct_change":-100,"twentyeight_day_curr_yr":0,"twentyeight_day_prev_yr":2,"twentyeight_day_pct_change":-100,"ytd_curr_yr":18,"ytd_prev_yr":15,"ytd_pct_change":20,"two_year_pct_change":20,"six_year_pct_change":38.5,"twentytwo_year_pct_change":-14.3},{"crime":"Robbery","wtd_curr_yr":2,"wtd_prev_yr":4,"wtd_pct_change":-50,"twentyeight_day_curr_yr":12,"twentyeight_day_prev_yr":15,"twentyeight_day_pct_change":-20,"ytd_curr_yr":176,"ytd_prev_yr":253,"ytd_pct_change":-30.4,"two_year_pct_change":-35.3,"six_year_pct_change":-34.8,"twentytwo_year_pct_change":-82.4},{"crime":"Fel. Assault","wtd_curr_yr":3,"wtd_prev_yr":5,"wtd_pct_change":-40,"twentyeight_day_curr_yr":13,"twentyeight_day_prev_yr":13,"twentyeight_day_pct_change":0,"ytd_curr_yr":206,"ytd_prev_yr":237,"ytd_pct_change":-13.1,"two_year_pct_change":-17.3,"six_year_pct_change":13.2,"twentytwo_year_pct_change":-31.3},{"crime":"Burglary","wtd_curr_yr":9,"wtd_prev_yr":7,"wtd_pct_change":28.6,"twentyeight_day_curr_yr":30,"twentyeight_day_prev_yr":24,"twentyeight_day_pct_change":25,"ytd_curr_yr":281,"ytd_prev_yr":330,"ytd_pct_change":-14.8,"two_year_pct_change":-26.1,"six_year_pct_change":-34.8,"twentytwo_year_pct_change":-85.4},{"crime":"Gr. Larceny","wtd_curr_yr":21,"wtd_prev_yr":8,"wtd_pct_change":162.5,"twentyeight_day_curr_yr":45,"twentyeight_day_prev_yr":47,"twentyeight_day_pct_change":-4.3,"ytd_curr_yr":565,"ytd_prev_yr":555,"ytd_pct_change":1.8,"two_year_pct_change":9.7,"six_year_pct_change":15.5,"twentytwo_year_pct_change":-14.7},{"crime":"G.L.A.","wtd_curr_yr":3,"wtd_prev_yr":5,"wtd_pct_change":-40,"twentyeight_day_curr_yr":14,"twentyeight_day_prev_yr":23,"twentyeight_day_pct_change":-39.1,"ytd_curr_yr":218,"ytd_prev_yr":172,"ytd_pct_change":26.7,"two_year_pct_change":6.9,"six_year_pct_change":-24,"twentytwo_year_pct_change":-93.5},{"crime":"TOTAL","wtd_curr_yr":38,"wtd_prev_yr":30,"wtd_pct_change":26.67,"twentyeight_day_curr_yr":114,"twentyeight_day_prev_yr":124,"twentyeight_day_pct_change":-8.06,"ytd_curr_yr":1467,"ytd_prev_yr":1565,"ytd_pct_change":-6.26,"two_year_pct_change":-10.33,"six_year_pct_change":-12.37,"twentytwo_year_pct_change":-79.84},{"crime":"Transit","wtd_curr_yr":0,"wtd_prev_yr":1,"wtd_pct_change":-100,"twentyeight_day_curr_yr":0,"twentyeight_day_prev_yr":3,"twentyeight_day_pct_change":-100,"ytd_curr_yr":11,"ytd_prev_yr":18,"ytd_pct_change":-38.9,"two_year_pct_change":-56,"six_year_pct_change":83.3,"twentytwo_year_pct_change":null},{"crime":"Housing","wtd_curr_yr":0,"wtd_prev_yr":0,"wtd_pct_change":null,"twentyeight_day_curr_yr":0,"twentyeight_day_prev_yr":0,"twentyeight_day_pct_change":null,"ytd_curr_yr":0,"ytd_prev_yr":0,"ytd_pct_change":null,"two_year_pct_change":null,"six_year_pct_change":null,"twentytwo_year_pct_change":null},{"crime":"Petit Larceny","wtd_curr_yr":12,"wtd_prev_yr":19,"wtd_pct_change":-36.8,"twentyeight_day_curr_yr":49,"twentyeight_day_prev_yr":89,"twentyeight_day_pct_change":-44.9,"ytd_curr_yr":1076,"ytd_prev_yr":1146,"ytd_pct_change":-6.1,"two_year_pct_change":2,"six_year_pct_change":-3.7,"twentytwo_year_pct_change":null},{"crime":"Misd. Assault","wtd_curr_yr":7,"wtd_prev_yr":6,"wtd_pct_change":16.7,"twentyeight_day_curr_yr":33,"twentyeight_day_prev_yr":33,"twentyeight_day_pct_change":0,"ytd_curr_yr":586,"ytd_prev_yr":555,"ytd_pct_change":5.6,"two_year_pct_change":-6.5,"six_year_pct_change":-4.7,"twentytwo_year_pct_change":null},{"crime":"Misd. Sex Crimes","wtd_curr_yr":0,"wtd_prev_yr":0,"wtd_pct_change":null,"twentyeight_day_curr_yr":2,"twentyeight_day_prev_yr":2,"twentyeight_day_pct_change":0,"ytd_curr_yr":15,"ytd_prev_yr":27,"ytd_pct_change":-44.4,"two_year_pct_change":-48.3,"six_year_pct_change":-54.5,"twentytwo_year_pct_change":null},{"crime":"Shooting Vic.","wtd_curr_yr":0,"wtd_prev_yr":0,"wtd_pct_change":null,"twentyeight_day_curr_yr":0,"twentyeight_day_prev_yr":0,"twentyeight_day_pct_change":null,"ytd_curr_yr":8,"ytd_prev_yr":4,"ytd_pct_change":100,"two_year_pct_change":33.3,"six_year_pct_change":14.3,"twentytwo_year_pct_change":-74.2},{"crime":"Shooting Inc.","wtd_curr_yr":0,"wtd_prev_yr":0,"wtd_pct_change":null,"twentyeight_day_curr_yr":0,"twentyeight_day_prev_yr":0,"twentyeight_day_pct_change":null,"ytd_curr_yr":7,"ytd_prev_yr":4,"ytd_pct_change":75,"two_year_pct_change":16.7,"six_year_pct_change":16.7,"twentytwo_year_pct_change":-75}],"historical":[{"yr_1990":11,"yr_1993":19,"yr_1998":7,"yr_2001":5,"yr_2013":3,"pct_change_13vs01":-40,"pct_change_13vs98":-57.1,"pct_change_13vs93":-84.2,"pct_change_13vs90":-72.7,"crime":"Murder"},{"yr_1990":21,"yr_1993":21,"yr_1998":24,"yr_2001":15,"yr_2013":15,"pct_change_13vs01":0,"pct_change_13vs98":-37.5,"pct_change_13vs93":-28.6,"pct_change_13vs90":-28.6,"crime":"Rape"},{"yr_1990":1307,"yr_1993":1027,"yr_1998":490,"yr_2001":359,"yr_2013":256,"pct_change_13vs01":-28.7,"pct_change_13vs98":-47.8,"pct_change_13vs93":-75.1,"pct_change_13vs90":-80.4,"crime":"Robbery"},{"yr_1990":279,"yr_1993":305,"yr_1998":261,"yr_2001":262,"yr_2013":241,"pct_change_13vs01":-8,"pct_change_13vs98":-7.7,"pct_change_13vs93":-21,"pct_change_13vs90":-13.6,"crime":"Fel. Assault"},{"yr_1990":2562,"yr_1993":1955,"yr_1998":1024,"yr_2001":790,"yr_2013":339,"pct_change_13vs01":-57.1,"pct_change_13vs98":-66.9,"pct_change_13vs93":-82.7,"pct_change_13vs90":-86.8,"crime":"Burglary"},{"yr_1990":884,"yr_1993":678,"yr_1998":485,"yr_2001":551,"yr_2013":572,"pct_change_13vs01":3.8,"pct_change_13vs98":17.9,"pct_change_13vs93":-15.6,"pct_change_13vs90":-35.3,"crime":"Gr. Larceny"},{"yr_1990":4443,"yr_1993":3418,"yr_1998":1374,"yr_2001":892,"yr_2013":181,"pct_change_13vs01":-79.7,"pct_change_13vs98":-86.8,"pct_change_13vs93":-94.7,"pct_change_13vs90":-95.9,"crime":"G.L.A."},{"yr_1990":9507,"yr_1993":7423,"yr_1998":3665,"yr_2001":2874,"yr_2013":1607,"pct_change_13vs01":-44.08,"pct_change_13vs98":-56.15,"pct_change_13vs93":-78.35,"pct_change_13vs90":-83.1,"crime":"TOTAL"}]}