{"mayor":"Bill de Blasio","commissioner":"William J. Bratton","volume":21,"number":3,"precinct":"109th","startDate":"2014-01-13T05:00:00.000Z","endDate":"2014-01-19T05:00:00.000Z","crimes":[{"crime":"Murder","wtd_curr_yr":0,"wtd_prev_yr":0,"wtd_pct_change":null,"twentyeight_day_curr_yr":0,"twentyeight_day_prev_yr":0,"twentyeight_day_pct_change":null,"ytd_curr_yr":0,"ytd_prev_yr":0,"ytd_pct_change":null,"two_year_pct_change":null,"six_year_pct_change":null,"twentytwo_year_pct_change":-100},{"crime":"Rape","wtd_curr_yr":0,"wtd_prev_yr":0,"wtd_pct_change":null,"twentyeight_day_curr_yr":2,"twentyeight_day_prev_yr":3,"twentyeight_day_pct_change":-33.3,"ytd_curr_yr":0,"ytd_prev_yr":3,"ytd_pct_change":-100,"two_year_pct_change":-100,"six_year_pct_change":-100,"twentytwo_year_pct_change":-100},{"crime":"Robbery","wtd_curr_yr":7,"wtd_prev_yr":8,"wtd_pct_change":-12.5,"twentyeight_day_curr_yr":15,"twentyeight_day_prev_yr":23,"twentyeight_day_pct_change":-34.8,"ytd_curr_yr":11,"ytd_prev_yr":19,"ytd_pct_change":-42.1,"two_year_pct_change":0,"six_year_pct_change":-60.7,"twentytwo_year_pct_change":-84.1},{"crime":"Fel. Assault","wtd_curr_yr":6,"wtd_prev_yr":7,"wtd_pct_change":-14.3,"twentyeight_day_curr_yr":29,"twentyeight_day_prev_yr":17,"twentyeight_day_pct_change":70.6,"ytd_curr_yr":20,"ytd_prev_yr":14,"ytd_pct_change":42.9,"two_year_pct_change":25,"six_year_pct_change":0,"twentytwo_year_pct_change":17.6},{"crime":"Burglary","wtd_curr_yr":10,"wtd_prev_yr":8,"wtd_pct_change":25,"twentyeight_day_curr_yr":37,"twentyeight_day_prev_yr":36,"twentyeight_day_pct_change":2.8,"ytd_curr_yr":24,"ytd_prev_yr":30,"ytd_pct_change":-20,"two_year_pct_change":-29.4,"six_year_pct_change":-63.1,"twentytwo_year_pct_change":-84.6},{"crime":"Gr. Larceny","wtd_curr_yr":21,"wtd_prev_yr":8,"wtd_pct_change":162.5,"twentyeight_day_curr_yr":76,"twentyeight_day_prev_yr":52,"twentyeight_day_pct_change":46.2,"ytd_curr_yr":55,"ytd_prev_yr":34,"ytd_pct_change":61.8,"two_year_pct_change":48.6,"six_year_pct_change":-8.3,"twentytwo_year_pct_change":-15.4},{"crime":"G.L.A.","wtd_curr_yr":3,"wtd_prev_yr":5,"wtd_pct_change":-40,"twentyeight_day_curr_yr":7,"twentyeight_day_prev_yr":22,"twentyeight_day_pct_change":-68.2,"ytd_curr_yr":6,"ytd_prev_yr":17,"ytd_pct_change":-64.7,"two_year_pct_change":0,"six_year_pct_change":-90.5,"twentytwo_year_pct_change":-97.3},{"crime":"TOTAL","wtd_curr_yr":47,"wtd_prev_yr":36,"wtd_pct_change":30.56,"twentyeight_day_curr_yr":166,"twentyeight_day_prev_yr":153,"twentyeight_day_pct_change":8.5,"ytd_curr_yr":116,"ytd_prev_yr":117,"ytd_pct_change":-0.85,"two_year_pct_change":10.48,"six_year_pct_change":-51.05,"twentytwo_year_pct_change":-78.4},{"crime":"Petit Larceny","wtd_curr_yr":34,"wtd_prev_yr":24,"wtd_pct_change":41.7,"twentyeight_day_curr_yr":101,"twentyeight_day_prev_yr":117,"twentyeight_day_pct_change":-13.7,"ytd_curr_yr":72,"ytd_prev_yr":78,"ytd_pct_change":-7.7,"two_year_pct_change":-14.3,"six_year_pct_change":null,"twentytwo_year_pct_change":null},{"crime":"Misd. Assault","wtd_curr_yr":6,"wtd_prev_yr":12,"wtd_pct_change":-50,"twentyeight_day_curr_yr":42,"twentyeight_day_prev_yr":42,"twentyeight_day_pct_change":0,"ytd_curr_yr":30,"ytd_prev_yr":33,"ytd_pct_change":-9.1,"two_year_pct_change":-9.1,"six_year_pct_change":null,"twentytwo_year_pct_change":null},{"crime":"Misd. Sex Crimes","wtd_curr_yr":0,"wtd_prev_yr":2,"wtd_pct_change":-100,"twentyeight_day_curr_yr":1,"twentyeight_day_prev_yr":4,"twentyeight_day_pct_change":-75,"ytd_curr_yr":0,"ytd_prev_yr":4,"ytd_pct_change":-100,"two_year_pct_change":-100,"six_year_pct_change":null,"twentytwo_year_pct_change":null},{"crime":"Shooting Vic.","wtd_curr_yr":0,"wtd_prev_yr":0,"wtd_pct_change":null,"twentyeight_day_curr_yr":0,"twentyeight_day_prev_yr":0,"twentyeight_day_pct_change":null,"ytd_curr_yr":0,"ytd_prev_yr":0,"ytd_pct_change":null,"two_year_pct_change":null,"six_year_pct_change":null,"twentytwo_year_pct_change":-100},{"crime":"Shooting Inc.","wtd_curr_yr":0,"wtd_prev_yr":0,"wtd_pct_change":null,"twentyeight_day_curr_yr":0,"twentyeight_day_prev_yr":0,"twentyeight_day_pct_change":null,"ytd_curr_yr":0,"ytd_prev_yr":0,"ytd_pct_change":null,"two_year_pct_change":null,"six_year_pct_change":null,"twentytwo_year_pct_change":-100}],"historical":[{"yr_1990":19,"yr_1993":11,"yr_1998":3,"yr_2001":5,"yr_2013":1,"pct_change_13vs01":-80,"pct_change_13vs98":-66.7,"pct_change_13vs93":-90.9,"pct_change_13vs90":-94.7,"crime":"Murder"},{"yr_1990":33,"yr_1993":34,"yr_1998":28,"yr_2001":22,"yr_2013":31,"pct_change_13vs01":40.9,"pct_change_13vs98":10.7,"pct_change_13vs93":-8.8,"pct_change_13vs90":-6.1,"crime":"Rape"},{"yr_1990":1220,"yr_1993":1217,"yr_1998":480,"yr_2001":388,"yr_2013":243,"pct_change_13vs01":-37.4,"pct_change_13vs98":-49.4,"pct_change_13vs93":-80,"pct_change_13vs90":-80.1,"crime":"Robbery"},{"yr_1990":378,"yr_1993":350,"yr_1998":363,"yr_2001":327,"yr_2013":286,"pct_change_13vs01":-12.5,"pct_change_13vs98":-21.2,"pct_change_13vs93":-18.3,"pct_change_13vs90":-24.3,"crime":"Fel. Assault"},{"yr_1990":3189,"yr_1993":2378,"yr_1998":1440,"yr_2001":964,"yr_2013":471,"pct_change_13vs01":-51.1,"pct_change_13vs98":-67.3,"pct_change_13vs93":-80.2,"pct_change_13vs90":-85.2,"crime":"Burglary"},{"yr_1990":1877,"yr_1993":1367,"yr_1998":993,"yr_2001":1175,"yr_2013":904,"pct_change_13vs01":-23.1,"pct_change_13vs98":-9,"pct_change_13vs93":-33.9,"pct_change_13vs90":-51.8,"crime":"Gr. Larceny"},{"yr_1990":4813,"yr_1993":4153,"yr_1998":1668,"yr_2001":1075,"yr_2013":210,"pct_change_13vs01":-80.5,"pct_change_13vs98":-87.4,"pct_change_13vs93":-94.9,"pct_change_13vs90":-95.6,"crime":"G.L.A."},{"yr_1990":11529,"yr_1993":9510,"yr_1998":4975,"yr_2001":3956,"yr_2013":2146,"pct_change_13vs01":-45.75,"pct_change_13vs98":-56.86,"pct_change_13vs93":-77.43,"pct_change_13vs90":-81.39,"crime":"TOTAL"}]}