{"mayor":"Bill de Blasio","commissioner":"William J. Bratton","volume":21,"number":46,"precinct":"106th","startDate":"2014-11-10T05:00:00.000Z","endDate":"2014-11-16T05:00:00.000Z","crimes":[{"crime":"Murder","wtd_curr_yr":0,"wtd_prev_yr":0,"wtd_pct_change":null,"twentyeight_day_curr_yr":0,"twentyeight_day_prev_yr":0,"twentyeight_day_pct_change":null,"ytd_curr_yr":2,"ytd_prev_yr":4,"ytd_pct_change":-50,"two_year_pct_change":0,"six_year_pct_change":-50,"twentytwo_year_pct_change":-89.5},{"crime":"Rape","wtd_curr_yr":0,"wtd_prev_yr":0,"wtd_pct_change":null,"twentyeight_day_curr_yr":2,"twentyeight_day_prev_yr":2,"twentyeight_day_pct_change":0,"ytd_curr_yr":23,"ytd_prev_yr":16,"ytd_pct_change":43.8,"two_year_pct_change":76.9,"six_year_pct_change":130,"twentytwo_year_pct_change":-20.7},{"crime":"Robbery","wtd_curr_yr":7,"wtd_prev_yr":17,"wtd_pct_change":-58.8,"twentyeight_day_curr_yr":24,"twentyeight_day_prev_yr":42,"twentyeight_day_pct_change":-42.9,"ytd_curr_yr":231,"ytd_prev_yr":276,"ytd_pct_change":-16.3,"two_year_pct_change":-19.2,"six_year_pct_change":13.8,"twentytwo_year_pct_change":-70.2},{"crime":"Fel. Assault","wtd_curr_yr":5,"wtd_prev_yr":4,"wtd_pct_change":25,"twentyeight_day_curr_yr":18,"twentyeight_day_prev_yr":21,"twentyeight_day_pct_change":-14.3,"ytd_curr_yr":206,"ytd_prev_yr":217,"ytd_pct_change":-5.1,"two_year_pct_change":20.5,"six_year_pct_change":33.8,"twentytwo_year_pct_change":-44.8},{"crime":"Burglary","wtd_curr_yr":1,"wtd_prev_yr":2,"wtd_pct_change":-50,"twentyeight_day_curr_yr":23,"twentyeight_day_prev_yr":15,"twentyeight_day_pct_change":53.3,"ytd_curr_yr":219,"ytd_prev_yr":303,"ytd_pct_change":-27.7,"two_year_pct_change":-33.8,"six_year_pct_change":-18.9,"twentytwo_year_pct_change":-79},{"crime":"Gr. Larceny","wtd_curr_yr":10,"wtd_prev_yr":10,"wtd_pct_change":0,"twentyeight_day_curr_yr":48,"twentyeight_day_prev_yr":41,"twentyeight_day_pct_change":17.1,"ytd_curr_yr":455,"ytd_prev_yr":441,"ytd_pct_change":3.2,"two_year_pct_change":6.6,"six_year_pct_change":35.4,"twentytwo_year_pct_change":-13},{"crime":"G.L.A.","wtd_curr_yr":2,"wtd_prev_yr":4,"wtd_pct_change":-50,"twentyeight_day_curr_yr":18,"twentyeight_day_prev_yr":13,"twentyeight_day_pct_change":38.5,"ytd_curr_yr":204,"ytd_prev_yr":165,"ytd_pct_change":23.6,"two_year_pct_change":6.2,"six_year_pct_change":-15,"twentytwo_year_pct_change":-92.9},{"crime":"TOTAL","wtd_curr_yr":25,"wtd_prev_yr":37,"wtd_pct_change":-32.43,"twentyeight_day_curr_yr":133,"twentyeight_day_prev_yr":134,"twentyeight_day_pct_change":-0.75,"ytd_curr_yr":1340,"ytd_prev_yr":1422,"ytd_pct_change":-5.77,"two_year_pct_change":-5.77,"six_year_pct_change":10.11,"twentytwo_year_pct_change":-76.26},{"crime":"Transit","wtd_curr_yr":0,"wtd_prev_yr":0,"wtd_pct_change":null,"twentyeight_day_curr_yr":4,"twentyeight_day_prev_yr":0,"twentyeight_day_pct_change":null,"ytd_curr_yr":26,"ytd_prev_yr":31,"ytd_pct_change":-16.1,"two_year_pct_change":-29.7,"six_year_pct_change":73.3,"twentytwo_year_pct_change":null},{"crime":"Housing","wtd_curr_yr":0,"wtd_prev_yr":0,"wtd_pct_change":null,"twentyeight_day_curr_yr":0,"twentyeight_day_prev_yr":0,"twentyeight_day_pct_change":null,"ytd_curr_yr":0,"ytd_prev_yr":0,"ytd_pct_change":null,"two_year_pct_change":null,"six_year_pct_change":null,"twentytwo_year_pct_change":null},{"crime":"Petit Larceny","wtd_curr_yr":18,"wtd_prev_yr":21,"wtd_pct_change":-14.3,"twentyeight_day_curr_yr":79,"twentyeight_day_prev_yr":86,"twentyeight_day_pct_change":-8.1,"ytd_curr_yr":814,"ytd_prev_yr":678,"ytd_pct_change":20.1,"two_year_pct_change":-2.2,"six_year_pct_change":16.5,"twentytwo_year_pct_change":null},{"crime":"Misd. Assault","wtd_curr_yr":7,"wtd_prev_yr":12,"wtd_pct_change":-41.7,"twentyeight_day_curr_yr":26,"twentyeight_day_prev_yr":46,"twentyeight_day_pct_change":-43.5,"ytd_curr_yr":430,"ytd_prev_yr":411,"ytd_pct_change":4.6,"two_year_pct_change":0.2,"six_year_pct_change":5.4,"twentytwo_year_pct_change":null},{"crime":"Misd. Sex Crimes","wtd_curr_yr":0,"wtd_prev_yr":0,"wtd_pct_change":null,"twentyeight_day_curr_yr":0,"twentyeight_day_prev_yr":2,"twentyeight_day_pct_change":-100,"ytd_curr_yr":16,"ytd_prev_yr":20,"ytd_pct_change":-20,"two_year_pct_change":-23.8,"six_year_pct_change":-20,"twentytwo_year_pct_change":null},{"crime":"Shooting Vic.","wtd_curr_yr":0,"wtd_prev_yr":0,"wtd_pct_change":null,"twentyeight_day_curr_yr":0,"twentyeight_day_prev_yr":0,"twentyeight_day_pct_change":null,"ytd_curr_yr":3,"ytd_prev_yr":9,"ytd_pct_change":-66.7,"two_year_pct_change":-62.5,"six_year_pct_change":-72.7,"twentytwo_year_pct_change":-86.4},{"crime":"Shooting Inc.","wtd_curr_yr":0,"wtd_prev_yr":0,"wtd_pct_change":null,"twentyeight_day_curr_yr":0,"twentyeight_day_prev_yr":0,"twentyeight_day_pct_change":null,"ytd_curr_yr":3,"ytd_prev_yr":8,"ytd_pct_change":-62.5,"two_year_pct_change":-57.1,"six_year_pct_change":-70,"twentytwo_year_pct_change":-86.4}],"historical":[{"yr_1990":15,"yr_1993":21,"yr_1998":7,"yr_2001":4,"yr_2013":6,"pct_change_13vs01":50,"pct_change_13vs98":-14.3,"pct_change_13vs93":-71.4,"pct_change_13vs90":-60,"crime":"Murder"},{"yr_1990":31,"yr_1993":33,"yr_1998":40,"yr_2001":19,"yr_2013":19,"pct_change_13vs01":0,"pct_change_13vs98":-52.5,"pct_change_13vs93":-42.4,"pct_change_13vs90":-38.7,"crime":"Rape"},{"yr_1990":832,"yr_1993":891,"yr_1998":545,"yr_2001":344,"yr_2013":328,"pct_change_13vs01":-4.7,"pct_change_13vs98":-39.8,"pct_change_13vs93":-63.2,"pct_change_13vs90":-60.6,"crime":"Robbery"},{"yr_1990":329,"yr_1993":408,"yr_1998":297,"yr_2001":241,"yr_2013":253,"pct_change_13vs01":5,"pct_change_13vs98":-14.8,"pct_change_13vs93":-38,"pct_change_13vs90":-23.1,"crime":"Fel. Assault"},{"yr_1990":1348,"yr_1993":1230,"yr_1998":662,"yr_2001":417,"yr_2013":346,"pct_change_13vs01":-17,"pct_change_13vs98":-47.7,"pct_change_13vs93":-71.9,"pct_change_13vs90":-74.3,"crime":"Burglary"},{"yr_1990":715,"yr_1993":595,"yr_1998":440,"yr_2001":381,"yr_2013":522,"pct_change_13vs01":37,"pct_change_13vs98":18.6,"pct_change_13vs93":-12.3,"pct_change_13vs90":-27,"crime":"Gr. Larceny"},{"yr_1990":3071,"yr_1993":3304,"yr_1998":1370,"yr_2001":778,"yr_2013":191,"pct_change_13vs01":-75.4,"pct_change_13vs98":-86.1,"pct_change_13vs93":-94.2,"pct_change_13vs90":-93.8,"crime":"G.L.A."},{"yr_1990":6341,"yr_1993":6482,"yr_1998":3361,"yr_2001":2184,"yr_2013":1665,"pct_change_13vs01":-23.76,"pct_change_13vs98":-50.46,"pct_change_13vs93":-74.31,"pct_change_13vs90":-73.74,"crime":"TOTAL"}]}