{"mayor":"Bill de Blasio","commissioner":"William J. Bratton","volume":21,"number":34,"precinct":"107th","startDate":"2014-08-18T04:00:00.000Z","endDate":"2014-08-24T04:00:00.000Z","crimes":[{"crime":"Murder","wtd_curr_yr":0,"wtd_prev_yr":0,"wtd_pct_change":null,"twentyeight_day_curr_yr":0,"twentyeight_day_prev_yr":0,"twentyeight_day_pct_change":null,"ytd_curr_yr":0,"ytd_prev_yr":1,"ytd_pct_change":-100,"two_year_pct_change":-100,"six_year_pct_change":-100,"twentytwo_year_pct_change":-100},{"crime":"Rape","wtd_curr_yr":0,"wtd_prev_yr":0,"wtd_pct_change":null,"twentyeight_day_curr_yr":2,"twentyeight_day_prev_yr":0,"twentyeight_day_pct_change":null,"ytd_curr_yr":16,"ytd_prev_yr":6,"ytd_pct_change":166.7,"two_year_pct_change":166.7,"six_year_pct_change":220,"twentytwo_year_pct_change":-27.3},{"crime":"Robbery","wtd_curr_yr":5,"wtd_prev_yr":5,"wtd_pct_change":0,"twentyeight_day_curr_yr":15,"twentyeight_day_prev_yr":19,"twentyeight_day_pct_change":-21.1,"ytd_curr_yr":121,"ytd_prev_yr":144,"ytd_pct_change":-16,"two_year_pct_change":-21.9,"six_year_pct_change":-24.4,"twentytwo_year_pct_change":-79.6},{"crime":"Fel. Assault","wtd_curr_yr":1,"wtd_prev_yr":2,"wtd_pct_change":-50,"twentyeight_day_curr_yr":11,"twentyeight_day_prev_yr":8,"twentyeight_day_pct_change":37.5,"ytd_curr_yr":68,"ytd_prev_yr":89,"ytd_pct_change":-23.6,"two_year_pct_change":-19,"six_year_pct_change":11.5,"twentytwo_year_pct_change":-57.5},{"crime":"Burglary","wtd_curr_yr":3,"wtd_prev_yr":4,"wtd_pct_change":-25,"twentyeight_day_curr_yr":11,"twentyeight_day_prev_yr":22,"twentyeight_day_pct_change":-50,"ytd_curr_yr":108,"ytd_prev_yr":169,"ytd_pct_change":-36.1,"two_year_pct_change":-37.6,"six_year_pct_change":-38.3,"twentytwo_year_pct_change":-89},{"crime":"Gr. Larceny","wtd_curr_yr":7,"wtd_prev_yr":7,"wtd_pct_change":0,"twentyeight_day_curr_yr":38,"twentyeight_day_prev_yr":37,"twentyeight_day_pct_change":2.7,"ytd_curr_yr":277,"ytd_prev_yr":300,"ytd_pct_change":-7.7,"two_year_pct_change":-1.4,"six_year_pct_change":-6.1,"twentytwo_year_pct_change":-28.8},{"crime":"G.L.A.","wtd_curr_yr":4,"wtd_prev_yr":3,"wtd_pct_change":33.3,"twentyeight_day_curr_yr":14,"twentyeight_day_prev_yr":11,"twentyeight_day_pct_change":27.3,"ytd_curr_yr":95,"ytd_prev_yr":86,"ytd_pct_change":10.5,"two_year_pct_change":-4,"six_year_pct_change":-27.5,"twentytwo_year_pct_change":-97},{"crime":"TOTAL","wtd_curr_yr":20,"wtd_prev_yr":21,"wtd_pct_change":-4.76,"twentyeight_day_curr_yr":91,"twentyeight_day_prev_yr":97,"twentyeight_day_pct_change":-6.19,"ytd_curr_yr":685,"ytd_prev_yr":795,"ytd_pct_change":-13.84,"two_year_pct_change":-14.27,"six_year_pct_change":-17.37,"twentytwo_year_pct_change":-87.05},{"crime":"Transit","wtd_curr_yr":0,"wtd_prev_yr":1,"wtd_pct_change":-100,"twentyeight_day_curr_yr":1,"twentyeight_day_prev_yr":1,"twentyeight_day_pct_change":0,"ytd_curr_yr":14,"ytd_prev_yr":18,"ytd_pct_change":-22.2,"two_year_pct_change":-22.2,"six_year_pct_change":-17.6,"twentytwo_year_pct_change":null},{"crime":"Housing","wtd_curr_yr":1,"wtd_prev_yr":0,"wtd_pct_change":null,"twentyeight_day_curr_yr":5,"twentyeight_day_prev_yr":2,"twentyeight_day_pct_change":150,"ytd_curr_yr":34,"ytd_prev_yr":31,"ytd_pct_change":9.7,"two_year_pct_change":0,"six_year_pct_change":70,"twentytwo_year_pct_change":null},{"crime":"Petit Larceny","wtd_curr_yr":24,"wtd_prev_yr":14,"wtd_pct_change":71.4,"twentyeight_day_curr_yr":77,"twentyeight_day_prev_yr":60,"twentyeight_day_pct_change":28.3,"ytd_curr_yr":489,"ytd_prev_yr":515,"ytd_pct_change":-5,"two_year_pct_change":-0.6,"six_year_pct_change":-16.3,"twentytwo_year_pct_change":null},{"crime":"Misd. Assault","wtd_curr_yr":6,"wtd_prev_yr":8,"wtd_pct_change":-25,"twentyeight_day_curr_yr":28,"twentyeight_day_prev_yr":30,"twentyeight_day_pct_change":-6.7,"ytd_curr_yr":229,"ytd_prev_yr":232,"ytd_pct_change":-1.3,"two_year_pct_change":-0.9,"six_year_pct_change":-24.9,"twentytwo_year_pct_change":null},{"crime":"Misd. Sex Crimes","wtd_curr_yr":0,"wtd_prev_yr":0,"wtd_pct_change":null,"twentyeight_day_curr_yr":3,"twentyeight_day_prev_yr":2,"twentyeight_day_pct_change":50,"ytd_curr_yr":17,"ytd_prev_yr":19,"ytd_pct_change":-10.5,"two_year_pct_change":-5.6,"six_year_pct_change":-10.5,"twentytwo_year_pct_change":null},{"crime":"Shooting Vic.","wtd_curr_yr":0,"wtd_prev_yr":0,"wtd_pct_change":null,"twentyeight_day_curr_yr":0,"twentyeight_day_prev_yr":0,"twentyeight_day_pct_change":null,"ytd_curr_yr":3,"ytd_prev_yr":2,"ytd_pct_change":50,"two_year_pct_change":200,"six_year_pct_change":0,"twentytwo_year_pct_change":-70},{"crime":"Shooting Inc.","wtd_curr_yr":0,"wtd_prev_yr":0,"wtd_pct_change":null,"twentyeight_day_curr_yr":0,"twentyeight_day_prev_yr":0,"twentyeight_day_pct_change":null,"ytd_curr_yr":3,"ytd_prev_yr":2,"ytd_pct_change":50,"two_year_pct_change":200,"six_year_pct_change":0,"twentytwo_year_pct_change":-70}],"historical":[{"yr_1990":14,"yr_1993":8,"yr_1998":5,"yr_2001":4,"yr_2013":1,"pct_change_13vs01":-75,"pct_change_13vs98":-80,"pct_change_13vs93":-87.5,"pct_change_13vs90":-92.9,"crime":"Murder"},{"yr_1990":24,"yr_1993":32,"yr_1998":30,"yr_2001":15,"yr_2013":7,"pct_change_13vs01":-53.3,"pct_change_13vs98":-76.7,"pct_change_13vs93":-78.1,"pct_change_13vs90":-70.8,"crime":"Rape"},{"yr_1990":1039,"yr_1993":514,"yr_1998":375,"yr_2001":242,"yr_2013":-35.5,"pct_change_13vs01":-52.9,"pct_change_13vs98":-76.7,"pct_change_13vs93":-72.9,"pct_change_13vs90":null,"crime":"Robbery 893"},{"yr_1990":260,"yr_1993":239,"yr_1998":226,"yr_2001":153,"yr_2013":138,"pct_change_13vs01":-9.8,"pct_change_13vs98":-38.9,"pct_change_13vs93":-42.3,"pct_change_13vs90":-46.9,"crime":"Fel. Assault"},{"yr_1990":2152,"yr_1993":1425,"yr_1998":862,"yr_2001":632,"yr_2013":244,"pct_change_13vs01":-61.4,"pct_change_13vs98":-71.7,"pct_change_13vs93":-82.9,"pct_change_13vs90":-88.7,"crime":"Burglary"},{"yr_1990":805,"yr_1993":616,"yr_1998":614,"yr_2001":572,"yr_2013":517,"pct_change_13vs01":-9.6,"pct_change_13vs98":-15.8,"pct_change_13vs93":-16.1,"pct_change_13vs90":-35.8,"crime":"Gr. Larceny"},{"yr_1990":5535,"yr_1993":4902,"yr_1998":1560,"yr_2001":802,"yr_2013":149,"pct_change_13vs01":-81.4,"pct_change_13vs98":-90.4,"pct_change_13vs93":-97,"pct_change_13vs90":-97.3,"crime":"G.L.A."},{"yr_1990":9683,"yr_1993":8261,"yr_1998":3811,"yr_2001":2553,"yr_2013":1298,"pct_change_13vs01":-49.16,"pct_change_13vs98":-65.94,"pct_change_13vs93":-84.29,"pct_change_13vs90":-86.6,"crime":"TOTAL"}]}