{"mayor":"Bill de Blasio","commissioner":"William J. Bratton","volume":21,"number":7,"precinct":"104th","startDate":"2014-02-10T05:00:00.000Z","endDate":"2014-02-16T05:00:00.000Z","crimes":[{"crime":"Murder","wtd_curr_yr":0,"wtd_prev_yr":0,"wtd_pct_change":null,"twentyeight_day_curr_yr":0,"twentyeight_day_prev_yr":0,"twentyeight_day_pct_change":null,"ytd_curr_yr":1,"ytd_prev_yr":0,"ytd_pct_change":null,"two_year_pct_change":null,"six_year_pct_change":-50,"twentytwo_year_pct_change":-66.7},{"crime":"Rape","wtd_curr_yr":0,"wtd_prev_yr":0,"wtd_pct_change":null,"twentyeight_day_curr_yr":0,"twentyeight_day_prev_yr":2,"twentyeight_day_pct_change":-100,"ytd_curr_yr":2,"ytd_prev_yr":4,"ytd_pct_change":-50,"two_year_pct_change":-33.3,"six_year_pct_change":-60,"twentytwo_year_pct_change":-60},{"crime":"Robbery","wtd_curr_yr":3,"wtd_prev_yr":3,"wtd_pct_change":0,"twentyeight_day_curr_yr":11,"twentyeight_day_prev_yr":16,"twentyeight_day_pct_change":-31.2,"ytd_curr_yr":24,"ytd_prev_yr":30,"ytd_pct_change":-20,"two_year_pct_change":-41.5,"six_year_pct_change":-44.2,"twentytwo_year_pct_change":-84.9},{"crime":"Fel. Assault","wtd_curr_yr":1,"wtd_prev_yr":5,"wtd_pct_change":-80,"twentyeight_day_curr_yr":14,"twentyeight_day_prev_yr":21,"twentyeight_day_pct_change":-33.3,"ytd_curr_yr":27,"ytd_prev_yr":35,"ytd_pct_change":-22.9,"two_year_pct_change":-6.9,"six_year_pct_change":-28.9,"twentytwo_year_pct_change":22.7},{"crime":"Burglary","wtd_curr_yr":4,"wtd_prev_yr":7,"wtd_pct_change":-42.9,"twentyeight_day_curr_yr":27,"twentyeight_day_prev_yr":28,"twentyeight_day_pct_change":-3.6,"ytd_curr_yr":46,"ytd_prev_yr":55,"ytd_pct_change":-16.4,"two_year_pct_change":17.9,"six_year_pct_change":-58.2,"twentytwo_year_pct_change":-82.8},{"crime":"Gr. Larceny","wtd_curr_yr":7,"wtd_prev_yr":15,"wtd_pct_change":-53.3,"twentyeight_day_curr_yr":43,"twentyeight_day_prev_yr":41,"twentyeight_day_pct_change":4.9,"ytd_curr_yr":67,"ytd_prev_yr":64,"ytd_pct_change":4.7,"two_year_pct_change":31.4,"six_year_pct_change":-18.3,"twentytwo_year_pct_change":-9.5},{"crime":"G.L.A.","wtd_curr_yr":2,"wtd_prev_yr":1,"wtd_pct_change":100,"twentyeight_day_curr_yr":9,"twentyeight_day_prev_yr":9,"twentyeight_day_pct_change":0,"ytd_curr_yr":19,"ytd_prev_yr":17,"ytd_pct_change":11.8,"two_year_pct_change":-36.7,"six_year_pct_change":-83,"twentytwo_year_pct_change":-96},{"crime":"TOTAL","wtd_curr_yr":17,"wtd_prev_yr":31,"wtd_pct_change":-45.16,"twentyeight_day_curr_yr":104,"twentyeight_day_prev_yr":117,"twentyeight_day_pct_change":-11.11,"ytd_curr_yr":186,"ytd_prev_yr":205,"ytd_pct_change":-9.27,"two_year_pct_change":-3.63,"six_year_pct_change":-52.55,"twentytwo_year_pct_change":-81.58},{"crime":"Petit Larceny","wtd_curr_yr":16,"wtd_prev_yr":14,"wtd_pct_change":14.3,"twentyeight_day_curr_yr":83,"twentyeight_day_prev_yr":67,"twentyeight_day_pct_change":23.9,"ytd_curr_yr":138,"ytd_prev_yr":132,"ytd_pct_change":4.5,"two_year_pct_change":12.2,"six_year_pct_change":null,"twentytwo_year_pct_change":null},{"crime":"Misd. Assault","wtd_curr_yr":7,"wtd_prev_yr":12,"wtd_pct_change":-41.7,"twentyeight_day_curr_yr":44,"twentyeight_day_prev_yr":44,"twentyeight_day_pct_change":0,"ytd_curr_yr":82,"ytd_prev_yr":66,"ytd_pct_change":24.2,"two_year_pct_change":5.1,"six_year_pct_change":null,"twentytwo_year_pct_change":null},{"crime":"Misd. Sex Crimes","wtd_curr_yr":2,"wtd_prev_yr":0,"wtd_pct_change":null,"twentyeight_day_curr_yr":4,"twentyeight_day_prev_yr":1,"twentyeight_day_pct_change":300,"ytd_curr_yr":4,"ytd_prev_yr":2,"ytd_pct_change":100,"two_year_pct_change":0,"six_year_pct_change":null,"twentytwo_year_pct_change":null},{"crime":"Shooting Vic.","wtd_curr_yr":0,"wtd_prev_yr":0,"wtd_pct_change":null,"twentyeight_day_curr_yr":0,"twentyeight_day_prev_yr":0,"twentyeight_day_pct_change":null,"ytd_curr_yr":0,"ytd_prev_yr":0,"ytd_pct_change":null,"two_year_pct_change":null,"six_year_pct_change":-100,"twentytwo_year_pct_change":-100},{"crime":"Shooting Inc.","wtd_curr_yr":0,"wtd_prev_yr":0,"wtd_pct_change":null,"twentyeight_day_curr_yr":0,"twentyeight_day_prev_yr":0,"twentyeight_day_pct_change":null,"ytd_curr_yr":0,"ytd_prev_yr":0,"ytd_pct_change":null,"two_year_pct_change":null,"six_year_pct_change":-100,"twentytwo_year_pct_change":-100}],"historical":[{"yr_1990":11,"yr_1993":19,"yr_1998":7,"yr_2001":5,"yr_2013":3,"pct_change_13vs01":-40,"pct_change_13vs98":-57.1,"pct_change_13vs93":-84.2,"pct_change_13vs90":-72.7,"crime":"Murder"},{"yr_1990":21,"yr_1993":21,"yr_1998":24,"yr_2001":15,"yr_2013":15,"pct_change_13vs01":0,"pct_change_13vs98":-37.5,"pct_change_13vs93":-28.6,"pct_change_13vs90":-28.6,"crime":"Rape"},{"yr_1990":1307,"yr_1993":1027,"yr_1998":490,"yr_2001":359,"yr_2013":256,"pct_change_13vs01":-28.7,"pct_change_13vs98":-47.8,"pct_change_13vs93":-75.1,"pct_change_13vs90":-80.4,"crime":"Robbery"},{"yr_1990":279,"yr_1993":305,"yr_1998":261,"yr_2001":262,"yr_2013":241,"pct_change_13vs01":-8,"pct_change_13vs98":-7.7,"pct_change_13vs93":-21,"pct_change_13vs90":-13.6,"crime":"Fel. Assault"},{"yr_1990":2562,"yr_1993":1955,"yr_1998":1024,"yr_2001":790,"yr_2013":339,"pct_change_13vs01":-57.1,"pct_change_13vs98":-66.9,"pct_change_13vs93":-82.7,"pct_change_13vs90":-86.8,"crime":"Burglary"},{"yr_1990":884,"yr_1993":678,"yr_1998":485,"yr_2001":551,"yr_2013":572,"pct_change_13vs01":3.8,"pct_change_13vs98":17.9,"pct_change_13vs93":-15.6,"pct_change_13vs90":-35.3,"crime":"Gr. Larceny"},{"yr_1990":4443,"yr_1993":3418,"yr_1998":1374,"yr_2001":892,"yr_2013":181,"pct_change_13vs01":-79.7,"pct_change_13vs98":-86.8,"pct_change_13vs93":-94.7,"pct_change_13vs90":-95.9,"crime":"G.L.A."},{"yr_1990":9507,"yr_1993":7423,"yr_1998":3665,"yr_2001":2874,"yr_2013":1607,"pct_change_13vs01":-44.08,"pct_change_13vs98":-56.15,"pct_change_13vs93":-78.35,"pct_change_13vs90":-83.1,"crime":"TOTAL"}]}