{"mayor":"Bill de Blasio","commissioner":"William J. Bratton","volume":22,"number":2,"precinct":"103rd","startDate":"2015-01-05T05:00:00.000Z","endDate":"2015-01-11T05:00:00.000Z","crimes":[{"crime":"Murder","wtd_curr_yr":0,"wtd_prev_yr":0,"wtd_pct_change":null,"twentyeight_day_curr_yr":0,"twentyeight_day_prev_yr":0,"twentyeight_day_pct_change":null,"ytd_curr_yr":0,"ytd_prev_yr":0,"ytd_pct_change":null,"two_year_pct_change":-100,"six_year_pct_change":-100,"twentytwo_year_pct_change":null},{"crime":"Rape","wtd_curr_yr":0,"wtd_prev_yr":1,"wtd_pct_change":-100,"twentyeight_day_curr_yr":0,"twentyeight_day_prev_yr":2,"twentyeight_day_pct_change":-100,"ytd_curr_yr":0,"ytd_prev_yr":1,"ytd_pct_change":-100,"two_year_pct_change":-100,"six_year_pct_change":-100,"twentytwo_year_pct_change":-100},{"crime":"Robbery","wtd_curr_yr":3,"wtd_prev_yr":11,"wtd_pct_change":-72.7,"twentyeight_day_curr_yr":27,"twentyeight_day_prev_yr":34,"twentyeight_day_pct_change":-20.6,"ytd_curr_yr":7,"ytd_prev_yr":13,"ytd_pct_change":-46.2,"two_year_pct_change":-66.7,"six_year_pct_change":-41.7,"twentytwo_year_pct_change":-85.4},{"crime":"Fel. Assault","wtd_curr_yr":3,"wtd_prev_yr":8,"wtd_pct_change":-62.5,"twentyeight_day_curr_yr":28,"twentyeight_day_prev_yr":29,"twentyeight_day_pct_change":-3.4,"ytd_curr_yr":8,"ytd_prev_yr":8,"ytd_pct_change":0,"two_year_pct_change":0,"six_year_pct_change":-20,"twentytwo_year_pct_change":-75},{"crime":"Burglary","wtd_curr_yr":1,"wtd_prev_yr":4,"wtd_pct_change":-75,"twentyeight_day_curr_yr":23,"twentyeight_day_prev_yr":17,"twentyeight_day_pct_change":35.3,"ytd_curr_yr":2,"ytd_prev_yr":6,"ytd_pct_change":-66.7,"two_year_pct_change":-71.4,"six_year_pct_change":-60,"twentytwo_year_pct_change":-93.9},{"crime":"Gr. Larceny","wtd_curr_yr":4,"wtd_prev_yr":3,"wtd_pct_change":33.3,"twentyeight_day_curr_yr":31,"twentyeight_day_prev_yr":31,"twentyeight_day_pct_change":0,"ytd_curr_yr":12,"ytd_prev_yr":8,"ytd_pct_change":50,"two_year_pct_change":-29.4,"six_year_pct_change":50,"twentytwo_year_pct_change":-52},{"crime":"G.L.A.","wtd_curr_yr":3,"wtd_prev_yr":3,"wtd_pct_change":0,"twentyeight_day_curr_yr":17,"twentyeight_day_prev_yr":15,"twentyeight_day_pct_change":13.3,"ytd_curr_yr":4,"ytd_prev_yr":3,"ytd_pct_change":33.3,"two_year_pct_change":0,"six_year_pct_change":300,"twentytwo_year_pct_change":-89.5},{"crime":"TOTAL","wtd_curr_yr":14,"wtd_prev_yr":30,"wtd_pct_change":-53.33,"twentyeight_day_curr_yr":126,"twentyeight_day_prev_yr":128,"twentyeight_day_pct_change":-1.56,"ytd_curr_yr":33,"ytd_prev_yr":39,"ytd_pct_change":-15.38,"two_year_pct_change":-44.07,"six_year_pct_change":-19.51,"twentytwo_year_pct_change":-81.46},{"crime":"Transit","wtd_curr_yr":0,"wtd_prev_yr":0,"wtd_pct_change":null,"twentyeight_day_curr_yr":1,"twentyeight_day_prev_yr":2,"twentyeight_day_pct_change":-50,"ytd_curr_yr":0,"ytd_prev_yr":0,"ytd_pct_change":null,"two_year_pct_change":-100,"six_year_pct_change":null,"twentytwo_year_pct_change":null},{"crime":"Housing","wtd_curr_yr":1,"wtd_prev_yr":0,"wtd_pct_change":null,"twentyeight_day_curr_yr":4,"twentyeight_day_prev_yr":0,"twentyeight_day_pct_change":null,"ytd_curr_yr":2,"ytd_prev_yr":0,"ytd_pct_change":null,"two_year_pct_change":0,"six_year_pct_change":0,"twentytwo_year_pct_change":null},{"crime":"Petit Larceny","wtd_curr_yr":26,"wtd_prev_yr":12,"wtd_pct_change":116.7,"twentyeight_day_curr_yr":82,"twentyeight_day_prev_yr":67,"twentyeight_day_pct_change":22.4,"ytd_curr_yr":30,"ytd_prev_yr":21,"ytd_pct_change":42.9,"two_year_pct_change":15.4,"six_year_pct_change":-6.2,"twentytwo_year_pct_change":null},{"crime":"Misd. Assault","wtd_curr_yr":12,"wtd_prev_yr":8,"wtd_pct_change":50,"twentyeight_day_curr_yr":47,"twentyeight_day_prev_yr":50,"twentyeight_day_pct_change":-6,"ytd_curr_yr":19,"ytd_prev_yr":19,"ytd_pct_change":0,"two_year_pct_change":-29.6,"six_year_pct_change":5.6,"twentytwo_year_pct_change":null},{"crime":"Misd. Sex Crimes","wtd_curr_yr":0,"wtd_prev_yr":0,"wtd_pct_change":null,"twentyeight_day_curr_yr":2,"twentyeight_day_prev_yr":3,"twentyeight_day_pct_change":-33.3,"ytd_curr_yr":0,"ytd_prev_yr":0,"ytd_pct_change":null,"two_year_pct_change":-100,"six_year_pct_change":-100,"twentytwo_year_pct_change":null},{"crime":"Shooting Vic.","wtd_curr_yr":0,"wtd_prev_yr":0,"wtd_pct_change":null,"twentyeight_day_curr_yr":1,"twentyeight_day_prev_yr":0,"twentyeight_day_pct_change":null,"ytd_curr_yr":1,"ytd_prev_yr":0,"ytd_pct_change":null,"two_year_pct_change":-66.7,"six_year_pct_change":-66.7,"twentytwo_year_pct_change":-83.3},{"crime":"Shooting Inc.","wtd_curr_yr":0,"wtd_prev_yr":0,"wtd_pct_change":null,"twentyeight_day_curr_yr":1,"twentyeight_day_prev_yr":0,"twentyeight_day_pct_change":null,"ytd_curr_yr":1,"ytd_prev_yr":0,"ytd_pct_change":null,"two_year_pct_change":-50,"six_year_pct_change":0,"twentytwo_year_pct_change":-83.3}],"historical":[{"yr_1990":38,"yr_1993":28,"yr_1998":16,"yr_2001":10,"yr_2014":9,"pct_change_14vs01":-10,"pct_change_14vs98":-43.8,"pct_change_14vs93":-67.9,"pct_change_14vs90":-76.3,"crime":"Murder"},{"yr_1990":60,"yr_1993":74,"yr_1998":45,"yr_2001":27,"yr_2014":21,"pct_change_14vs01":-22.2,"pct_change_14vs98":-53.3,"pct_change_14vs93":-71.6,"pct_change_14vs90":-65,"crime":"Rape"},{"yr_1990":1846,"yr_1993":1742,"yr_1998":751,"yr_2001":530,"yr_2014":392,"pct_change_14vs01":-26,"pct_change_14vs98":-47.8,"pct_change_14vs93":-77.5,"pct_change_14vs90":-78.8,"crime":"Robbery"},{"yr_1990":958,"yr_1993":853,"yr_1998":611,"yr_2001":406,"yr_2014":458,"pct_change_14vs01":12.8,"pct_change_14vs98":-25,"pct_change_14vs93":-46.3,"pct_change_14vs90":-52.2,"crime":"Fel. Assault"},{"yr_1990":1592,"yr_1993":1166,"yr_1998":598,"yr_2001":449,"yr_2014":281,"pct_change_14vs01":-37.4,"pct_change_14vs98":-53,"pct_change_14vs93":-75.9,"pct_change_14vs90":-82.3,"crime":"Burglary"},{"yr_1990":1277,"yr_1993":1214,"yr_1998":578,"yr_2001":587,"yr_2014":489,"pct_change_14vs01":-16.7,"pct_change_14vs98":-15.4,"pct_change_14vs93":-59.7,"pct_change_14vs90":-61.7,"crime":"Gr. Larceny"},{"yr_1990":1889,"yr_1993":1591,"yr_1998":602,"yr_2001":472,"yr_2014":144,"pct_change_14vs01":-69.5,"pct_change_14vs98":-76.1,"pct_change_14vs93":-90.9,"pct_change_14vs90":-92.4,"crime":"G.L.A."},{"yr_1990":7660,"yr_1993":6668,"yr_1998":3201,"yr_2001":2481,"yr_2014":1794,"pct_change_14vs01":-27.69,"pct_change_14vs98":-43.96,"pct_change_14vs93":-73.1,"pct_change_14vs90":-76.58,"crime":"TOTAL"}]}