{"mayor":"Bill de Blasio","commissioner":"William J. Bratton","volume":21,"number":12,"precinct":"105th","startDate":"2014-03-17T04:00:00.000Z","endDate":"2014-03-23T04:00:00.000Z","crimes":[{"crime":"Murder","wtd_curr_yr":0,"wtd_prev_yr":1,"wtd_pct_change":-100,"twentyeight_day_curr_yr":0,"twentyeight_day_prev_yr":1,"twentyeight_day_pct_change":-100,"ytd_curr_yr":1,"ytd_prev_yr":1,"ytd_pct_change":0,"two_year_pct_change":-66.7,"six_year_pct_change":0,"twentytwo_year_pct_change":-75},{"crime":"Rape","wtd_curr_yr":1,"wtd_prev_yr":1,"wtd_pct_change":0,"twentyeight_day_curr_yr":2,"twentyeight_day_prev_yr":2,"twentyeight_day_pct_change":0,"ytd_curr_yr":6,"ytd_prev_yr":4,"ytd_pct_change":50,"two_year_pct_change":-14.3,"six_year_pct_change":-40,"twentytwo_year_pct_change":-25},{"crime":"Robbery","wtd_curr_yr":1,"wtd_prev_yr":7,"wtd_pct_change":-85.7,"twentyeight_day_curr_yr":18,"twentyeight_day_prev_yr":31,"twentyeight_day_pct_change":-41.9,"ytd_curr_yr":48,"ytd_prev_yr":97,"ytd_pct_change":-50.5,"two_year_pct_change":-46.7,"six_year_pct_change":-47.3,"twentytwo_year_pct_change":-78.3},{"crime":"Fel. Assault","wtd_curr_yr":8,"wtd_prev_yr":11,"wtd_pct_change":-27.3,"twentyeight_day_curr_yr":17,"twentyeight_day_prev_yr":22,"twentyeight_day_pct_change":-22.7,"ytd_curr_yr":62,"ytd_prev_yr":62,"ytd_pct_change":0,"two_year_pct_change":-8.8,"six_year_pct_change":17,"twentytwo_year_pct_change":-16.2},{"crime":"Burglary","wtd_curr_yr":5,"wtd_prev_yr":2,"wtd_pct_change":150,"twentyeight_day_curr_yr":21,"twentyeight_day_prev_yr":34,"twentyeight_day_pct_change":-38.2,"ytd_curr_yr":57,"ytd_prev_yr":125,"ytd_pct_change":-54.4,"two_year_pct_change":-47.7,"six_year_pct_change":-45.2,"twentytwo_year_pct_change":-81.2},{"crime":"Gr. Larceny","wtd_curr_yr":12,"wtd_prev_yr":9,"wtd_pct_change":33.3,"twentyeight_day_curr_yr":43,"twentyeight_day_prev_yr":45,"twentyeight_day_pct_change":-4.4,"ytd_curr_yr":107,"ytd_prev_yr":137,"ytd_pct_change":-21.9,"two_year_pct_change":-12.3,"six_year_pct_change":5.9,"twentytwo_year_pct_change":-7.8},{"crime":"G.L.A.","wtd_curr_yr":2,"wtd_prev_yr":3,"wtd_pct_change":-33.3,"twentyeight_day_curr_yr":12,"twentyeight_day_prev_yr":14,"twentyeight_day_pct_change":-14.3,"ytd_curr_yr":41,"ytd_prev_yr":53,"ytd_pct_change":-22.6,"two_year_pct_change":-43.8,"six_year_pct_change":-29.3,"twentytwo_year_pct_change":-94.4},{"crime":"TOTAL","wtd_curr_yr":29,"wtd_prev_yr":34,"wtd_pct_change":-14.71,"twentyeight_day_curr_yr":113,"twentyeight_day_prev_yr":149,"twentyeight_day_pct_change":-24.16,"ytd_curr_yr":322,"ytd_prev_yr":479,"ytd_pct_change":-32.78,"two_year_pct_change":-31.78,"six_year_pct_change":-22.97,"twentytwo_year_pct_change":-77.88},{"crime":"Transit","wtd_curr_yr":0,"wtd_prev_yr":0,"wtd_pct_change":null,"twentyeight_day_curr_yr":0,"twentyeight_day_prev_yr":0,"twentyeight_day_pct_change":null,"ytd_curr_yr":0,"ytd_prev_yr":0,"ytd_pct_change":null,"two_year_pct_change":null,"six_year_pct_change":null,"twentytwo_year_pct_change":null},{"crime":"Housing","wtd_curr_yr":0,"wtd_prev_yr":0,"wtd_pct_change":null,"twentyeight_day_curr_yr":0,"twentyeight_day_prev_yr":0,"twentyeight_day_pct_change":null,"ytd_curr_yr":0,"ytd_prev_yr":0,"ytd_pct_change":null,"two_year_pct_change":null,"six_year_pct_change":null,"twentytwo_year_pct_change":null},{"crime":"Petit Larceny","wtd_curr_yr":11,"wtd_prev_yr":8,"wtd_pct_change":37.5,"twentyeight_day_curr_yr":46,"twentyeight_day_prev_yr":46,"twentyeight_day_pct_change":0,"ytd_curr_yr":154,"ytd_prev_yr":153,"ytd_pct_change":0.7,"two_year_pct_change":0.7,"six_year_pct_change":-19.4,"twentytwo_year_pct_change":null},{"crime":"Misd. Assault","wtd_curr_yr":14,"wtd_prev_yr":10,"wtd_pct_change":40,"twentyeight_day_curr_yr":45,"twentyeight_day_prev_yr":40,"twentyeight_day_pct_change":12.5,"ytd_curr_yr":133,"ytd_prev_yr":108,"ytd_pct_change":23.1,"two_year_pct_change":2.3,"six_year_pct_change":-17.4,"twentytwo_year_pct_change":null},{"crime":"Misd. Sex Crimes","wtd_curr_yr":0,"wtd_prev_yr":0,"wtd_pct_change":null,"twentyeight_day_curr_yr":1,"twentyeight_day_prev_yr":3,"twentyeight_day_pct_change":-66.7,"ytd_curr_yr":5,"ytd_prev_yr":11,"ytd_pct_change":-54.5,"two_year_pct_change":-44.4,"six_year_pct_change":-37.5,"twentytwo_year_pct_change":null},{"crime":"Shooting Vic.","wtd_curr_yr":1,"wtd_prev_yr":0,"wtd_pct_change":null,"twentyeight_day_curr_yr":1,"twentyeight_day_prev_yr":3,"twentyeight_day_pct_change":-66.7,"ytd_curr_yr":3,"ytd_prev_yr":6,"ytd_pct_change":-50,"two_year_pct_change":-75,"six_year_pct_change":50,"twentytwo_year_pct_change":-70},{"crime":"Shooting Inc.","wtd_curr_yr":1,"wtd_prev_yr":0,"wtd_pct_change":null,"twentyeight_day_curr_yr":1,"twentyeight_day_prev_yr":3,"twentyeight_day_pct_change":-66.7,"ytd_curr_yr":3,"ytd_prev_yr":5,"ytd_pct_change":-40,"two_year_pct_change":-70,"six_year_pct_change":50,"twentytwo_year_pct_change":-70}],"historical":[{"yr_1990":30,"yr_1993":23,"yr_1998":7,"yr_2001":18,"yr_2013":3,"pct_change_13vs01":-83.3,"pct_change_13vs98":-57.1,"pct_change_13vs93":-87,"pct_change_13vs90":-90,"crime":"Murder"},{"yr_1990":56,"yr_1993":41,"yr_1998":52,"yr_2001":35,"yr_2013":18,"pct_change_13vs01":-48.6,"pct_change_13vs98":-65.4,"pct_change_13vs93":-56.1,"pct_change_13vs90":-67.9,"crime":"Rape"},{"yr_1990":1066,"yr_1993":1082,"yr_1998":557,"yr_2001":395,"yr_2013":331,"pct_change_13vs01":-16.2,"pct_change_13vs98":-40.6,"pct_change_13vs93":-69.4,"pct_change_13vs90":-68.9,"crime":"Robbery"},{"yr_1990":459,"yr_1993":409,"yr_1998":400,"yr_2001":329,"yr_2013":313,"pct_change_13vs01":-4.9,"pct_change_13vs98":-21.8,"pct_change_13vs93":-23.5,"pct_change_13vs90":-31.8,"crime":"Fel. Assault"},{"yr_1990":2199,"yr_1993":1640,"yr_1998":854,"yr_2001":630,"yr_2013":469,"pct_change_13vs01":-25.6,"pct_change_13vs98":-45.1,"pct_change_13vs93":-71.4,"pct_change_13vs90":-78.7,"crime":"Burglary"},{"yr_1990":699,"yr_1993":593,"yr_1998":444,"yr_2001":456,"yr_2013":520,"pct_change_13vs01":14,"pct_change_13vs98":17.1,"pct_change_13vs93":-12.3,"pct_change_13vs90":-25.6,"crime":"Gr. Larceny"},{"yr_1990":3534,"yr_1993":3476,"yr_1998":1360,"yr_2001":913,"yr_2013":263,"pct_change_13vs01":-71.2,"pct_change_13vs98":-80.7,"pct_change_13vs93":-92.4,"pct_change_13vs90":-92.6,"crime":"G.L.A."},{"yr_1990":8043,"yr_1993":7264,"yr_1998":3674,"yr_2001":2776,"yr_2013":1917,"pct_change_13vs01":-30.94,"pct_change_13vs98":-47.82,"pct_change_13vs93":-73.61,"pct_change_13vs90":-76.17,"crime":"TOTAL"}]}