{"mayor":"Bill de Blasio","commissioner":"William J. Bratton","volume":21,"number":12,"precinct":"106th","startDate":"2014-03-17T04:00:00.000Z","endDate":"2014-03-23T04:00:00.000Z","crimes":[{"crime":"Murder","wtd_curr_yr":0,"wtd_prev_yr":0,"wtd_pct_change":null,"twentyeight_day_curr_yr":0,"twentyeight_day_prev_yr":2,"twentyeight_day_pct_change":-100,"ytd_curr_yr":0,"ytd_prev_yr":2,"ytd_pct_change":-100,"two_year_pct_change":-100,"six_year_pct_change":-100,"twentytwo_year_pct_change":-100},{"crime":"Rape","wtd_curr_yr":1,"wtd_prev_yr":0,"wtd_pct_change":null,"twentyeight_day_curr_yr":2,"twentyeight_day_prev_yr":0,"twentyeight_day_pct_change":null,"ytd_curr_yr":6,"ytd_prev_yr":0,"ytd_pct_change":null,"two_year_pct_change":50,"six_year_pct_change":100,"twentytwo_year_pct_change":-25},{"crime":"Robbery","wtd_curr_yr":3,"wtd_prev_yr":2,"wtd_pct_change":50,"twentyeight_day_curr_yr":16,"twentyeight_day_prev_yr":16,"twentyeight_day_pct_change":0,"ytd_curr_yr":50,"ytd_prev_yr":57,"ytd_pct_change":-12.3,"two_year_pct_change":-19.4,"six_year_pct_change":16.3,"twentytwo_year_pct_change":-78.4},{"crime":"Fel. Assault","wtd_curr_yr":5,"wtd_prev_yr":4,"wtd_pct_change":25,"twentyeight_day_curr_yr":15,"twentyeight_day_prev_yr":13,"twentyeight_day_pct_change":15.4,"ytd_curr_yr":52,"ytd_prev_yr":48,"ytd_pct_change":8.3,"two_year_pct_change":48.6,"six_year_pct_change":85.7,"twentytwo_year_pct_change":-30.7},{"crime":"Burglary","wtd_curr_yr":7,"wtd_prev_yr":10,"wtd_pct_change":-30,"twentyeight_day_curr_yr":20,"twentyeight_day_prev_yr":29,"twentyeight_day_pct_change":-31,"ytd_curr_yr":69,"ytd_prev_yr":93,"ytd_pct_change":-25.8,"two_year_pct_change":-13.8,"six_year_pct_change":-1.4,"twentytwo_year_pct_change":-76.2},{"crime":"Gr. Larceny","wtd_curr_yr":10,"wtd_prev_yr":5,"wtd_pct_change":100,"twentyeight_day_curr_yr":34,"twentyeight_day_prev_yr":36,"twentyeight_day_pct_change":-5.6,"ytd_curr_yr":108,"ytd_prev_yr":111,"ytd_pct_change":-2.7,"two_year_pct_change":20,"six_year_pct_change":35,"twentytwo_year_pct_change":-16.3},{"crime":"G.L.A.","wtd_curr_yr":7,"wtd_prev_yr":1,"wtd_pct_change":600,"twentyeight_day_curr_yr":19,"twentyeight_day_prev_yr":8,"twentyeight_day_pct_change":137.5,"ytd_curr_yr":60,"ytd_prev_yr":29,"ytd_pct_change":106.9,"two_year_pct_change":30.4,"six_year_pct_change":0,"twentytwo_year_pct_change":-92.2},{"crime":"TOTAL","wtd_curr_yr":33,"wtd_prev_yr":22,"wtd_pct_change":50,"twentyeight_day_curr_yr":106,"twentyeight_day_prev_yr":104,"twentyeight_day_pct_change":1.92,"ytd_curr_yr":345,"ytd_prev_yr":340,"ytd_pct_change":1.47,"two_year_pct_change":8.49,"six_year_pct_change":21.05,"twentytwo_year_pct_change":-77.15},{"crime":"Transit","wtd_curr_yr":1,"wtd_prev_yr":0,"wtd_pct_change":null,"twentyeight_day_curr_yr":2,"twentyeight_day_prev_yr":0,"twentyeight_day_pct_change":null,"ytd_curr_yr":7,"ytd_prev_yr":6,"ytd_pct_change":16.7,"two_year_pct_change":75,"six_year_pct_change":75,"twentytwo_year_pct_change":null},{"crime":"Housing","wtd_curr_yr":0,"wtd_prev_yr":0,"wtd_pct_change":null,"twentyeight_day_curr_yr":0,"twentyeight_day_prev_yr":0,"twentyeight_day_pct_change":null,"ytd_curr_yr":0,"ytd_prev_yr":0,"ytd_pct_change":null,"two_year_pct_change":null,"six_year_pct_change":null,"twentytwo_year_pct_change":null},{"crime":"Petit Larceny","wtd_curr_yr":15,"wtd_prev_yr":11,"wtd_pct_change":36.4,"twentyeight_day_curr_yr":57,"twentyeight_day_prev_yr":58,"twentyeight_day_pct_change":-1.7,"ytd_curr_yr":173,"ytd_prev_yr":176,"ytd_pct_change":-1.7,"two_year_pct_change":-17.2,"six_year_pct_change":-1.7,"twentytwo_year_pct_change":null},{"crime":"Misd. Assault","wtd_curr_yr":9,"wtd_prev_yr":8,"wtd_pct_change":12.5,"twentyeight_day_curr_yr":29,"twentyeight_day_prev_yr":27,"twentyeight_day_pct_change":7.4,"ytd_curr_yr":94,"ytd_prev_yr":91,"ytd_pct_change":3.3,"two_year_pct_change":2.2,"six_year_pct_change":8,"twentytwo_year_pct_change":null},{"crime":"Misd. Sex Crimes","wtd_curr_yr":1,"wtd_prev_yr":0,"wtd_pct_change":null,"twentyeight_day_curr_yr":2,"twentyeight_day_prev_yr":2,"twentyeight_day_pct_change":0,"ytd_curr_yr":4,"ytd_prev_yr":5,"ytd_pct_change":-20,"two_year_pct_change":-42.9,"six_year_pct_change":-20,"twentytwo_year_pct_change":null},{"crime":"Shooting Vic.","wtd_curr_yr":0,"wtd_prev_yr":0,"wtd_pct_change":null,"twentyeight_day_curr_yr":0,"twentyeight_day_prev_yr":2,"twentyeight_day_pct_change":-100,"ytd_curr_yr":0,"ytd_prev_yr":4,"ytd_pct_change":-100,"two_year_pct_change":-100,"six_year_pct_change":-100,"twentytwo_year_pct_change":-100},{"crime":"Shooting Inc.","wtd_curr_yr":0,"wtd_prev_yr":0,"wtd_pct_change":null,"twentyeight_day_curr_yr":0,"twentyeight_day_prev_yr":1,"twentyeight_day_pct_change":-100,"ytd_curr_yr":0,"ytd_prev_yr":3,"ytd_pct_change":-100,"two_year_pct_change":-100,"six_year_pct_change":-100,"twentytwo_year_pct_change":-100}],"historical":[{"yr_1990":15,"yr_1993":21,"yr_1998":7,"yr_2001":4,"yr_2013":6,"pct_change_13vs01":50,"pct_change_13vs98":-14.3,"pct_change_13vs93":-71.4,"pct_change_13vs90":-60,"crime":"Murder"},{"yr_1990":31,"yr_1993":33,"yr_1998":40,"yr_2001":19,"yr_2013":19,"pct_change_13vs01":0,"pct_change_13vs98":-52.5,"pct_change_13vs93":-42.4,"pct_change_13vs90":-38.7,"crime":"Rape"},{"yr_1990":832,"yr_1993":891,"yr_1998":545,"yr_2001":344,"yr_2013":328,"pct_change_13vs01":-4.7,"pct_change_13vs98":-39.8,"pct_change_13vs93":-63.2,"pct_change_13vs90":-60.6,"crime":"Robbery"},{"yr_1990":329,"yr_1993":408,"yr_1998":297,"yr_2001":241,"yr_2013":253,"pct_change_13vs01":5,"pct_change_13vs98":-14.8,"pct_change_13vs93":-38,"pct_change_13vs90":-23.1,"crime":"Fel. Assault"},{"yr_1990":1348,"yr_1993":1230,"yr_1998":662,"yr_2001":417,"yr_2013":346,"pct_change_13vs01":-17,"pct_change_13vs98":-47.7,"pct_change_13vs93":-71.9,"pct_change_13vs90":-74.3,"crime":"Burglary"},{"yr_1990":715,"yr_1993":595,"yr_1998":440,"yr_2001":381,"yr_2013":522,"pct_change_13vs01":37,"pct_change_13vs98":18.6,"pct_change_13vs93":-12.3,"pct_change_13vs90":-27,"crime":"Gr. Larceny"},{"yr_1990":3071,"yr_1993":3304,"yr_1998":1370,"yr_2001":778,"yr_2013":191,"pct_change_13vs01":-75.4,"pct_change_13vs98":-86.1,"pct_change_13vs93":-94.2,"pct_change_13vs90":-93.8,"crime":"G.L.A."},{"yr_1990":6341,"yr_1993":6482,"yr_1998":3361,"yr_2001":2184,"yr_2013":1665,"pct_change_13vs01":-23.76,"pct_change_13vs98":-50.46,"pct_change_13vs93":-74.31,"pct_change_13vs90":-73.74,"crime":"TOTAL"}]}