{"mayor":"Bill de Blasio","commissioner":"William J. Bratton","volume":21,"number":21,"precinct":"107th","startDate":"2014-05-19T04:00:00.000Z","endDate":"2014-05-25T04:00:00.000Z","crimes":[{"crime":"Murder","wtd_curr_yr":0,"wtd_prev_yr":0,"wtd_pct_change":null,"twentyeight_day_curr_yr":0,"twentyeight_day_prev_yr":0,"twentyeight_day_pct_change":null,"ytd_curr_yr":0,"ytd_prev_yr":1,"ytd_pct_change":-100,"two_year_pct_change":null,"six_year_pct_change":null,"twentytwo_year_pct_change":-100},{"crime":"Rape","wtd_curr_yr":1,"wtd_prev_yr":1,"wtd_pct_change":0,"twentyeight_day_curr_yr":1,"twentyeight_day_prev_yr":2,"twentyeight_day_pct_change":-50,"ytd_curr_yr":7,"ytd_prev_yr":6,"ytd_pct_change":16.7,"two_year_pct_change":133.3,"six_year_pct_change":250,"twentytwo_year_pct_change":-50},{"crime":"Robbery","wtd_curr_yr":6,"wtd_prev_yr":1,"wtd_pct_change":500,"twentyeight_day_curr_yr":14,"twentyeight_day_prev_yr":24,"twentyeight_day_pct_change":-41.7,"ytd_curr_yr":78,"ytd_prev_yr":93,"ytd_pct_change":-16.1,"two_year_pct_change":-10.3,"six_year_pct_change":-21.2,"twentytwo_year_pct_change":-78.3},{"crime":"Fel. Assault","wtd_curr_yr":1,"wtd_prev_yr":3,"wtd_pct_change":-66.7,"twentyeight_day_curr_yr":9,"twentyeight_day_prev_yr":14,"twentyeight_day_pct_change":-35.7,"ytd_curr_yr":31,"ytd_prev_yr":48,"ytd_pct_change":-35.4,"two_year_pct_change":-45.6,"six_year_pct_change":3.3,"twentytwo_year_pct_change":-65.2},{"crime":"Burglary","wtd_curr_yr":2,"wtd_prev_yr":3,"wtd_pct_change":-33.3,"twentyeight_day_curr_yr":9,"twentyeight_day_prev_yr":17,"twentyeight_day_pct_change":-47.1,"ytd_curr_yr":56,"ytd_prev_yr":99,"ytd_pct_change":-43.4,"two_year_pct_change":-45.1,"six_year_pct_change":-48.6,"twentytwo_year_pct_change":-90.6},{"crime":"Gr. Larceny","wtd_curr_yr":7,"wtd_prev_yr":13,"wtd_pct_change":-46.2,"twentyeight_day_curr_yr":33,"twentyeight_day_prev_yr":45,"twentyeight_day_pct_change":-26.7,"ytd_curr_yr":156,"ytd_prev_yr":158,"ytd_pct_change":-1.3,"two_year_pct_change":-20.4,"six_year_pct_change":-15.2,"twentytwo_year_pct_change":-33},{"crime":"G.L.A.","wtd_curr_yr":3,"wtd_prev_yr":4,"wtd_pct_change":-25,"twentyeight_day_curr_yr":18,"twentyeight_day_prev_yr":15,"twentyeight_day_pct_change":20,"ytd_curr_yr":46,"ytd_prev_yr":52,"ytd_pct_change":-11.5,"two_year_pct_change":-14.8,"six_year_pct_change":-47.1,"twentytwo_year_pct_change":-97.6},{"crime":"TOTAL","wtd_curr_yr":20,"wtd_prev_yr":25,"wtd_pct_change":-20,"twentyeight_day_curr_yr":84,"twentyeight_day_prev_yr":117,"twentyeight_day_pct_change":-28.21,"ytd_curr_yr":374,"ytd_prev_yr":457,"ytd_pct_change":-18.16,"two_year_pct_change":-25.05,"six_year_pct_change":-26.81,"twentytwo_year_pct_change":-88.47},{"crime":"Transit","wtd_curr_yr":0,"wtd_prev_yr":0,"wtd_pct_change":null,"twentyeight_day_curr_yr":1,"twentyeight_day_prev_yr":2,"twentyeight_day_pct_change":-50,"ytd_curr_yr":8,"ytd_prev_yr":8,"ytd_pct_change":0,"two_year_pct_change":0,"six_year_pct_change":-20,"twentytwo_year_pct_change":null},{"crime":"Housing","wtd_curr_yr":1,"wtd_prev_yr":0,"wtd_pct_change":null,"twentyeight_day_curr_yr":5,"twentyeight_day_prev_yr":7,"twentyeight_day_pct_change":-28.6,"ytd_curr_yr":21,"ytd_prev_yr":18,"ytd_pct_change":16.7,"two_year_pct_change":-4.5,"six_year_pct_change":162.5,"twentytwo_year_pct_change":null},{"crime":"Petit Larceny","wtd_curr_yr":14,"wtd_prev_yr":24,"wtd_pct_change":-41.7,"twentyeight_day_curr_yr":55,"twentyeight_day_prev_yr":66,"twentyeight_day_pct_change":-16.7,"ytd_curr_yr":284,"ytd_prev_yr":300,"ytd_pct_change":-5.3,"two_year_pct_change":-13.1,"six_year_pct_change":-19.8,"twentytwo_year_pct_change":null},{"crime":"Misd. Assault","wtd_curr_yr":13,"wtd_prev_yr":8,"wtd_pct_change":62.5,"twentyeight_day_curr_yr":33,"twentyeight_day_prev_yr":31,"twentyeight_day_pct_change":6.5,"ytd_curr_yr":138,"ytd_prev_yr":140,"ytd_pct_change":-1.4,"two_year_pct_change":2.2,"six_year_pct_change":-28.9,"twentytwo_year_pct_change":null},{"crime":"Misd. Sex Crimes","wtd_curr_yr":0,"wtd_prev_yr":0,"wtd_pct_change":null,"twentyeight_day_curr_yr":3,"twentyeight_day_prev_yr":2,"twentyeight_day_pct_change":50,"ytd_curr_yr":9,"ytd_prev_yr":14,"ytd_pct_change":-35.7,"two_year_pct_change":0,"six_year_pct_change":0,"twentytwo_year_pct_change":null},{"crime":"Shooting Vic.","wtd_curr_yr":0,"wtd_prev_yr":0,"wtd_pct_change":null,"twentyeight_day_curr_yr":2,"twentyeight_day_prev_yr":0,"twentyeight_day_pct_change":null,"ytd_curr_yr":2,"ytd_prev_yr":1,"ytd_pct_change":100,"two_year_pct_change":100,"six_year_pct_change":100,"twentytwo_year_pct_change":-77.8},{"crime":"Shooting Inc.","wtd_curr_yr":0,"wtd_prev_yr":0,"wtd_pct_change":null,"twentyeight_day_curr_yr":2,"twentyeight_day_prev_yr":0,"twentyeight_day_pct_change":null,"ytd_curr_yr":2,"ytd_prev_yr":1,"ytd_pct_change":100,"two_year_pct_change":100,"six_year_pct_change":100,"twentytwo_year_pct_change":-77.8}],"historical":[{"yr_1990":14,"yr_1993":8,"yr_1998":5,"yr_2001":4,"yr_2013":1,"pct_change_13vs01":-75,"pct_change_13vs98":-80,"pct_change_13vs93":-87.5,"pct_change_13vs90":-92.9,"crime":"Murder"},{"yr_1990":24,"yr_1993":32,"yr_1998":30,"yr_2001":15,"yr_2013":7,"pct_change_13vs01":-53.3,"pct_change_13vs98":-76.7,"pct_change_13vs93":-78.1,"pct_change_13vs90":-70.8,"crime":"Rape"},{"yr_1990":1039,"yr_1993":514,"yr_1998":375,"yr_2001":242,"yr_2013":-35.5,"pct_change_13vs01":-52.9,"pct_change_13vs98":-76.7,"pct_change_13vs93":-72.9,"pct_change_13vs90":null,"crime":"Robbery 893"},{"yr_1990":260,"yr_1993":239,"yr_1998":226,"yr_2001":153,"yr_2013":138,"pct_change_13vs01":-9.8,"pct_change_13vs98":-38.9,"pct_change_13vs93":-42.3,"pct_change_13vs90":-46.9,"crime":"Fel. Assault"},{"yr_1990":2152,"yr_1993":1425,"yr_1998":862,"yr_2001":632,"yr_2013":244,"pct_change_13vs01":-61.4,"pct_change_13vs98":-71.7,"pct_change_13vs93":-82.9,"pct_change_13vs90":-88.7,"crime":"Burglary"},{"yr_1990":805,"yr_1993":616,"yr_1998":614,"yr_2001":572,"yr_2013":517,"pct_change_13vs01":-9.6,"pct_change_13vs98":-15.8,"pct_change_13vs93":-16.1,"pct_change_13vs90":-35.8,"crime":"Gr. Larceny"},{"yr_1990":5535,"yr_1993":4902,"yr_1998":1560,"yr_2001":802,"yr_2013":149,"pct_change_13vs01":-81.4,"pct_change_13vs98":-90.4,"pct_change_13vs93":-97,"pct_change_13vs90":-97.3,"crime":"G.L.A."},{"yr_1990":9683,"yr_1993":8261,"yr_1998":3811,"yr_2001":2553,"yr_2013":1298,"pct_change_13vs01":-49.16,"pct_change_13vs98":-65.94,"pct_change_13vs93":-84.29,"pct_change_13vs90":-86.6,"crime":"TOTAL"}]}