{"mayor":"Bill de Blasio","commissioner":"William J. Bratton","volume":21,"number":28,"precinct":"105th","startDate":"2014-07-07T04:00:00.000Z","endDate":"2014-07-13T04:00:00.000Z","crimes":[{"crime":"Murder","wtd_curr_yr":0,"wtd_prev_yr":0,"wtd_pct_change":null,"twentyeight_day_curr_yr":2,"twentyeight_day_prev_yr":0,"twentyeight_day_pct_change":null,"ytd_curr_yr":5,"ytd_prev_yr":2,"ytd_pct_change":150,"two_year_pct_change":-16.7,"six_year_pct_change":25,"twentytwo_year_pct_change":-58.3},{"crime":"Rape","wtd_curr_yr":0,"wtd_prev_yr":0,"wtd_pct_change":null,"twentyeight_day_curr_yr":1,"twentyeight_day_prev_yr":1,"twentyeight_day_pct_change":0,"ytd_curr_yr":11,"ytd_prev_yr":10,"ytd_pct_change":10,"two_year_pct_change":-42.1,"six_year_pct_change":-45,"twentytwo_year_pct_change":-54.2},{"crime":"Robbery","wtd_curr_yr":3,"wtd_prev_yr":1,"wtd_pct_change":200,"twentyeight_day_curr_yr":15,"twentyeight_day_prev_yr":17,"twentyeight_day_pct_change":-11.8,"ytd_curr_yr":110,"ytd_prev_yr":189,"ytd_pct_change":-41.8,"two_year_pct_change":-41.2,"six_year_pct_change":-41.2,"twentytwo_year_pct_change":-78.9},{"crime":"Fel. Assault","wtd_curr_yr":5,"wtd_prev_yr":4,"wtd_pct_change":25,"twentyeight_day_curr_yr":31,"twentyeight_day_prev_yr":22,"twentyeight_day_pct_change":40.9,"ytd_curr_yr":175,"ytd_prev_yr":150,"ytd_pct_change":16.7,"two_year_pct_change":4.8,"six_year_pct_change":28.7,"twentytwo_year_pct_change":-11.2},{"crime":"Burglary","wtd_curr_yr":11,"wtd_prev_yr":5,"wtd_pct_change":120,"twentyeight_day_curr_yr":27,"twentyeight_day_prev_yr":22,"twentyeight_day_pct_change":22.7,"ytd_curr_yr":156,"ytd_prev_yr":253,"ytd_pct_change":-38.3,"two_year_pct_change":-36.3,"six_year_pct_change":-25.7,"twentytwo_year_pct_change":-81.7},{"crime":"Gr. Larceny","wtd_curr_yr":5,"wtd_prev_yr":8,"wtd_pct_change":-37.5,"twentyeight_day_curr_yr":27,"twentyeight_day_prev_yr":32,"twentyeight_day_pct_change":-15.6,"ytd_curr_yr":251,"ytd_prev_yr":271,"ytd_pct_change":-7.4,"two_year_pct_change":-9.7,"six_year_pct_change":-0.4,"twentytwo_year_pct_change":-20.8},{"crime":"G.L.A.","wtd_curr_yr":1,"wtd_prev_yr":1,"wtd_pct_change":0,"twentyeight_day_curr_yr":10,"twentyeight_day_prev_yr":9,"twentyeight_day_pct_change":11.1,"ytd_curr_yr":114,"ytd_prev_yr":126,"ytd_pct_change":-9.5,"two_year_pct_change":-34.9,"six_year_pct_change":-32.5,"twentytwo_year_pct_change":-93.6},{"crime":"TOTAL","wtd_curr_yr":25,"wtd_prev_yr":19,"wtd_pct_change":31.58,"twentyeight_day_curr_yr":113,"twentyeight_day_prev_yr":103,"twentyeight_day_pct_change":9.71,"ytd_curr_yr":822,"ytd_prev_yr":1001,"ytd_pct_change":-17.88,"two_year_pct_change":-23.68,"six_year_pct_change":-15.95,"twentytwo_year_pct_change":-77.8},{"crime":"Transit","wtd_curr_yr":0,"wtd_prev_yr":0,"wtd_pct_change":null,"twentyeight_day_curr_yr":0,"twentyeight_day_prev_yr":0,"twentyeight_day_pct_change":null,"ytd_curr_yr":0,"ytd_prev_yr":0,"ytd_pct_change":null,"two_year_pct_change":null,"six_year_pct_change":null,"twentytwo_year_pct_change":null},{"crime":"Housing","wtd_curr_yr":0,"wtd_prev_yr":0,"wtd_pct_change":null,"twentyeight_day_curr_yr":0,"twentyeight_day_prev_yr":0,"twentyeight_day_pct_change":null,"ytd_curr_yr":0,"ytd_prev_yr":0,"ytd_pct_change":null,"two_year_pct_change":null,"six_year_pct_change":null,"twentytwo_year_pct_change":null},{"crime":"Petit Larceny","wtd_curr_yr":16,"wtd_prev_yr":20,"wtd_pct_change":-20,"twentyeight_day_curr_yr":51,"twentyeight_day_prev_yr":50,"twentyeight_day_pct_change":2,"ytd_curr_yr":399,"ytd_prev_yr":372,"ytd_pct_change":7.3,"two_year_pct_change":-4.5,"six_year_pct_change":-15.1,"twentytwo_year_pct_change":null},{"crime":"Misd. Assault","wtd_curr_yr":9,"wtd_prev_yr":12,"wtd_pct_change":-25,"twentyeight_day_curr_yr":51,"twentyeight_day_prev_yr":56,"twentyeight_day_pct_change":-8.9,"ytd_curr_yr":339,"ytd_prev_yr":323,"ytd_pct_change":5,"two_year_pct_change":-2.6,"six_year_pct_change":-16.1,"twentytwo_year_pct_change":null},{"crime":"Misd. Sex Crimes","wtd_curr_yr":0,"wtd_prev_yr":2,"wtd_pct_change":-100,"twentyeight_day_curr_yr":1,"twentyeight_day_prev_yr":2,"twentyeight_day_pct_change":-50,"ytd_curr_yr":11,"ytd_prev_yr":25,"ytd_pct_change":-56,"two_year_pct_change":-45,"six_year_pct_change":-47.6,"twentytwo_year_pct_change":null},{"crime":"Shooting Vic.","wtd_curr_yr":0,"wtd_prev_yr":0,"wtd_pct_change":null,"twentyeight_day_curr_yr":2,"twentyeight_day_prev_yr":0,"twentyeight_day_pct_change":null,"ytd_curr_yr":7,"ytd_prev_yr":8,"ytd_pct_change":-12.5,"two_year_pct_change":-66.7,"six_year_pct_change":-46.2,"twentytwo_year_pct_change":-79.4},{"crime":"Shooting Inc.","wtd_curr_yr":0,"wtd_prev_yr":0,"wtd_pct_change":null,"twentyeight_day_curr_yr":2,"twentyeight_day_prev_yr":0,"twentyeight_day_pct_change":null,"ytd_curr_yr":6,"ytd_prev_yr":7,"ytd_pct_change":-14.3,"two_year_pct_change":-64.7,"six_year_pct_change":-50,"twentytwo_year_pct_change":-81.8}],"historical":[{"yr_2012":8,"yr_1993":23,"yr_1998":7,"yr_2001":18,"yr_2013":3,"pct_change_13vs01":-83.3,"pct_change_13vs98":-57.1,"pct_change_13vs93":-87,"pct_change_13vs12":-62.5,"crime":"Murder"},{"yr_2012":33,"yr_1993":41,"yr_1998":52,"yr_2001":35,"yr_2013":18,"pct_change_13vs01":-48.6,"pct_change_13vs98":-65.4,"pct_change_13vs93":-56.1,"pct_change_13vs12":-45.5,"crime":"Rape"},{"yr_2012":1082,"yr_1993":557,"yr_1998":395,"yr_2001":331,"yr_2013":-16.2,"pct_change_13vs01":-40.6,"pct_change_13vs98":-69.4,"pct_change_13vs93":-6.2,"pct_change_13vs12":null,"crime":"Robbery 353"},{"yr_2012":290,"yr_1993":409,"yr_1998":400,"yr_2001":329,"yr_2013":313,"pct_change_13vs01":-4.9,"pct_change_13vs98":-21.8,"pct_change_13vs93":-23.5,"pct_change_13vs12":7.9,"crime":"Fel. Assault"},{"yr_2012":1640,"yr_1993":854,"yr_1998":630,"yr_2001":469,"yr_2013":-25.6,"pct_change_13vs01":-45.1,"pct_change_13vs98":-71.4,"pct_change_13vs93":-12.3,"pct_change_13vs12":null,"crime":"Burglary 535"},{"yr_2012":488,"yr_1993":593,"yr_1998":444,"yr_2001":456,"yr_2013":520,"pct_change_13vs01":14,"pct_change_13vs98":17.1,"pct_change_13vs93":-12.3,"pct_change_13vs12":6.6,"crime":"Gr. Larceny"},{"yr_2012":3476,"yr_1993":1360,"yr_1998":913,"yr_2001":263,"yr_2013":-71.2,"pct_change_13vs01":-80.7,"pct_change_13vs98":-92.4,"pct_change_13vs93":-17.8,"pct_change_13vs12":null,"crime":"G.L.A. 320"},{"yr_2012":2027,"yr_1993":7264,"yr_1998":3674,"yr_2001":2776,"yr_2013":1917,"pct_change_13vs01":-30.94,"pct_change_13vs98":-47.82,"pct_change_13vs93":-73.61,"pct_change_13vs12":-5.43,"crime":"TOTAL"}]}