{"mayor":"Bill de Blasio","commissioner":"William J. Bratton","volume":21,"number":23,"precinct":"106th","startDate":"2014-06-02T04:00:00.000Z","endDate":"2014-06-08T04:00:00.000Z","crimes":[{"crime":"Murder","wtd_curr_yr":0,"wtd_prev_yr":0,"wtd_pct_change":null,"twentyeight_day_curr_yr":0,"twentyeight_day_prev_yr":1,"twentyeight_day_pct_change":-100,"ytd_curr_yr":1,"ytd_prev_yr":3,"ytd_pct_change":-66.7,"two_year_pct_change":-50,"six_year_pct_change":0,"twentytwo_year_pct_change":-92.9},{"crime":"Rape","wtd_curr_yr":0,"wtd_prev_yr":0,"wtd_pct_change":null,"twentyeight_day_curr_yr":3,"twentyeight_day_prev_yr":2,"twentyeight_day_pct_change":50,"ytd_curr_yr":11,"ytd_prev_yr":7,"ytd_pct_change":57.1,"two_year_pct_change":83.3,"six_year_pct_change":266.7,"twentytwo_year_pct_change":-31.2},{"crime":"Robbery","wtd_curr_yr":7,"wtd_prev_yr":6,"wtd_pct_change":16.7,"twentyeight_day_curr_yr":24,"twentyeight_day_prev_yr":23,"twentyeight_day_pct_change":4.3,"ytd_curr_yr":108,"ytd_prev_yr":112,"ytd_pct_change":-3.6,"two_year_pct_change":-7.7,"six_year_pct_change":9.1,"twentytwo_year_pct_change":-71.1},{"crime":"Fel. Assault","wtd_curr_yr":4,"wtd_prev_yr":2,"wtd_pct_change":100,"twentyeight_day_curr_yr":17,"twentyeight_day_prev_yr":21,"twentyeight_day_pct_change":-19,"ytd_curr_yr":95,"ytd_prev_yr":101,"ytd_pct_change":-5.9,"two_year_pct_change":28.4,"six_year_pct_change":41.8,"twentytwo_year_pct_change":-39.9},{"crime":"Burglary","wtd_curr_yr":7,"wtd_prev_yr":15,"wtd_pct_change":-53.3,"twentyeight_day_curr_yr":27,"twentyeight_day_prev_yr":41,"twentyeight_day_pct_change":-34.1,"ytd_curr_yr":129,"ytd_prev_yr":181,"ytd_pct_change":-28.7,"two_year_pct_change":-9.2,"six_year_pct_change":6.6,"twentytwo_year_pct_change":-74.6},{"crime":"Gr. Larceny","wtd_curr_yr":9,"wtd_prev_yr":2,"wtd_pct_change":350,"twentyeight_day_curr_yr":31,"twentyeight_day_prev_yr":22,"twentyeight_day_pct_change":40.9,"ytd_curr_yr":208,"ytd_prev_yr":201,"ytd_pct_change":3.5,"two_year_pct_change":7.8,"six_year_pct_change":41.5,"twentytwo_year_pct_change":-14.8},{"crime":"G.L.A.","wtd_curr_yr":4,"wtd_prev_yr":5,"wtd_pct_change":-20,"twentyeight_day_curr_yr":22,"twentyeight_day_prev_yr":18,"twentyeight_day_pct_change":22.2,"ytd_curr_yr":104,"ytd_prev_yr":68,"ytd_pct_change":52.9,"two_year_pct_change":8.3,"six_year_pct_change":-10.3,"twentytwo_year_pct_change":-92.9},{"crime":"TOTAL","wtd_curr_yr":31,"wtd_prev_yr":30,"wtd_pct_change":3.33,"twentyeight_day_curr_yr":124,"twentyeight_day_prev_yr":128,"twentyeight_day_pct_change":-3.12,"ytd_curr_yr":656,"ytd_prev_yr":673,"ytd_pct_change":-2.53,"two_year_pct_change":4.13,"six_year_pct_change":18.41,"twentytwo_year_pct_change":-76.37},{"crime":"Transit","wtd_curr_yr":0,"wtd_prev_yr":1,"wtd_pct_change":-100,"twentyeight_day_curr_yr":1,"twentyeight_day_prev_yr":3,"twentyeight_day_pct_change":-66.7,"ytd_curr_yr":15,"ytd_prev_yr":14,"ytd_pct_change":7.1,"two_year_pct_change":36.4,"six_year_pct_change":114.3,"twentytwo_year_pct_change":null},{"crime":"Housing","wtd_curr_yr":0,"wtd_prev_yr":0,"wtd_pct_change":null,"twentyeight_day_curr_yr":0,"twentyeight_day_prev_yr":0,"twentyeight_day_pct_change":null,"ytd_curr_yr":0,"ytd_prev_yr":0,"ytd_pct_change":null,"two_year_pct_change":null,"six_year_pct_change":null,"twentytwo_year_pct_change":null},{"crime":"Petit Larceny","wtd_curr_yr":21,"wtd_prev_yr":14,"wtd_pct_change":50,"twentyeight_day_curr_yr":71,"twentyeight_day_prev_yr":35,"twentyeight_day_pct_change":102.9,"ytd_curr_yr":368,"ytd_prev_yr":296,"ytd_pct_change":24.3,"two_year_pct_change":-9.4,"six_year_pct_change":12.5,"twentytwo_year_pct_change":null},{"crime":"Misd. Assault","wtd_curr_yr":10,"wtd_prev_yr":12,"wtd_pct_change":-16.7,"twentyeight_day_curr_yr":48,"twentyeight_day_prev_yr":43,"twentyeight_day_pct_change":11.6,"ytd_curr_yr":218,"ytd_prev_yr":179,"ytd_pct_change":21.8,"two_year_pct_change":5.3,"six_year_pct_change":23.9,"twentytwo_year_pct_change":null},{"crime":"Misd. Sex Crimes","wtd_curr_yr":1,"wtd_prev_yr":1,"wtd_pct_change":0,"twentyeight_day_curr_yr":1,"twentyeight_day_prev_yr":4,"twentyeight_day_pct_change":-75,"ytd_curr_yr":9,"ytd_prev_yr":11,"ytd_pct_change":-18.2,"two_year_pct_change":-10,"six_year_pct_change":-25,"twentytwo_year_pct_change":null},{"crime":"Shooting Vic.","wtd_curr_yr":0,"wtd_prev_yr":0,"wtd_pct_change":null,"twentyeight_day_curr_yr":0,"twentyeight_day_prev_yr":1,"twentyeight_day_pct_change":-100,"ytd_curr_yr":1,"ytd_prev_yr":5,"ytd_pct_change":-80,"two_year_pct_change":-75,"six_year_pct_change":-85.7,"twentytwo_year_pct_change":-95.2},{"crime":"Shooting Inc.","wtd_curr_yr":0,"wtd_prev_yr":0,"wtd_pct_change":null,"twentyeight_day_curr_yr":0,"twentyeight_day_prev_yr":1,"twentyeight_day_pct_change":-100,"ytd_curr_yr":1,"ytd_prev_yr":4,"ytd_pct_change":-75,"two_year_pct_change":-66.7,"six_year_pct_change":-83.3,"twentytwo_year_pct_change":-95.2}],"historical":[{"yr_1990":15,"yr_1993":21,"yr_1998":7,"yr_2001":4,"yr_2013":6,"pct_change_13vs01":50,"pct_change_13vs98":-14.3,"pct_change_13vs93":-71.4,"pct_change_13vs90":-60,"crime":"Murder"},{"yr_1990":31,"yr_1993":33,"yr_1998":40,"yr_2001":19,"yr_2013":19,"pct_change_13vs01":0,"pct_change_13vs98":-52.5,"pct_change_13vs93":-42.4,"pct_change_13vs90":-38.7,"crime":"Rape"},{"yr_1990":832,"yr_1993":891,"yr_1998":545,"yr_2001":344,"yr_2013":328,"pct_change_13vs01":-4.7,"pct_change_13vs98":-39.8,"pct_change_13vs93":-63.2,"pct_change_13vs90":-60.6,"crime":"Robbery"},{"yr_1990":329,"yr_1993":408,"yr_1998":297,"yr_2001":241,"yr_2013":253,"pct_change_13vs01":5,"pct_change_13vs98":-14.8,"pct_change_13vs93":-38,"pct_change_13vs90":-23.1,"crime":"Fel. Assault"},{"yr_1990":1348,"yr_1993":1230,"yr_1998":662,"yr_2001":417,"yr_2013":346,"pct_change_13vs01":-17,"pct_change_13vs98":-47.7,"pct_change_13vs93":-71.9,"pct_change_13vs90":-74.3,"crime":"Burglary"},{"yr_1990":715,"yr_1993":595,"yr_1998":440,"yr_2001":381,"yr_2013":522,"pct_change_13vs01":37,"pct_change_13vs98":18.6,"pct_change_13vs93":-12.3,"pct_change_13vs90":-27,"crime":"Gr. Larceny"},{"yr_1990":3071,"yr_1993":3304,"yr_1998":1370,"yr_2001":778,"yr_2013":191,"pct_change_13vs01":-75.4,"pct_change_13vs98":-86.1,"pct_change_13vs93":-94.2,"pct_change_13vs90":-93.8,"crime":"G.L.A."},{"yr_1990":6341,"yr_1993":6482,"yr_1998":3361,"yr_2001":2184,"yr_2013":1665,"pct_change_13vs01":-23.76,"pct_change_13vs98":-50.46,"pct_change_13vs93":-74.31,"pct_change_13vs90":-73.74,"crime":"TOTAL"}]}