{"mayor":"Bill de Blasio","commissioner":"William J. Bratton","volume":21,"number":52,"precinct":"104th","startDate":"2014-12-22T05:00:00.000Z","endDate":"2014-12-28T05:00:00.000Z","crimes":[{"crime":"Murder","wtd_curr_yr":0,"wtd_prev_yr":0,"wtd_pct_change":null,"twentyeight_day_curr_yr":0,"twentyeight_day_prev_yr":0,"twentyeight_day_pct_change":null,"ytd_curr_yr":3,"ytd_prev_yr":3,"ytd_pct_change":0,"two_year_pct_change":200,"six_year_pct_change":50,"twentytwo_year_pct_change":-84.2},{"crime":"Rape","wtd_curr_yr":0,"wtd_prev_yr":0,"wtd_pct_change":null,"twentyeight_day_curr_yr":0,"twentyeight_day_prev_yr":2,"twentyeight_day_pct_change":-100,"ytd_curr_yr":18,"ytd_prev_yr":15,"ytd_pct_change":20,"two_year_pct_change":20,"six_year_pct_change":38.5,"twentytwo_year_pct_change":-14.3},{"crime":"Robbery","wtd_curr_yr":1,"wtd_prev_yr":3,"wtd_pct_change":-66.7,"twentyeight_day_curr_yr":9,"twentyeight_day_prev_yr":18,"twentyeight_day_pct_change":-50,"ytd_curr_yr":177,"ytd_prev_yr":256,"ytd_pct_change":-30.9,"two_year_pct_change":-36.6,"six_year_pct_change":-35.9,"twentytwo_year_pct_change":-82.6},{"crime":"Fel. Assault","wtd_curr_yr":5,"wtd_prev_yr":4,"wtd_pct_change":25,"twentyeight_day_curr_yr":14,"twentyeight_day_prev_yr":14,"twentyeight_day_pct_change":0,"ytd_curr_yr":211,"ytd_prev_yr":241,"ytd_pct_change":-12.4,"two_year_pct_change":-15.9,"six_year_pct_change":15.3,"twentytwo_year_pct_change":-30.6},{"crime":"Burglary","wtd_curr_yr":6,"wtd_prev_yr":5,"wtd_pct_change":20,"twentyeight_day_curr_yr":26,"twentyeight_day_prev_yr":19,"twentyeight_day_pct_change":36.8,"ytd_curr_yr":286,"ytd_prev_yr":335,"ytd_pct_change":-14.6,"two_year_pct_change":-25.9,"six_year_pct_change":-35.6,"twentytwo_year_pct_change":-85.3},{"crime":"Gr. Larceny","wtd_curr_yr":8,"wtd_prev_yr":12,"wtd_pct_change":-33.3,"twentyeight_day_curr_yr":41,"twentyeight_day_prev_yr":45,"twentyeight_day_pct_change":-8.9,"ytd_curr_yr":572,"ytd_prev_yr":567,"ytd_pct_change":0.9,"two_year_pct_change":9.4,"six_year_pct_change":15.3,"twentytwo_year_pct_change":-15.3},{"crime":"G.L.A.","wtd_curr_yr":8,"wtd_prev_yr":6,"wtd_pct_change":33.3,"twentyeight_day_curr_yr":19,"twentyeight_day_prev_yr":21,"twentyeight_day_pct_change":-9.5,"ytd_curr_yr":226,"ytd_prev_yr":178,"ytd_pct_change":27,"two_year_pct_change":8.1,"six_year_pct_change":-23.1,"twentytwo_year_pct_change":-93.3},{"crime":"TOTAL","wtd_curr_yr":28,"wtd_prev_yr":30,"wtd_pct_change":-6.67,"twentyeight_day_curr_yr":109,"twentyeight_day_prev_yr":119,"twentyeight_day_pct_change":-8.4,"ytd_curr_yr":1493,"ytd_prev_yr":1595,"ytd_pct_change":-6.39,"two_year_pct_change":-10.28,"six_year_pct_change":-12.59,"twentytwo_year_pct_change":-79.77},{"crime":"Transit","wtd_curr_yr":0,"wtd_prev_yr":0,"wtd_pct_change":null,"twentyeight_day_curr_yr":0,"twentyeight_day_prev_yr":2,"twentyeight_day_pct_change":-100,"ytd_curr_yr":11,"ytd_prev_yr":18,"ytd_pct_change":-38.9,"two_year_pct_change":-56,"six_year_pct_change":83.3,"twentytwo_year_pct_change":null},{"crime":"Housing","wtd_curr_yr":0,"wtd_prev_yr":0,"wtd_pct_change":null,"twentyeight_day_curr_yr":0,"twentyeight_day_prev_yr":0,"twentyeight_day_pct_change":null,"ytd_curr_yr":0,"ytd_prev_yr":0,"ytd_pct_change":null,"two_year_pct_change":null,"six_year_pct_change":null,"twentytwo_year_pct_change":null},{"crime":"Petit Larceny","wtd_curr_yr":11,"wtd_prev_yr":20,"wtd_pct_change":-45,"twentyeight_day_curr_yr":45,"twentyeight_day_prev_yr":84,"twentyeight_day_pct_change":-46.4,"ytd_curr_yr":1085,"ytd_prev_yr":1166,"ytd_pct_change":-6.9,"two_year_pct_change":2,"six_year_pct_change":-4.3,"twentytwo_year_pct_change":null},{"crime":"Misd. Assault","wtd_curr_yr":6,"wtd_prev_yr":11,"wtd_pct_change":-45.5,"twentyeight_day_curr_yr":28,"twentyeight_day_prev_yr":27,"twentyeight_day_pct_change":3.7,"ytd_curr_yr":592,"ytd_prev_yr":566,"ytd_pct_change":4.6,"two_year_pct_change":-7.1,"six_year_pct_change":-5,"twentytwo_year_pct_change":null},{"crime":"Misd. Sex Crimes","wtd_curr_yr":1,"wtd_prev_yr":0,"wtd_pct_change":null,"twentyeight_day_curr_yr":3,"twentyeight_day_prev_yr":2,"twentyeight_day_pct_change":50,"ytd_curr_yr":16,"ytd_prev_yr":27,"ytd_pct_change":-40.7,"two_year_pct_change":-44.8,"six_year_pct_change":-51.5,"twentytwo_year_pct_change":null},{"crime":"Shooting Vic.","wtd_curr_yr":0,"wtd_prev_yr":0,"wtd_pct_change":null,"twentyeight_day_curr_yr":0,"twentyeight_day_prev_yr":0,"twentyeight_day_pct_change":null,"ytd_curr_yr":8,"ytd_prev_yr":4,"ytd_pct_change":100,"two_year_pct_change":33.3,"six_year_pct_change":14.3,"twentytwo_year_pct_change":-74.2},{"crime":"Shooting Inc.","wtd_curr_yr":0,"wtd_prev_yr":0,"wtd_pct_change":null,"twentyeight_day_curr_yr":0,"twentyeight_day_prev_yr":0,"twentyeight_day_pct_change":null,"ytd_curr_yr":7,"ytd_prev_yr":4,"ytd_pct_change":75,"two_year_pct_change":16.7,"six_year_pct_change":16.7,"twentytwo_year_pct_change":-75}],"historical":[{"yr_1990":11,"yr_1993":19,"yr_1998":7,"yr_2001":5,"yr_2013":3,"pct_change_13vs01":-40,"pct_change_13vs98":-57.1,"pct_change_13vs93":-84.2,"pct_change_13vs90":-72.7,"crime":"Murder"},{"yr_1990":21,"yr_1993":21,"yr_1998":24,"yr_2001":15,"yr_2013":15,"pct_change_13vs01":0,"pct_change_13vs98":-37.5,"pct_change_13vs93":-28.6,"pct_change_13vs90":-28.6,"crime":"Rape"},{"yr_1990":1307,"yr_1993":1027,"yr_1998":490,"yr_2001":359,"yr_2013":256,"pct_change_13vs01":-28.7,"pct_change_13vs98":-47.8,"pct_change_13vs93":-75.1,"pct_change_13vs90":-80.4,"crime":"Robbery"},{"yr_1990":279,"yr_1993":305,"yr_1998":261,"yr_2001":262,"yr_2013":241,"pct_change_13vs01":-8,"pct_change_13vs98":-7.7,"pct_change_13vs93":-21,"pct_change_13vs90":-13.6,"crime":"Fel. Assault"},{"yr_1990":2562,"yr_1993":1955,"yr_1998":1024,"yr_2001":790,"yr_2013":339,"pct_change_13vs01":-57.1,"pct_change_13vs98":-66.9,"pct_change_13vs93":-82.7,"pct_change_13vs90":-86.8,"crime":"Burglary"},{"yr_1990":884,"yr_1993":678,"yr_1998":485,"yr_2001":551,"yr_2013":572,"pct_change_13vs01":3.8,"pct_change_13vs98":17.9,"pct_change_13vs93":-15.6,"pct_change_13vs90":-35.3,"crime":"Gr. Larceny"},{"yr_1990":4443,"yr_1993":3418,"yr_1998":1374,"yr_2001":892,"yr_2013":181,"pct_change_13vs01":-79.7,"pct_change_13vs98":-86.8,"pct_change_13vs93":-94.7,"pct_change_13vs90":-95.9,"crime":"G.L.A."},{"yr_1990":9507,"yr_1993":7423,"yr_1998":3665,"yr_2001":2874,"yr_2013":1607,"pct_change_13vs01":-44.08,"pct_change_13vs98":-56.15,"pct_change_13vs93":-78.35,"pct_change_13vs90":-83.1,"crime":"TOTAL"}]}