{"mayor":"Bill de Blasio","commissioner":"William J. Bratton","volume":21,"number":16,"precinct":"103rd","startDate":"2014-04-14T04:00:00.000Z","endDate":"2014-04-20T04:00:00.000Z","crimes":[{"crime":"Murder","wtd_curr_yr":0,"wtd_prev_yr":0,"wtd_pct_change":null,"twentyeight_day_curr_yr":1,"twentyeight_day_prev_yr":0,"twentyeight_day_pct_change":null,"ytd_curr_yr":5,"ytd_prev_yr":1,"ytd_pct_change":400,"two_year_pct_change":150,"six_year_pct_change":66.7,"twentytwo_year_pct_change":-37.5},{"crime":"Rape","wtd_curr_yr":0,"wtd_prev_yr":1,"wtd_pct_change":-100,"twentyeight_day_curr_yr":3,"twentyeight_day_prev_yr":3,"twentyeight_day_pct_change":0,"ytd_curr_yr":6,"ytd_prev_yr":11,"ytd_pct_change":-45.5,"two_year_pct_change":-53.8,"six_year_pct_change":-25,"twentytwo_year_pct_change":-70},{"crime":"Robbery","wtd_curr_yr":6,"wtd_prev_yr":10,"wtd_pct_change":-40,"twentyeight_day_curr_yr":24,"twentyeight_day_prev_yr":30,"twentyeight_day_pct_change":-20,"ytd_curr_yr":89,"ytd_prev_yr":146,"ytd_pct_change":-39,"two_year_pct_change":-19.8,"six_year_pct_change":-3.3,"twentytwo_year_pct_change":-80.4},{"crime":"Fel. Assault","wtd_curr_yr":11,"wtd_prev_yr":3,"wtd_pct_change":266.7,"twentyeight_day_curr_yr":33,"twentyeight_day_prev_yr":29,"twentyeight_day_pct_change":13.8,"ytd_curr_yr":104,"ytd_prev_yr":114,"ytd_pct_change":-8.8,"two_year_pct_change":3,"six_year_pct_change":-14.8,"twentytwo_year_pct_change":-59.2},{"crime":"Burglary","wtd_curr_yr":5,"wtd_prev_yr":11,"wtd_pct_change":-54.5,"twentyeight_day_curr_yr":20,"twentyeight_day_prev_yr":26,"twentyeight_day_pct_change":-23.1,"ytd_curr_yr":63,"ytd_prev_yr":90,"ytd_pct_change":-30,"two_year_pct_change":-23.2,"six_year_pct_change":-7.4,"twentytwo_year_pct_change":-80.5},{"crime":"Gr. Larceny","wtd_curr_yr":9,"wtd_prev_yr":7,"wtd_pct_change":28.6,"twentyeight_day_curr_yr":33,"twentyeight_day_prev_yr":30,"twentyeight_day_pct_change":10,"ytd_curr_yr":120,"ytd_prev_yr":99,"ytd_pct_change":21.2,"two_year_pct_change":-22.6,"six_year_pct_change":13.2,"twentytwo_year_pct_change":-63.9},{"crime":"G.L.A.","wtd_curr_yr":2,"wtd_prev_yr":3,"wtd_pct_change":-33.3,"twentyeight_day_curr_yr":12,"twentyeight_day_prev_yr":7,"twentyeight_day_pct_change":71.4,"ytd_curr_yr":41,"ytd_prev_yr":57,"ytd_pct_change":-28.1,"two_year_pct_change":-14.6,"six_year_pct_change":-6.8,"twentytwo_year_pct_change":-89.8},{"crime":"TOTAL","wtd_curr_yr":33,"wtd_prev_yr":35,"wtd_pct_change":-5.71,"twentyeight_day_curr_yr":126,"twentyeight_day_prev_yr":125,"twentyeight_day_pct_change":0.8,"ytd_curr_yr":428,"ytd_prev_yr":518,"ytd_pct_change":-17.37,"two_year_pct_change":-16.41,"six_year_pct_change":-3.39,"twentytwo_year_pct_change":-76.1},{"crime":"Transit","wtd_curr_yr":1,"wtd_prev_yr":0,"wtd_pct_change":null,"twentyeight_day_curr_yr":1,"twentyeight_day_prev_yr":1,"twentyeight_day_pct_change":0,"ytd_curr_yr":8,"ytd_prev_yr":12,"ytd_pct_change":-33.3,"two_year_pct_change":14.3,"six_year_pct_change":100,"twentytwo_year_pct_change":null},{"crime":"Housing","wtd_curr_yr":3,"wtd_prev_yr":0,"wtd_pct_change":null,"twentyeight_day_curr_yr":4,"twentyeight_day_prev_yr":3,"twentyeight_day_pct_change":33.3,"ytd_curr_yr":10,"ytd_prev_yr":12,"ytd_pct_change":-16.7,"two_year_pct_change":-33.3,"six_year_pct_change":66.7,"twentytwo_year_pct_change":null},{"crime":"Petit Larceny","wtd_curr_yr":21,"wtd_prev_yr":30,"wtd_pct_change":-30,"twentyeight_day_curr_yr":96,"twentyeight_day_prev_yr":83,"twentyeight_day_pct_change":15.7,"ytd_curr_yr":334,"ytd_prev_yr":267,"ytd_pct_change":25.1,"two_year_pct_change":12.5,"six_year_pct_change":14,"twentytwo_year_pct_change":null},{"crime":"Misd. Assault","wtd_curr_yr":16,"wtd_prev_yr":18,"wtd_pct_change":-11.1,"twentyeight_day_curr_yr":88,"twentyeight_day_prev_yr":77,"twentyeight_day_pct_change":14.3,"ytd_curr_yr":275,"ytd_prev_yr":291,"ytd_pct_change":-5.5,"two_year_pct_change":19,"six_year_pct_change":34.8,"twentytwo_year_pct_change":null},{"crime":"Misd. Sex Crimes","wtd_curr_yr":1,"wtd_prev_yr":0,"wtd_pct_change":null,"twentyeight_day_curr_yr":2,"twentyeight_day_prev_yr":1,"twentyeight_day_pct_change":100,"ytd_curr_yr":11,"ytd_prev_yr":7,"ytd_pct_change":57.1,"two_year_pct_change":22.2,"six_year_pct_change":22.2,"twentytwo_year_pct_change":null},{"crime":"Shooting Vic.","wtd_curr_yr":2,"wtd_prev_yr":0,"wtd_pct_change":null,"twentyeight_day_curr_yr":4,"twentyeight_day_prev_yr":1,"twentyeight_day_pct_change":300,"ytd_curr_yr":8,"ytd_prev_yr":6,"ytd_pct_change":33.3,"two_year_pct_change":-42.9,"six_year_pct_change":-42.9,"twentytwo_year_pct_change":-80},{"crime":"Shooting Inc.","wtd_curr_yr":1,"wtd_prev_yr":0,"wtd_pct_change":null,"twentyeight_day_curr_yr":2,"twentyeight_day_prev_yr":1,"twentyeight_day_pct_change":100,"ytd_curr_yr":6,"ytd_prev_yr":5,"ytd_pct_change":20,"two_year_pct_change":-45.5,"six_year_pct_change":-25,"twentytwo_year_pct_change":-83.8}],"historical":[{"yr_1990":38,"yr_1993":28,"yr_1998":16,"yr_2001":10,"yr_2013":8,"pct_change_13vs01":-20,"pct_change_13vs98":-50,"pct_change_13vs93":-71.4,"pct_change_13vs90":-78.9,"crime":"Murder"},{"yr_1990":60,"yr_1993":74,"yr_1998":45,"yr_2001":27,"yr_2013":37,"pct_change_13vs01":37,"pct_change_13vs98":-17.8,"pct_change_13vs93":-50,"pct_change_13vs90":-38.3,"crime":"Rape"},{"yr_1990":1846,"yr_1993":1742,"yr_1998":751,"yr_2001":530,"yr_2013":438,"pct_change_13vs01":-17.4,"pct_change_13vs98":-41.7,"pct_change_13vs93":-74.9,"pct_change_13vs90":-76.3,"crime":"Robbery"},{"yr_1990":958,"yr_1993":853,"yr_1998":611,"yr_2001":406,"yr_2013":369,"pct_change_13vs01":-9.1,"pct_change_13vs98":-39.6,"pct_change_13vs93":-56.7,"pct_change_13vs90":-61.5,"crime":"Fel. Assault"},{"yr_1990":1592,"yr_1993":1166,"yr_1998":598,"yr_2001":449,"yr_2013":300,"pct_change_13vs01":-33.2,"pct_change_13vs98":-49.8,"pct_change_13vs93":-74.3,"pct_change_13vs90":-81.2,"crime":"Burglary"},{"yr_1990":1277,"yr_1993":1214,"yr_1998":578,"yr_2001":587,"yr_2013":487,"pct_change_13vs01":-17,"pct_change_13vs98":-15.7,"pct_change_13vs93":-59.9,"pct_change_13vs90":-61.9,"crime":"Gr. Larceny"},{"yr_1990":1889,"yr_1993":1591,"yr_1998":602,"yr_2001":472,"yr_2013":172,"pct_change_13vs01":-63.6,"pct_change_13vs98":-71.4,"pct_change_13vs93":-89.2,"pct_change_13vs90":-90.9,"crime":"G.L.A."},{"yr_1990":7660,"yr_1993":6668,"yr_1998":3201,"yr_2001":2481,"yr_2013":1811,"pct_change_13vs01":-27.01,"pct_change_13vs98":-43.42,"pct_change_13vs93":-72.84,"pct_change_13vs90":-76.36,"crime":"TOTAL"}]}