{"mayor":"Bill de Blasio","commissioner":"William J. Bratton","volume":21,"number":22,"precinct":"103rd","startDate":"2014-05-26T04:00:00.000Z","endDate":"2014-06-01T04:00:00.000Z","crimes":[{"crime":"Murder","wtd_curr_yr":0,"wtd_prev_yr":1,"wtd_pct_change":-100,"twentyeight_day_curr_yr":1,"twentyeight_day_prev_yr":1,"twentyeight_day_pct_change":0,"ytd_curr_yr":6,"ytd_prev_yr":2,"ytd_pct_change":200,"two_year_pct_change":20,"six_year_pct_change":20,"twentytwo_year_pct_change":-40},{"crime":"Rape","wtd_curr_yr":0,"wtd_prev_yr":0,"wtd_pct_change":null,"twentyeight_day_curr_yr":0,"twentyeight_day_prev_yr":5,"twentyeight_day_pct_change":-100,"ytd_curr_yr":8,"ytd_prev_yr":17,"ytd_pct_change":-52.9,"two_year_pct_change":-38.5,"six_year_pct_change":-38.5,"twentytwo_year_pct_change":-71.4},{"crime":"Robbery","wtd_curr_yr":4,"wtd_prev_yr":8,"wtd_pct_change":-50,"twentyeight_day_curr_yr":23,"twentyeight_day_prev_yr":31,"twentyeight_day_pct_change":-25.8,"ytd_curr_yr":124,"ytd_prev_yr":194,"ytd_pct_change":-36.1,"two_year_pct_change":-24.8,"six_year_pct_change":4.2,"twentytwo_year_pct_change":-80.9},{"crime":"Fel. Assault","wtd_curr_yr":14,"wtd_prev_yr":7,"wtd_pct_change":100,"twentyeight_day_curr_yr":31,"twentyeight_day_prev_yr":26,"twentyeight_day_pct_change":19.2,"ytd_curr_yr":156,"ytd_prev_yr":155,"ytd_pct_change":0.6,"two_year_pct_change":2.6,"six_year_pct_change":-6.6,"twentytwo_year_pct_change":-53.8},{"crime":"Burglary","wtd_curr_yr":2,"wtd_prev_yr":5,"wtd_pct_change":-60,"twentyeight_day_curr_yr":13,"twentyeight_day_prev_yr":20,"twentyeight_day_pct_change":-35,"ytd_curr_yr":85,"ytd_prev_yr":126,"ytd_pct_change":-32.5,"two_year_pct_change":-34.6,"six_year_pct_change":-21.3,"twentytwo_year_pct_change":-81.8},{"crime":"Gr. Larceny","wtd_curr_yr":8,"wtd_prev_yr":12,"wtd_pct_change":-33.3,"twentyeight_day_curr_yr":32,"twentyeight_day_prev_yr":36,"twentyeight_day_pct_change":-11.1,"ytd_curr_yr":180,"ytd_prev_yr":159,"ytd_pct_change":13.2,"two_year_pct_change":-13,"six_year_pct_change":6.5,"twentytwo_year_pct_change":-62.3},{"crime":"G.L.A.","wtd_curr_yr":2,"wtd_prev_yr":1,"wtd_pct_change":100,"twentyeight_day_curr_yr":14,"twentyeight_day_prev_yr":7,"twentyeight_day_pct_change":100,"ytd_curr_yr":61,"ytd_prev_yr":67,"ytd_pct_change":-9,"two_year_pct_change":-10.3,"six_year_pct_change":-18.7,"twentytwo_year_pct_change":-89.7},{"crime":"TOTAL","wtd_curr_yr":30,"wtd_prev_yr":34,"wtd_pct_change":-11.76,"twentyeight_day_curr_yr":114,"twentyeight_day_prev_yr":126,"twentyeight_day_pct_change":-9.52,"ytd_curr_yr":620,"ytd_prev_yr":720,"ytd_pct_change":-13.89,"two_year_pct_change":-16.22,"six_year_pct_change":-5.49,"twentytwo_year_pct_change":-75.77},{"crime":"Transit","wtd_curr_yr":1,"wtd_prev_yr":2,"wtd_pct_change":-50,"twentyeight_day_curr_yr":3,"twentyeight_day_prev_yr":6,"twentyeight_day_pct_change":-50,"ytd_curr_yr":11,"ytd_prev_yr":18,"ytd_pct_change":-38.9,"two_year_pct_change":-8.3,"six_year_pct_change":120,"twentytwo_year_pct_change":null},{"crime":"Housing","wtd_curr_yr":1,"wtd_prev_yr":1,"wtd_pct_change":0,"twentyeight_day_curr_yr":2,"twentyeight_day_prev_yr":2,"twentyeight_day_pct_change":0,"ytd_curr_yr":12,"ytd_prev_yr":15,"ytd_pct_change":-20,"two_year_pct_change":-40,"six_year_pct_change":-7.7,"twentytwo_year_pct_change":null},{"crime":"Petit Larceny","wtd_curr_yr":24,"wtd_prev_yr":25,"wtd_pct_change":-4,"twentyeight_day_curr_yr":108,"twentyeight_day_prev_yr":111,"twentyeight_day_pct_change":-2.7,"ytd_curr_yr":478,"ytd_prev_yr":424,"ytd_pct_change":12.7,"two_year_pct_change":13.3,"six_year_pct_change":20.4,"twentytwo_year_pct_change":null},{"crime":"Misd. Assault","wtd_curr_yr":18,"wtd_prev_yr":20,"wtd_pct_change":-10,"twentyeight_day_curr_yr":85,"twentyeight_day_prev_yr":73,"twentyeight_day_pct_change":16.4,"ytd_curr_yr":396,"ytd_prev_yr":410,"ytd_pct_change":-3.4,"two_year_pct_change":18.9,"six_year_pct_change":35.2,"twentytwo_year_pct_change":null},{"crime":"Misd. Sex Crimes","wtd_curr_yr":1,"wtd_prev_yr":0,"wtd_pct_change":null,"twentyeight_day_curr_yr":3,"twentyeight_day_prev_yr":6,"twentyeight_day_pct_change":-50,"ytd_curr_yr":13,"ytd_prev_yr":15,"ytd_pct_change":-13.3,"two_year_pct_change":-13.3,"six_year_pct_change":-13.3,"twentytwo_year_pct_change":null},{"crime":"Shooting Vic.","wtd_curr_yr":0,"wtd_prev_yr":2,"wtd_pct_change":-100,"twentyeight_day_curr_yr":2,"twentyeight_day_prev_yr":2,"twentyeight_day_pct_change":0,"ytd_curr_yr":10,"ytd_prev_yr":8,"ytd_pct_change":25,"two_year_pct_change":-56.5,"six_year_pct_change":-44.4,"twentytwo_year_pct_change":-82.5},{"crime":"Shooting Inc.","wtd_curr_yr":0,"wtd_prev_yr":2,"wtd_pct_change":-100,"twentyeight_day_curr_yr":1,"twentyeight_day_prev_yr":2,"twentyeight_day_pct_change":-50,"ytd_curr_yr":7,"ytd_prev_yr":7,"ytd_pct_change":0,"two_year_pct_change":-65,"six_year_pct_change":-41.7,"twentytwo_year_pct_change":-87}],"historical":[{"yr_1990":38,"yr_1993":28,"yr_1998":16,"yr_2001":10,"yr_2013":8,"pct_change_13vs01":-20,"pct_change_13vs98":-50,"pct_change_13vs93":-71.4,"pct_change_13vs90":-78.9,"crime":"Murder"},{"yr_1990":60,"yr_1993":74,"yr_1998":45,"yr_2001":27,"yr_2013":37,"pct_change_13vs01":37,"pct_change_13vs98":-17.8,"pct_change_13vs93":-50,"pct_change_13vs90":-38.3,"crime":"Rape"},{"yr_1990":1846,"yr_1993":1742,"yr_1998":751,"yr_2001":530,"yr_2013":438,"pct_change_13vs01":-17.4,"pct_change_13vs98":-41.7,"pct_change_13vs93":-74.9,"pct_change_13vs90":-76.3,"crime":"Robbery"},{"yr_1990":958,"yr_1993":853,"yr_1998":611,"yr_2001":406,"yr_2013":369,"pct_change_13vs01":-9.1,"pct_change_13vs98":-39.6,"pct_change_13vs93":-56.7,"pct_change_13vs90":-61.5,"crime":"Fel. Assault"},{"yr_1990":1592,"yr_1993":1166,"yr_1998":598,"yr_2001":449,"yr_2013":300,"pct_change_13vs01":-33.2,"pct_change_13vs98":-49.8,"pct_change_13vs93":-74.3,"pct_change_13vs90":-81.2,"crime":"Burglary"},{"yr_1990":1277,"yr_1993":1214,"yr_1998":578,"yr_2001":587,"yr_2013":487,"pct_change_13vs01":-17,"pct_change_13vs98":-15.7,"pct_change_13vs93":-59.9,"pct_change_13vs90":-61.9,"crime":"Gr. Larceny"},{"yr_1990":1889,"yr_1993":1591,"yr_1998":602,"yr_2001":472,"yr_2013":172,"pct_change_13vs01":-63.6,"pct_change_13vs98":-71.4,"pct_change_13vs93":-89.2,"pct_change_13vs90":-90.9,"crime":"G.L.A."},{"yr_1990":7660,"yr_1993":6668,"yr_1998":3201,"yr_2001":2481,"yr_2013":1811,"pct_change_13vs01":-27.01,"pct_change_13vs98":-43.42,"pct_change_13vs93":-72.84,"pct_change_13vs90":-76.36,"crime":"TOTAL"}]}