{"mayor":"Bill de Blasio","commissioner":"William J. Bratton","volume":21,"number":6,"precinct":"104th","startDate":"2014-02-03T05:00:00.000Z","endDate":"2014-02-09T05:00:00.000Z","crimes":[{"crime":"Murder","wtd_curr_yr":0,"wtd_prev_yr":0,"wtd_pct_change":null,"twentyeight_day_curr_yr":1,"twentyeight_day_prev_yr":0,"twentyeight_day_pct_change":null,"ytd_curr_yr":1,"ytd_prev_yr":0,"ytd_pct_change":null,"two_year_pct_change":null,"six_year_pct_change":0,"twentytwo_year_pct_change":-50},{"crime":"Rape","wtd_curr_yr":0,"wtd_prev_yr":0,"wtd_pct_change":null,"twentyeight_day_curr_yr":0,"twentyeight_day_prev_yr":2,"twentyeight_day_pct_change":-100,"ytd_curr_yr":2,"ytd_prev_yr":4,"ytd_pct_change":-50,"two_year_pct_change":-33.3,"six_year_pct_change":-33.3,"twentytwo_year_pct_change":0},{"crime":"Robbery","wtd_curr_yr":3,"wtd_prev_yr":1,"wtd_pct_change":200,"twentyeight_day_curr_yr":13,"twentyeight_day_prev_yr":17,"twentyeight_day_pct_change":-23.5,"ytd_curr_yr":21,"ytd_prev_yr":27,"ytd_pct_change":-22.2,"two_year_pct_change":-43.2,"six_year_pct_change":-40,"twentytwo_year_pct_change":-84.7},{"crime":"Fel. Assault","wtd_curr_yr":3,"wtd_prev_yr":3,"wtd_pct_change":0,"twentyeight_day_curr_yr":17,"twentyeight_day_prev_yr":22,"twentyeight_day_pct_change":-22.7,"ytd_curr_yr":26,"ytd_prev_yr":30,"ytd_pct_change":-13.3,"two_year_pct_change":23.8,"six_year_pct_change":-16.1,"twentytwo_year_pct_change":36.8},{"crime":"Burglary","wtd_curr_yr":9,"wtd_prev_yr":3,"wtd_pct_change":200,"twentyeight_day_curr_yr":25,"twentyeight_day_prev_yr":34,"twentyeight_day_pct_change":-26.5,"ytd_curr_yr":42,"ytd_prev_yr":48,"ytd_pct_change":-12.5,"two_year_pct_change":27.3,"six_year_pct_change":-54.8,"twentytwo_year_pct_change":-82.4},{"crime":"Gr. Larceny","wtd_curr_yr":15,"wtd_prev_yr":8,"wtd_pct_change":87.5,"twentyeight_day_curr_yr":46,"twentyeight_day_prev_yr":36,"twentyeight_day_pct_change":27.8,"ytd_curr_yr":61,"ytd_prev_yr":49,"ytd_pct_change":24.5,"two_year_pct_change":41.9,"six_year_pct_change":-12.9,"twentytwo_year_pct_change":-1.6},{"crime":"G.L.A.","wtd_curr_yr":1,"wtd_prev_yr":1,"wtd_pct_change":0,"twentyeight_day_curr_yr":11,"twentyeight_day_prev_yr":13,"twentyeight_day_pct_change":-15.4,"ytd_curr_yr":17,"ytd_prev_yr":16,"ytd_pct_change":6.2,"two_year_pct_change":-32,"six_year_pct_change":-82.1,"twentytwo_year_pct_change":-95.9},{"crime":"TOTAL","wtd_curr_yr":31,"wtd_prev_yr":16,"wtd_pct_change":93.75,"twentyeight_day_curr_yr":113,"twentyeight_day_prev_yr":124,"twentyeight_day_pct_change":-8.87,"ytd_curr_yr":170,"ytd_prev_yr":174,"ytd_pct_change":-2.3,"two_year_pct_change":4.94,"six_year_pct_change":-48.17,"twentytwo_year_pct_change":-80.53},{"crime":"Petit Larceny","wtd_curr_yr":23,"wtd_prev_yr":17,"wtd_pct_change":35.3,"twentyeight_day_curr_yr":86,"twentyeight_day_prev_yr":72,"twentyeight_day_pct_change":19.4,"ytd_curr_yr":120,"ytd_prev_yr":118,"ytd_pct_change":1.7,"two_year_pct_change":23.7,"six_year_pct_change":null,"twentytwo_year_pct_change":null},{"crime":"Misd. Assault","wtd_curr_yr":13,"wtd_prev_yr":7,"wtd_pct_change":85.7,"twentyeight_day_curr_yr":50,"twentyeight_day_prev_yr":40,"twentyeight_day_pct_change":25,"ytd_curr_yr":74,"ytd_prev_yr":54,"ytd_pct_change":37,"two_year_pct_change":1.4,"six_year_pct_change":null,"twentytwo_year_pct_change":null},{"crime":"Misd. Sex Crimes","wtd_curr_yr":2,"wtd_prev_yr":0,"wtd_pct_change":null,"twentyeight_day_curr_yr":4,"twentyeight_day_prev_yr":1,"twentyeight_day_pct_change":300,"ytd_curr_yr":4,"ytd_prev_yr":2,"ytd_pct_change":100,"two_year_pct_change":0,"six_year_pct_change":null,"twentytwo_year_pct_change":null},{"crime":"Shooting Vic.","wtd_curr_yr":0,"wtd_prev_yr":0,"wtd_pct_change":null,"twentyeight_day_curr_yr":0,"twentyeight_day_prev_yr":0,"twentyeight_day_pct_change":null,"ytd_curr_yr":0,"ytd_prev_yr":0,"ytd_pct_change":null,"two_year_pct_change":null,"six_year_pct_change":-100,"twentytwo_year_pct_change":-100},{"crime":"Shooting Inc.","wtd_curr_yr":0,"wtd_prev_yr":0,"wtd_pct_change":null,"twentyeight_day_curr_yr":0,"twentyeight_day_prev_yr":0,"twentyeight_day_pct_change":null,"ytd_curr_yr":0,"ytd_prev_yr":0,"ytd_pct_change":null,"two_year_pct_change":null,"six_year_pct_change":-100,"twentytwo_year_pct_change":-100}],"historical":[{"yr_1990":11,"yr_1993":19,"yr_1998":7,"yr_2001":5,"yr_2013":3,"pct_change_13vs01":-40,"pct_change_13vs98":-57.1,"pct_change_13vs93":-84.2,"pct_change_13vs90":-72.7,"crime":"Murder"},{"yr_1990":21,"yr_1993":21,"yr_1998":24,"yr_2001":15,"yr_2013":15,"pct_change_13vs01":0,"pct_change_13vs98":-37.5,"pct_change_13vs93":-28.6,"pct_change_13vs90":-28.6,"crime":"Rape"},{"yr_1990":1307,"yr_1993":1027,"yr_1998":490,"yr_2001":359,"yr_2013":256,"pct_change_13vs01":-28.7,"pct_change_13vs98":-47.8,"pct_change_13vs93":-75.1,"pct_change_13vs90":-80.4,"crime":"Robbery"},{"yr_1990":279,"yr_1993":305,"yr_1998":261,"yr_2001":262,"yr_2013":241,"pct_change_13vs01":-8,"pct_change_13vs98":-7.7,"pct_change_13vs93":-21,"pct_change_13vs90":-13.6,"crime":"Fel. Assault"},{"yr_1990":2562,"yr_1993":1955,"yr_1998":1024,"yr_2001":790,"yr_2013":339,"pct_change_13vs01":-57.1,"pct_change_13vs98":-66.9,"pct_change_13vs93":-82.7,"pct_change_13vs90":-86.8,"crime":"Burglary"},{"yr_1990":884,"yr_1993":678,"yr_1998":485,"yr_2001":551,"yr_2013":572,"pct_change_13vs01":3.8,"pct_change_13vs98":17.9,"pct_change_13vs93":-15.6,"pct_change_13vs90":-35.3,"crime":"Gr. Larceny"},{"yr_1990":4443,"yr_1993":3418,"yr_1998":1374,"yr_2001":892,"yr_2013":181,"pct_change_13vs01":-79.7,"pct_change_13vs98":-86.8,"pct_change_13vs93":-94.7,"pct_change_13vs90":-95.9,"crime":"G.L.A."},{"yr_1990":9507,"yr_1993":7423,"yr_1998":3665,"yr_2001":2874,"yr_2013":1607,"pct_change_13vs01":-44.08,"pct_change_13vs98":-56.15,"pct_change_13vs93":-78.35,"pct_change_13vs90":-83.1,"crime":"TOTAL"}]}