{"mayor":"Bill de Blasio","commissioner":"William J. Bratton","volume":21,"number":36,"precinct":"105th","startDate":"2014-09-01T04:00:00.000Z","endDate":"2014-09-07T04:00:00.000Z","crimes":[{"crime":"Murder","wtd_curr_yr":0,"wtd_prev_yr":0,"wtd_pct_change":null,"twentyeight_day_curr_yr":0,"twentyeight_day_prev_yr":1,"twentyeight_day_pct_change":-100,"ytd_curr_yr":5,"ytd_prev_yr":3,"ytd_pct_change":66.7,"two_year_pct_change":-28.6,"six_year_pct_change":25,"twentytwo_year_pct_change":-64.3},{"crime":"Rape","wtd_curr_yr":1,"wtd_prev_yr":0,"wtd_pct_change":null,"twentyeight_day_curr_yr":7,"twentyeight_day_prev_yr":2,"twentyeight_day_pct_change":250,"ytd_curr_yr":17,"ytd_prev_yr":13,"ytd_pct_change":30.8,"two_year_pct_change":-41.4,"six_year_pct_change":-29.2,"twentytwo_year_pct_change":-43.3},{"crime":"Robbery","wtd_curr_yr":3,"wtd_prev_yr":0,"wtd_pct_change":null,"twentyeight_day_curr_yr":12,"twentyeight_day_prev_yr":18,"twentyeight_day_pct_change":-33.3,"ytd_curr_yr":141,"ytd_prev_yr":239,"ytd_pct_change":-41,"two_year_pct_change":-39.2,"six_year_pct_change":-36.2,"twentytwo_year_pct_change":-79.9},{"crime":"Fel. Assault","wtd_curr_yr":3,"wtd_prev_yr":7,"wtd_pct_change":-57.1,"twentyeight_day_curr_yr":22,"twentyeight_day_prev_yr":28,"twentyeight_day_pct_change":-21.4,"ytd_curr_yr":227,"ytd_prev_yr":203,"ytd_pct_change":11.8,"two_year_pct_change":5.6,"six_year_pct_change":26.8,"twentytwo_year_pct_change":-17.8},{"crime":"Burglary","wtd_curr_yr":13,"wtd_prev_yr":7,"wtd_pct_change":85.7,"twentyeight_day_curr_yr":30,"twentyeight_day_prev_yr":30,"twentyeight_day_pct_change":0,"ytd_curr_yr":210,"ytd_prev_yr":323,"ytd_pct_change":-35,"two_year_pct_change":-37.7,"six_year_pct_change":-22.8,"twentytwo_year_pct_change":-80.6},{"crime":"Gr. Larceny","wtd_curr_yr":10,"wtd_prev_yr":13,"wtd_pct_change":-23.1,"twentyeight_day_curr_yr":41,"twentyeight_day_prev_yr":43,"twentyeight_day_pct_change":-4.7,"ytd_curr_yr":329,"ytd_prev_yr":350,"ytd_pct_change":-6,"two_year_pct_change":-6.5,"six_year_pct_change":1.5,"twentytwo_year_pct_change":-19.6},{"crime":"G.L.A.","wtd_curr_yr":7,"wtd_prev_yr":8,"wtd_pct_change":-12.5,"twentyeight_day_curr_yr":21,"twentyeight_day_prev_yr":21,"twentyeight_day_pct_change":0,"ytd_curr_yr":161,"ytd_prev_yr":175,"ytd_pct_change":-8,"two_year_pct_change":-26.5,"six_year_pct_change":-26.5,"twentytwo_year_pct_change":-93},{"crime":"TOTAL","wtd_curr_yr":37,"wtd_prev_yr":35,"wtd_pct_change":5.71,"twentyeight_day_curr_yr":133,"twentyeight_day_prev_yr":143,"twentyeight_day_pct_change":-6.99,"ytd_curr_yr":1090,"ytd_prev_yr":1306,"ytd_pct_change":-16.54,"two_year_pct_change":-21.64,"six_year_pct_change":-12.31,"twentytwo_year_pct_change":-77.4},{"crime":"Transit","wtd_curr_yr":0,"wtd_prev_yr":0,"wtd_pct_change":null,"twentyeight_day_curr_yr":0,"twentyeight_day_prev_yr":0,"twentyeight_day_pct_change":null,"ytd_curr_yr":0,"ytd_prev_yr":0,"ytd_pct_change":null,"two_year_pct_change":null,"six_year_pct_change":null,"twentytwo_year_pct_change":null},{"crime":"Housing","wtd_curr_yr":0,"wtd_prev_yr":0,"wtd_pct_change":null,"twentyeight_day_curr_yr":0,"twentyeight_day_prev_yr":0,"twentyeight_day_pct_change":null,"ytd_curr_yr":0,"ytd_prev_yr":0,"ytd_pct_change":null,"two_year_pct_change":null,"six_year_pct_change":null,"twentytwo_year_pct_change":null},{"crime":"Petit Larceny","wtd_curr_yr":9,"wtd_prev_yr":10,"wtd_pct_change":-10,"twentyeight_day_curr_yr":65,"twentyeight_day_prev_yr":51,"twentyeight_day_pct_change":27.5,"ytd_curr_yr":526,"ytd_prev_yr":480,"ytd_pct_change":9.6,"two_year_pct_change":-1.5,"six_year_pct_change":-19,"twentytwo_year_pct_change":null},{"crime":"Misd. Assault","wtd_curr_yr":19,"wtd_prev_yr":19,"wtd_pct_change":0,"twentyeight_day_curr_yr":60,"twentyeight_day_prev_yr":51,"twentyeight_day_pct_change":17.6,"ytd_curr_yr":461,"ytd_prev_yr":435,"ytd_pct_change":6,"two_year_pct_change":8.5,"six_year_pct_change":-10.5,"twentytwo_year_pct_change":null},{"crime":"Misd. Sex Crimes","wtd_curr_yr":0,"wtd_prev_yr":2,"wtd_pct_change":-100,"twentyeight_day_curr_yr":2,"twentyeight_day_prev_yr":4,"twentyeight_day_pct_change":-50,"ytd_curr_yr":15,"ytd_prev_yr":31,"ytd_pct_change":-51.6,"two_year_pct_change":-37.5,"six_year_pct_change":-40,"twentytwo_year_pct_change":null},{"crime":"Shooting Vic.","wtd_curr_yr":0,"wtd_prev_yr":0,"wtd_pct_change":null,"twentyeight_day_curr_yr":0,"twentyeight_day_prev_yr":1,"twentyeight_day_pct_change":-100,"ytd_curr_yr":8,"ytd_prev_yr":10,"ytd_pct_change":-20,"two_year_pct_change":-68,"six_year_pct_change":-46.7,"twentytwo_year_pct_change":-83},{"crime":"Shooting Inc.","wtd_curr_yr":0,"wtd_prev_yr":0,"wtd_pct_change":null,"twentyeight_day_curr_yr":0,"twentyeight_day_prev_yr":1,"twentyeight_day_pct_change":-100,"ytd_curr_yr":7,"ytd_prev_yr":9,"ytd_pct_change":-22.2,"two_year_pct_change":-66.7,"six_year_pct_change":-50,"twentytwo_year_pct_change":-83.7}],"historical":[{"yr_1990":30,"yr_1993":23,"yr_1998":7,"yr_2001":18,"yr_2013":3,"pct_change_13vs01":-83.3,"pct_change_13vs98":-57.1,"pct_change_13vs93":-87,"pct_change_13vs90":-90,"crime":"Murder"},{"yr_1990":56,"yr_1993":41,"yr_1998":52,"yr_2001":35,"yr_2013":18,"pct_change_13vs01":-48.6,"pct_change_13vs98":-65.4,"pct_change_13vs93":-56.1,"pct_change_13vs90":-67.9,"crime":"Rape"},{"yr_1990":1066,"yr_1993":1082,"yr_1998":557,"yr_2001":395,"yr_2013":331,"pct_change_13vs01":-16.2,"pct_change_13vs98":-40.6,"pct_change_13vs93":-69.4,"pct_change_13vs90":-68.9,"crime":"Robbery"},{"yr_1990":459,"yr_1993":409,"yr_1998":400,"yr_2001":329,"yr_2013":313,"pct_change_13vs01":-4.9,"pct_change_13vs98":-21.8,"pct_change_13vs93":-23.5,"pct_change_13vs90":-31.8,"crime":"Fel. Assault"},{"yr_1990":2199,"yr_1993":1640,"yr_1998":854,"yr_2001":630,"yr_2013":469,"pct_change_13vs01":-25.6,"pct_change_13vs98":-45.1,"pct_change_13vs93":-71.4,"pct_change_13vs90":-78.7,"crime":"Burglary"},{"yr_1990":699,"yr_1993":593,"yr_1998":444,"yr_2001":456,"yr_2013":520,"pct_change_13vs01":14,"pct_change_13vs98":17.1,"pct_change_13vs93":-12.3,"pct_change_13vs90":-25.6,"crime":"Gr. Larceny"},{"yr_1990":3534,"yr_1993":3476,"yr_1998":1360,"yr_2001":913,"yr_2013":263,"pct_change_13vs01":-71.2,"pct_change_13vs98":-80.7,"pct_change_13vs93":-92.4,"pct_change_13vs90":-92.6,"crime":"G.L.A."},{"yr_1990":8043,"yr_1993":7264,"yr_1998":3674,"yr_2001":2776,"yr_2013":1917,"pct_change_13vs01":-30.94,"pct_change_13vs98":-47.82,"pct_change_13vs93":-73.61,"pct_change_13vs90":-76.17,"crime":"TOTAL"}]}