{"mayor":"Bill de Blasio","commissioner":"William J. Bratton","volume":21,"number":6,"precinct":"103rd","startDate":"2014-02-03T05:00:00.000Z","endDate":"2014-02-09T05:00:00.000Z","crimes":[{"crime":"Murder","wtd_curr_yr":0,"wtd_prev_yr":0,"wtd_pct_change":null,"twentyeight_day_curr_yr":3,"twentyeight_day_prev_yr":0,"twentyeight_day_pct_change":null,"ytd_curr_yr":3,"ytd_prev_yr":1,"ytd_pct_change":200,"two_year_pct_change":null,"six_year_pct_change":50,"twentytwo_year_pct_change":200},{"crime":"Rape","wtd_curr_yr":0,"wtd_prev_yr":1,"wtd_pct_change":-100,"twentyeight_day_curr_yr":0,"twentyeight_day_prev_yr":1,"twentyeight_day_pct_change":-100,"ytd_curr_yr":1,"ytd_prev_yr":2,"ytd_pct_change":-50,"two_year_pct_change":-66.7,"six_year_pct_change":-50,"twentytwo_year_pct_change":-85.7},{"crime":"Robbery","wtd_curr_yr":5,"wtd_prev_yr":11,"wtd_pct_change":-54.5,"twentyeight_day_curr_yr":25,"twentyeight_day_prev_yr":42,"twentyeight_day_pct_change":-40.5,"ytd_curr_yr":37,"ytd_prev_yr":64,"ytd_pct_change":-42.2,"two_year_pct_change":-14,"six_year_pct_change":-26,"twentytwo_year_pct_change":-80.8},{"crime":"Fel. Assault","wtd_curr_yr":3,"wtd_prev_yr":7,"wtd_pct_change":-57.1,"twentyeight_day_curr_yr":19,"twentyeight_day_prev_yr":21,"twentyeight_day_pct_change":-9.5,"ytd_curr_yr":31,"ytd_prev_yr":29,"ytd_pct_change":6.9,"two_year_pct_change":14.8,"six_year_pct_change":-20.5,"twentytwo_year_pct_change":-63.5},{"crime":"Burglary","wtd_curr_yr":0,"wtd_prev_yr":9,"wtd_pct_change":-100,"twentyeight_day_curr_yr":15,"twentyeight_day_prev_yr":22,"twentyeight_day_pct_change":-31.8,"ytd_curr_yr":19,"ytd_prev_yr":29,"ytd_pct_change":-34.5,"two_year_pct_change":-32.1,"six_year_pct_change":-66.1,"twentytwo_year_pct_change":-85.5},{"crime":"Gr. Larceny","wtd_curr_yr":9,"wtd_prev_yr":3,"wtd_pct_change":200,"twentyeight_day_curr_yr":32,"twentyeight_day_prev_yr":24,"twentyeight_day_pct_change":33.3,"ytd_curr_yr":41,"ytd_prev_yr":42,"ytd_pct_change":-2.4,"two_year_pct_change":-35.9,"six_year_pct_change":-29.3,"twentytwo_year_pct_change":-64.7},{"crime":"G.L.A.","wtd_curr_yr":2,"wtd_prev_yr":7,"wtd_pct_change":-71.4,"twentyeight_day_curr_yr":9,"twentyeight_day_prev_yr":20,"twentyeight_day_pct_change":-55,"ytd_curr_yr":11,"ytd_prev_yr":24,"ytd_pct_change":-54.2,"two_year_pct_change":-42.1,"six_year_pct_change":-76.1,"twentytwo_year_pct_change":-92.6},{"crime":"TOTAL","wtd_curr_yr":19,"wtd_prev_yr":38,"wtd_pct_change":-50,"twentyeight_day_curr_yr":103,"twentyeight_day_prev_yr":130,"twentyeight_day_pct_change":-20.77,"ytd_curr_yr":143,"ytd_prev_yr":191,"ytd_pct_change":-25.13,"two_year_pct_change":-22.28,"six_year_pct_change":-43.48,"twentytwo_year_pct_change":-79},{"crime":"Petit Larceny","wtd_curr_yr":18,"wtd_prev_yr":13,"wtd_pct_change":38.5,"twentyeight_day_curr_yr":97,"twentyeight_day_prev_yr":54,"twentyeight_day_pct_change":79.6,"ytd_curr_yr":120,"ytd_prev_yr":82,"ytd_pct_change":46.3,"two_year_pct_change":8.1,"six_year_pct_change":null,"twentytwo_year_pct_change":null},{"crime":"Misd. Assault","wtd_curr_yr":12,"wtd_prev_yr":12,"wtd_pct_change":0,"twentyeight_day_curr_yr":70,"twentyeight_day_prev_yr":75,"twentyeight_day_pct_change":-6.7,"ytd_curr_yr":91,"ytd_prev_yr":102,"ytd_pct_change":-10.8,"two_year_pct_change":33.8,"six_year_pct_change":null,"twentytwo_year_pct_change":null},{"crime":"Misd. Sex Crimes","wtd_curr_yr":1,"wtd_prev_yr":0,"wtd_pct_change":null,"twentyeight_day_curr_yr":4,"twentyeight_day_prev_yr":0,"twentyeight_day_pct_change":null,"ytd_curr_yr":4,"ytd_prev_yr":2,"ytd_pct_change":100,"two_year_pct_change":0,"six_year_pct_change":null,"twentytwo_year_pct_change":null},{"crime":"Shooting Vic.","wtd_curr_yr":0,"wtd_prev_yr":0,"wtd_pct_change":null,"twentyeight_day_curr_yr":1,"twentyeight_day_prev_yr":1,"twentyeight_day_pct_change":0,"ytd_curr_yr":2,"ytd_prev_yr":4,"ytd_pct_change":-50,"two_year_pct_change":100,"six_year_pct_change":-33.3,"twentytwo_year_pct_change":-81.8},{"crime":"Shooting Inc.","wtd_curr_yr":0,"wtd_prev_yr":0,"wtd_pct_change":null,"twentyeight_day_curr_yr":1,"twentyeight_day_prev_yr":1,"twentyeight_day_pct_change":0,"ytd_curr_yr":2,"ytd_prev_yr":3,"ytd_pct_change":-33.3,"two_year_pct_change":100,"six_year_pct_change":-33.3,"twentytwo_year_pct_change":-80}],"historical":[{"yr_1990":38,"yr_1993":28,"yr_1998":16,"yr_2001":10,"yr_2013":8,"pct_change_13vs01":-20,"pct_change_13vs98":-50,"pct_change_13vs93":-71.4,"pct_change_13vs90":-78.9,"crime":"Murder"},{"yr_1990":60,"yr_1993":74,"yr_1998":45,"yr_2001":27,"yr_2013":37,"pct_change_13vs01":37,"pct_change_13vs98":-17.8,"pct_change_13vs93":-50,"pct_change_13vs90":-38.3,"crime":"Rape"},{"yr_1990":1846,"yr_1993":1742,"yr_1998":751,"yr_2001":530,"yr_2013":438,"pct_change_13vs01":-17.4,"pct_change_13vs98":-41.7,"pct_change_13vs93":-74.9,"pct_change_13vs90":-76.3,"crime":"Robbery"},{"yr_1990":958,"yr_1993":853,"yr_1998":611,"yr_2001":406,"yr_2013":369,"pct_change_13vs01":-9.1,"pct_change_13vs98":-39.6,"pct_change_13vs93":-56.7,"pct_change_13vs90":-61.5,"crime":"Fel. Assault"},{"yr_1990":1592,"yr_1993":1166,"yr_1998":598,"yr_2001":449,"yr_2013":300,"pct_change_13vs01":-33.2,"pct_change_13vs98":-49.8,"pct_change_13vs93":-74.3,"pct_change_13vs90":-81.2,"crime":"Burglary"},{"yr_1990":1277,"yr_1993":1214,"yr_1998":578,"yr_2001":587,"yr_2013":487,"pct_change_13vs01":-17,"pct_change_13vs98":-15.7,"pct_change_13vs93":-59.9,"pct_change_13vs90":-61.9,"crime":"Gr. Larceny"},{"yr_1990":1889,"yr_1993":1591,"yr_1998":602,"yr_2001":472,"yr_2013":172,"pct_change_13vs01":-63.6,"pct_change_13vs98":-71.4,"pct_change_13vs93":-89.2,"pct_change_13vs90":-90.9,"crime":"G.L.A."},{"yr_1990":7660,"yr_1993":6668,"yr_1998":3201,"yr_2001":2481,"yr_2013":1811,"pct_change_13vs01":-27.01,"pct_change_13vs98":-43.42,"pct_change_13vs93":-72.84,"pct_change_13vs90":-76.36,"crime":"TOTAL"}]}