{"mayor":"Bill de Blasio","commissioner":"William J. Bratton","volume":21,"number":9,"precinct":"100th","startDate":"2014-02-24T05:00:00.000Z","endDate":"2014-03-02T05:00:00.000Z","crimes":[{"crime":"Murder","wtd_curr_yr":0,"wtd_prev_yr":0,"wtd_pct_change":null,"twentyeight_day_curr_yr":1,"twentyeight_day_prev_yr":0,"twentyeight_day_pct_change":null,"ytd_curr_yr":1,"ytd_prev_yr":0,"ytd_pct_change":null,"two_year_pct_change":null,"six_year_pct_change":null,"twentytwo_year_pct_change":-66.7},{"crime":"Rape","wtd_curr_yr":0,"wtd_prev_yr":0,"wtd_pct_change":null,"twentyeight_day_curr_yr":1,"twentyeight_day_prev_yr":0,"twentyeight_day_pct_change":null,"ytd_curr_yr":1,"ytd_prev_yr":0,"ytd_pct_change":null,"two_year_pct_change":0,"six_year_pct_change":null,"twentytwo_year_pct_change":-75},{"crime":"Robbery","wtd_curr_yr":2,"wtd_prev_yr":1,"wtd_pct_change":100,"twentyeight_day_curr_yr":7,"twentyeight_day_prev_yr":2,"twentyeight_day_pct_change":250,"ytd_curr_yr":15,"ytd_prev_yr":6,"ytd_pct_change":150,"two_year_pct_change":150,"six_year_pct_change":66.7,"twentytwo_year_pct_change":-62.5},{"crime":"Fel. Assault","wtd_curr_yr":4,"wtd_prev_yr":3,"wtd_pct_change":33.3,"twentyeight_day_curr_yr":16,"twentyeight_day_prev_yr":11,"twentyeight_day_pct_change":45.5,"ytd_curr_yr":22,"ytd_prev_yr":19,"ytd_pct_change":15.8,"two_year_pct_change":29.4,"six_year_pct_change":144.4,"twentytwo_year_pct_change":-8.3},{"crime":"Burglary","wtd_curr_yr":2,"wtd_prev_yr":5,"wtd_pct_change":-60,"twentyeight_day_curr_yr":7,"twentyeight_day_prev_yr":22,"twentyeight_day_pct_change":-68.2,"ytd_curr_yr":18,"ytd_prev_yr":44,"ytd_pct_change":-59.1,"two_year_pct_change":38.5,"six_year_pct_change":100,"twentytwo_year_pct_change":-78.3},{"crime":"Gr. Larceny","wtd_curr_yr":1,"wtd_prev_yr":0,"wtd_pct_change":null,"twentyeight_day_curr_yr":13,"twentyeight_day_prev_yr":10,"twentyeight_day_pct_change":30,"ytd_curr_yr":21,"ytd_prev_yr":20,"ytd_pct_change":5,"two_year_pct_change":-27.6,"six_year_pct_change":162.5,"twentytwo_year_pct_change":10.5},{"crime":"G.L.A.","wtd_curr_yr":0,"wtd_prev_yr":0,"wtd_pct_change":null,"twentyeight_day_curr_yr":5,"twentyeight_day_prev_yr":1,"twentyeight_day_pct_change":400,"ytd_curr_yr":8,"ytd_prev_yr":2,"ytd_pct_change":300,"two_year_pct_change":-27.3,"six_year_pct_change":-27.3,"twentytwo_year_pct_change":-76.5},{"crime":"TOTAL","wtd_curr_yr":9,"wtd_prev_yr":9,"wtd_pct_change":0,"twentyeight_day_curr_yr":50,"twentyeight_day_prev_yr":46,"twentyeight_day_pct_change":8.7,"ytd_curr_yr":86,"ytd_prev_yr":91,"ytd_pct_change":-5.49,"two_year_pct_change":11.69,"six_year_pct_change":86.96,"twentytwo_year_pct_change":-58.45},{"crime":"Transit","wtd_curr_yr":0,"wtd_prev_yr":0,"wtd_pct_change":null,"twentyeight_day_curr_yr":1,"twentyeight_day_prev_yr":0,"twentyeight_day_pct_change":null,"ytd_curr_yr":3,"ytd_prev_yr":0,"ytd_pct_change":null,"two_year_pct_change":200,"six_year_pct_change":50,"twentytwo_year_pct_change":null},{"crime":"Housing","wtd_curr_yr":1,"wtd_prev_yr":0,"wtd_pct_change":null,"twentyeight_day_curr_yr":5,"twentyeight_day_prev_yr":1,"twentyeight_day_pct_change":400,"ytd_curr_yr":6,"ytd_prev_yr":1,"ytd_pct_change":500,"two_year_pct_change":null,"six_year_pct_change":-33.3,"twentytwo_year_pct_change":null},{"crime":"Petit Larceny","wtd_curr_yr":4,"wtd_prev_yr":2,"wtd_pct_change":100,"twentyeight_day_curr_yr":22,"twentyeight_day_prev_yr":17,"twentyeight_day_pct_change":29.4,"ytd_curr_yr":44,"ytd_prev_yr":42,"ytd_pct_change":4.8,"two_year_pct_change":25.7,"six_year_pct_change":null,"twentytwo_year_pct_change":null},{"crime":"Misd. Assault","wtd_curr_yr":9,"wtd_prev_yr":5,"wtd_pct_change":80,"twentyeight_day_curr_yr":24,"twentyeight_day_prev_yr":16,"twentyeight_day_pct_change":50,"ytd_curr_yr":41,"ytd_prev_yr":34,"ytd_pct_change":20.6,"two_year_pct_change":28.1,"six_year_pct_change":null,"twentytwo_year_pct_change":null},{"crime":"Misd. Sex Crimes","wtd_curr_yr":0,"wtd_prev_yr":0,"wtd_pct_change":null,"twentyeight_day_curr_yr":0,"twentyeight_day_prev_yr":0,"twentyeight_day_pct_change":null,"ytd_curr_yr":1,"ytd_prev_yr":0,"ytd_pct_change":null,"two_year_pct_change":0,"six_year_pct_change":null,"twentytwo_year_pct_change":null},{"crime":"Shooting Vic.","wtd_curr_yr":0,"wtd_prev_yr":1,"wtd_pct_change":-100,"twentyeight_day_curr_yr":0,"twentyeight_day_prev_yr":1,"twentyeight_day_pct_change":-100,"ytd_curr_yr":0,"ytd_prev_yr":1,"ytd_pct_change":-100,"two_year_pct_change":-100,"six_year_pct_change":null,"twentytwo_year_pct_change":-100},{"crime":"Shooting Inc.","wtd_curr_yr":0,"wtd_prev_yr":1,"wtd_pct_change":-100,"twentyeight_day_curr_yr":0,"twentyeight_day_prev_yr":1,"twentyeight_day_pct_change":-100,"ytd_curr_yr":0,"ytd_prev_yr":1,"ytd_pct_change":-100,"two_year_pct_change":-100,"six_year_pct_change":null,"twentytwo_year_pct_change":-100}],"historical":[{"yr_1990":7,"yr_1993":5,"yr_1998":0,"yr_2001":1,"yr_2013":3,"pct_change_13vs01":200,"pct_change_13vs98":null,"pct_change_13vs93":-40,"pct_change_13vs90":-57.1,"crime":"Murder"},{"yr_1990":8,"yr_1993":13,"yr_1998":11,"yr_2001":10,"yr_2013":3,"pct_change_13vs01":-70,"pct_change_13vs98":-72.7,"pct_change_13vs93":-76.9,"pct_change_13vs90":-62.5,"crime":"Rape"},{"yr_1990":279,"yr_1993":278,"yr_1998":133,"yr_2001":63,"yr_2013":61,"pct_change_13vs01":-3.2,"pct_change_13vs98":-54.1,"pct_change_13vs93":-78.1,"pct_change_13vs90":-78.1,"crime":"Robbery"},{"yr_1990":242,"yr_1993":212,"yr_1998":142,"yr_2001":93,"yr_2013":147,"pct_change_13vs01":58.1,"pct_change_13vs98":3.5,"pct_change_13vs93":-30.7,"pct_change_13vs90":-39.3,"crime":"Fel. Assault"},{"yr_1990":426,"yr_1993":432,"yr_1998":177,"yr_2001":115,"yr_2013":151,"pct_change_13vs01":31.3,"pct_change_13vs98":-14.7,"pct_change_13vs93":-65,"pct_change_13vs90":-64.6,"crime":"Burglary"},{"yr_1990":202,"yr_1993":194,"yr_1998":115,"yr_2001":94,"yr_2013":173,"pct_change_13vs01":84,"pct_change_13vs98":50.4,"pct_change_13vs93":-10.8,"pct_change_13vs90":-14.4,"crime":"Gr. Larceny"},{"yr_1990":417,"yr_1993":310,"yr_1998":88,"yr_2001":71,"yr_2013":20,"pct_change_13vs01":-71.8,"pct_change_13vs98":-77.3,"pct_change_13vs93":-93.5,"pct_change_13vs90":-95.2,"crime":"G.L.A."},{"yr_1990":1581,"yr_1993":1444,"yr_1998":666,"yr_2001":447,"yr_2013":558,"pct_change_13vs01":24.83,"pct_change_13vs98":-16.22,"pct_change_13vs93":-61.36,"pct_change_13vs90":-64.71,"crime":"TOTAL"}]}