{"mayor":"Bill de Blasio","commissioner":"William J. Bratton","volume":21,"number":22,"precinct":"106th","startDate":"2014-05-26T04:00:00.000Z","endDate":"2014-06-01T04:00:00.000Z","crimes":[{"crime":"Murder","wtd_curr_yr":0,"wtd_prev_yr":0,"wtd_pct_change":null,"twentyeight_day_curr_yr":0,"twentyeight_day_prev_yr":1,"twentyeight_day_pct_change":-100,"ytd_curr_yr":1,"ytd_prev_yr":3,"ytd_pct_change":-66.7,"two_year_pct_change":-50,"six_year_pct_change":0,"twentytwo_year_pct_change":-92.9},{"crime":"Rape","wtd_curr_yr":0,"wtd_prev_yr":0,"wtd_pct_change":null,"twentyeight_day_curr_yr":3,"twentyeight_day_prev_yr":3,"twentyeight_day_pct_change":0,"ytd_curr_yr":11,"ytd_prev_yr":7,"ytd_pct_change":57.1,"two_year_pct_change":120,"six_year_pct_change":266.7,"twentytwo_year_pct_change":-21.4},{"crime":"Robbery","wtd_curr_yr":7,"wtd_prev_yr":8,"wtd_pct_change":-12.5,"twentyeight_day_curr_yr":23,"twentyeight_day_prev_yr":21,"twentyeight_day_pct_change":9.5,"ytd_curr_yr":101,"ytd_prev_yr":106,"ytd_pct_change":-4.7,"two_year_pct_change":-12.2,"six_year_pct_change":8.6,"twentytwo_year_pct_change":-72.1},{"crime":"Fel. Assault","wtd_curr_yr":3,"wtd_prev_yr":6,"wtd_pct_change":-50,"twentyeight_day_curr_yr":17,"twentyeight_day_prev_yr":21,"twentyeight_day_pct_change":-19,"ytd_curr_yr":91,"ytd_prev_yr":99,"ytd_pct_change":-8.1,"two_year_pct_change":26.4,"six_year_pct_change":42.2,"twentytwo_year_pct_change":-40.9},{"crime":"Burglary","wtd_curr_yr":2,"wtd_prev_yr":10,"wtd_pct_change":-80,"twentyeight_day_curr_yr":26,"twentyeight_day_prev_yr":33,"twentyeight_day_pct_change":-21.2,"ytd_curr_yr":122,"ytd_prev_yr":166,"ytd_pct_change":-26.5,"two_year_pct_change":-9,"six_year_pct_change":8,"twentytwo_year_pct_change":-74.5},{"crime":"Gr. Larceny","wtd_curr_yr":6,"wtd_prev_yr":9,"wtd_pct_change":-33.3,"twentyeight_day_curr_yr":29,"twentyeight_day_prev_yr":35,"twentyeight_day_pct_change":-17.1,"ytd_curr_yr":199,"ytd_prev_yr":199,"ytd_pct_change":0,"two_year_pct_change":7.6,"six_year_pct_change":42.1,"twentytwo_year_pct_change":-14.6},{"crime":"G.L.A.","wtd_curr_yr":4,"wtd_prev_yr":5,"wtd_pct_change":-20,"twentyeight_day_curr_yr":22,"twentyeight_day_prev_yr":16,"twentyeight_day_pct_change":37.5,"ytd_curr_yr":100,"ytd_prev_yr":63,"ytd_pct_change":58.7,"two_year_pct_change":9.9,"six_year_pct_change":-8.3,"twentytwo_year_pct_change":-92.9},{"crime":"TOTAL","wtd_curr_yr":22,"wtd_prev_yr":38,"wtd_pct_change":-42.11,"twentyeight_day_curr_yr":120,"twentyeight_day_prev_yr":130,"twentyeight_day_pct_change":-7.69,"ytd_curr_yr":625,"ytd_prev_yr":643,"ytd_pct_change":-2.8,"two_year_pct_change":3.48,"six_year_pct_change":19.5,"twentytwo_year_pct_change":-76.56},{"crime":"Transit","wtd_curr_yr":0,"wtd_prev_yr":0,"wtd_pct_change":null,"twentyeight_day_curr_yr":1,"twentyeight_day_prev_yr":2,"twentyeight_day_pct_change":-50,"ytd_curr_yr":15,"ytd_prev_yr":13,"ytd_pct_change":15.4,"two_year_pct_change":36.4,"six_year_pct_change":114.3,"twentytwo_year_pct_change":null},{"crime":"Housing","wtd_curr_yr":0,"wtd_prev_yr":0,"wtd_pct_change":null,"twentyeight_day_curr_yr":0,"twentyeight_day_prev_yr":0,"twentyeight_day_pct_change":null,"ytd_curr_yr":0,"ytd_prev_yr":0,"ytd_pct_change":null,"two_year_pct_change":null,"six_year_pct_change":null,"twentytwo_year_pct_change":null},{"crime":"Petit Larceny","wtd_curr_yr":17,"wtd_prev_yr":7,"wtd_pct_change":142.9,"twentyeight_day_curr_yr":79,"twentyeight_day_prev_yr":28,"twentyeight_day_pct_change":182.1,"ytd_curr_yr":347,"ytd_prev_yr":282,"ytd_pct_change":23,"two_year_pct_change":-11.5,"six_year_pct_change":11.6,"twentytwo_year_pct_change":null},{"crime":"Misd. Assault","wtd_curr_yr":14,"wtd_prev_yr":8,"wtd_pct_change":75,"twentyeight_day_curr_yr":49,"twentyeight_day_prev_yr":41,"twentyeight_day_pct_change":19.5,"ytd_curr_yr":209,"ytd_prev_yr":167,"ytd_pct_change":25.1,"two_year_pct_change":5.6,"six_year_pct_change":25.9,"twentytwo_year_pct_change":null},{"crime":"Misd. Sex Crimes","wtd_curr_yr":0,"wtd_prev_yr":1,"wtd_pct_change":-100,"twentyeight_day_curr_yr":1,"twentyeight_day_prev_yr":3,"twentyeight_day_pct_change":-66.7,"ytd_curr_yr":8,"ytd_prev_yr":10,"ytd_pct_change":-20,"two_year_pct_change":-20,"six_year_pct_change":-27.3,"twentytwo_year_pct_change":null},{"crime":"Shooting Vic.","wtd_curr_yr":0,"wtd_prev_yr":0,"wtd_pct_change":null,"twentyeight_day_curr_yr":0,"twentyeight_day_prev_yr":1,"twentyeight_day_pct_change":-100,"ytd_curr_yr":1,"ytd_prev_yr":5,"ytd_pct_change":-80,"two_year_pct_change":-75,"six_year_pct_change":-80,"twentytwo_year_pct_change":-95.2},{"crime":"Shooting Inc.","wtd_curr_yr":0,"wtd_prev_yr":0,"wtd_pct_change":null,"twentyeight_day_curr_yr":0,"twentyeight_day_prev_yr":1,"twentyeight_day_pct_change":-100,"ytd_curr_yr":1,"ytd_prev_yr":4,"ytd_pct_change":-75,"two_year_pct_change":-66.7,"six_year_pct_change":-80,"twentytwo_year_pct_change":-95.2}],"historical":[{"yr_1990":15,"yr_1993":21,"yr_1998":7,"yr_2001":4,"yr_2013":6,"pct_change_13vs01":50,"pct_change_13vs98":-14.3,"pct_change_13vs93":-71.4,"pct_change_13vs90":-60,"crime":"Murder"},{"yr_1990":31,"yr_1993":33,"yr_1998":40,"yr_2001":19,"yr_2013":19,"pct_change_13vs01":0,"pct_change_13vs98":-52.5,"pct_change_13vs93":-42.4,"pct_change_13vs90":-38.7,"crime":"Rape"},{"yr_1990":832,"yr_1993":891,"yr_1998":545,"yr_2001":344,"yr_2013":328,"pct_change_13vs01":-4.7,"pct_change_13vs98":-39.8,"pct_change_13vs93":-63.2,"pct_change_13vs90":-60.6,"crime":"Robbery"},{"yr_1990":329,"yr_1993":408,"yr_1998":297,"yr_2001":241,"yr_2013":253,"pct_change_13vs01":5,"pct_change_13vs98":-14.8,"pct_change_13vs93":-38,"pct_change_13vs90":-23.1,"crime":"Fel. Assault"},{"yr_1990":1348,"yr_1993":1230,"yr_1998":662,"yr_2001":417,"yr_2013":346,"pct_change_13vs01":-17,"pct_change_13vs98":-47.7,"pct_change_13vs93":-71.9,"pct_change_13vs90":-74.3,"crime":"Burglary"},{"yr_1990":715,"yr_1993":595,"yr_1998":440,"yr_2001":381,"yr_2013":522,"pct_change_13vs01":37,"pct_change_13vs98":18.6,"pct_change_13vs93":-12.3,"pct_change_13vs90":-27,"crime":"Gr. Larceny"},{"yr_1990":3071,"yr_1993":3304,"yr_1998":1370,"yr_2001":778,"yr_2013":191,"pct_change_13vs01":-75.4,"pct_change_13vs98":-86.1,"pct_change_13vs93":-94.2,"pct_change_13vs90":-93.8,"crime":"G.L.A."},{"yr_1990":6341,"yr_1993":6482,"yr_1998":3361,"yr_2001":2184,"yr_2013":1665,"pct_change_13vs01":-23.76,"pct_change_13vs98":-50.46,"pct_change_13vs93":-74.31,"pct_change_13vs90":-73.74,"crime":"TOTAL"}]}