{"mayor":"Bill de Blasio","commissioner":"William J. Bratton","volume":21,"number":29,"precinct":"101st","startDate":"2014-07-14T04:00:00.000Z","endDate":"2014-07-20T04:00:00.000Z","crimes":[{"crime":"Murder","wtd_curr_yr":0,"wtd_prev_yr":0,"wtd_pct_change":null,"twentyeight_day_curr_yr":0,"twentyeight_day_prev_yr":0,"twentyeight_day_pct_change":null,"ytd_curr_yr":3,"ytd_prev_yr":2,"ytd_pct_change":50,"two_year_pct_change":0,"six_year_pct_change":50,"twentytwo_year_pct_change":-66.7},{"crime":"Rape","wtd_curr_yr":1,"wtd_prev_yr":0,"wtd_pct_change":null,"twentyeight_day_curr_yr":1,"twentyeight_day_prev_yr":0,"twentyeight_day_pct_change":null,"ytd_curr_yr":6,"ytd_prev_yr":9,"ytd_pct_change":-33.3,"two_year_pct_change":-50,"six_year_pct_change":-53.8,"twentytwo_year_pct_change":-68.4},{"crime":"Robbery","wtd_curr_yr":3,"wtd_prev_yr":0,"wtd_pct_change":null,"twentyeight_day_curr_yr":11,"twentyeight_day_prev_yr":10,"twentyeight_day_pct_change":10,"ytd_curr_yr":66,"ytd_prev_yr":68,"ytd_pct_change":-2.9,"two_year_pct_change":-8.3,"six_year_pct_change":20,"twentytwo_year_pct_change":-80.7},{"crime":"Fel. Assault","wtd_curr_yr":7,"wtd_prev_yr":12,"wtd_pct_change":-41.7,"twentyeight_day_curr_yr":22,"twentyeight_day_prev_yr":32,"twentyeight_day_pct_change":-31.2,"ytd_curr_yr":148,"ytd_prev_yr":124,"ytd_pct_change":19.4,"two_year_pct_change":7.2,"six_year_pct_change":66.3,"twentytwo_year_pct_change":-45.2},{"crime":"Burglary","wtd_curr_yr":4,"wtd_prev_yr":7,"wtd_pct_change":-42.9,"twentyeight_day_curr_yr":17,"twentyeight_day_prev_yr":20,"twentyeight_day_pct_change":-15,"ytd_curr_yr":87,"ytd_prev_yr":130,"ytd_pct_change":-33.1,"two_year_pct_change":-3.3,"six_year_pct_change":77.6,"twentytwo_year_pct_change":-80.3},{"crime":"Gr. Larceny","wtd_curr_yr":2,"wtd_prev_yr":2,"wtd_pct_change":0,"twentyeight_day_curr_yr":15,"twentyeight_day_prev_yr":16,"twentyeight_day_pct_change":-6.2,"ytd_curr_yr":99,"ytd_prev_yr":75,"ytd_pct_change":32,"two_year_pct_change":-15.4,"six_year_pct_change":52.3,"twentytwo_year_pct_change":-41.1},{"crime":"G.L.A.","wtd_curr_yr":0,"wtd_prev_yr":2,"wtd_pct_change":-100,"twentyeight_day_curr_yr":4,"twentyeight_day_prev_yr":6,"twentyeight_day_pct_change":-33.3,"ytd_curr_yr":46,"ytd_prev_yr":28,"ytd_pct_change":64.3,"two_year_pct_change":64.3,"six_year_pct_change":64.3,"twentytwo_year_pct_change":-82.8},{"crime":"TOTAL","wtd_curr_yr":17,"wtd_prev_yr":23,"wtd_pct_change":-26.09,"twentyeight_day_curr_yr":70,"twentyeight_day_prev_yr":84,"twentyeight_day_pct_change":-16.67,"ytd_curr_yr":455,"ytd_prev_yr":436,"ytd_pct_change":4.36,"two_year_pct_change":-1.09,"six_year_pct_change":51.16,"twentytwo_year_pct_change":-69.99},{"crime":"Transit","wtd_curr_yr":0,"wtd_prev_yr":0,"wtd_pct_change":null,"twentyeight_day_curr_yr":0,"twentyeight_day_prev_yr":1,"twentyeight_day_pct_change":-100,"ytd_curr_yr":4,"ytd_prev_yr":6,"ytd_pct_change":-33.3,"two_year_pct_change":-60,"six_year_pct_change":-55.6,"twentytwo_year_pct_change":null},{"crime":"Housing","wtd_curr_yr":3,"wtd_prev_yr":2,"wtd_pct_change":50,"twentyeight_day_curr_yr":7,"twentyeight_day_prev_yr":9,"twentyeight_day_pct_change":-22.2,"ytd_curr_yr":59,"ytd_prev_yr":47,"ytd_pct_change":25.5,"two_year_pct_change":28.3,"six_year_pct_change":55.3,"twentytwo_year_pct_change":null},{"crime":"Petit Larceny","wtd_curr_yr":8,"wtd_prev_yr":13,"wtd_pct_change":-38.5,"twentyeight_day_curr_yr":44,"twentyeight_day_prev_yr":50,"twentyeight_day_pct_change":-12,"ytd_curr_yr":300,"ytd_prev_yr":271,"ytd_pct_change":10.7,"two_year_pct_change":28.8,"six_year_pct_change":45.6,"twentytwo_year_pct_change":null},{"crime":"Misd. Assault","wtd_curr_yr":13,"wtd_prev_yr":12,"wtd_pct_change":8.3,"twentyeight_day_curr_yr":43,"twentyeight_day_prev_yr":54,"twentyeight_day_pct_change":-20.4,"ytd_curr_yr":253,"ytd_prev_yr":265,"ytd_pct_change":-4.5,"two_year_pct_change":0.4,"six_year_pct_change":22.8,"twentytwo_year_pct_change":null},{"crime":"Misd. Sex Crimes","wtd_curr_yr":0,"wtd_prev_yr":0,"wtd_pct_change":null,"twentyeight_day_curr_yr":0,"twentyeight_day_prev_yr":0,"twentyeight_day_pct_change":null,"ytd_curr_yr":10,"ytd_prev_yr":6,"ytd_pct_change":66.7,"two_year_pct_change":-9.1,"six_year_pct_change":-33.3,"twentytwo_year_pct_change":null},{"crime":"Shooting Vic.","wtd_curr_yr":3,"wtd_prev_yr":2,"wtd_pct_change":50,"twentyeight_day_curr_yr":7,"twentyeight_day_prev_yr":6,"twentyeight_day_pct_change":16.7,"ytd_curr_yr":15,"ytd_prev_yr":12,"ytd_pct_change":25,"two_year_pct_change":-11.8,"six_year_pct_change":36.4,"twentytwo_year_pct_change":-34.8},{"crime":"Shooting Inc.","wtd_curr_yr":3,"wtd_prev_yr":2,"wtd_pct_change":50,"twentyeight_day_curr_yr":7,"twentyeight_day_prev_yr":5,"twentyeight_day_pct_change":40,"ytd_curr_yr":15,"ytd_prev_yr":10,"ytd_pct_change":50,"two_year_pct_change":0,"six_year_pct_change":36.4,"twentytwo_year_pct_change":-34.8}],"historical":[{"yr_1990":14,"yr_1993":16,"yr_1998":9,"yr_2001":6,"yr_2013":3,"pct_change_13vs01":-50,"pct_change_13vs98":-66.7,"pct_change_13vs93":-81.2,"pct_change_13vs90":-78.6,"crime":"Murder"},{"yr_1990":67,"yr_1993":42,"yr_1998":32,"yr_2001":17,"yr_2013":19,"pct_change_13vs01":11.8,"pct_change_13vs98":-40.6,"pct_change_13vs93":-54.8,"pct_change_13vs90":-71.6,"crime":"Rape"},{"yr_1990":826,"yr_1993":710,"yr_1998":413,"yr_2001":247,"yr_2013":148,"pct_change_13vs01":-40.1,"pct_change_13vs98":-64.2,"pct_change_13vs93":-79.2,"pct_change_13vs90":-82.1,"crime":"Robbery"},{"yr_1990":588,"yr_1993":524,"yr_1998":418,"yr_2001":301,"yr_2013":212,"pct_change_13vs01":-29.6,"pct_change_13vs98":-49.3,"pct_change_13vs93":-59.5,"pct_change_13vs90":-63.9,"crime":"Fel. Assault"},{"yr_1990":825,"yr_1993":768,"yr_1998":370,"yr_2001":216,"yr_2013":227,"pct_change_13vs01":5.1,"pct_change_13vs98":-38.6,"pct_change_13vs93":-70.4,"pct_change_13vs90":-72.5,"crime":"Burglary"},{"yr_1990":362,"yr_1993":330,"yr_1998":203,"yr_2001":189,"yr_2013":182,"pct_change_13vs01":-3.7,"pct_change_13vs98":-10.3,"pct_change_13vs93":-44.8,"pct_change_13vs90":-49.7,"crime":"Gr. Larceny"},{"yr_1990":719,"yr_1993":460,"yr_1998":184,"yr_2001":158,"yr_2013":61,"pct_change_13vs01":-61.4,"pct_change_13vs98":-66.8,"pct_change_13vs93":-86.7,"pct_change_13vs90":-91.5,"crime":"G.L.A."},{"yr_1990":3401,"yr_1993":2850,"yr_1998":1629,"yr_2001":1134,"yr_2013":852,"pct_change_13vs01":-24.87,"pct_change_13vs98":-47.7,"pct_change_13vs93":-70.11,"pct_change_13vs90":-74.95,"crime":"TOTAL"}]}