{"mayor":"Bill de Blasio","commissioner":"William J. Bratton","volume":21,"number":7,"precinct":"102nd","startDate":"2014-02-10T05:00:00.000Z","endDate":"2014-02-16T05:00:00.000Z","crimes":[{"crime":"Murder","wtd_curr_yr":0,"wtd_prev_yr":0,"wtd_pct_change":null,"twentyeight_day_curr_yr":0,"twentyeight_day_prev_yr":0,"twentyeight_day_pct_change":null,"ytd_curr_yr":0,"ytd_prev_yr":1,"ytd_pct_change":-100,"two_year_pct_change":-100,"six_year_pct_change":-100,"twentytwo_year_pct_change":-100},{"crime":"Rape","wtd_curr_yr":0,"wtd_prev_yr":2,"wtd_pct_change":-100,"twentyeight_day_curr_yr":2,"twentyeight_day_prev_yr":4,"twentyeight_day_pct_change":-50,"ytd_curr_yr":3,"ytd_prev_yr":4,"ytd_pct_change":-25,"two_year_pct_change":0,"six_year_pct_change":200,"twentytwo_year_pct_change":50},{"crime":"Robbery","wtd_curr_yr":5,"wtd_prev_yr":5,"wtd_pct_change":0,"twentyeight_day_curr_yr":19,"twentyeight_day_prev_yr":24,"twentyeight_day_pct_change":-20.8,"ytd_curr_yr":36,"ytd_prev_yr":42,"ytd_pct_change":-14.3,"two_year_pct_change":0,"six_year_pct_change":-16.3,"twentytwo_year_pct_change":-79.4},{"crime":"Fel. Assault","wtd_curr_yr":5,"wtd_prev_yr":4,"wtd_pct_change":25,"twentyeight_day_curr_yr":23,"twentyeight_day_prev_yr":25,"twentyeight_day_pct_change":-8,"ytd_curr_yr":33,"ytd_prev_yr":37,"ytd_pct_change":-10.8,"two_year_pct_change":3.1,"six_year_pct_change":13.8,"twentytwo_year_pct_change":-10.8},{"crime":"Burglary","wtd_curr_yr":4,"wtd_prev_yr":3,"wtd_pct_change":33.3,"twentyeight_day_curr_yr":21,"twentyeight_day_prev_yr":22,"twentyeight_day_pct_change":-4.5,"ytd_curr_yr":47,"ytd_prev_yr":40,"ytd_pct_change":17.5,"two_year_pct_change":38.2,"six_year_pct_change":-39,"twentytwo_year_pct_change":-76.1},{"crime":"Gr. Larceny","wtd_curr_yr":14,"wtd_prev_yr":6,"wtd_pct_change":133.3,"twentyeight_day_curr_yr":45,"twentyeight_day_prev_yr":19,"twentyeight_day_pct_change":136.8,"ytd_curr_yr":80,"ytd_prev_yr":32,"ytd_pct_change":150,"two_year_pct_change":81.8,"six_year_pct_change":40.4,"twentytwo_year_pct_change":6.7},{"crime":"G.L.A.","wtd_curr_yr":3,"wtd_prev_yr":2,"wtd_pct_change":50,"twentyeight_day_curr_yr":22,"twentyeight_day_prev_yr":11,"twentyeight_day_pct_change":100,"ytd_curr_yr":34,"ytd_prev_yr":21,"ytd_pct_change":61.9,"two_year_pct_change":21.4,"six_year_pct_change":-69.9,"twentytwo_year_pct_change":-93.8},{"crime":"TOTAL","wtd_curr_yr":31,"wtd_prev_yr":22,"wtd_pct_change":40.91,"twentyeight_day_curr_yr":132,"twentyeight_day_prev_yr":105,"twentyeight_day_pct_change":25.71,"ytd_curr_yr":233,"ytd_prev_yr":177,"ytd_pct_change":31.64,"two_year_pct_change":30.9,"six_year_pct_change":-27.41,"twentytwo_year_pct_change":-77.51},{"crime":"Petit Larceny","wtd_curr_yr":12,"wtd_prev_yr":11,"wtd_pct_change":9.1,"twentyeight_day_curr_yr":66,"twentyeight_day_prev_yr":41,"twentyeight_day_pct_change":61,"ytd_curr_yr":130,"ytd_prev_yr":81,"ytd_pct_change":60.5,"two_year_pct_change":27.5,"six_year_pct_change":null,"twentytwo_year_pct_change":null},{"crime":"Misd. Assault","wtd_curr_yr":4,"wtd_prev_yr":7,"wtd_pct_change":-42.9,"twentyeight_day_curr_yr":40,"twentyeight_day_prev_yr":35,"twentyeight_day_pct_change":14.3,"ytd_curr_yr":66,"ytd_prev_yr":60,"ytd_pct_change":10,"two_year_pct_change":-30.5,"six_year_pct_change":null,"twentytwo_year_pct_change":null},{"crime":"Misd. Sex Crimes","wtd_curr_yr":1,"wtd_prev_yr":0,"wtd_pct_change":null,"twentyeight_day_curr_yr":3,"twentyeight_day_prev_yr":2,"twentyeight_day_pct_change":50,"ytd_curr_yr":6,"ytd_prev_yr":2,"ytd_pct_change":200,"two_year_pct_change":100,"six_year_pct_change":null,"twentytwo_year_pct_change":null},{"crime":"Shooting Vic.","wtd_curr_yr":0,"wtd_prev_yr":0,"wtd_pct_change":null,"twentyeight_day_curr_yr":1,"twentyeight_day_prev_yr":0,"twentyeight_day_pct_change":null,"ytd_curr_yr":1,"ytd_prev_yr":1,"ytd_pct_change":0,"two_year_pct_change":0,"six_year_pct_change":0,"twentytwo_year_pct_change":-87.5},{"crime":"Shooting Inc.","wtd_curr_yr":0,"wtd_prev_yr":0,"wtd_pct_change":null,"twentyeight_day_curr_yr":1,"twentyeight_day_prev_yr":0,"twentyeight_day_pct_change":null,"ytd_curr_yr":1,"ytd_prev_yr":1,"ytd_pct_change":0,"two_year_pct_change":0,"six_year_pct_change":0,"twentytwo_year_pct_change":-87.5}],"historical":[{"yr_1990":6,"yr_1993":12,"yr_1998":3,"yr_2001":2,"yr_2013":7,"pct_change_13vs01":250,"pct_change_13vs98":133.3,"pct_change_13vs93":-41.7,"pct_change_13vs90":16.7,"crime":"Murder"},{"yr_1990":29,"yr_1993":34,"yr_1998":23,"yr_2001":21,"yr_2013":24,"pct_change_13vs01":14.3,"pct_change_13vs98":4.3,"pct_change_13vs93":-29.4,"pct_change_13vs90":-17.2,"crime":"Rape"},{"yr_1990":1067,"yr_1993":1238,"yr_1998":672,"yr_2001":459,"yr_2013":311,"pct_change_13vs01":-32.2,"pct_change_13vs98":-53.7,"pct_change_13vs93":-74.9,"pct_change_13vs90":-70.9,"crime":"Robbery"},{"yr_1990":345,"yr_1993":362,"yr_1998":440,"yr_2001":309,"yr_2013":327,"pct_change_13vs01":5.8,"pct_change_13vs98":-25.7,"pct_change_13vs93":-9.7,"pct_change_13vs90":-5.2,"crime":"Fel. Assault"},{"yr_1990":1847,"yr_1993":1503,"yr_1998":965,"yr_2001":622,"yr_2013":288,"pct_change_13vs01":-53.7,"pct_change_13vs98":-70.2,"pct_change_13vs93":-80.8,"pct_change_13vs90":-84.4,"crime":"Burglary"},{"yr_1990":721,"yr_1993":583,"yr_1998":538,"yr_2001":378,"yr_2013":490,"pct_change_13vs01":29.6,"pct_change_13vs98":-8.9,"pct_change_13vs93":-16,"pct_change_13vs90":-32,"crime":"Gr. Larceny"},{"yr_1990":4145,"yr_1993":3495,"yr_1998":1303,"yr_2001":803,"yr_2013":252,"pct_change_13vs01":-68.6,"pct_change_13vs98":-80.7,"pct_change_13vs93":-92.8,"pct_change_13vs90":-93.9,"crime":"G.L.A."},{"yr_1990":8160,"yr_1993":7227,"yr_1998":3944,"yr_2001":2594,"yr_2013":1699,"pct_change_13vs01":-34.5,"pct_change_13vs98":-56.92,"pct_change_13vs93":-76.49,"pct_change_13vs90":-79.18,"crime":"TOTAL"}]}