{"mayor":"Bill de Blasio","commissioner":"William J. Bratton","volume":21,"number":26,"precinct":"106th","startDate":"2014-06-23T04:00:00.000Z","endDate":"2014-06-29T04:00:00.000Z","crimes":[{"crime":"Murder","wtd_curr_yr":0,"wtd_prev_yr":0,"wtd_pct_change":null,"twentyeight_day_curr_yr":0,"twentyeight_day_prev_yr":1,"twentyeight_day_pct_change":-100,"ytd_curr_yr":1,"ytd_prev_yr":4,"ytd_pct_change":-75,"two_year_pct_change":-50,"six_year_pct_change":-66.7,"twentytwo_year_pct_change":-92.9},{"crime":"Rape","wtd_curr_yr":0,"wtd_prev_yr":2,"wtd_pct_change":-100,"twentyeight_day_curr_yr":1,"twentyeight_day_prev_yr":2,"twentyeight_day_pct_change":-50,"ytd_curr_yr":12,"ytd_prev_yr":9,"ytd_pct_change":33.3,"two_year_pct_change":71.4,"six_year_pct_change":50,"twentytwo_year_pct_change":-40},{"crime":"Robbery","wtd_curr_yr":5,"wtd_prev_yr":5,"wtd_pct_change":0,"twentyeight_day_curr_yr":24,"twentyeight_day_prev_yr":21,"twentyeight_day_pct_change":14.3,"ytd_curr_yr":125,"ytd_prev_yr":127,"ytd_pct_change":-1.6,"two_year_pct_change":-8.8,"six_year_pct_change":-20.9,"twentytwo_year_pct_change":-69.9},{"crime":"Fel. Assault","wtd_curr_yr":4,"wtd_prev_yr":8,"wtd_pct_change":-50,"twentyeight_day_curr_yr":17,"twentyeight_day_prev_yr":23,"twentyeight_day_pct_change":-26.1,"ytd_curr_yr":108,"ytd_prev_yr":122,"ytd_pct_change":-11.5,"two_year_pct_change":20,"six_year_pct_change":-15.6,"twentytwo_year_pct_change":-41},{"crime":"Burglary","wtd_curr_yr":3,"wtd_prev_yr":5,"wtd_pct_change":-40,"twentyeight_day_curr_yr":21,"twentyeight_day_prev_yr":29,"twentyeight_day_pct_change":-27.6,"ytd_curr_yr":143,"ytd_prev_yr":195,"ytd_pct_change":-26.7,"two_year_pct_change":-12.8,"six_year_pct_change":-26.3,"twentytwo_year_pct_change":-75.8},{"crime":"Gr. Larceny","wtd_curr_yr":11,"wtd_prev_yr":12,"wtd_pct_change":-8.3,"twentyeight_day_curr_yr":38,"twentyeight_day_prev_yr":36,"twentyeight_day_pct_change":5.6,"ytd_curr_yr":237,"ytd_prev_yr":235,"ytd_pct_change":0.9,"two_year_pct_change":4.9,"six_year_pct_change":45.4,"twentytwo_year_pct_change":-13.8},{"crime":"G.L.A.","wtd_curr_yr":2,"wtd_prev_yr":3,"wtd_pct_change":-33.3,"twentyeight_day_curr_yr":10,"twentyeight_day_prev_yr":15,"twentyeight_day_pct_change":-33.3,"ytd_curr_yr":111,"ytd_prev_yr":78,"ytd_pct_change":42.3,"two_year_pct_change":2.8,"six_year_pct_change":-69.1,"twentytwo_year_pct_change":-93.2},{"crime":"TOTAL","wtd_curr_yr":25,"wtd_prev_yr":35,"wtd_pct_change":-28.57,"twentyeight_day_curr_yr":111,"twentyeight_day_prev_yr":127,"twentyeight_day_pct_change":-12.6,"ytd_curr_yr":737,"ytd_prev_yr":770,"ytd_pct_change":-4.29,"two_year_pct_change":0.41,"six_year_pct_change":-27.25,"twentytwo_year_pct_change":-76.4},{"crime":"Transit","wtd_curr_yr":0,"wtd_prev_yr":0,"wtd_pct_change":null,"twentyeight_day_curr_yr":1,"twentyeight_day_prev_yr":5,"twentyeight_day_pct_change":-80,"ytd_curr_yr":16,"ytd_prev_yr":18,"ytd_pct_change":-11.1,"two_year_pct_change":-5.9,"six_year_pct_change":-11.1,"twentytwo_year_pct_change":null},{"crime":"Housing","wtd_curr_yr":0,"wtd_prev_yr":0,"wtd_pct_change":null,"twentyeight_day_curr_yr":0,"twentyeight_day_prev_yr":0,"twentyeight_day_pct_change":null,"ytd_curr_yr":0,"ytd_prev_yr":0,"ytd_pct_change":null,"two_year_pct_change":null,"six_year_pct_change":null,"twentytwo_year_pct_change":null},{"crime":"Petit Larceny","wtd_curr_yr":16,"wtd_prev_yr":13,"wtd_pct_change":23.1,"twentyeight_day_curr_yr":76,"twentyeight_day_prev_yr":48,"twentyeight_day_pct_change":58.3,"ytd_curr_yr":423,"ytd_prev_yr":330,"ytd_pct_change":28.2,"two_year_pct_change":-8,"six_year_pct_change":null,"twentytwo_year_pct_change":null},{"crime":"Misd. Assault","wtd_curr_yr":9,"wtd_prev_yr":14,"wtd_pct_change":-35.7,"twentyeight_day_curr_yr":50,"twentyeight_day_prev_yr":41,"twentyeight_day_pct_change":22,"ytd_curr_yr":258,"ytd_prev_yr":208,"ytd_pct_change":24,"two_year_pct_change":8.4,"six_year_pct_change":null,"twentytwo_year_pct_change":null},{"crime":"Misd. Sex Crimes","wtd_curr_yr":0,"wtd_prev_yr":0,"wtd_pct_change":null,"twentyeight_day_curr_yr":1,"twentyeight_day_prev_yr":1,"twentyeight_day_pct_change":0,"ytd_curr_yr":9,"ytd_prev_yr":11,"ytd_pct_change":-18.2,"two_year_pct_change":-25,"six_year_pct_change":null,"twentytwo_year_pct_change":null},{"crime":"Shooting Vic.","wtd_curr_yr":0,"wtd_prev_yr":0,"wtd_pct_change":null,"twentyeight_day_curr_yr":1,"twentyeight_day_prev_yr":0,"twentyeight_day_pct_change":null,"ytd_curr_yr":2,"ytd_prev_yr":5,"ytd_pct_change":-60,"two_year_pct_change":-60,"six_year_pct_change":-60,"twentytwo_year_pct_change":-90.5},{"crime":"Shooting Inc.","wtd_curr_yr":0,"wtd_prev_yr":0,"wtd_pct_change":null,"twentyeight_day_curr_yr":1,"twentyeight_day_prev_yr":0,"twentyeight_day_pct_change":null,"ytd_curr_yr":2,"ytd_prev_yr":4,"ytd_pct_change":-50,"two_year_pct_change":-50,"six_year_pct_change":-50,"twentytwo_year_pct_change":-90.5}],"historical":[{"yr_1990":15,"yr_1993":21,"yr_1998":7,"yr_2001":4,"yr_2013":6,"pct_change_13vs01":50,"pct_change_13vs98":-14.3,"pct_change_13vs93":-71.4,"pct_change_13vs90":-60,"crime":"Murder"},{"yr_1990":31,"yr_1993":33,"yr_1998":40,"yr_2001":19,"yr_2013":19,"pct_change_13vs01":0,"pct_change_13vs98":-52.5,"pct_change_13vs93":-42.4,"pct_change_13vs90":-38.7,"crime":"Rape"},{"yr_1990":832,"yr_1993":891,"yr_1998":545,"yr_2001":344,"yr_2013":328,"pct_change_13vs01":-4.7,"pct_change_13vs98":-39.8,"pct_change_13vs93":-63.2,"pct_change_13vs90":-60.6,"crime":"Robbery"},{"yr_1990":329,"yr_1993":408,"yr_1998":297,"yr_2001":241,"yr_2013":253,"pct_change_13vs01":5,"pct_change_13vs98":-14.8,"pct_change_13vs93":-38,"pct_change_13vs90":-23.1,"crime":"Fel. Assault"},{"yr_1990":1348,"yr_1993":1230,"yr_1998":662,"yr_2001":417,"yr_2013":346,"pct_change_13vs01":-17,"pct_change_13vs98":-47.7,"pct_change_13vs93":-71.9,"pct_change_13vs90":-74.3,"crime":"Burglary"},{"yr_1990":715,"yr_1993":595,"yr_1998":440,"yr_2001":381,"yr_2013":522,"pct_change_13vs01":37,"pct_change_13vs98":18.6,"pct_change_13vs93":-12.3,"pct_change_13vs90":-27,"crime":"Gr. Larceny"},{"yr_1990":3071,"yr_1993":3304,"yr_1998":1370,"yr_2001":778,"yr_2013":191,"pct_change_13vs01":-75.4,"pct_change_13vs98":-86.1,"pct_change_13vs93":-94.2,"pct_change_13vs90":-93.8,"crime":"G.L.A."},{"yr_1990":6341,"yr_1993":6482,"yr_1998":3361,"yr_2001":2184,"yr_2013":1665,"pct_change_13vs01":-23.76,"pct_change_13vs98":-50.46,"pct_change_13vs93":-74.31,"pct_change_13vs90":-73.74,"crime":"TOTAL"}]}