{"mayor":"Bill de Blasio","commissioner":"William J. Bratton","volume":21,"number":50,"precinct":"101st","startDate":"2014-12-08T05:00:00.000Z","endDate":"2014-12-14T05:00:00.000Z","crimes":[{"crime":"Murder","wtd_curr_yr":0,"wtd_prev_yr":0,"wtd_pct_change":null,"twentyeight_day_curr_yr":0,"twentyeight_day_prev_yr":0,"twentyeight_day_pct_change":null,"ytd_curr_yr":5,"ytd_prev_yr":2,"ytd_pct_change":150,"two_year_pct_change":-16.7,"six_year_pct_change":-37.5,"twentytwo_year_pct_change":-68.8},{"crime":"Rape","wtd_curr_yr":0,"wtd_prev_yr":0,"wtd_pct_change":null,"twentyeight_day_curr_yr":0,"twentyeight_day_prev_yr":4,"twentyeight_day_pct_change":-100,"ytd_curr_yr":12,"ytd_prev_yr":19,"ytd_pct_change":-36.8,"two_year_pct_change":-14.3,"six_year_pct_change":-33.3,"twentytwo_year_pct_change":-70.7},{"crime":"Robbery","wtd_curr_yr":6,"wtd_prev_yr":2,"wtd_pct_change":200,"twentyeight_day_curr_yr":17,"twentyeight_day_prev_yr":12,"twentyeight_day_pct_change":41.7,"ytd_curr_yr":135,"ytd_prev_yr":139,"ytd_pct_change":-2.9,"two_year_pct_change":-2.9,"six_year_pct_change":10.7,"twentytwo_year_pct_change":-80.1},{"crime":"Fel. Assault","wtd_curr_yr":6,"wtd_prev_yr":3,"wtd_pct_change":100,"twentyeight_day_curr_yr":23,"twentyeight_day_prev_yr":16,"twentyeight_day_pct_change":43.8,"ytd_curr_yr":268,"ytd_prev_yr":202,"ytd_pct_change":32.7,"two_year_pct_change":13.1,"six_year_pct_change":66.5,"twentytwo_year_pct_change":-47},{"crime":"Burglary","wtd_curr_yr":3,"wtd_prev_yr":2,"wtd_pct_change":50,"twentyeight_day_curr_yr":9,"twentyeight_day_prev_yr":17,"twentyeight_day_pct_change":-47.1,"ytd_curr_yr":146,"ytd_prev_yr":220,"ytd_pct_change":-33.6,"two_year_pct_change":-36.5,"six_year_pct_change":41.7,"twentytwo_year_pct_change":-80.3},{"crime":"Gr. Larceny","wtd_curr_yr":4,"wtd_prev_yr":6,"wtd_pct_change":-33.3,"twentyeight_day_curr_yr":16,"twentyeight_day_prev_yr":20,"twentyeight_day_pct_change":-20,"ytd_curr_yr":190,"ytd_prev_yr":173,"ytd_pct_change":9.8,"two_year_pct_change":-1.6,"six_year_pct_change":31.9,"twentytwo_year_pct_change":-39.5},{"crime":"G.L.A.","wtd_curr_yr":0,"wtd_prev_yr":3,"wtd_pct_change":-100,"twentyeight_day_curr_yr":1,"twentyeight_day_prev_yr":6,"twentyeight_day_pct_change":-83.3,"ytd_curr_yr":69,"ytd_prev_yr":58,"ytd_pct_change":19,"two_year_pct_change":32.7,"six_year_pct_change":7.8,"twentytwo_year_pct_change":-84.6},{"crime":"TOTAL","wtd_curr_yr":19,"wtd_prev_yr":16,"wtd_pct_change":18.75,"twentyeight_day_curr_yr":66,"twentyeight_day_prev_yr":75,"twentyeight_day_pct_change":-12,"ytd_curr_yr":825,"ytd_prev_yr":813,"ytd_pct_change":1.48,"two_year_pct_change":-5.28,"six_year_pct_change":33.06,"twentytwo_year_pct_change":-69.91},{"crime":"Transit","wtd_curr_yr":0,"wtd_prev_yr":0,"wtd_pct_change":null,"twentyeight_day_curr_yr":1,"twentyeight_day_prev_yr":0,"twentyeight_day_pct_change":null,"ytd_curr_yr":10,"ytd_prev_yr":8,"ytd_pct_change":25,"two_year_pct_change":-47.4,"six_year_pct_change":-16.7,"twentytwo_year_pct_change":null},{"crime":"Housing","wtd_curr_yr":1,"wtd_prev_yr":1,"wtd_pct_change":0,"twentyeight_day_curr_yr":5,"twentyeight_day_prev_yr":10,"twentyeight_day_pct_change":-50,"ytd_curr_yr":94,"ytd_prev_yr":84,"ytd_pct_change":11.9,"two_year_pct_change":6.8,"six_year_pct_change":27,"twentytwo_year_pct_change":null},{"crime":"Petit Larceny","wtd_curr_yr":6,"wtd_prev_yr":7,"wtd_pct_change":-14.3,"twentyeight_day_curr_yr":24,"twentyeight_day_prev_yr":55,"twentyeight_day_pct_change":-56.4,"ytd_curr_yr":483,"ytd_prev_yr":520,"ytd_pct_change":-7.1,"two_year_pct_change":6.2,"six_year_pct_change":19.6,"twentytwo_year_pct_change":null},{"crime":"Misd. Assault","wtd_curr_yr":4,"wtd_prev_yr":10,"wtd_pct_change":-60,"twentyeight_day_curr_yr":25,"twentyeight_day_prev_yr":38,"twentyeight_day_pct_change":-34.2,"ytd_curr_yr":427,"ytd_prev_yr":473,"ytd_pct_change":-9.7,"two_year_pct_change":0,"six_year_pct_change":15.1,"twentytwo_year_pct_change":null},{"crime":"Misd. Sex Crimes","wtd_curr_yr":0,"wtd_prev_yr":0,"wtd_pct_change":null,"twentyeight_day_curr_yr":0,"twentyeight_day_prev_yr":2,"twentyeight_day_pct_change":-100,"ytd_curr_yr":14,"ytd_prev_yr":16,"ytd_pct_change":-12.5,"two_year_pct_change":-26.3,"six_year_pct_change":-41.7,"twentytwo_year_pct_change":null},{"crime":"Shooting Vic.","wtd_curr_yr":1,"wtd_prev_yr":0,"wtd_pct_change":null,"twentyeight_day_curr_yr":3,"twentyeight_day_prev_yr":0,"twentyeight_day_pct_change":null,"ytd_curr_yr":30,"ytd_prev_yr":15,"ytd_pct_change":100,"two_year_pct_change":-16.7,"six_year_pct_change":-3.2,"twentytwo_year_pct_change":-30.2},{"crime":"Shooting Inc.","wtd_curr_yr":1,"wtd_prev_yr":0,"wtd_pct_change":null,"twentyeight_day_curr_yr":3,"twentyeight_day_prev_yr":0,"twentyeight_day_pct_change":null,"ytd_curr_yr":29,"ytd_prev_yr":13,"ytd_pct_change":123.1,"two_year_pct_change":-12.1,"six_year_pct_change":7.4,"twentytwo_year_pct_change":-29.3}],"historical":[{"yr_1990":14,"yr_1993":16,"yr_1998":9,"yr_2001":6,"yr_2013":3,"pct_change_13vs01":-50,"pct_change_13vs98":-66.7,"pct_change_13vs93":-81.2,"pct_change_13vs90":-78.6,"crime":"Murder"},{"yr_1990":67,"yr_1993":42,"yr_1998":32,"yr_2001":17,"yr_2013":19,"pct_change_13vs01":11.8,"pct_change_13vs98":-40.6,"pct_change_13vs93":-54.8,"pct_change_13vs90":-71.6,"crime":"Rape"},{"yr_1990":826,"yr_1993":710,"yr_1998":413,"yr_2001":247,"yr_2013":148,"pct_change_13vs01":-40.1,"pct_change_13vs98":-64.2,"pct_change_13vs93":-79.2,"pct_change_13vs90":-82.1,"crime":"Robbery"},{"yr_1990":588,"yr_1993":524,"yr_1998":418,"yr_2001":301,"yr_2013":212,"pct_change_13vs01":-29.6,"pct_change_13vs98":-49.3,"pct_change_13vs93":-59.5,"pct_change_13vs90":-63.9,"crime":"Fel. Assault"},{"yr_1990":825,"yr_1993":768,"yr_1998":370,"yr_2001":216,"yr_2013":227,"pct_change_13vs01":5.1,"pct_change_13vs98":-38.6,"pct_change_13vs93":-70.4,"pct_change_13vs90":-72.5,"crime":"Burglary"},{"yr_1990":362,"yr_1993":330,"yr_1998":203,"yr_2001":189,"yr_2013":182,"pct_change_13vs01":-3.7,"pct_change_13vs98":-10.3,"pct_change_13vs93":-44.8,"pct_change_13vs90":-49.7,"crime":"Gr. Larceny"},{"yr_1990":719,"yr_1993":460,"yr_1998":184,"yr_2001":158,"yr_2013":61,"pct_change_13vs01":-61.4,"pct_change_13vs98":-66.8,"pct_change_13vs93":-86.7,"pct_change_13vs90":-91.5,"crime":"G.L.A."},{"yr_1990":3401,"yr_1993":2850,"yr_1998":1629,"yr_2001":1134,"yr_2013":852,"pct_change_13vs01":-24.87,"pct_change_13vs98":-47.7,"pct_change_13vs93":-70.11,"pct_change_13vs90":-74.95,"crime":"TOTAL"}]}