{"mayor":"Bill de Blasio","commissioner":"William J. Bratton","volume":21,"number":2,"precinct":"103rd","startDate":"2014-01-06T05:00:00.000Z","endDate":"2014-01-12T05:00:00.000Z","crimes":[{"crime":"Murder","wtd_curr_yr":0,"wtd_prev_yr":0,"wtd_pct_change":null,"twentyeight_day_curr_yr":0,"twentyeight_day_prev_yr":1,"twentyeight_day_pct_change":-100,"ytd_curr_yr":0,"ytd_prev_yr":1,"ytd_pct_change":-100,"two_year_pct_change":null,"six_year_pct_change":-100,"twentytwo_year_pct_change":null},{"crime":"Rape","wtd_curr_yr":1,"wtd_prev_yr":1,"wtd_pct_change":0,"twentyeight_day_curr_yr":2,"twentyeight_day_prev_yr":2,"twentyeight_day_pct_change":0,"ytd_curr_yr":1,"ytd_prev_yr":1,"ytd_pct_change":0,"two_year_pct_change":null,"six_year_pct_change":0,"twentytwo_year_pct_change":-50},{"crime":"Robbery","wtd_curr_yr":10,"wtd_prev_yr":14,"wtd_pct_change":-28.6,"twentyeight_day_curr_yr":32,"twentyeight_day_prev_yr":41,"twentyeight_day_pct_change":-22,"ytd_curr_yr":12,"ytd_prev_yr":22,"ytd_pct_change":-45.5,"two_year_pct_change":0,"six_year_pct_change":-33.3,"twentytwo_year_pct_change":-77.8},{"crime":"Fel. Assault","wtd_curr_yr":11,"wtd_prev_yr":5,"wtd_pct_change":120,"twentyeight_day_curr_yr":28,"twentyeight_day_prev_yr":24,"twentyeight_day_pct_change":16.7,"ytd_curr_yr":11,"ytd_prev_yr":8,"ytd_pct_change":37.5,"two_year_pct_change":22.2,"six_year_pct_change":10,"twentytwo_year_pct_change":-68.6},{"crime":"Burglary","wtd_curr_yr":2,"wtd_prev_yr":2,"wtd_pct_change":0,"twentyeight_day_curr_yr":15,"twentyeight_day_prev_yr":14,"twentyeight_day_pct_change":7.1,"ytd_curr_yr":4,"ytd_prev_yr":7,"ytd_pct_change":-42.9,"two_year_pct_change":-50,"six_year_pct_change":-75,"twentytwo_year_pct_change":-88.6},{"crime":"Gr. Larceny","wtd_curr_yr":4,"wtd_prev_yr":12,"wtd_pct_change":-66.7,"twentyeight_day_curr_yr":30,"twentyeight_day_prev_yr":44,"twentyeight_day_pct_change":-31.8,"ytd_curr_yr":9,"ytd_prev_yr":18,"ytd_pct_change":-50,"two_year_pct_change":-59.1,"six_year_pct_change":-47.1,"twentytwo_year_pct_change":-70},{"crime":"G.L.A.","wtd_curr_yr":3,"wtd_prev_yr":4,"wtd_pct_change":-25,"twentyeight_day_curr_yr":14,"twentyeight_day_prev_yr":9,"twentyeight_day_pct_change":55.6,"ytd_curr_yr":3,"ytd_prev_yr":4,"ytd_pct_change":-25,"two_year_pct_change":-57.1,"six_year_pct_change":-57.1,"twentytwo_year_pct_change":-92.5},{"crime":"TOTAL","wtd_curr_yr":31,"wtd_prev_yr":38,"wtd_pct_change":-18.42,"twentyeight_day_curr_yr":121,"twentyeight_day_prev_yr":135,"twentyeight_day_pct_change":-10.37,"ytd_curr_yr":40,"ytd_prev_yr":61,"ytd_pct_change":-34.43,"two_year_pct_change":-31.03,"six_year_pct_change":-42.86,"twentytwo_year_pct_change":-79.59},{"crime":"Petit Larceny","wtd_curr_yr":13,"wtd_prev_yr":18,"wtd_pct_change":-27.8,"twentyeight_day_curr_yr":67,"twentyeight_day_prev_yr":63,"twentyeight_day_pct_change":6.3,"ytd_curr_yr":23,"ytd_prev_yr":27,"ytd_pct_change":-14.8,"two_year_pct_change":-30.3,"six_year_pct_change":null,"twentytwo_year_pct_change":null},{"crime":"Misd. Assault","wtd_curr_yr":7,"wtd_prev_yr":13,"wtd_pct_change":-46.2,"twentyeight_day_curr_yr":52,"twentyeight_day_prev_yr":56,"twentyeight_day_pct_change":-7.1,"ytd_curr_yr":22,"ytd_prev_yr":27,"ytd_pct_change":-18.5,"two_year_pct_change":15.8,"six_year_pct_change":null,"twentytwo_year_pct_change":null},{"crime":"Misd. Sex Crimes","wtd_curr_yr":0,"wtd_prev_yr":2,"wtd_pct_change":-100,"twentyeight_day_curr_yr":3,"twentyeight_day_prev_yr":2,"twentyeight_day_pct_change":50,"ytd_curr_yr":0,"ytd_prev_yr":2,"ytd_pct_change":-100,"two_year_pct_change":-100,"six_year_pct_change":null,"twentytwo_year_pct_change":null},{"crime":"Shooting Vic.","wtd_curr_yr":1,"wtd_prev_yr":1,"wtd_pct_change":0,"twentyeight_day_curr_yr":1,"twentyeight_day_prev_yr":5,"twentyeight_day_pct_change":-80,"ytd_curr_yr":1,"ytd_prev_yr":3,"ytd_pct_change":-66.7,"two_year_pct_change":0,"six_year_pct_change":0,"twentytwo_year_pct_change":-83.3},{"crime":"Shooting Inc.","wtd_curr_yr":1,"wtd_prev_yr":1,"wtd_pct_change":0,"twentyeight_day_curr_yr":1,"twentyeight_day_prev_yr":4,"twentyeight_day_pct_change":-75,"ytd_curr_yr":1,"ytd_prev_yr":2,"ytd_pct_change":-50,"two_year_pct_change":0,"six_year_pct_change":0,"twentytwo_year_pct_change":-83.3}],"historical":[{"yr_1990":38,"yr_1993":28,"yr_1998":16,"yr_2001":10,"yr_2013":8,"pct_change_13vs01":-20,"pct_change_13vs98":-50,"pct_change_13vs93":-71.4,"pct_change_13vs90":-78.9,"crime":"Murder"},{"yr_1990":60,"yr_1993":74,"yr_1998":45,"yr_2001":27,"yr_2013":37,"pct_change_13vs01":37,"pct_change_13vs98":-17.8,"pct_change_13vs93":-50,"pct_change_13vs90":-38.3,"crime":"Rape"},{"yr_1990":1846,"yr_1993":1742,"yr_1998":751,"yr_2001":530,"yr_2013":438,"pct_change_13vs01":-17.4,"pct_change_13vs98":-41.7,"pct_change_13vs93":-74.9,"pct_change_13vs90":-76.3,"crime":"Robbery"},{"yr_1990":958,"yr_1993":853,"yr_1998":611,"yr_2001":406,"yr_2013":369,"pct_change_13vs01":-9.1,"pct_change_13vs98":-39.6,"pct_change_13vs93":-56.7,"pct_change_13vs90":-61.5,"crime":"Fel. Assault"},{"yr_1990":1592,"yr_1993":1166,"yr_1998":598,"yr_2001":449,"yr_2013":299,"pct_change_13vs01":-33.4,"pct_change_13vs98":-50,"pct_change_13vs93":-74.4,"pct_change_13vs90":-81.2,"crime":"Burglary"},{"yr_1990":1277,"yr_1993":1214,"yr_1998":578,"yr_2001":587,"yr_2013":486,"pct_change_13vs01":-17.2,"pct_change_13vs98":-15.9,"pct_change_13vs93":-60,"pct_change_13vs90":-61.9,"crime":"Gr. Larceny"},{"yr_1990":1889,"yr_1993":1591,"yr_1998":602,"yr_2001":472,"yr_2013":172,"pct_change_13vs01":-63.6,"pct_change_13vs98":-71.4,"pct_change_13vs93":-89.2,"pct_change_13vs90":-90.9,"crime":"G.L.A."},{"yr_1990":7660,"yr_1993":6668,"yr_1998":3201,"yr_2001":2481,"yr_2013":1809,"pct_change_13vs01":-27.09,"pct_change_13vs98":-43.49,"pct_change_13vs93":-72.87,"pct_change_13vs90":-76.38,"crime":"TOTAL"}]}