{"mayor":"Bill de Blasio","commissioner":"William J. Bratton","volume":21,"number":19,"precinct":"105th","startDate":"2014-05-05T04:00:00.000Z","endDate":"2014-05-11T04:00:00.000Z","crimes":[{"crime":"Murder","wtd_curr_yr":0,"wtd_prev_yr":0,"wtd_pct_change":null,"twentyeight_day_curr_yr":0,"twentyeight_day_prev_yr":1,"twentyeight_day_pct_change":-100,"ytd_curr_yr":2,"ytd_prev_yr":2,"ytd_pct_change":0,"two_year_pct_change":-33.3,"six_year_pct_change":0,"twentytwo_year_pct_change":-66.7},{"crime":"Rape","wtd_curr_yr":0,"wtd_prev_yr":0,"wtd_pct_change":null,"twentyeight_day_curr_yr":2,"twentyeight_day_prev_yr":1,"twentyeight_day_pct_change":100,"ytd_curr_yr":9,"ytd_prev_yr":8,"ytd_pct_change":12.5,"two_year_pct_change":-18.2,"six_year_pct_change":-43.8,"twentytwo_year_pct_change":-40},{"crime":"Robbery","wtd_curr_yr":8,"wtd_prev_yr":7,"wtd_pct_change":14.3,"twentyeight_day_curr_yr":15,"twentyeight_day_prev_yr":24,"twentyeight_day_pct_change":-37.5,"ytd_curr_yr":70,"ytd_prev_yr":135,"ytd_pct_change":-48.1,"two_year_pct_change":-45.3,"six_year_pct_change":-50,"twentytwo_year_pct_change":-79.9},{"crime":"Fel. Assault","wtd_curr_yr":10,"wtd_prev_yr":7,"wtd_pct_change":42.9,"twentyeight_day_curr_yr":26,"twentyeight_day_prev_yr":25,"twentyeight_day_pct_change":4,"ytd_curr_yr":105,"ytd_prev_yr":94,"ytd_pct_change":11.7,"two_year_pct_change":1.9,"six_year_pct_change":18,"twentytwo_year_pct_change":-7.9},{"crime":"Burglary","wtd_curr_yr":6,"wtd_prev_yr":8,"wtd_pct_change":-25,"twentyeight_day_curr_yr":22,"twentyeight_day_prev_yr":32,"twentyeight_day_pct_change":-31.2,"ytd_curr_yr":96,"ytd_prev_yr":186,"ytd_pct_change":-48.4,"two_year_pct_change":-42.2,"six_year_pct_change":-41.1,"twentytwo_year_pct_change":-83.6},{"crime":"Gr. Larceny","wtd_curr_yr":8,"wtd_prev_yr":8,"wtd_pct_change":0,"twentyeight_day_curr_yr":40,"twentyeight_day_prev_yr":43,"twentyeight_day_pct_change":-7,"ytd_curr_yr":168,"ytd_prev_yr":199,"ytd_pct_change":-15.6,"two_year_pct_change":-8.2,"six_year_pct_change":1.8,"twentytwo_year_pct_change":-14.3},{"crime":"G.L.A.","wtd_curr_yr":7,"wtd_prev_yr":8,"wtd_pct_change":-12.5,"twentyeight_day_curr_yr":28,"twentyeight_day_prev_yr":24,"twentyeight_day_pct_change":16.7,"ytd_curr_yr":84,"ytd_prev_yr":88,"ytd_pct_change":-4.5,"two_year_pct_change":-30.6,"six_year_pct_change":-25,"twentytwo_year_pct_change":-93.1},{"crime":"TOTAL","wtd_curr_yr":39,"wtd_prev_yr":38,"wtd_pct_change":2.63,"twentyeight_day_curr_yr":133,"twentyeight_day_prev_yr":150,"twentyeight_day_pct_change":-11.33,"ytd_curr_yr":534,"ytd_prev_yr":712,"ytd_pct_change":-25,"two_year_pct_change":-25.31,"six_year_pct_change":-22.27,"twentytwo_year_pct_change":-78.45},{"crime":"Transit","wtd_curr_yr":0,"wtd_prev_yr":0,"wtd_pct_change":null,"twentyeight_day_curr_yr":0,"twentyeight_day_prev_yr":0,"twentyeight_day_pct_change":null,"ytd_curr_yr":0,"ytd_prev_yr":0,"ytd_pct_change":null,"two_year_pct_change":null,"six_year_pct_change":null,"twentytwo_year_pct_change":null},{"crime":"Housing","wtd_curr_yr":0,"wtd_prev_yr":0,"wtd_pct_change":null,"twentyeight_day_curr_yr":0,"twentyeight_day_prev_yr":0,"twentyeight_day_pct_change":null,"ytd_curr_yr":0,"ytd_prev_yr":0,"ytd_pct_change":null,"two_year_pct_change":null,"six_year_pct_change":null,"twentytwo_year_pct_change":null},{"crime":"Petit Larceny","wtd_curr_yr":9,"wtd_prev_yr":13,"wtd_pct_change":-30.8,"twentyeight_day_curr_yr":50,"twentyeight_day_prev_yr":53,"twentyeight_day_pct_change":-5.7,"ytd_curr_yr":247,"ytd_prev_yr":255,"ytd_pct_change":-3.1,"two_year_pct_change":-8.2,"six_year_pct_change":-22.1,"twentytwo_year_pct_change":null},{"crime":"Misd. Assault","wtd_curr_yr":16,"wtd_prev_yr":10,"wtd_pct_change":60,"twentyeight_day_curr_yr":61,"twentyeight_day_prev_yr":48,"twentyeight_day_pct_change":27.1,"ytd_curr_yr":219,"ytd_prev_yr":192,"ytd_pct_change":14.1,"two_year_pct_change":-1.4,"six_year_pct_change":-16.7,"twentytwo_year_pct_change":null},{"crime":"Misd. Sex Crimes","wtd_curr_yr":0,"wtd_prev_yr":0,"wtd_pct_change":null,"twentyeight_day_curr_yr":2,"twentyeight_day_prev_yr":2,"twentyeight_day_pct_change":0,"ytd_curr_yr":8,"ytd_prev_yr":16,"ytd_pct_change":-50,"two_year_pct_change":-38.5,"six_year_pct_change":-38.5,"twentytwo_year_pct_change":null},{"crime":"Shooting Vic.","wtd_curr_yr":0,"wtd_prev_yr":0,"wtd_pct_change":null,"twentyeight_day_curr_yr":0,"twentyeight_day_prev_yr":2,"twentyeight_day_pct_change":-100,"ytd_curr_yr":3,"ytd_prev_yr":8,"ytd_pct_change":-62.5,"two_year_pct_change":-81.2,"six_year_pct_change":-62.5,"twentytwo_year_pct_change":-84.2},{"crime":"Shooting Inc.","wtd_curr_yr":0,"wtd_prev_yr":0,"wtd_pct_change":null,"twentyeight_day_curr_yr":0,"twentyeight_day_prev_yr":2,"twentyeight_day_pct_change":-100,"ytd_curr_yr":3,"ytd_prev_yr":7,"ytd_pct_change":-57.1,"two_year_pct_change":-78.6,"six_year_pct_change":-57.1,"twentytwo_year_pct_change":-83.3}],"historical":[{"yr_1990":30,"yr_1993":23,"yr_1998":7,"yr_2001":18,"yr_2013":3,"pct_change_13vs01":-83.3,"pct_change_13vs98":-57.1,"pct_change_13vs93":-87,"pct_change_13vs90":-90,"crime":"Murder"},{"yr_1990":56,"yr_1993":41,"yr_1998":52,"yr_2001":35,"yr_2013":18,"pct_change_13vs01":-48.6,"pct_change_13vs98":-65.4,"pct_change_13vs93":-56.1,"pct_change_13vs90":-67.9,"crime":"Rape"},{"yr_1990":1066,"yr_1993":1082,"yr_1998":557,"yr_2001":395,"yr_2013":331,"pct_change_13vs01":-16.2,"pct_change_13vs98":-40.6,"pct_change_13vs93":-69.4,"pct_change_13vs90":-68.9,"crime":"Robbery"},{"yr_1990":459,"yr_1993":409,"yr_1998":400,"yr_2001":329,"yr_2013":313,"pct_change_13vs01":-4.9,"pct_change_13vs98":-21.8,"pct_change_13vs93":-23.5,"pct_change_13vs90":-31.8,"crime":"Fel. Assault"},{"yr_1990":2199,"yr_1993":1640,"yr_1998":854,"yr_2001":630,"yr_2013":469,"pct_change_13vs01":-25.6,"pct_change_13vs98":-45.1,"pct_change_13vs93":-71.4,"pct_change_13vs90":-78.7,"crime":"Burglary"},{"yr_1990":699,"yr_1993":593,"yr_1998":444,"yr_2001":456,"yr_2013":520,"pct_change_13vs01":14,"pct_change_13vs98":17.1,"pct_change_13vs93":-12.3,"pct_change_13vs90":-25.6,"crime":"Gr. Larceny"},{"yr_1990":3534,"yr_1993":3476,"yr_1998":1360,"yr_2001":913,"yr_2013":263,"pct_change_13vs01":-71.2,"pct_change_13vs98":-80.7,"pct_change_13vs93":-92.4,"pct_change_13vs90":-92.6,"crime":"G.L.A."},{"yr_1990":8043,"yr_1993":7264,"yr_1998":3674,"yr_2001":2776,"yr_2013":1917,"pct_change_13vs01":-30.94,"pct_change_13vs98":-47.82,"pct_change_13vs93":-73.61,"pct_change_13vs90":-76.17,"crime":"TOTAL"}]}