{"mayor":"Bill de Blasio","commissioner":"William J. Bratton","volume":21,"number":21,"precinct":"102nd","startDate":"2014-05-19T04:00:00.000Z","endDate":"2014-05-25T04:00:00.000Z","crimes":[{"crime":"Murder","wtd_curr_yr":0,"wtd_prev_yr":0,"wtd_pct_change":null,"twentyeight_day_curr_yr":0,"twentyeight_day_prev_yr":0,"twentyeight_day_pct_change":null,"ytd_curr_yr":1,"ytd_prev_yr":5,"ytd_pct_change":-80,"two_year_pct_change":0,"six_year_pct_change":-50,"twentytwo_year_pct_change":-75},{"crime":"Rape","wtd_curr_yr":0,"wtd_prev_yr":0,"wtd_pct_change":null,"twentyeight_day_curr_yr":1,"twentyeight_day_prev_yr":2,"twentyeight_day_pct_change":-50,"ytd_curr_yr":10,"ytd_prev_yr":10,"ytd_pct_change":0,"two_year_pct_change":11.1,"six_year_pct_change":100,"twentytwo_year_pct_change":-23.1},{"crime":"Robbery","wtd_curr_yr":7,"wtd_prev_yr":12,"wtd_pct_change":-41.7,"twentyeight_day_curr_yr":28,"twentyeight_day_prev_yr":29,"twentyeight_day_pct_change":-3.4,"ytd_curr_yr":107,"ytd_prev_yr":109,"ytd_pct_change":-1.8,"two_year_pct_change":-3.6,"six_year_pct_change":15.1,"twentytwo_year_pct_change":-76.4},{"crime":"Fel. Assault","wtd_curr_yr":3,"wtd_prev_yr":5,"wtd_pct_change":-40,"twentyeight_day_curr_yr":18,"twentyeight_day_prev_yr":17,"twentyeight_day_pct_change":5.9,"ytd_curr_yr":91,"ytd_prev_yr":110,"ytd_pct_change":-17.3,"two_year_pct_change":7.1,"six_year_pct_change":23,"twentytwo_year_pct_change":-31.6},{"crime":"Burglary","wtd_curr_yr":6,"wtd_prev_yr":4,"wtd_pct_change":50,"twentyeight_day_curr_yr":25,"twentyeight_day_prev_yr":14,"twentyeight_day_pct_change":78.6,"ytd_curr_yr":125,"ytd_prev_yr":106,"ytd_pct_change":17.9,"two_year_pct_change":15.7,"six_year_pct_change":10.6,"twentytwo_year_pct_change":-76.5},{"crime":"Gr. Larceny","wtd_curr_yr":14,"wtd_prev_yr":9,"wtd_pct_change":55.6,"twentyeight_day_curr_yr":43,"twentyeight_day_prev_yr":33,"twentyeight_day_pct_change":30.3,"ytd_curr_yr":229,"ytd_prev_yr":156,"ytd_pct_change":46.8,"two_year_pct_change":44.9,"six_year_pct_change":35.5,"twentytwo_year_pct_change":8},{"crime":"G.L.A.","wtd_curr_yr":2,"wtd_prev_yr":2,"wtd_pct_change":0,"twentyeight_day_curr_yr":19,"twentyeight_day_prev_yr":22,"twentyeight_day_pct_change":-13.6,"ytd_curr_yr":91,"ytd_prev_yr":82,"ytd_pct_change":11,"two_year_pct_change":13.8,"six_year_pct_change":-2.2,"twentytwo_year_pct_change":-93.6},{"crime":"TOTAL","wtd_curr_yr":32,"wtd_prev_yr":32,"wtd_pct_change":0,"twentyeight_day_curr_yr":134,"twentyeight_day_prev_yr":117,"twentyeight_day_pct_change":14.53,"ytd_curr_yr":654,"ytd_prev_yr":578,"ytd_pct_change":13.15,"two_year_pct_change":18.48,"six_year_pct_change":19.13,"twentytwo_year_pct_change":-76.39},{"crime":"Transit","wtd_curr_yr":0,"wtd_prev_yr":1,"wtd_pct_change":-100,"twentyeight_day_curr_yr":0,"twentyeight_day_prev_yr":1,"twentyeight_day_pct_change":-100,"ytd_curr_yr":11,"ytd_prev_yr":5,"ytd_pct_change":120,"two_year_pct_change":22.2,"six_year_pct_change":37.5,"twentytwo_year_pct_change":null},{"crime":"Housing","wtd_curr_yr":0,"wtd_prev_yr":0,"wtd_pct_change":null,"twentyeight_day_curr_yr":0,"twentyeight_day_prev_yr":0,"twentyeight_day_pct_change":null,"ytd_curr_yr":0,"ytd_prev_yr":0,"ytd_pct_change":null,"two_year_pct_change":null,"six_year_pct_change":null,"twentytwo_year_pct_change":null},{"crime":"Petit Larceny","wtd_curr_yr":23,"wtd_prev_yr":17,"wtd_pct_change":35.3,"twentyeight_day_curr_yr":83,"twentyeight_day_prev_yr":71,"twentyeight_day_pct_change":16.9,"ytd_curr_yr":409,"ytd_prev_yr":337,"ytd_pct_change":21.4,"two_year_pct_change":21.7,"six_year_pct_change":19.6,"twentytwo_year_pct_change":null},{"crime":"Misd. Assault","wtd_curr_yr":10,"wtd_prev_yr":14,"wtd_pct_change":-28.6,"twentyeight_day_curr_yr":49,"twentyeight_day_prev_yr":51,"twentyeight_day_pct_change":-3.9,"ytd_curr_yr":227,"ytd_prev_yr":213,"ytd_pct_change":6.6,"two_year_pct_change":-5,"six_year_pct_change":0,"twentytwo_year_pct_change":null},{"crime":"Misd. Sex Crimes","wtd_curr_yr":1,"wtd_prev_yr":0,"wtd_pct_change":null,"twentyeight_day_curr_yr":2,"twentyeight_day_prev_yr":1,"twentyeight_day_pct_change":100,"ytd_curr_yr":12,"ytd_prev_yr":4,"ytd_pct_change":200,"two_year_pct_change":71.4,"six_year_pct_change":33.3,"twentytwo_year_pct_change":null},{"crime":"Shooting Vic.","wtd_curr_yr":0,"wtd_prev_yr":0,"wtd_pct_change":null,"twentyeight_day_curr_yr":0,"twentyeight_day_prev_yr":0,"twentyeight_day_pct_change":null,"ytd_curr_yr":3,"ytd_prev_yr":4,"ytd_pct_change":-25,"two_year_pct_change":50,"six_year_pct_change":-25,"twentytwo_year_pct_change":-78.6},{"crime":"Shooting Inc.","wtd_curr_yr":0,"wtd_prev_yr":0,"wtd_pct_change":null,"twentyeight_day_curr_yr":0,"twentyeight_day_prev_yr":0,"twentyeight_day_pct_change":null,"ytd_curr_yr":3,"ytd_prev_yr":4,"ytd_pct_change":-25,"two_year_pct_change":50,"six_year_pct_change":-25,"twentytwo_year_pct_change":-70}],"historical":[{"yr_1990":6,"yr_1993":12,"yr_1998":3,"yr_2001":2,"yr_2013":7,"pct_change_13vs01":250,"pct_change_13vs98":133.3,"pct_change_13vs93":-41.7,"pct_change_13vs90":16.7,"crime":"Murder"},{"yr_1990":29,"yr_1993":34,"yr_1998":23,"yr_2001":21,"yr_2013":24,"pct_change_13vs01":14.3,"pct_change_13vs98":4.3,"pct_change_13vs93":-29.4,"pct_change_13vs90":-17.2,"crime":"Rape"},{"yr_1990":1067,"yr_1993":1238,"yr_1998":672,"yr_2001":459,"yr_2013":311,"pct_change_13vs01":-32.2,"pct_change_13vs98":-53.7,"pct_change_13vs93":-74.9,"pct_change_13vs90":-70.9,"crime":"Robbery"},{"yr_1990":345,"yr_1993":362,"yr_1998":440,"yr_2001":309,"yr_2013":327,"pct_change_13vs01":5.8,"pct_change_13vs98":-25.7,"pct_change_13vs93":-9.7,"pct_change_13vs90":-5.2,"crime":"Fel. Assault"},{"yr_1990":1847,"yr_1993":1503,"yr_1998":965,"yr_2001":622,"yr_2013":288,"pct_change_13vs01":-53.7,"pct_change_13vs98":-70.2,"pct_change_13vs93":-80.8,"pct_change_13vs90":-84.4,"crime":"Burglary"},{"yr_1990":721,"yr_1993":583,"yr_1998":538,"yr_2001":378,"yr_2013":490,"pct_change_13vs01":29.6,"pct_change_13vs98":-8.9,"pct_change_13vs93":-16,"pct_change_13vs90":-32,"crime":"Gr. Larceny"},{"yr_1990":4145,"yr_1993":3495,"yr_1998":1303,"yr_2001":803,"yr_2013":252,"pct_change_13vs01":-68.6,"pct_change_13vs98":-80.7,"pct_change_13vs93":-92.8,"pct_change_13vs90":-93.9,"crime":"G.L.A."},{"yr_1990":8160,"yr_1993":7227,"yr_1998":3944,"yr_2001":2594,"yr_2013":1699,"pct_change_13vs01":-34.5,"pct_change_13vs98":-56.92,"pct_change_13vs93":-76.49,"pct_change_13vs90":-79.18,"crime":"TOTAL"}]}