{"mayor":"Bill de Blasio","commissioner":"William J. Bratton","volume":21,"number":45,"precinct":"102nd","startDate":"2014-11-03T05:00:00.000Z","endDate":"2014-11-09T05:00:00.000Z","crimes":[{"crime":"Murder","wtd_curr_yr":0,"wtd_prev_yr":0,"wtd_pct_change":null,"twentyeight_day_curr_yr":0,"twentyeight_day_prev_yr":0,"twentyeight_day_pct_change":null,"ytd_curr_yr":2,"ytd_prev_yr":5,"ytd_pct_change":-60,"two_year_pct_change":-66.7,"six_year_pct_change":-50,"twentytwo_year_pct_change":-71.4},{"crime":"Rape","wtd_curr_yr":0,"wtd_prev_yr":2,"wtd_pct_change":-100,"twentyeight_day_curr_yr":1,"twentyeight_day_prev_yr":3,"twentyeight_day_pct_change":-66.7,"ytd_curr_yr":13,"ytd_prev_yr":24,"ytd_pct_change":-45.8,"two_year_pct_change":-45.8,"six_year_pct_change":-31.6,"twentytwo_year_pct_change":-50},{"crime":"Robbery","wtd_curr_yr":4,"wtd_prev_yr":8,"wtd_pct_change":-50,"twentyeight_day_curr_yr":15,"twentyeight_day_prev_yr":35,"twentyeight_day_pct_change":-57.1,"ytd_curr_yr":189,"ytd_prev_yr":268,"ytd_pct_change":-29.5,"two_year_pct_change":-28.9,"six_year_pct_change":-18.2,"twentytwo_year_pct_change":-81.4},{"crime":"Fel. Assault","wtd_curr_yr":9,"wtd_prev_yr":6,"wtd_pct_change":50,"twentyeight_day_curr_yr":22,"twentyeight_day_prev_yr":29,"twentyeight_day_pct_change":-24.1,"ytd_curr_yr":210,"ytd_prev_yr":275,"ytd_pct_change":-23.6,"two_year_pct_change":1.9,"six_year_pct_change":-3.7,"twentytwo_year_pct_change":-34.8},{"crime":"Burglary","wtd_curr_yr":6,"wtd_prev_yr":7,"wtd_pct_change":-14.3,"twentyeight_day_curr_yr":20,"twentyeight_day_prev_yr":25,"twentyeight_day_pct_change":-20,"ytd_curr_yr":252,"ytd_prev_yr":260,"ytd_pct_change":-3.1,"two_year_pct_change":-8,"six_year_pct_change":-16.3,"twentytwo_year_pct_change":-79.7},{"crime":"Gr. Larceny","wtd_curr_yr":8,"wtd_prev_yr":6,"wtd_pct_change":33.3,"twentyeight_day_curr_yr":28,"twentyeight_day_prev_yr":35,"twentyeight_day_pct_change":-20,"ytd_curr_yr":429,"ytd_prev_yr":405,"ytd_pct_change":5.9,"two_year_pct_change":14.7,"six_year_pct_change":18.5,"twentytwo_year_pct_change":-13.7},{"crime":"G.L.A.","wtd_curr_yr":6,"wtd_prev_yr":7,"wtd_pct_change":-14.3,"twentyeight_day_curr_yr":32,"twentyeight_day_prev_yr":18,"twentyeight_day_pct_change":77.8,"ytd_curr_yr":215,"ytd_prev_yr":210,"ytd_pct_change":2.4,"two_year_pct_change":6.4,"six_year_pct_change":-7.7,"twentytwo_year_pct_change":-92.8},{"crime":"TOTAL","wtd_curr_yr":33,"wtd_prev_yr":36,"wtd_pct_change":-8.33,"twentyeight_day_curr_yr":118,"twentyeight_day_prev_yr":145,"twentyeight_day_pct_change":-18.62,"ytd_curr_yr":1310,"ytd_prev_yr":1447,"ytd_pct_change":-9.47,"two_year_pct_change":-3.11,"six_year_pct_change":-4.24,"twentytwo_year_pct_change":-78.51},{"crime":"Transit","wtd_curr_yr":0,"wtd_prev_yr":0,"wtd_pct_change":null,"twentyeight_day_curr_yr":0,"twentyeight_day_prev_yr":2,"twentyeight_day_pct_change":-100,"ytd_curr_yr":14,"ytd_prev_yr":17,"ytd_pct_change":-17.6,"two_year_pct_change":-33.3,"six_year_pct_change":-12.5,"twentytwo_year_pct_change":null},{"crime":"Housing","wtd_curr_yr":0,"wtd_prev_yr":0,"wtd_pct_change":null,"twentyeight_day_curr_yr":0,"twentyeight_day_prev_yr":0,"twentyeight_day_pct_change":null,"ytd_curr_yr":0,"ytd_prev_yr":0,"ytd_pct_change":null,"two_year_pct_change":null,"six_year_pct_change":null,"twentytwo_year_pct_change":null},{"crime":"Petit Larceny","wtd_curr_yr":16,"wtd_prev_yr":20,"wtd_pct_change":-20,"twentyeight_day_curr_yr":81,"twentyeight_day_prev_yr":98,"twentyeight_day_pct_change":-17.3,"ytd_curr_yr":907,"ytd_prev_yr":839,"ytd_pct_change":8.1,"two_year_pct_change":10.7,"six_year_pct_change":24.9,"twentytwo_year_pct_change":null},{"crime":"Misd. Assault","wtd_curr_yr":10,"wtd_prev_yr":16,"wtd_pct_change":-37.5,"twentyeight_day_curr_yr":54,"twentyeight_day_prev_yr":63,"twentyeight_day_pct_change":-14.3,"ytd_curr_yr":509,"ytd_prev_yr":520,"ytd_pct_change":-2.1,"two_year_pct_change":-10.2,"six_year_pct_change":-5.9,"twentytwo_year_pct_change":null},{"crime":"Misd. Sex Crimes","wtd_curr_yr":0,"wtd_prev_yr":0,"wtd_pct_change":null,"twentyeight_day_curr_yr":1,"twentyeight_day_prev_yr":3,"twentyeight_day_pct_change":-66.7,"ytd_curr_yr":28,"ytd_prev_yr":26,"ytd_pct_change":7.7,"two_year_pct_change":64.7,"six_year_pct_change":-20,"twentytwo_year_pct_change":null},{"crime":"Shooting Vic.","wtd_curr_yr":0,"wtd_prev_yr":0,"wtd_pct_change":null,"twentyeight_day_curr_yr":0,"twentyeight_day_prev_yr":0,"twentyeight_day_pct_change":null,"ytd_curr_yr":5,"ytd_prev_yr":6,"ytd_pct_change":-16.7,"two_year_pct_change":-37.5,"six_year_pct_change":-64.3,"twentytwo_year_pct_change":-82.1},{"crime":"Shooting Inc.","wtd_curr_yr":0,"wtd_prev_yr":0,"wtd_pct_change":null,"twentyeight_day_curr_yr":0,"twentyeight_day_prev_yr":0,"twentyeight_day_pct_change":null,"ytd_curr_yr":5,"ytd_prev_yr":6,"ytd_pct_change":-16.7,"two_year_pct_change":-28.6,"six_year_pct_change":-58.3,"twentytwo_year_pct_change":-78.3}],"historical":[{"yr_1990":6,"yr_1993":12,"yr_1998":3,"yr_2001":2,"yr_2013":7,"pct_change_13vs01":250,"pct_change_13vs98":133.3,"pct_change_13vs93":-41.7,"pct_change_13vs90":16.7,"crime":"Murder"},{"yr_1990":29,"yr_1993":34,"yr_1998":23,"yr_2001":21,"yr_2013":24,"pct_change_13vs01":14.3,"pct_change_13vs98":4.3,"pct_change_13vs93":-29.4,"pct_change_13vs90":-17.2,"crime":"Rape"},{"yr_1990":1067,"yr_1993":1238,"yr_1998":672,"yr_2001":459,"yr_2013":311,"pct_change_13vs01":-32.2,"pct_change_13vs98":-53.7,"pct_change_13vs93":-74.9,"pct_change_13vs90":-70.9,"crime":"Robbery"},{"yr_1990":345,"yr_1993":362,"yr_1998":440,"yr_2001":309,"yr_2013":323,"pct_change_13vs01":4.5,"pct_change_13vs98":-26.6,"pct_change_13vs93":-10.8,"pct_change_13vs90":-6.4,"crime":"Fel. Assault"},{"yr_1990":1847,"yr_1993":1503,"yr_1998":965,"yr_2001":622,"yr_2013":288,"pct_change_13vs01":-53.7,"pct_change_13vs98":-70.2,"pct_change_13vs93":-80.8,"pct_change_13vs90":-84.4,"crime":"Burglary"},{"yr_1990":721,"yr_1993":583,"yr_1998":538,"yr_2001":378,"yr_2013":490,"pct_change_13vs01":29.6,"pct_change_13vs98":-8.9,"pct_change_13vs93":-16,"pct_change_13vs90":-32,"crime":"Gr. Larceny"},{"yr_1990":4145,"yr_1993":3495,"yr_1998":1303,"yr_2001":803,"yr_2013":252,"pct_change_13vs01":-68.6,"pct_change_13vs98":-80.7,"pct_change_13vs93":-92.8,"pct_change_13vs90":-93.9,"crime":"G.L.A."},{"yr_1990":8160,"yr_1993":7227,"yr_1998":3944,"yr_2001":2594,"yr_2013":1695,"pct_change_13vs01":-34.66,"pct_change_13vs98":-57.02,"pct_change_13vs93":-76.55,"pct_change_13vs90":-79.23,"crime":"TOTAL"}]}