{"mayor":"Bill de Blasio","commissioner":"William J. Bratton","volume":21,"number":32,"precinct":"107th","startDate":"2014-08-04T04:00:00.000Z","endDate":"2014-08-10T04:00:00.000Z","crimes":[{"crime":"Murder","wtd_curr_yr":0,"wtd_prev_yr":0,"wtd_pct_change":null,"twentyeight_day_curr_yr":0,"twentyeight_day_prev_yr":0,"twentyeight_day_pct_change":null,"ytd_curr_yr":0,"ytd_prev_yr":1,"ytd_pct_change":-100,"two_year_pct_change":-100,"six_year_pct_change":-100,"twentytwo_year_pct_change":-100},{"crime":"Rape","wtd_curr_yr":2,"wtd_prev_yr":0,"wtd_pct_change":null,"twentyeight_day_curr_yr":2,"twentyeight_day_prev_yr":0,"twentyeight_day_pct_change":null,"ytd_curr_yr":16,"ytd_prev_yr":6,"ytd_pct_change":166.7,"two_year_pct_change":166.7,"six_year_pct_change":220,"twentytwo_year_pct_change":-23.8},{"crime":"Robbery","wtd_curr_yr":4,"wtd_prev_yr":6,"wtd_pct_change":-33.3,"twentyeight_day_curr_yr":16,"twentyeight_day_prev_yr":17,"twentyeight_day_pct_change":-5.9,"ytd_curr_yr":113,"ytd_prev_yr":134,"ytd_pct_change":-15.7,"two_year_pct_change":-23.6,"six_year_pct_change":-25.2,"twentytwo_year_pct_change":-79.9},{"crime":"Fel. Assault","wtd_curr_yr":1,"wtd_prev_yr":1,"wtd_pct_change":0,"twentyeight_day_curr_yr":12,"twentyeight_day_prev_yr":10,"twentyeight_day_pct_change":20,"ytd_curr_yr":66,"ytd_prev_yr":84,"ytd_pct_change":-21.4,"two_year_pct_change":-15.4,"six_year_pct_change":20,"twentytwo_year_pct_change":-55.7},{"crime":"Burglary","wtd_curr_yr":1,"wtd_prev_yr":7,"wtd_pct_change":-85.7,"twentyeight_day_curr_yr":11,"twentyeight_day_prev_yr":22,"twentyeight_day_pct_change":-50,"ytd_curr_yr":102,"ytd_prev_yr":160,"ytd_pct_change":-36.2,"two_year_pct_change":-37,"six_year_pct_change":-38.9,"twentytwo_year_pct_change":-88.9},{"crime":"Gr. Larceny","wtd_curr_yr":9,"wtd_prev_yr":14,"wtd_pct_change":-35.7,"twentyeight_day_curr_yr":34,"twentyeight_day_prev_yr":50,"twentyeight_day_pct_change":-32,"ytd_curr_yr":258,"ytd_prev_yr":283,"ytd_pct_change":-8.8,"two_year_pct_change":-3,"six_year_pct_change":-9.2,"twentytwo_year_pct_change":-30.8},{"crime":"G.L.A.","wtd_curr_yr":3,"wtd_prev_yr":2,"wtd_pct_change":50,"twentyeight_day_curr_yr":18,"twentyeight_day_prev_yr":8,"twentyeight_day_pct_change":125,"ytd_curr_yr":87,"ytd_prev_yr":79,"ytd_pct_change":10.1,"two_year_pct_change":-9.4,"six_year_pct_change":-29.8,"twentytwo_year_pct_change":-97.1},{"crime":"TOTAL","wtd_curr_yr":20,"wtd_prev_yr":30,"wtd_pct_change":-33.33,"twentyeight_day_curr_yr":93,"twentyeight_day_prev_yr":107,"twentyeight_day_pct_change":-13.08,"ytd_curr_yr":642,"ytd_prev_yr":747,"ytd_pct_change":-14.06,"two_year_pct_change":-15.19,"six_year_pct_change":-18.53,"twentytwo_year_pct_change":-87.14},{"crime":"Transit","wtd_curr_yr":0,"wtd_prev_yr":0,"wtd_pct_change":null,"twentyeight_day_curr_yr":3,"twentyeight_day_prev_yr":1,"twentyeight_day_pct_change":200,"ytd_curr_yr":14,"ytd_prev_yr":17,"ytd_pct_change":-17.6,"two_year_pct_change":-12.5,"six_year_pct_change":16.7,"twentytwo_year_pct_change":null},{"crime":"Housing","wtd_curr_yr":1,"wtd_prev_yr":0,"wtd_pct_change":null,"twentyeight_day_curr_yr":4,"twentyeight_day_prev_yr":3,"twentyeight_day_pct_change":33.3,"ytd_curr_yr":32,"ytd_prev_yr":30,"ytd_pct_change":6.7,"two_year_pct_change":-3,"six_year_pct_change":60,"twentytwo_year_pct_change":null},{"crime":"Petit Larceny","wtd_curr_yr":20,"wtd_prev_yr":11,"wtd_pct_change":81.8,"twentyeight_day_curr_yr":73,"twentyeight_day_prev_yr":70,"twentyeight_day_pct_change":4.3,"ytd_curr_yr":447,"ytd_prev_yr":488,"ytd_pct_change":-8.4,"two_year_pct_change":-3.2,"six_year_pct_change":-18.6,"twentytwo_year_pct_change":null},{"crime":"Misd. Assault","wtd_curr_yr":5,"wtd_prev_yr":8,"wtd_pct_change":-37.5,"twentyeight_day_curr_yr":33,"twentyeight_day_prev_yr":31,"twentyeight_day_pct_change":6.5,"ytd_curr_yr":217,"ytd_prev_yr":218,"ytd_pct_change":-0.5,"two_year_pct_change":-2.3,"six_year_pct_change":-23,"twentytwo_year_pct_change":null},{"crime":"Misd. Sex Crimes","wtd_curr_yr":1,"wtd_prev_yr":0,"wtd_pct_change":null,"twentyeight_day_curr_yr":2,"twentyeight_day_prev_yr":1,"twentyeight_day_pct_change":100,"ytd_curr_yr":16,"ytd_prev_yr":17,"ytd_pct_change":-5.9,"two_year_pct_change":0,"six_year_pct_change":-5.9,"twentytwo_year_pct_change":null},{"crime":"Shooting Vic.","wtd_curr_yr":0,"wtd_prev_yr":0,"wtd_pct_change":null,"twentyeight_day_curr_yr":0,"twentyeight_day_prev_yr":0,"twentyeight_day_pct_change":null,"ytd_curr_yr":3,"ytd_prev_yr":2,"ytd_pct_change":50,"two_year_pct_change":200,"six_year_pct_change":0,"twentytwo_year_pct_change":-70},{"crime":"Shooting Inc.","wtd_curr_yr":0,"wtd_prev_yr":0,"wtd_pct_change":null,"twentyeight_day_curr_yr":0,"twentyeight_day_prev_yr":0,"twentyeight_day_pct_change":null,"ytd_curr_yr":3,"ytd_prev_yr":2,"ytd_pct_change":50,"two_year_pct_change":200,"six_year_pct_change":0,"twentytwo_year_pct_change":-70}],"historical":[{"yr_1990":14,"yr_1993":8,"yr_1998":5,"yr_2001":4,"yr_2013":1,"pct_change_13vs01":-75,"pct_change_13vs98":-80,"pct_change_13vs93":-87.5,"pct_change_13vs90":-92.9,"crime":"Murder"},{"yr_1990":24,"yr_1993":32,"yr_1998":30,"yr_2001":15,"yr_2013":7,"pct_change_13vs01":-53.3,"pct_change_13vs98":-76.7,"pct_change_13vs93":-78.1,"pct_change_13vs90":-70.8,"crime":"Rape"},{"yr_1990":1039,"yr_1993":514,"yr_1998":375,"yr_2001":242,"yr_2013":-35.5,"pct_change_13vs01":-52.9,"pct_change_13vs98":-76.7,"pct_change_13vs93":-72.9,"pct_change_13vs90":null,"crime":"Robbery 893"},{"yr_1990":260,"yr_1993":239,"yr_1998":226,"yr_2001":153,"yr_2013":138,"pct_change_13vs01":-9.8,"pct_change_13vs98":-38.9,"pct_change_13vs93":-42.3,"pct_change_13vs90":-46.9,"crime":"Fel. Assault"},{"yr_1990":2152,"yr_1993":1425,"yr_1998":862,"yr_2001":632,"yr_2013":244,"pct_change_13vs01":-61.4,"pct_change_13vs98":-71.7,"pct_change_13vs93":-82.9,"pct_change_13vs90":-88.7,"crime":"Burglary"},{"yr_1990":805,"yr_1993":616,"yr_1998":614,"yr_2001":572,"yr_2013":517,"pct_change_13vs01":-9.6,"pct_change_13vs98":-15.8,"pct_change_13vs93":-16.1,"pct_change_13vs90":-35.8,"crime":"Gr. Larceny"},{"yr_1990":5535,"yr_1993":4902,"yr_1998":1560,"yr_2001":802,"yr_2013":149,"pct_change_13vs01":-81.4,"pct_change_13vs98":-90.4,"pct_change_13vs93":-97,"pct_change_13vs90":-97.3,"crime":"G.L.A."},{"yr_1990":9683,"yr_1993":8261,"yr_1998":3811,"yr_2001":2553,"yr_2013":1298,"pct_change_13vs01":-49.16,"pct_change_13vs98":-65.94,"pct_change_13vs93":-84.29,"pct_change_13vs90":-86.6,"crime":"TOTAL"}]}