{"mayor":"Bill de Blasio","commissioner":"William J. Bratton","volume":21,"number":25,"precinct":"103rd","startDate":"2014-06-16T04:00:00.000Z","endDate":"2014-06-22T04:00:00.000Z","crimes":[{"crime":"Murder","wtd_curr_yr":1,"wtd_prev_yr":1,"wtd_pct_change":0,"twentyeight_day_curr_yr":1,"twentyeight_day_prev_yr":3,"twentyeight_day_pct_change":-66.7,"ytd_curr_yr":7,"ytd_prev_yr":4,"ytd_pct_change":75,"two_year_pct_change":-22.2,"six_year_pct_change":0,"twentytwo_year_pct_change":-46.2},{"crime":"Rape","wtd_curr_yr":0,"wtd_prev_yr":0,"wtd_pct_change":null,"twentyeight_day_curr_yr":0,"twentyeight_day_prev_yr":1,"twentyeight_day_pct_change":-100,"ytd_curr_yr":8,"ytd_prev_yr":18,"ytd_pct_change":-55.6,"two_year_pct_change":-46.7,"six_year_pct_change":-46.7,"twentytwo_year_pct_change":-76.5},{"crime":"Robbery","wtd_curr_yr":12,"wtd_prev_yr":5,"wtd_pct_change":140,"twentyeight_day_curr_yr":24,"twentyeight_day_prev_yr":26,"twentyeight_day_pct_change":-7.7,"ytd_curr_yr":144,"ytd_prev_yr":212,"ytd_pct_change":-32.1,"two_year_pct_change":-25,"six_year_pct_change":-35.4,"twentytwo_year_pct_change":-80.9},{"crime":"Fel. Assault","wtd_curr_yr":5,"wtd_prev_yr":10,"wtd_pct_change":-50,"twentyeight_day_curr_yr":37,"twentyeight_day_prev_yr":25,"twentyeight_day_pct_change":48,"ytd_curr_yr":179,"ytd_prev_yr":173,"ytd_pct_change":3.5,"two_year_pct_change":2.3,"six_year_pct_change":-6.3,"twentytwo_year_pct_change":-54.1},{"crime":"Burglary","wtd_curr_yr":3,"wtd_prev_yr":3,"wtd_pct_change":0,"twentyeight_day_curr_yr":14,"twentyeight_day_prev_yr":15,"twentyeight_day_pct_change":-6.7,"ytd_curr_yr":98,"ytd_prev_yr":136,"ytd_pct_change":-27.9,"two_year_pct_change":-35.9,"six_year_pct_change":-53.6,"twentytwo_year_pct_change":-82},{"crime":"Gr. Larceny","wtd_curr_yr":12,"wtd_prev_yr":14,"wtd_pct_change":-14.3,"twentyeight_day_curr_yr":34,"twentyeight_day_prev_yr":54,"twentyeight_day_pct_change":-37,"ytd_curr_yr":205,"ytd_prev_yr":201,"ytd_pct_change":2,"two_year_pct_change":-13.5,"six_year_pct_change":-31.9,"twentytwo_year_pct_change":-62.2},{"crime":"G.L.A.","wtd_curr_yr":1,"wtd_prev_yr":6,"wtd_pct_change":-83.3,"twentyeight_day_curr_yr":12,"twentyeight_day_prev_yr":15,"twentyeight_day_pct_change":-20,"ytd_curr_yr":71,"ytd_prev_yr":81,"ytd_pct_change":-12.3,"two_year_pct_change":-12.3,"six_year_pct_change":-65.2,"twentytwo_year_pct_change":-89.5},{"crime":"TOTAL","wtd_curr_yr":34,"wtd_prev_yr":39,"wtd_pct_change":-12.82,"twentyeight_day_curr_yr":122,"twentyeight_day_prev_yr":139,"twentyeight_day_pct_change":-12.23,"ytd_curr_yr":712,"ytd_prev_yr":825,"ytd_pct_change":-13.7,"two_year_pct_change":-17.4,"six_year_pct_change":-38.19,"twentytwo_year_pct_change":-75.89},{"crime":"Transit","wtd_curr_yr":1,"wtd_prev_yr":0,"wtd_pct_change":null,"twentyeight_day_curr_yr":2,"twentyeight_day_prev_yr":2,"twentyeight_day_pct_change":0,"ytd_curr_yr":12,"ytd_prev_yr":18,"ytd_pct_change":-33.3,"two_year_pct_change":-7.7,"six_year_pct_change":-7.7,"twentytwo_year_pct_change":null},{"crime":"Housing","wtd_curr_yr":0,"wtd_prev_yr":1,"wtd_pct_change":-100,"twentyeight_day_curr_yr":1,"twentyeight_day_prev_yr":3,"twentyeight_day_pct_change":-66.7,"ytd_curr_yr":12,"ytd_prev_yr":17,"ytd_pct_change":-29.4,"two_year_pct_change":-47.8,"six_year_pct_change":20,"twentytwo_year_pct_change":null},{"crime":"Petit Larceny","wtd_curr_yr":23,"wtd_prev_yr":21,"wtd_pct_change":9.5,"twentyeight_day_curr_yr":96,"twentyeight_day_prev_yr":82,"twentyeight_day_pct_change":17.1,"ytd_curr_yr":550,"ytd_prev_yr":481,"ytd_pct_change":14.3,"two_year_pct_change":15.3,"six_year_pct_change":null,"twentytwo_year_pct_change":null},{"crime":"Misd. Assault","wtd_curr_yr":19,"wtd_prev_yr":12,"wtd_pct_change":58.3,"twentyeight_day_curr_yr":69,"twentyeight_day_prev_yr":61,"twentyeight_day_pct_change":13.1,"ytd_curr_yr":447,"ytd_prev_yr":451,"ytd_pct_change":-0.9,"two_year_pct_change":17.3,"six_year_pct_change":null,"twentytwo_year_pct_change":null},{"crime":"Misd. Sex Crimes","wtd_curr_yr":2,"wtd_prev_yr":0,"wtd_pct_change":null,"twentyeight_day_curr_yr":6,"twentyeight_day_prev_yr":0,"twentyeight_day_pct_change":null,"ytd_curr_yr":18,"ytd_prev_yr":15,"ytd_pct_change":20,"two_year_pct_change":-14.3,"six_year_pct_change":null,"twentytwo_year_pct_change":null},{"crime":"Shooting Vic.","wtd_curr_yr":1,"wtd_prev_yr":2,"wtd_pct_change":-50,"twentyeight_day_curr_yr":3,"twentyeight_day_prev_yr":6,"twentyeight_day_pct_change":-50,"ytd_curr_yr":13,"ytd_prev_yr":12,"ytd_pct_change":8.3,"two_year_pct_change":-51.9,"six_year_pct_change":-18.8,"twentytwo_year_pct_change":-81.9},{"crime":"Shooting Inc.","wtd_curr_yr":1,"wtd_prev_yr":2,"wtd_pct_change":-50,"twentyeight_day_curr_yr":2,"twentyeight_day_prev_yr":6,"twentyeight_day_pct_change":-66.7,"ytd_curr_yr":9,"ytd_prev_yr":11,"ytd_pct_change":-18.2,"two_year_pct_change":-62.5,"six_year_pct_change":-40,"twentytwo_year_pct_change":-86.8}],"historical":[{"yr_1990":38,"yr_1993":28,"yr_1998":16,"yr_2001":10,"yr_2013":8,"pct_change_13vs01":-20,"pct_change_13vs98":-50,"pct_change_13vs93":-71.4,"pct_change_13vs90":-78.9,"crime":"Murder"},{"yr_1990":60,"yr_1993":74,"yr_1998":45,"yr_2001":27,"yr_2013":37,"pct_change_13vs01":37,"pct_change_13vs98":-17.8,"pct_change_13vs93":-50,"pct_change_13vs90":-38.3,"crime":"Rape"},{"yr_1990":1846,"yr_1993":1742,"yr_1998":751,"yr_2001":530,"yr_2013":438,"pct_change_13vs01":-17.4,"pct_change_13vs98":-41.7,"pct_change_13vs93":-74.9,"pct_change_13vs90":-76.3,"crime":"Robbery"},{"yr_1990":958,"yr_1993":853,"yr_1998":611,"yr_2001":406,"yr_2013":369,"pct_change_13vs01":-9.1,"pct_change_13vs98":-39.6,"pct_change_13vs93":-56.7,"pct_change_13vs90":-61.5,"crime":"Fel. Assault"},{"yr_1990":1592,"yr_1993":1166,"yr_1998":598,"yr_2001":449,"yr_2013":300,"pct_change_13vs01":-33.2,"pct_change_13vs98":-49.8,"pct_change_13vs93":-74.3,"pct_change_13vs90":-81.2,"crime":"Burglary"},{"yr_1990":1277,"yr_1993":1214,"yr_1998":578,"yr_2001":587,"yr_2013":487,"pct_change_13vs01":-17,"pct_change_13vs98":-15.7,"pct_change_13vs93":-59.9,"pct_change_13vs90":-61.9,"crime":"Gr. Larceny"},{"yr_1990":1889,"yr_1993":1591,"yr_1998":602,"yr_2001":472,"yr_2013":172,"pct_change_13vs01":-63.6,"pct_change_13vs98":-71.4,"pct_change_13vs93":-89.2,"pct_change_13vs90":-90.9,"crime":"G.L.A."},{"yr_1990":7660,"yr_1993":6668,"yr_1998":3201,"yr_2001":2481,"yr_2013":1811,"pct_change_13vs01":-27.01,"pct_change_13vs98":-43.42,"pct_change_13vs93":-72.84,"pct_change_13vs90":-76.36,"crime":"TOTAL"}]}