{"mayor":"Bill de Blasio","commissioner":"William J. Bratton","volume":21,"number":17,"precinct":"101st","startDate":"2014-04-21T04:00:00.000Z","endDate":"2014-04-27T04:00:00.000Z","crimes":[{"crime":"Murder","wtd_curr_yr":0,"wtd_prev_yr":0,"wtd_pct_change":null,"twentyeight_day_curr_yr":0,"twentyeight_day_prev_yr":0,"twentyeight_day_pct_change":null,"ytd_curr_yr":3,"ytd_prev_yr":1,"ytd_pct_change":200,"two_year_pct_change":50,"six_year_pct_change":200,"twentytwo_year_pct_change":-40},{"crime":"Rape","wtd_curr_yr":0,"wtd_prev_yr":0,"wtd_pct_change":null,"twentyeight_day_curr_yr":2,"twentyeight_day_prev_yr":3,"twentyeight_day_pct_change":-33.3,"ytd_curr_yr":5,"ytd_prev_yr":6,"ytd_pct_change":-16.7,"two_year_pct_change":-44.4,"six_year_pct_change":-28.6,"twentytwo_year_pct_change":-28.6},{"crime":"Robbery","wtd_curr_yr":1,"wtd_prev_yr":3,"wtd_pct_change":-66.7,"twentyeight_day_curr_yr":8,"twentyeight_day_prev_yr":14,"twentyeight_day_pct_change":-42.9,"ytd_curr_yr":39,"ytd_prev_yr":46,"ytd_pct_change":-15.2,"two_year_pct_change":2.6,"six_year_pct_change":39.3,"twentytwo_year_pct_change":-78.7},{"crime":"Fel. Assault","wtd_curr_yr":5,"wtd_prev_yr":2,"wtd_pct_change":150,"twentyeight_day_curr_yr":18,"twentyeight_day_prev_yr":7,"twentyeight_day_pct_change":157.1,"ytd_curr_yr":68,"ytd_prev_yr":47,"ytd_pct_change":44.7,"two_year_pct_change":21.4,"six_year_pct_change":51.1,"twentytwo_year_pct_change":-45.2},{"crime":"Burglary","wtd_curr_yr":2,"wtd_prev_yr":4,"wtd_pct_change":-50,"twentyeight_day_curr_yr":8,"twentyeight_day_prev_yr":18,"twentyeight_day_pct_change":-55.6,"ytd_curr_yr":44,"ytd_prev_yr":84,"ytd_pct_change":-47.6,"two_year_pct_change":10,"six_year_pct_change":46.7,"twentytwo_year_pct_change":-79.8},{"crime":"Gr. Larceny","wtd_curr_yr":3,"wtd_prev_yr":2,"wtd_pct_change":50,"twentyeight_day_curr_yr":10,"twentyeight_day_prev_yr":10,"twentyeight_day_pct_change":0,"ytd_curr_yr":52,"ytd_prev_yr":32,"ytd_pct_change":62.5,"two_year_pct_change":-8.8,"six_year_pct_change":48.6,"twentytwo_year_pct_change":-38.1},{"crime":"G.L.A.","wtd_curr_yr":1,"wtd_prev_yr":0,"wtd_pct_change":null,"twentyeight_day_curr_yr":3,"twentyeight_day_prev_yr":2,"twentyeight_day_pct_change":50,"ytd_curr_yr":26,"ytd_prev_yr":10,"ytd_pct_change":160,"two_year_pct_change":136.4,"six_year_pct_change":160,"twentytwo_year_pct_change":-85.5},{"crime":"TOTAL","wtd_curr_yr":12,"wtd_prev_yr":11,"wtd_pct_change":9.09,"twentyeight_day_curr_yr":49,"twentyeight_day_prev_yr":54,"twentyeight_day_pct_change":-9.26,"ytd_curr_yr":237,"ytd_prev_yr":226,"ytd_pct_change":4.87,"two_year_pct_change":11.27,"six_year_pct_change":51.92,"twentytwo_year_pct_change":-70.38},{"crime":"Transit","wtd_curr_yr":0,"wtd_prev_yr":0,"wtd_pct_change":null,"twentyeight_day_curr_yr":0,"twentyeight_day_prev_yr":0,"twentyeight_day_pct_change":null,"ytd_curr_yr":1,"ytd_prev_yr":4,"ytd_pct_change":-75,"two_year_pct_change":-80,"six_year_pct_change":-75,"twentytwo_year_pct_change":null},{"crime":"Housing","wtd_curr_yr":0,"wtd_prev_yr":1,"wtd_pct_change":-100,"twentyeight_day_curr_yr":6,"twentyeight_day_prev_yr":4,"twentyeight_day_pct_change":50,"ytd_curr_yr":28,"ytd_prev_yr":16,"ytd_pct_change":75,"two_year_pct_change":55.6,"six_year_pct_change":75,"twentytwo_year_pct_change":null},{"crime":"Petit Larceny","wtd_curr_yr":4,"wtd_prev_yr":12,"wtd_pct_change":-66.7,"twentyeight_day_curr_yr":23,"twentyeight_day_prev_yr":36,"twentyeight_day_pct_change":-36.1,"ytd_curr_yr":159,"ytd_prev_yr":156,"ytd_pct_change":1.9,"two_year_pct_change":40.7,"six_year_pct_change":44.5,"twentytwo_year_pct_change":null},{"crime":"Misd. Assault","wtd_curr_yr":4,"wtd_prev_yr":6,"wtd_pct_change":-33.3,"twentyeight_day_curr_yr":32,"twentyeight_day_prev_yr":40,"twentyeight_day_pct_change":-20,"ytd_curr_yr":131,"ytd_prev_yr":130,"ytd_pct_change":0.8,"two_year_pct_change":0.8,"six_year_pct_change":12.9,"twentytwo_year_pct_change":null},{"crime":"Misd. Sex Crimes","wtd_curr_yr":0,"wtd_prev_yr":0,"wtd_pct_change":null,"twentyeight_day_curr_yr":3,"twentyeight_day_prev_yr":0,"twentyeight_day_pct_change":null,"ytd_curr_yr":7,"ytd_prev_yr":2,"ytd_pct_change":250,"two_year_pct_change":75,"six_year_pct_change":-22.2,"twentytwo_year_pct_change":null},{"crime":"Shooting Vic.","wtd_curr_yr":0,"wtd_prev_yr":0,"wtd_pct_change":null,"twentyeight_day_curr_yr":0,"twentyeight_day_prev_yr":0,"twentyeight_day_pct_change":null,"ytd_curr_yr":3,"ytd_prev_yr":1,"ytd_pct_change":200,"two_year_pct_change":0,"six_year_pct_change":0,"twentytwo_year_pct_change":-78.6},{"crime":"Shooting Inc.","wtd_curr_yr":0,"wtd_prev_yr":0,"wtd_pct_change":null,"twentyeight_day_curr_yr":0,"twentyeight_day_prev_yr":0,"twentyeight_day_pct_change":null,"ytd_curr_yr":3,"ytd_prev_yr":1,"ytd_pct_change":200,"two_year_pct_change":0,"six_year_pct_change":0,"twentytwo_year_pct_change":-78.6}],"historical":[{"yr_1990":14,"yr_1993":16,"yr_1998":9,"yr_2001":6,"yr_2013":3,"pct_change_13vs01":-50,"pct_change_13vs98":-66.7,"pct_change_13vs93":-81.2,"pct_change_13vs90":-78.6,"crime":"Murder"},{"yr_1990":67,"yr_1993":42,"yr_1998":32,"yr_2001":17,"yr_2013":19,"pct_change_13vs01":11.8,"pct_change_13vs98":-40.6,"pct_change_13vs93":-54.8,"pct_change_13vs90":-71.6,"crime":"Rape"},{"yr_1990":826,"yr_1993":710,"yr_1998":413,"yr_2001":247,"yr_2013":148,"pct_change_13vs01":-40.1,"pct_change_13vs98":-64.2,"pct_change_13vs93":-79.2,"pct_change_13vs90":-82.1,"crime":"Robbery"},{"yr_1990":588,"yr_1993":524,"yr_1998":418,"yr_2001":301,"yr_2013":212,"pct_change_13vs01":-29.6,"pct_change_13vs98":-49.3,"pct_change_13vs93":-59.5,"pct_change_13vs90":-63.9,"crime":"Fel. Assault"},{"yr_1990":825,"yr_1993":768,"yr_1998":370,"yr_2001":216,"yr_2013":227,"pct_change_13vs01":5.1,"pct_change_13vs98":-38.6,"pct_change_13vs93":-70.4,"pct_change_13vs90":-72.5,"crime":"Burglary"},{"yr_1990":362,"yr_1993":330,"yr_1998":203,"yr_2001":189,"yr_2013":182,"pct_change_13vs01":-3.7,"pct_change_13vs98":-10.3,"pct_change_13vs93":-44.8,"pct_change_13vs90":-49.7,"crime":"Gr. Larceny"},{"yr_1990":719,"yr_1993":460,"yr_1998":184,"yr_2001":158,"yr_2013":61,"pct_change_13vs01":-61.4,"pct_change_13vs98":-66.8,"pct_change_13vs93":-86.7,"pct_change_13vs90":-91.5,"crime":"G.L.A."},{"yr_1990":3401,"yr_1993":2850,"yr_1998":1629,"yr_2001":1134,"yr_2013":852,"pct_change_13vs01":-24.87,"pct_change_13vs98":-47.7,"pct_change_13vs93":-70.11,"pct_change_13vs90":-74.95,"crime":"TOTAL"}]}