{"mayor":"Bill de Blasio","commissioner":"William J. Bratton","volume":21,"number":3,"precinct":"103rd","startDate":"2014-01-13T05:00:00.000Z","endDate":"2014-01-19T05:00:00.000Z","crimes":[{"crime":"Murder","wtd_curr_yr":3,"wtd_prev_yr":0,"wtd_pct_change":null,"twentyeight_day_curr_yr":3,"twentyeight_day_prev_yr":1,"twentyeight_day_pct_change":200,"ytd_curr_yr":3,"ytd_prev_yr":1,"ytd_pct_change":200,"two_year_pct_change":null,"six_year_pct_change":200,"twentytwo_year_pct_change":null},{"crime":"Rape","wtd_curr_yr":0,"wtd_prev_yr":0,"wtd_pct_change":null,"twentyeight_day_curr_yr":1,"twentyeight_day_prev_yr":1,"twentyeight_day_pct_change":0,"ytd_curr_yr":1,"ytd_prev_yr":1,"ytd_pct_change":0,"two_year_pct_change":0,"six_year_pct_change":0,"twentytwo_year_pct_change":-50},{"crime":"Robbery","wtd_curr_yr":8,"wtd_prev_yr":14,"wtd_pct_change":-42.9,"twentyeight_day_curr_yr":31,"twentyeight_day_prev_yr":46,"twentyeight_day_pct_change":-32.6,"ytd_curr_yr":20,"ytd_prev_yr":36,"ytd_pct_change":-44.4,"two_year_pct_change":5.3,"six_year_pct_change":-16.7,"twentytwo_year_pct_change":-78.9},{"crime":"Fel. Assault","wtd_curr_yr":6,"wtd_prev_yr":4,"wtd_pct_change":50,"twentyeight_day_curr_yr":25,"twentyeight_day_prev_yr":19,"twentyeight_day_pct_change":31.6,"ytd_curr_yr":18,"ytd_prev_yr":12,"ytd_pct_change":50,"two_year_pct_change":63.6,"six_year_pct_change":38.5,"twentytwo_year_pct_change":-61.7},{"crime":"Burglary","wtd_curr_yr":8,"wtd_prev_yr":3,"wtd_pct_change":166.7,"twentyeight_day_curr_yr":18,"twentyeight_day_prev_yr":15,"twentyeight_day_pct_change":20,"ytd_curr_yr":12,"ytd_prev_yr":10,"ytd_pct_change":20,"two_year_pct_change":0,"six_year_pct_change":-60,"twentytwo_year_pct_change":-78.9},{"crime":"Gr. Larceny","wtd_curr_yr":6,"wtd_prev_yr":5,"wtd_pct_change":20,"twentyeight_day_curr_yr":24,"twentyeight_day_prev_yr":36,"twentyeight_day_pct_change":-33.3,"ytd_curr_yr":15,"ytd_prev_yr":23,"ytd_pct_change":-34.8,"two_year_pct_change":-54.5,"six_year_pct_change":-40,"twentytwo_year_pct_change":-69.4},{"crime":"G.L.A.","wtd_curr_yr":4,"wtd_prev_yr":2,"wtd_pct_change":100,"twentyeight_day_curr_yr":14,"twentyeight_day_prev_yr":10,"twentyeight_day_pct_change":40,"ytd_curr_yr":6,"ytd_prev_yr":6,"ytd_pct_change":0,"two_year_pct_change":-33.3,"six_year_pct_change":-64.7,"twentytwo_year_pct_change":-91.9},{"crime":"TOTAL","wtd_curr_yr":35,"wtd_prev_yr":28,"wtd_pct_change":25,"twentyeight_day_curr_yr":116,"twentyeight_day_prev_yr":128,"twentyeight_day_pct_change":-9.38,"ytd_curr_yr":75,"ytd_prev_yr":89,"ytd_pct_change":-15.73,"two_year_pct_change":-11.76,"six_year_pct_change":-32.43,"twentytwo_year_pct_change":-76.85},{"crime":"Petit Larceny","wtd_curr_yr":45,"wtd_prev_yr":20,"wtd_pct_change":125,"twentyeight_day_curr_yr":94,"twentyeight_day_prev_yr":64,"twentyeight_day_pct_change":46.9,"ytd_curr_yr":68,"ytd_prev_yr":48,"ytd_pct_change":41.7,"two_year_pct_change":33.3,"six_year_pct_change":null,"twentytwo_year_pct_change":null},{"crime":"Misd. Assault","wtd_curr_yr":26,"wtd_prev_yr":23,"wtd_pct_change":13,"twentyeight_day_curr_yr":62,"twentyeight_day_prev_yr":63,"twentyeight_day_pct_change":-1.6,"ytd_curr_yr":48,"ytd_prev_yr":50,"ytd_pct_change":-4,"two_year_pct_change":45.5,"six_year_pct_change":null,"twentytwo_year_pct_change":null},{"crime":"Misd. Sex Crimes","wtd_curr_yr":2,"wtd_prev_yr":0,"wtd_pct_change":null,"twentyeight_day_curr_yr":3,"twentyeight_day_prev_yr":2,"twentyeight_day_pct_change":50,"ytd_curr_yr":2,"ytd_prev_yr":2,"ytd_pct_change":0,"two_year_pct_change":-50,"six_year_pct_change":null,"twentytwo_year_pct_change":null},{"crime":"Shooting Vic.","wtd_curr_yr":0,"wtd_prev_yr":1,"wtd_pct_change":-100,"twentyeight_day_curr_yr":1,"twentyeight_day_prev_yr":6,"twentyeight_day_pct_change":-83.3,"ytd_curr_yr":1,"ytd_prev_yr":4,"ytd_pct_change":-75,"two_year_pct_change":0,"six_year_pct_change":-50,"twentytwo_year_pct_change":-83.3},{"crime":"Shooting Inc.","wtd_curr_yr":0,"wtd_prev_yr":1,"wtd_pct_change":-100,"twentyeight_day_curr_yr":1,"twentyeight_day_prev_yr":5,"twentyeight_day_pct_change":-80,"ytd_curr_yr":1,"ytd_prev_yr":3,"ytd_pct_change":-66.7,"two_year_pct_change":0,"six_year_pct_change":-50,"twentytwo_year_pct_change":-83.3}],"historical":[{"yr_1990":38,"yr_1993":28,"yr_1998":16,"yr_2001":10,"yr_2013":8,"pct_change_13vs01":-20,"pct_change_13vs98":-50,"pct_change_13vs93":-71.4,"pct_change_13vs90":-78.9,"crime":"Murder"},{"yr_1990":60,"yr_1993":74,"yr_1998":45,"yr_2001":27,"yr_2013":37,"pct_change_13vs01":37,"pct_change_13vs98":-17.8,"pct_change_13vs93":-50,"pct_change_13vs90":-38.3,"crime":"Rape"},{"yr_1990":1846,"yr_1993":1742,"yr_1998":751,"yr_2001":530,"yr_2013":438,"pct_change_13vs01":-17.4,"pct_change_13vs98":-41.7,"pct_change_13vs93":-74.9,"pct_change_13vs90":-76.3,"crime":"Robbery"},{"yr_1990":958,"yr_1993":853,"yr_1998":611,"yr_2001":406,"yr_2013":369,"pct_change_13vs01":-9.1,"pct_change_13vs98":-39.6,"pct_change_13vs93":-56.7,"pct_change_13vs90":-61.5,"crime":"Fel. Assault"},{"yr_1990":1592,"yr_1993":1166,"yr_1998":598,"yr_2001":449,"yr_2013":300,"pct_change_13vs01":-33.2,"pct_change_13vs98":-49.8,"pct_change_13vs93":-74.3,"pct_change_13vs90":-81.2,"crime":"Burglary"},{"yr_1990":1277,"yr_1993":1214,"yr_1998":578,"yr_2001":587,"yr_2013":487,"pct_change_13vs01":-17,"pct_change_13vs98":-15.7,"pct_change_13vs93":-59.9,"pct_change_13vs90":-61.9,"crime":"Gr. Larceny"},{"yr_1990":1889,"yr_1993":1591,"yr_1998":602,"yr_2001":472,"yr_2013":172,"pct_change_13vs01":-63.6,"pct_change_13vs98":-71.4,"pct_change_13vs93":-89.2,"pct_change_13vs90":-90.9,"crime":"G.L.A."},{"yr_1990":7660,"yr_1993":6668,"yr_1998":3201,"yr_2001":2481,"yr_2013":1811,"pct_change_13vs01":-27.01,"pct_change_13vs98":-43.42,"pct_change_13vs93":-72.84,"pct_change_13vs90":-76.36,"crime":"TOTAL"}]}