{"mayor":"Bill de Blasio","commissioner":"William J. Bratton","volume":21,"number":28,"precinct":"101st","startDate":"2014-07-07T04:00:00.000Z","endDate":"2014-07-13T04:00:00.000Z","crimes":[{"crime":"Murder","wtd_curr_yr":0,"wtd_prev_yr":0,"wtd_pct_change":null,"twentyeight_day_curr_yr":0,"twentyeight_day_prev_yr":0,"twentyeight_day_pct_change":null,"ytd_curr_yr":3,"ytd_prev_yr":2,"ytd_pct_change":50,"two_year_pct_change":0,"six_year_pct_change":50,"twentytwo_year_pct_change":-66.7},{"crime":"Rape","wtd_curr_yr":0,"wtd_prev_yr":0,"wtd_pct_change":null,"twentyeight_day_curr_yr":0,"twentyeight_day_prev_yr":1,"twentyeight_day_pct_change":-100,"ytd_curr_yr":5,"ytd_prev_yr":9,"ytd_pct_change":-44.4,"two_year_pct_change":-58.3,"six_year_pct_change":-61.5,"twentytwo_year_pct_change":-73.7},{"crime":"Robbery","wtd_curr_yr":2,"wtd_prev_yr":2,"wtd_pct_change":0,"twentyeight_day_curr_yr":12,"twentyeight_day_prev_yr":12,"twentyeight_day_pct_change":0,"ytd_curr_yr":63,"ytd_prev_yr":68,"ytd_pct_change":-7.4,"two_year_pct_change":-11.3,"six_year_pct_change":21.2,"twentytwo_year_pct_change":-80.9},{"crime":"Fel. Assault","wtd_curr_yr":5,"wtd_prev_yr":4,"wtd_pct_change":25,"twentyeight_day_curr_yr":18,"twentyeight_day_prev_yr":27,"twentyeight_day_pct_change":-33.3,"ytd_curr_yr":140,"ytd_prev_yr":112,"ytd_pct_change":25,"two_year_pct_change":12,"six_year_pct_change":62.8,"twentytwo_year_pct_change":-45.3},{"crime":"Burglary","wtd_curr_yr":6,"wtd_prev_yr":3,"wtd_pct_change":100,"twentyeight_day_curr_yr":16,"twentyeight_day_prev_yr":14,"twentyeight_day_pct_change":14.3,"ytd_curr_yr":83,"ytd_prev_yr":123,"ytd_pct_change":-32.5,"two_year_pct_change":-1.2,"six_year_pct_change":84.4,"twentytwo_year_pct_change":-80},{"crime":"Gr. Larceny","wtd_curr_yr":7,"wtd_prev_yr":5,"wtd_pct_change":40,"twentyeight_day_curr_yr":19,"twentyeight_day_prev_yr":20,"twentyeight_day_pct_change":-5,"ytd_curr_yr":96,"ytd_prev_yr":73,"ytd_pct_change":31.5,"two_year_pct_change":-13.5,"six_year_pct_change":52.4,"twentytwo_year_pct_change":-41.1},{"crime":"G.L.A.","wtd_curr_yr":2,"wtd_prev_yr":2,"wtd_pct_change":0,"twentyeight_day_curr_yr":9,"twentyeight_day_prev_yr":4,"twentyeight_day_pct_change":125,"ytd_curr_yr":46,"ytd_prev_yr":26,"ytd_pct_change":76.9,"two_year_pct_change":64.3,"six_year_pct_change":84,"twentytwo_year_pct_change":-82.2},{"crime":"TOTAL","wtd_curr_yr":22,"wtd_prev_yr":16,"wtd_pct_change":37.5,"twentyeight_day_curr_yr":74,"twentyeight_day_prev_yr":78,"twentyeight_day_pct_change":-5.13,"ytd_curr_yr":436,"ytd_prev_yr":413,"ytd_pct_change":5.57,"two_year_pct_change":0.46,"six_year_pct_change":52.45,"twentytwo_year_pct_change":-69.95},{"crime":"Transit","wtd_curr_yr":0,"wtd_prev_yr":0,"wtd_pct_change":null,"twentyeight_day_curr_yr":0,"twentyeight_day_prev_yr":1,"twentyeight_day_pct_change":-100,"ytd_curr_yr":4,"ytd_prev_yr":6,"ytd_pct_change":-33.3,"two_year_pct_change":-60,"six_year_pct_change":-50,"twentytwo_year_pct_change":null},{"crime":"Housing","wtd_curr_yr":2,"wtd_prev_yr":1,"wtd_pct_change":100,"twentyeight_day_curr_yr":5,"twentyeight_day_prev_yr":9,"twentyeight_day_pct_change":-44.4,"ytd_curr_yr":54,"ytd_prev_yr":45,"ytd_pct_change":20,"two_year_pct_change":25.6,"six_year_pct_change":54.3,"twentytwo_year_pct_change":null},{"crime":"Petit Larceny","wtd_curr_yr":16,"wtd_prev_yr":16,"wtd_pct_change":0,"twentyeight_day_curr_yr":51,"twentyeight_day_prev_yr":46,"twentyeight_day_pct_change":10.9,"ytd_curr_yr":292,"ytd_prev_yr":258,"ytd_pct_change":13.2,"two_year_pct_change":35.2,"six_year_pct_change":47.5,"twentytwo_year_pct_change":null},{"crime":"Misd. Assault","wtd_curr_yr":7,"wtd_prev_yr":11,"wtd_pct_change":-36.4,"twentyeight_day_curr_yr":42,"twentyeight_day_prev_yr":51,"twentyeight_day_pct_change":-17.6,"ytd_curr_yr":240,"ytd_prev_yr":253,"ytd_pct_change":-5.1,"two_year_pct_change":-1.2,"six_year_pct_change":25,"twentytwo_year_pct_change":null},{"crime":"Misd. Sex Crimes","wtd_curr_yr":0,"wtd_prev_yr":0,"wtd_pct_change":null,"twentyeight_day_curr_yr":0,"twentyeight_day_prev_yr":0,"twentyeight_day_pct_change":null,"ytd_curr_yr":10,"ytd_prev_yr":6,"ytd_pct_change":66.7,"two_year_pct_change":11.1,"six_year_pct_change":-28.6,"twentytwo_year_pct_change":null},{"crime":"Shooting Vic.","wtd_curr_yr":2,"wtd_prev_yr":1,"wtd_pct_change":100,"twentyeight_day_curr_yr":4,"twentyeight_day_prev_yr":4,"twentyeight_day_pct_change":0,"ytd_curr_yr":12,"ytd_prev_yr":10,"ytd_pct_change":20,"two_year_pct_change":-25,"six_year_pct_change":9.1,"twentytwo_year_pct_change":-42.9},{"crime":"Shooting Inc.","wtd_curr_yr":2,"wtd_prev_yr":1,"wtd_pct_change":100,"twentyeight_day_curr_yr":4,"twentyeight_day_prev_yr":3,"twentyeight_day_pct_change":33.3,"ytd_curr_yr":12,"ytd_prev_yr":8,"ytd_pct_change":50,"two_year_pct_change":-14.3,"six_year_pct_change":9.1,"twentytwo_year_pct_change":-42.9}],"historical":[{"yr_2012":7,"yr_1993":16,"yr_1998":9,"yr_2001":6,"yr_2013":3,"pct_change_13vs01":-50,"pct_change_13vs98":-66.7,"pct_change_13vs93":-81.2,"pct_change_13vs12":-57.1,"crime":"Murder"},{"yr_2012":15,"yr_1993":42,"yr_1998":32,"yr_2001":17,"yr_2013":19,"pct_change_13vs01":11.8,"pct_change_13vs98":-40.6,"pct_change_13vs93":-54.8,"pct_change_13vs12":26.7,"crime":"Rape"},{"yr_2012":144,"yr_1993":710,"yr_1998":413,"yr_2001":247,"yr_2013":148,"pct_change_13vs01":-40.1,"pct_change_13vs98":-64.2,"pct_change_13vs93":-79.2,"pct_change_13vs12":2.8,"crime":"Robbery"},{"yr_2012":243,"yr_1993":524,"yr_1998":418,"yr_2001":301,"yr_2013":212,"pct_change_13vs01":-29.6,"pct_change_13vs98":-49.3,"pct_change_13vs93":-59.5,"pct_change_13vs12":-12.8,"crime":"Fel. Assault"},{"yr_2012":238,"yr_1993":768,"yr_1998":370,"yr_2001":216,"yr_2013":227,"pct_change_13vs01":5.1,"pct_change_13vs98":-38.6,"pct_change_13vs93":-70.4,"pct_change_13vs12":-4.6,"crime":"Burglary"},{"yr_2012":194,"yr_1993":330,"yr_1998":203,"yr_2001":189,"yr_2013":182,"pct_change_13vs01":-3.7,"pct_change_13vs98":-10.3,"pct_change_13vs93":-44.8,"pct_change_13vs12":-6.2,"crime":"Gr. Larceny"},{"yr_2012":55,"yr_1993":460,"yr_1998":184,"yr_2001":158,"yr_2013":61,"pct_change_13vs01":-61.4,"pct_change_13vs98":-66.8,"pct_change_13vs93":-86.7,"pct_change_13vs12":10.9,"crime":"G.L.A."},{"yr_2012":2850,"yr_1993":1629,"yr_1998":1134,"yr_2001":852,"yr_2013":-24.87,"pct_change_13vs01":-47.7,"pct_change_13vs98":-70.11,"pct_change_13vs93":-4.91,"pct_change_13vs12":null,"crime":"TOTAL 896"}]}