{"mayor":"Bill de Blasio","commissioner":"William J. Bratton","volume":21,"number":21,"precinct":"103rd","startDate":"2014-05-19T04:00:00.000Z","endDate":"2014-05-25T04:00:00.000Z","crimes":[{"crime":"Murder","wtd_curr_yr":0,"wtd_prev_yr":0,"wtd_pct_change":null,"twentyeight_day_curr_yr":1,"twentyeight_day_prev_yr":0,"twentyeight_day_pct_change":null,"ytd_curr_yr":6,"ytd_prev_yr":1,"ytd_pct_change":500,"two_year_pct_change":50,"six_year_pct_change":20,"twentytwo_year_pct_change":-40},{"crime":"Rape","wtd_curr_yr":0,"wtd_prev_yr":1,"wtd_pct_change":-100,"twentyeight_day_curr_yr":1,"twentyeight_day_prev_yr":6,"twentyeight_day_pct_change":-83.3,"ytd_curr_yr":8,"ytd_prev_yr":17,"ytd_pct_change":-52.9,"two_year_pct_change":-38.5,"six_year_pct_change":-27.3,"twentytwo_year_pct_change":-70.4},{"crime":"Robbery","wtd_curr_yr":6,"wtd_prev_yr":8,"wtd_pct_change":-25,"twentyeight_day_curr_yr":25,"twentyeight_day_prev_yr":30,"twentyeight_day_pct_change":-16.7,"ytd_curr_yr":120,"ytd_prev_yr":186,"ytd_pct_change":-35.5,"two_year_pct_change":-25.5,"six_year_pct_change":4.3,"twentytwo_year_pct_change":-80.2},{"crime":"Fel. Assault","wtd_curr_yr":5,"wtd_prev_yr":6,"wtd_pct_change":-16.7,"twentyeight_day_curr_yr":27,"twentyeight_day_prev_yr":27,"twentyeight_day_pct_change":0,"ytd_curr_yr":142,"ytd_prev_yr":148,"ytd_pct_change":-4.1,"two_year_pct_change":-0.7,"six_year_pct_change":-7.8,"twentytwo_year_pct_change":-56.7},{"crime":"Burglary","wtd_curr_yr":4,"wtd_prev_yr":5,"wtd_pct_change":-20,"twentyeight_day_curr_yr":13,"twentyeight_day_prev_yr":25,"twentyeight_day_pct_change":-48,"ytd_curr_yr":83,"ytd_prev_yr":121,"ytd_pct_change":-31.4,"two_year_pct_change":-33.1,"six_year_pct_change":-15.3,"twentytwo_year_pct_change":-80.9},{"crime":"Gr. Larceny","wtd_curr_yr":9,"wtd_prev_yr":8,"wtd_pct_change":12.5,"twentyeight_day_curr_yr":35,"twentyeight_day_prev_yr":37,"twentyeight_day_pct_change":-5.4,"ytd_curr_yr":172,"ytd_prev_yr":147,"ytd_pct_change":17,"two_year_pct_change":-15.3,"six_year_pct_change":8.2,"twentytwo_year_pct_change":-62.5},{"crime":"G.L.A.","wtd_curr_yr":5,"wtd_prev_yr":2,"wtd_pct_change":150,"twentyeight_day_curr_yr":13,"twentyeight_day_prev_yr":7,"twentyeight_day_pct_change":85.7,"ytd_curr_yr":59,"ytd_prev_yr":66,"ytd_pct_change":-10.6,"two_year_pct_change":-7.8,"six_year_pct_change":-15.7,"twentytwo_year_pct_change":-89.1},{"crime":"TOTAL","wtd_curr_yr":29,"wtd_prev_yr":30,"wtd_pct_change":-3.33,"twentyeight_day_curr_yr":115,"twentyeight_day_prev_yr":132,"twentyeight_day_pct_change":-12.88,"ytd_curr_yr":590,"ytd_prev_yr":686,"ytd_pct_change":-13.99,"two_year_pct_change":-17.13,"six_year_pct_change":-3.59,"twentytwo_year_pct_change":-75.5},{"crime":"Transit","wtd_curr_yr":1,"wtd_prev_yr":2,"wtd_pct_change":-50,"twentyeight_day_curr_yr":2,"twentyeight_day_prev_yr":4,"twentyeight_day_pct_change":-50,"ytd_curr_yr":10,"ytd_prev_yr":16,"ytd_pct_change":-37.5,"two_year_pct_change":-16.7,"six_year_pct_change":100,"twentytwo_year_pct_change":null},{"crime":"Housing","wtd_curr_yr":1,"wtd_prev_yr":0,"wtd_pct_change":null,"twentyeight_day_curr_yr":1,"twentyeight_day_prev_yr":2,"twentyeight_day_pct_change":-50,"ytd_curr_yr":11,"ytd_prev_yr":14,"ytd_pct_change":-21.4,"two_year_pct_change":-35.3,"six_year_pct_change":0,"twentytwo_year_pct_change":null},{"crime":"Petit Larceny","wtd_curr_yr":35,"wtd_prev_yr":30,"wtd_pct_change":16.7,"twentyeight_day_curr_yr":102,"twentyeight_day_prev_yr":110,"twentyeight_day_pct_change":-7.3,"ytd_curr_yr":454,"ytd_prev_yr":399,"ytd_pct_change":13.8,"two_year_pct_change":13.2,"six_year_pct_change":20.4,"twentytwo_year_pct_change":null},{"crime":"Misd. Assault","wtd_curr_yr":25,"wtd_prev_yr":12,"wtd_pct_change":108.3,"twentyeight_day_curr_yr":85,"twentyeight_day_prev_yr":77,"twentyeight_day_pct_change":10.4,"ytd_curr_yr":378,"ytd_prev_yr":390,"ytd_pct_change":-3.1,"two_year_pct_change":19.6,"six_year_pct_change":36.5,"twentytwo_year_pct_change":null},{"crime":"Misd. Sex Crimes","wtd_curr_yr":0,"wtd_prev_yr":0,"wtd_pct_change":null,"twentyeight_day_curr_yr":2,"twentyeight_day_prev_yr":6,"twentyeight_day_pct_change":-66.7,"ytd_curr_yr":12,"ytd_prev_yr":15,"ytd_pct_change":-20,"two_year_pct_change":-14.3,"six_year_pct_change":-14.3,"twentytwo_year_pct_change":null},{"crime":"Shooting Vic.","wtd_curr_yr":2,"wtd_prev_yr":0,"wtd_pct_change":null,"twentyeight_day_curr_yr":2,"twentyeight_day_prev_yr":0,"twentyeight_day_pct_change":null,"ytd_curr_yr":10,"ytd_prev_yr":6,"ytd_pct_change":66.7,"two_year_pct_change":-50,"six_year_pct_change":-41.2,"twentytwo_year_pct_change":-81.5},{"crime":"Shooting Inc.","wtd_curr_yr":1,"wtd_prev_yr":0,"wtd_pct_change":null,"twentyeight_day_curr_yr":1,"twentyeight_day_prev_yr":0,"twentyeight_day_pct_change":null,"ytd_curr_yr":7,"ytd_prev_yr":5,"ytd_pct_change":40,"two_year_pct_change":-58.8,"six_year_pct_change":-36.4,"twentytwo_year_pct_change":-86.3}],"historical":[{"yr_1990":38,"yr_1993":28,"yr_1998":16,"yr_2001":10,"yr_2013":8,"pct_change_13vs01":-20,"pct_change_13vs98":-50,"pct_change_13vs93":-71.4,"pct_change_13vs90":-78.9,"crime":"Murder"},{"yr_1990":60,"yr_1993":74,"yr_1998":45,"yr_2001":27,"yr_2013":37,"pct_change_13vs01":37,"pct_change_13vs98":-17.8,"pct_change_13vs93":-50,"pct_change_13vs90":-38.3,"crime":"Rape"},{"yr_1990":1846,"yr_1993":1742,"yr_1998":751,"yr_2001":530,"yr_2013":438,"pct_change_13vs01":-17.4,"pct_change_13vs98":-41.7,"pct_change_13vs93":-74.9,"pct_change_13vs90":-76.3,"crime":"Robbery"},{"yr_1990":958,"yr_1993":853,"yr_1998":611,"yr_2001":406,"yr_2013":369,"pct_change_13vs01":-9.1,"pct_change_13vs98":-39.6,"pct_change_13vs93":-56.7,"pct_change_13vs90":-61.5,"crime":"Fel. Assault"},{"yr_1990":1592,"yr_1993":1166,"yr_1998":598,"yr_2001":449,"yr_2013":300,"pct_change_13vs01":-33.2,"pct_change_13vs98":-49.8,"pct_change_13vs93":-74.3,"pct_change_13vs90":-81.2,"crime":"Burglary"},{"yr_1990":1277,"yr_1993":1214,"yr_1998":578,"yr_2001":587,"yr_2013":487,"pct_change_13vs01":-17,"pct_change_13vs98":-15.7,"pct_change_13vs93":-59.9,"pct_change_13vs90":-61.9,"crime":"Gr. Larceny"},{"yr_1990":1889,"yr_1993":1591,"yr_1998":602,"yr_2001":472,"yr_2013":172,"pct_change_13vs01":-63.6,"pct_change_13vs98":-71.4,"pct_change_13vs93":-89.2,"pct_change_13vs90":-90.9,"crime":"G.L.A."},{"yr_1990":7660,"yr_1993":6668,"yr_1998":3201,"yr_2001":2481,"yr_2013":1811,"pct_change_13vs01":-27.01,"pct_change_13vs98":-43.42,"pct_change_13vs93":-72.84,"pct_change_13vs90":-76.36,"crime":"TOTAL"}]}