{"mayor":"Bill de Blasio","commissioner":"William J. Bratton","volume":21,"number":49,"precinct":"104th","startDate":"2014-12-01T05:00:00.000Z","endDate":"2014-12-07T05:00:00.000Z","crimes":[{"crime":"Murder","wtd_curr_yr":0,"wtd_prev_yr":0,"wtd_pct_change":null,"twentyeight_day_curr_yr":0,"twentyeight_day_prev_yr":0,"twentyeight_day_pct_change":null,"ytd_curr_yr":3,"ytd_prev_yr":3,"ytd_pct_change":0,"two_year_pct_change":null,"six_year_pct_change":200,"twentytwo_year_pct_change":-83.3},{"crime":"Rape","wtd_curr_yr":0,"wtd_prev_yr":1,"wtd_pct_change":-100,"twentyeight_day_curr_yr":1,"twentyeight_day_prev_yr":2,"twentyeight_day_pct_change":-50,"ytd_curr_yr":18,"ytd_prev_yr":14,"ytd_pct_change":28.6,"two_year_pct_change":20,"six_year_pct_change":38.5,"twentytwo_year_pct_change":-14.3},{"crime":"Robbery","wtd_curr_yr":2,"wtd_prev_yr":6,"wtd_pct_change":-66.7,"twentyeight_day_curr_yr":16,"twentyeight_day_prev_yr":24,"twentyeight_day_pct_change":-33.3,"ytd_curr_yr":170,"ytd_prev_yr":244,"ytd_pct_change":-30.3,"two_year_pct_change":-35.6,"six_year_pct_change":-34.4,"twentytwo_year_pct_change":-82},{"crime":"Fel. Assault","wtd_curr_yr":0,"wtd_prev_yr":3,"wtd_pct_change":-100,"twentyeight_day_curr_yr":7,"twentyeight_day_prev_yr":11,"twentyeight_day_pct_change":-36.4,"ytd_curr_yr":194,"ytd_prev_yr":230,"ytd_pct_change":-15.7,"two_year_pct_change":-19.2,"six_year_pct_change":11.5,"twentytwo_year_pct_change":-32.9},{"crime":"Burglary","wtd_curr_yr":3,"wtd_prev_yr":5,"wtd_pct_change":-40,"twentyeight_day_curr_yr":24,"twentyeight_day_prev_yr":21,"twentyeight_day_pct_change":14.3,"ytd_curr_yr":263,"ytd_prev_yr":321,"ytd_pct_change":-18.1,"two_year_pct_change":-26.9,"six_year_pct_change":-35.9,"twentytwo_year_pct_change":-86},{"crime":"Gr. Larceny","wtd_curr_yr":8,"wtd_prev_yr":15,"wtd_pct_change":-46.7,"twentyeight_day_curr_yr":39,"twentyeight_day_prev_yr":57,"twentyeight_day_pct_change":-31.6,"ytd_curr_yr":538,"ytd_prev_yr":537,"ytd_pct_change":0.2,"two_year_pct_change":8.7,"six_year_pct_change":15.9,"twentytwo_year_pct_change":-14.2},{"crime":"G.L.A.","wtd_curr_yr":6,"wtd_prev_yr":3,"wtd_pct_change":100,"twentyeight_day_curr_yr":22,"twentyeight_day_prev_yr":26,"twentyeight_day_pct_change":-15.4,"ytd_curr_yr":213,"ytd_prev_yr":160,"ytd_pct_change":33.1,"two_year_pct_change":11.5,"six_year_pct_change":-23.7,"twentytwo_year_pct_change":-93.4},{"crime":"TOTAL","wtd_curr_yr":19,"wtd_prev_yr":33,"wtd_pct_change":-42.42,"twentyeight_day_curr_yr":109,"twentyeight_day_prev_yr":141,"twentyeight_day_pct_change":-22.7,"ytd_curr_yr":1399,"ytd_prev_yr":1509,"ytd_pct_change":-7.29,"two_year_pct_change":-10.61,"six_year_pct_change":-12.56,"twentytwo_year_pct_change":-80.1},{"crime":"Transit","wtd_curr_yr":0,"wtd_prev_yr":1,"wtd_pct_change":-100,"twentyeight_day_curr_yr":0,"twentyeight_day_prev_yr":3,"twentyeight_day_pct_change":-100,"ytd_curr_yr":11,"ytd_prev_yr":17,"ytd_pct_change":-35.3,"two_year_pct_change":-56,"six_year_pct_change":83.3,"twentytwo_year_pct_change":null},{"crime":"Housing","wtd_curr_yr":0,"wtd_prev_yr":0,"wtd_pct_change":null,"twentyeight_day_curr_yr":0,"twentyeight_day_prev_yr":0,"twentyeight_day_pct_change":null,"ytd_curr_yr":0,"ytd_prev_yr":0,"ytd_pct_change":null,"two_year_pct_change":null,"six_year_pct_change":null,"twentytwo_year_pct_change":null},{"crime":"Petit Larceny","wtd_curr_yr":12,"wtd_prev_yr":21,"wtd_pct_change":-42.9,"twentyeight_day_curr_yr":59,"twentyeight_day_prev_yr":97,"twentyeight_day_pct_change":-39.2,"ytd_curr_yr":1055,"ytd_prev_yr":1103,"ytd_pct_change":-4.4,"two_year_pct_change":3.4,"six_year_pct_change":-2.4,"twentytwo_year_pct_change":null},{"crime":"Misd. Assault","wtd_curr_yr":11,"wtd_prev_yr":4,"wtd_pct_change":175,"twentyeight_day_curr_yr":43,"twentyeight_day_prev_yr":48,"twentyeight_day_pct_change":-10.4,"ytd_curr_yr":576,"ytd_prev_yr":543,"ytd_pct_change":6.1,"two_year_pct_change":-3.7,"six_year_pct_change":-4.2,"twentytwo_year_pct_change":null},{"crime":"Misd. Sex Crimes","wtd_curr_yr":0,"wtd_prev_yr":2,"wtd_pct_change":-100,"twentyeight_day_curr_yr":1,"twentyeight_day_prev_yr":3,"twentyeight_day_pct_change":-66.7,"ytd_curr_yr":13,"ytd_prev_yr":27,"ytd_pct_change":-51.9,"two_year_pct_change":-51.9,"six_year_pct_change":-59.4,"twentytwo_year_pct_change":null},{"crime":"Shooting Vic.","wtd_curr_yr":0,"wtd_prev_yr":0,"wtd_pct_change":null,"twentyeight_day_curr_yr":0,"twentyeight_day_prev_yr":0,"twentyeight_day_pct_change":null,"ytd_curr_yr":8,"ytd_prev_yr":4,"ytd_pct_change":100,"two_year_pct_change":60,"six_year_pct_change":33.3,"twentytwo_year_pct_change":-73.3},{"crime":"Shooting Inc.","wtd_curr_yr":0,"wtd_prev_yr":0,"wtd_pct_change":null,"twentyeight_day_curr_yr":0,"twentyeight_day_prev_yr":0,"twentyeight_day_pct_change":null,"ytd_curr_yr":7,"ytd_prev_yr":4,"ytd_pct_change":75,"two_year_pct_change":40,"six_year_pct_change":40,"twentytwo_year_pct_change":-74.1}],"historical":[{"yr_1990":11,"yr_1993":19,"yr_1998":7,"yr_2001":5,"yr_2013":3,"pct_change_13vs01":-40,"pct_change_13vs98":-57.1,"pct_change_13vs93":-84.2,"pct_change_13vs90":-72.7,"crime":"Murder"},{"yr_1990":21,"yr_1993":21,"yr_1998":24,"yr_2001":15,"yr_2013":15,"pct_change_13vs01":0,"pct_change_13vs98":-37.5,"pct_change_13vs93":-28.6,"pct_change_13vs90":-28.6,"crime":"Rape"},{"yr_1990":1307,"yr_1993":1027,"yr_1998":490,"yr_2001":359,"yr_2013":256,"pct_change_13vs01":-28.7,"pct_change_13vs98":-47.8,"pct_change_13vs93":-75.1,"pct_change_13vs90":-80.4,"crime":"Robbery"},{"yr_1990":279,"yr_1993":305,"yr_1998":261,"yr_2001":262,"yr_2013":241,"pct_change_13vs01":-8,"pct_change_13vs98":-7.7,"pct_change_13vs93":-21,"pct_change_13vs90":-13.6,"crime":"Fel. Assault"},{"yr_1990":2562,"yr_1993":1955,"yr_1998":1024,"yr_2001":790,"yr_2013":339,"pct_change_13vs01":-57.1,"pct_change_13vs98":-66.9,"pct_change_13vs93":-82.7,"pct_change_13vs90":-86.8,"crime":"Burglary"},{"yr_1990":884,"yr_1993":678,"yr_1998":485,"yr_2001":551,"yr_2013":572,"pct_change_13vs01":3.8,"pct_change_13vs98":17.9,"pct_change_13vs93":-15.6,"pct_change_13vs90":-35.3,"crime":"Gr. Larceny"},{"yr_1990":4443,"yr_1993":3418,"yr_1998":1374,"yr_2001":892,"yr_2013":181,"pct_change_13vs01":-79.7,"pct_change_13vs98":-86.8,"pct_change_13vs93":-94.7,"pct_change_13vs90":-95.9,"crime":"G.L.A."},{"yr_1990":9507,"yr_1993":7423,"yr_1998":3665,"yr_2001":2874,"yr_2013":1607,"pct_change_13vs01":-44.08,"pct_change_13vs98":-56.15,"pct_change_13vs93":-78.35,"pct_change_13vs90":-83.1,"crime":"TOTAL"}]}