{"mayor":"Bill de Blasio","commissioner":"William J. Bratton","volume":21,"number":16,"precinct":"106th","startDate":"2014-04-14T04:00:00.000Z","endDate":"2014-04-20T04:00:00.000Z","crimes":[{"crime":"Murder","wtd_curr_yr":1,"wtd_prev_yr":0,"wtd_pct_change":null,"twentyeight_day_curr_yr":1,"twentyeight_day_prev_yr":0,"twentyeight_day_pct_change":null,"ytd_curr_yr":1,"ytd_prev_yr":2,"ytd_pct_change":-50,"two_year_pct_change":0,"six_year_pct_change":0,"twentytwo_year_pct_change":-91.7},{"crime":"Rape","wtd_curr_yr":0,"wtd_prev_yr":1,"wtd_pct_change":-100,"twentyeight_day_curr_yr":0,"twentyeight_day_prev_yr":4,"twentyeight_day_pct_change":-100,"ytd_curr_yr":6,"ytd_prev_yr":4,"ytd_pct_change":50,"two_year_pct_change":50,"six_year_pct_change":100,"twentytwo_year_pct_change":-40},{"crime":"Robbery","wtd_curr_yr":3,"wtd_prev_yr":5,"wtd_pct_change":-40,"twentyeight_day_curr_yr":18,"twentyeight_day_prev_yr":19,"twentyeight_day_pct_change":-5.3,"ytd_curr_yr":68,"ytd_prev_yr":76,"ytd_pct_change":-10.5,"two_year_pct_change":-20,"six_year_pct_change":19.3,"twentytwo_year_pct_change":-76.9},{"crime":"Fel. Assault","wtd_curr_yr":2,"wtd_prev_yr":3,"wtd_pct_change":-33.3,"twentyeight_day_curr_yr":13,"twentyeight_day_prev_yr":18,"twentyeight_day_pct_change":-27.8,"ytd_curr_yr":65,"ytd_prev_yr":66,"ytd_pct_change":-1.5,"two_year_pct_change":38.3,"six_year_pct_change":62.5,"twentytwo_year_pct_change":-35.6},{"crime":"Burglary","wtd_curr_yr":5,"wtd_prev_yr":12,"wtd_pct_change":-58.3,"twentyeight_day_curr_yr":18,"twentyeight_day_prev_yr":33,"twentyeight_day_pct_change":-45.5,"ytd_curr_yr":88,"ytd_prev_yr":126,"ytd_pct_change":-30.2,"two_year_pct_change":-12.9,"six_year_pct_change":2.3,"twentytwo_year_pct_change":-76.2},{"crime":"Gr. Larceny","wtd_curr_yr":7,"wtd_prev_yr":8,"wtd_pct_change":-12.5,"twentyeight_day_curr_yr":38,"twentyeight_day_prev_yr":34,"twentyeight_day_pct_change":11.8,"ytd_curr_yr":145,"ytd_prev_yr":145,"ytd_pct_change":0,"two_year_pct_change":16.9,"six_year_pct_change":42.2,"twentytwo_year_pct_change":-14.7},{"crime":"G.L.A.","wtd_curr_yr":2,"wtd_prev_yr":2,"wtd_pct_change":0,"twentyeight_day_curr_yr":10,"twentyeight_day_prev_yr":11,"twentyeight_day_pct_change":-9.1,"ytd_curr_yr":70,"ytd_prev_yr":40,"ytd_pct_change":75,"two_year_pct_change":6.1,"six_year_pct_change":-7.9,"twentytwo_year_pct_change":-93.2},{"crime":"TOTAL","wtd_curr_yr":20,"wtd_prev_yr":31,"wtd_pct_change":-35.48,"twentyeight_day_curr_yr":98,"twentyeight_day_prev_yr":119,"twentyeight_day_pct_change":-17.65,"ytd_curr_yr":443,"ytd_prev_yr":459,"ytd_pct_change":-3.49,"two_year_pct_change":3.5,"six_year_pct_change":21.37,"twentytwo_year_pct_change":-77.74},{"crime":"Transit","wtd_curr_yr":0,"wtd_prev_yr":2,"wtd_pct_change":-100,"twentyeight_day_curr_yr":3,"twentyeight_day_prev_yr":4,"twentyeight_day_pct_change":-25,"ytd_curr_yr":10,"ytd_prev_yr":10,"ytd_pct_change":0,"two_year_pct_change":100,"six_year_pct_change":150,"twentytwo_year_pct_change":null},{"crime":"Housing","wtd_curr_yr":0,"wtd_prev_yr":0,"wtd_pct_change":null,"twentyeight_day_curr_yr":0,"twentyeight_day_prev_yr":0,"twentyeight_day_pct_change":null,"ytd_curr_yr":0,"ytd_prev_yr":0,"ytd_pct_change":null,"two_year_pct_change":null,"six_year_pct_change":null,"twentytwo_year_pct_change":null},{"crime":"Petit Larceny","wtd_curr_yr":9,"wtd_prev_yr":13,"wtd_pct_change":-30.8,"twentyeight_day_curr_yr":60,"twentyeight_day_prev_yr":49,"twentyeight_day_pct_change":22.4,"ytd_curr_yr":233,"ytd_prev_yr":225,"ytd_pct_change":3.6,"two_year_pct_change":-11.1,"six_year_pct_change":0.4,"twentytwo_year_pct_change":null},{"crime":"Misd. Assault","wtd_curr_yr":13,"wtd_prev_yr":11,"wtd_pct_change":18.2,"twentyeight_day_curr_yr":42,"twentyeight_day_prev_yr":22,"twentyeight_day_pct_change":90.9,"ytd_curr_yr":136,"ytd_prev_yr":113,"ytd_pct_change":20.4,"two_year_pct_change":7.9,"six_year_pct_change":14.3,"twentytwo_year_pct_change":null},{"crime":"Misd. Sex Crimes","wtd_curr_yr":0,"wtd_prev_yr":0,"wtd_pct_change":null,"twentyeight_day_curr_yr":0,"twentyeight_day_prev_yr":1,"twentyeight_day_pct_change":-100,"ytd_curr_yr":4,"ytd_prev_yr":6,"ytd_pct_change":-33.3,"two_year_pct_change":-50,"six_year_pct_change":-42.9,"twentytwo_year_pct_change":null},{"crime":"Shooting Vic.","wtd_curr_yr":1,"wtd_prev_yr":0,"wtd_pct_change":null,"twentyeight_day_curr_yr":1,"twentyeight_day_prev_yr":0,"twentyeight_day_pct_change":null,"ytd_curr_yr":1,"ytd_prev_yr":4,"ytd_pct_change":-75,"two_year_pct_change":-66.7,"six_year_pct_change":-75,"twentytwo_year_pct_change":-94.4},{"crime":"Shooting Inc.","wtd_curr_yr":1,"wtd_prev_yr":0,"wtd_pct_change":null,"twentyeight_day_curr_yr":1,"twentyeight_day_prev_yr":0,"twentyeight_day_pct_change":null,"ytd_curr_yr":1,"ytd_prev_yr":3,"ytd_pct_change":-66.7,"two_year_pct_change":-50,"six_year_pct_change":-75,"twentytwo_year_pct_change":-94.4}],"historical":[{"yr_1990":15,"yr_1993":21,"yr_1998":7,"yr_2001":4,"yr_2013":6,"pct_change_13vs01":50,"pct_change_13vs98":-14.3,"pct_change_13vs93":-71.4,"pct_change_13vs90":-60,"crime":"Murder"},{"yr_1990":31,"yr_1993":33,"yr_1998":40,"yr_2001":19,"yr_2013":19,"pct_change_13vs01":0,"pct_change_13vs98":-52.5,"pct_change_13vs93":-42.4,"pct_change_13vs90":-38.7,"crime":"Rape"},{"yr_1990":832,"yr_1993":891,"yr_1998":545,"yr_2001":344,"yr_2013":328,"pct_change_13vs01":-4.7,"pct_change_13vs98":-39.8,"pct_change_13vs93":-63.2,"pct_change_13vs90":-60.6,"crime":"Robbery"},{"yr_1990":329,"yr_1993":408,"yr_1998":297,"yr_2001":241,"yr_2013":253,"pct_change_13vs01":5,"pct_change_13vs98":-14.8,"pct_change_13vs93":-38,"pct_change_13vs90":-23.1,"crime":"Fel. Assault"},{"yr_1990":1348,"yr_1993":1230,"yr_1998":662,"yr_2001":417,"yr_2013":346,"pct_change_13vs01":-17,"pct_change_13vs98":-47.7,"pct_change_13vs93":-71.9,"pct_change_13vs90":-74.3,"crime":"Burglary"},{"yr_1990":715,"yr_1993":595,"yr_1998":440,"yr_2001":381,"yr_2013":522,"pct_change_13vs01":37,"pct_change_13vs98":18.6,"pct_change_13vs93":-12.3,"pct_change_13vs90":-27,"crime":"Gr. Larceny"},{"yr_1990":3071,"yr_1993":3304,"yr_1998":1370,"yr_2001":778,"yr_2013":191,"pct_change_13vs01":-75.4,"pct_change_13vs98":-86.1,"pct_change_13vs93":-94.2,"pct_change_13vs90":-93.8,"crime":"G.L.A."},{"yr_1990":6341,"yr_1993":6482,"yr_1998":3361,"yr_2001":2184,"yr_2013":1665,"pct_change_13vs01":-23.76,"pct_change_13vs98":-50.46,"pct_change_13vs93":-74.31,"pct_change_13vs90":-73.74,"crime":"TOTAL"}]}