{"mayor":"Bill de Blasio","commissioner":"William J. Bratton","volume":21,"number":48,"precinct":"108th","startDate":"2014-11-24T05:00:00.000Z","endDate":"2014-11-30T05:00:00.000Z","crimes":[{"crime":"Murder","wtd_curr_yr":0,"wtd_prev_yr":0,"wtd_pct_change":null,"twentyeight_day_curr_yr":0,"twentyeight_day_prev_yr":0,"twentyeight_day_pct_change":null,"ytd_curr_yr":2,"ytd_prev_yr":4,"ytd_pct_change":-50,"two_year_pct_change":-33.3,"six_year_pct_change":0,"twentytwo_year_pct_change":-75},{"crime":"Rape","wtd_curr_yr":0,"wtd_prev_yr":0,"wtd_pct_change":null,"twentyeight_day_curr_yr":0,"twentyeight_day_prev_yr":0,"twentyeight_day_pct_change":null,"ytd_curr_yr":14,"ytd_prev_yr":14,"ytd_pct_change":0,"two_year_pct_change":-6.7,"six_year_pct_change":27.3,"twentytwo_year_pct_change":16.7},{"crime":"Robbery","wtd_curr_yr":2,"wtd_prev_yr":5,"wtd_pct_change":-60,"twentyeight_day_curr_yr":11,"twentyeight_day_prev_yr":12,"twentyeight_day_pct_change":-8.3,"ytd_curr_yr":144,"ytd_prev_yr":142,"ytd_pct_change":1.4,"two_year_pct_change":-18.2,"six_year_pct_change":0.7,"twentytwo_year_pct_change":-84.6},{"crime":"Fel. Assault","wtd_curr_yr":1,"wtd_prev_yr":1,"wtd_pct_change":0,"twentyeight_day_curr_yr":10,"twentyeight_day_prev_yr":11,"twentyeight_day_pct_change":-9.1,"ytd_curr_yr":152,"ytd_prev_yr":156,"ytd_pct_change":-2.6,"two_year_pct_change":20.6,"six_year_pct_change":72.7,"twentytwo_year_pct_change":-47.8},{"crime":"Burglary","wtd_curr_yr":5,"wtd_prev_yr":2,"wtd_pct_change":150,"twentyeight_day_curr_yr":14,"twentyeight_day_prev_yr":15,"twentyeight_day_pct_change":-6.7,"ytd_curr_yr":216,"ytd_prev_yr":206,"ytd_pct_change":4.9,"two_year_pct_change":-4.4,"six_year_pct_change":-9.6,"twentytwo_year_pct_change":-84.9},{"crime":"Gr. Larceny","wtd_curr_yr":9,"wtd_prev_yr":9,"wtd_pct_change":0,"twentyeight_day_curr_yr":39,"twentyeight_day_prev_yr":46,"twentyeight_day_pct_change":-15.2,"ytd_curr_yr":516,"ytd_prev_yr":522,"ytd_pct_change":-1.1,"two_year_pct_change":22.3,"six_year_pct_change":14.4,"twentytwo_year_pct_change":-39.4},{"crime":"G.L.A.","wtd_curr_yr":2,"wtd_prev_yr":2,"wtd_pct_change":0,"twentyeight_day_curr_yr":9,"twentyeight_day_prev_yr":18,"twentyeight_day_pct_change":-50,"ytd_curr_yr":137,"ytd_prev_yr":158,"ytd_pct_change":-13.3,"two_year_pct_change":6.2,"six_year_pct_change":-18.5,"twentytwo_year_pct_change":-92.9},{"crime":"TOTAL","wtd_curr_yr":19,"wtd_prev_yr":19,"wtd_pct_change":0,"twentyeight_day_curr_yr":83,"twentyeight_day_prev_yr":102,"twentyeight_day_pct_change":-18.63,"ytd_curr_yr":1181,"ytd_prev_yr":1202,"ytd_pct_change":-1.75,"two_year_pct_change":7.66,"six_year_pct_change":7.17,"twentytwo_year_pct_change":-78.35},{"crime":"Transit","wtd_curr_yr":0,"wtd_prev_yr":3,"wtd_pct_change":-100,"twentyeight_day_curr_yr":6,"twentyeight_day_prev_yr":7,"twentyeight_day_pct_change":-14.3,"ytd_curr_yr":63,"ytd_prev_yr":71,"ytd_pct_change":-11.3,"two_year_pct_change":-3.1,"six_year_pct_change":75,"twentytwo_year_pct_change":null},{"crime":"Housing","wtd_curr_yr":0,"wtd_prev_yr":0,"wtd_pct_change":null,"twentyeight_day_curr_yr":0,"twentyeight_day_prev_yr":0,"twentyeight_day_pct_change":null,"ytd_curr_yr":0,"ytd_prev_yr":0,"ytd_pct_change":null,"two_year_pct_change":null,"six_year_pct_change":null,"twentytwo_year_pct_change":null},{"crime":"Petit Larceny","wtd_curr_yr":12,"wtd_prev_yr":15,"wtd_pct_change":-20,"twentyeight_day_curr_yr":44,"twentyeight_day_prev_yr":71,"twentyeight_day_pct_change":-38,"ytd_curr_yr":777,"ytd_prev_yr":916,"ytd_pct_change":-15.2,"two_year_pct_change":-0.3,"six_year_pct_change":-6.4,"twentytwo_year_pct_change":null},{"crime":"Misd. Assault","wtd_curr_yr":10,"wtd_prev_yr":6,"wtd_pct_change":66.7,"twentyeight_day_curr_yr":29,"twentyeight_day_prev_yr":38,"twentyeight_day_pct_change":-23.7,"ytd_curr_yr":399,"ytd_prev_yr":433,"ytd_pct_change":-7.9,"two_year_pct_change":-3.4,"six_year_pct_change":-8.7,"twentytwo_year_pct_change":null},{"crime":"Misd. Sex Crimes","wtd_curr_yr":1,"wtd_prev_yr":0,"wtd_pct_change":null,"twentyeight_day_curr_yr":8,"twentyeight_day_prev_yr":2,"twentyeight_day_pct_change":300,"ytd_curr_yr":49,"ytd_prev_yr":53,"ytd_pct_change":-7.5,"two_year_pct_change":-5.8,"six_year_pct_change":-19.7,"twentytwo_year_pct_change":null},{"crime":"Shooting Vic.","wtd_curr_yr":0,"wtd_prev_yr":0,"wtd_pct_change":null,"twentyeight_day_curr_yr":0,"twentyeight_day_prev_yr":0,"twentyeight_day_pct_change":null,"ytd_curr_yr":5,"ytd_prev_yr":5,"ytd_pct_change":0,"two_year_pct_change":400,"six_year_pct_change":150,"twentytwo_year_pct_change":-64.3},{"crime":"Shooting Inc.","wtd_curr_yr":0,"wtd_prev_yr":0,"wtd_pct_change":null,"twentyeight_day_curr_yr":0,"twentyeight_day_prev_yr":0,"twentyeight_day_pct_change":null,"ytd_curr_yr":2,"ytd_prev_yr":4,"ytd_pct_change":-50,"two_year_pct_change":100,"six_year_pct_change":100,"twentytwo_year_pct_change":-85.7}],"historical":[{"yr_1990":16,"yr_1993":10,"yr_1998":5,"yr_2001":3,"yr_2013":4,"pct_change_13vs01":33.3,"pct_change_13vs98":-20,"pct_change_13vs93":-60,"pct_change_13vs90":-75,"crime":"Murder"},{"yr_1990":22,"yr_1993":12,"yr_1998":24,"yr_2001":18,"yr_2013":15,"pct_change_13vs01":-16.7,"pct_change_13vs98":-37.5,"pct_change_13vs93":25,"pct_change_13vs90":-31.8,"crime":"Rape"},{"yr_1990":1372,"yr_1993":1026,"yr_1998":464,"yr_2001":313,"yr_2013":160,"pct_change_13vs01":-48.9,"pct_change_13vs98":-65.5,"pct_change_13vs93":-84.4,"pct_change_13vs90":-88.3,"crime":"Robbery"},{"yr_1990":290,"yr_1993":317,"yr_1998":248,"yr_2001":147,"yr_2013":171,"pct_change_13vs01":16.3,"pct_change_13vs98":-31,"pct_change_13vs93":-46.1,"pct_change_13vs90":-41,"crime":"Fel. Assault"},{"yr_1990":2062,"yr_1993":1563,"yr_1998":971,"yr_2001":564,"yr_2013":244,"pct_change_13vs01":-56.7,"pct_change_13vs98":-74.9,"pct_change_13vs93":-84.4,"pct_change_13vs90":-88.2,"crime":"Burglary"},{"yr_1990":1150,"yr_1993":914,"yr_1998":605,"yr_2001":570,"yr_2013":572,"pct_change_13vs01":0.4,"pct_change_13vs98":-5.5,"pct_change_13vs93":-37.4,"pct_change_13vs90":-50.3,"crime":"Gr. Larceny"},{"yr_1990":2945,"yr_1993":2123,"yr_1998":942,"yr_2001":704,"yr_2013":166,"pct_change_13vs01":-76.4,"pct_change_13vs98":-82.4,"pct_change_13vs93":-92.2,"pct_change_13vs90":-94.4,"crime":"G.L.A."},{"yr_1990":7857,"yr_1993":5965,"yr_1998":3259,"yr_2001":2319,"yr_2013":1332,"pct_change_13vs01":-42.56,"pct_change_13vs98":-59.13,"pct_change_13vs93":-77.67,"pct_change_13vs90":-83.05,"crime":"TOTAL"}]}