{"mayor":"Bill de Blasio","commissioner":"William J. Bratton","volume":21,"number":38,"precinct":"107th","startDate":"2014-09-15T04:00:00.000Z","endDate":"2014-09-21T04:00:00.000Z","crimes":[{"crime":"Murder","wtd_curr_yr":0,"wtd_prev_yr":0,"wtd_pct_change":null,"twentyeight_day_curr_yr":0,"twentyeight_day_prev_yr":0,"twentyeight_day_pct_change":null,"ytd_curr_yr":0,"ytd_prev_yr":1,"ytd_pct_change":-100,"two_year_pct_change":-100,"six_year_pct_change":-100,"twentytwo_year_pct_change":-100},{"crime":"Rape","wtd_curr_yr":0,"wtd_prev_yr":0,"wtd_pct_change":null,"twentyeight_day_curr_yr":0,"twentyeight_day_prev_yr":0,"twentyeight_day_pct_change":null,"ytd_curr_yr":16,"ytd_prev_yr":6,"ytd_pct_change":166.7,"two_year_pct_change":100,"six_year_pct_change":220,"twentytwo_year_pct_change":-36},{"crime":"Robbery","wtd_curr_yr":2,"wtd_prev_yr":3,"wtd_pct_change":-33.3,"twentyeight_day_curr_yr":15,"twentyeight_day_prev_yr":14,"twentyeight_day_pct_change":7.1,"ytd_curr_yr":136,"ytd_prev_yr":158,"ytd_pct_change":-13.9,"two_year_pct_change":-20.9,"six_year_pct_change":-18.6,"twentytwo_year_pct_change":-79.3},{"crime":"Fel. Assault","wtd_curr_yr":3,"wtd_prev_yr":7,"wtd_pct_change":-57.1,"twentyeight_day_curr_yr":5,"twentyeight_day_prev_yr":13,"twentyeight_day_pct_change":-61.5,"ytd_curr_yr":74,"ytd_prev_yr":102,"ytd_pct_change":-27.5,"two_year_pct_change":-25.3,"six_year_pct_change":12.1,"twentytwo_year_pct_change":-58.9},{"crime":"Burglary","wtd_curr_yr":3,"wtd_prev_yr":4,"wtd_pct_change":-25,"twentyeight_day_curr_yr":15,"twentyeight_day_prev_yr":15,"twentyeight_day_pct_change":0,"ytd_curr_yr":123,"ytd_prev_yr":184,"ytd_pct_change":-33.2,"two_year_pct_change":-39.4,"six_year_pct_change":-37.2,"twentytwo_year_pct_change":-88.6},{"crime":"Gr. Larceny","wtd_curr_yr":12,"wtd_prev_yr":12,"wtd_pct_change":0,"twentyeight_day_curr_yr":40,"twentyeight_day_prev_yr":39,"twentyeight_day_pct_change":2.6,"ytd_curr_yr":320,"ytd_prev_yr":339,"ytd_pct_change":-5.6,"two_year_pct_change":0.9,"six_year_pct_change":-5.3,"twentytwo_year_pct_change":-27.6},{"crime":"G.L.A.","wtd_curr_yr":6,"wtd_prev_yr":5,"wtd_pct_change":20,"twentyeight_day_curr_yr":15,"twentyeight_day_prev_yr":20,"twentyeight_day_pct_change":-25,"ytd_curr_yr":110,"ytd_prev_yr":106,"ytd_pct_change":3.8,"two_year_pct_change":-4.3,"six_year_pct_change":-29.9,"twentytwo_year_pct_change":-96.9},{"crime":"TOTAL","wtd_curr_yr":26,"wtd_prev_yr":31,"wtd_pct_change":-16.13,"twentyeight_day_curr_yr":90,"twentyeight_day_prev_yr":101,"twentyeight_day_pct_change":-10.89,"ytd_curr_yr":779,"ytd_prev_yr":896,"ytd_pct_change":-13.06,"two_year_pct_change":-14.86,"six_year_pct_change":-16.33,"twentytwo_year_pct_change":-86.88},{"crime":"Transit","wtd_curr_yr":0,"wtd_prev_yr":0,"wtd_pct_change":null,"twentyeight_day_curr_yr":3,"twentyeight_day_prev_yr":1,"twentyeight_day_pct_change":200,"ytd_curr_yr":17,"ytd_prev_yr":19,"ytd_pct_change":-10.5,"two_year_pct_change":-19,"six_year_pct_change":-10.5,"twentytwo_year_pct_change":null},{"crime":"Housing","wtd_curr_yr":2,"wtd_prev_yr":3,"wtd_pct_change":-33.3,"twentyeight_day_curr_yr":5,"twentyeight_day_prev_yr":7,"twentyeight_day_pct_change":-28.6,"ytd_curr_yr":39,"ytd_prev_yr":38,"ytd_pct_change":2.6,"two_year_pct_change":8.3,"six_year_pct_change":77.3,"twentytwo_year_pct_change":null},{"crime":"Petit Larceny","wtd_curr_yr":20,"wtd_prev_yr":13,"wtd_pct_change":53.8,"twentyeight_day_curr_yr":93,"twentyeight_day_prev_yr":72,"twentyeight_day_pct_change":29.2,"ytd_curr_yr":581,"ytd_prev_yr":587,"ytd_pct_change":-1,"two_year_pct_change":7,"six_year_pct_change":-15.2,"twentytwo_year_pct_change":null},{"crime":"Misd. Assault","wtd_curr_yr":3,"wtd_prev_yr":10,"wtd_pct_change":-70,"twentyeight_day_curr_yr":30,"twentyeight_day_prev_yr":30,"twentyeight_day_pct_change":0,"ytd_curr_yr":258,"ytd_prev_yr":262,"ytd_pct_change":-1.5,"two_year_pct_change":0.8,"six_year_pct_change":-22.5,"twentytwo_year_pct_change":null},{"crime":"Misd. Sex Crimes","wtd_curr_yr":1,"wtd_prev_yr":0,"wtd_pct_change":null,"twentyeight_day_curr_yr":2,"twentyeight_day_prev_yr":1,"twentyeight_day_pct_change":100,"ytd_curr_yr":19,"ytd_prev_yr":20,"ytd_pct_change":-5,"two_year_pct_change":0,"six_year_pct_change":-5,"twentytwo_year_pct_change":null},{"crime":"Shooting Vic.","wtd_curr_yr":0,"wtd_prev_yr":0,"wtd_pct_change":null,"twentyeight_day_curr_yr":0,"twentyeight_day_prev_yr":0,"twentyeight_day_pct_change":null,"ytd_curr_yr":3,"ytd_prev_yr":2,"ytd_pct_change":50,"two_year_pct_change":50,"six_year_pct_change":-25,"twentytwo_year_pct_change":-70},{"crime":"Shooting Inc.","wtd_curr_yr":0,"wtd_prev_yr":0,"wtd_pct_change":null,"twentyeight_day_curr_yr":0,"twentyeight_day_prev_yr":0,"twentyeight_day_pct_change":null,"ytd_curr_yr":3,"ytd_prev_yr":2,"ytd_pct_change":50,"two_year_pct_change":50,"six_year_pct_change":-25,"twentytwo_year_pct_change":-70}],"historical":[{"yr_1990":14,"yr_1993":8,"yr_1998":5,"yr_2001":4,"yr_2013":1,"pct_change_13vs01":-75,"pct_change_13vs98":-80,"pct_change_13vs93":-87.5,"pct_change_13vs90":-92.9,"crime":"Murder"},{"yr_1990":24,"yr_1993":32,"yr_1998":30,"yr_2001":15,"yr_2013":7,"pct_change_13vs01":-53.3,"pct_change_13vs98":-76.7,"pct_change_13vs93":-78.1,"pct_change_13vs90":-70.8,"crime":"Rape"},{"yr_1990":1039,"yr_1993":514,"yr_1998":375,"yr_2001":242,"yr_2013":-35.5,"pct_change_13vs01":-52.9,"pct_change_13vs98":-76.7,"pct_change_13vs93":-72.9,"pct_change_13vs90":null,"crime":"Robbery 893"},{"yr_1990":260,"yr_1993":239,"yr_1998":226,"yr_2001":153,"yr_2013":138,"pct_change_13vs01":-9.8,"pct_change_13vs98":-38.9,"pct_change_13vs93":-42.3,"pct_change_13vs90":-46.9,"crime":"Fel. Assault"},{"yr_1990":2152,"yr_1993":1425,"yr_1998":862,"yr_2001":632,"yr_2013":244,"pct_change_13vs01":-61.4,"pct_change_13vs98":-71.7,"pct_change_13vs93":-82.9,"pct_change_13vs90":-88.7,"crime":"Burglary"},{"yr_1990":805,"yr_1993":616,"yr_1998":614,"yr_2001":572,"yr_2013":517,"pct_change_13vs01":-9.6,"pct_change_13vs98":-15.8,"pct_change_13vs93":-16.1,"pct_change_13vs90":-35.8,"crime":"Gr. Larceny"},{"yr_1990":5535,"yr_1993":4902,"yr_1998":1560,"yr_2001":802,"yr_2013":149,"pct_change_13vs01":-81.4,"pct_change_13vs98":-90.4,"pct_change_13vs93":-97,"pct_change_13vs90":-97.3,"crime":"G.L.A."},{"yr_1990":9683,"yr_1993":8261,"yr_1998":3811,"yr_2001":2553,"yr_2013":1298,"pct_change_13vs01":-49.16,"pct_change_13vs98":-65.94,"pct_change_13vs93":-84.29,"pct_change_13vs90":-86.6,"crime":"TOTAL"}]}