{"mayor":"Bill de Blasio","commissioner":"William J. Bratton","volume":21,"number":22,"precinct":"105th","startDate":"2014-05-26T04:00:00.000Z","endDate":"2014-06-01T04:00:00.000Z","crimes":[{"crime":"Murder","wtd_curr_yr":1,"wtd_prev_yr":0,"wtd_pct_change":null,"twentyeight_day_curr_yr":1,"twentyeight_day_prev_yr":0,"twentyeight_day_pct_change":null,"ytd_curr_yr":3,"ytd_prev_yr":2,"ytd_pct_change":50,"two_year_pct_change":-25,"six_year_pct_change":50,"twentytwo_year_pct_change":-62.5},{"crime":"Rape","wtd_curr_yr":0,"wtd_prev_yr":0,"wtd_pct_change":null,"twentyeight_day_curr_yr":0,"twentyeight_day_prev_yr":0,"twentyeight_day_pct_change":null,"ytd_curr_yr":9,"ytd_prev_yr":8,"ytd_pct_change":12.5,"two_year_pct_change":-25,"six_year_pct_change":-43.8,"twentytwo_year_pct_change":-60.9},{"crime":"Robbery","wtd_curr_yr":5,"wtd_prev_yr":7,"wtd_pct_change":-28.6,"twentyeight_day_curr_yr":23,"twentyeight_day_prev_yr":28,"twentyeight_day_pct_change":-17.9,"ytd_curr_yr":85,"ytd_prev_yr":156,"ytd_pct_change":-45.5,"two_year_pct_change":-42.2,"six_year_pct_change":-44.4,"twentytwo_year_pct_change":-78.8},{"crime":"Fel. Assault","wtd_curr_yr":4,"wtd_prev_yr":5,"wtd_pct_change":-20,"twentyeight_day_curr_yr":29,"twentyeight_day_prev_yr":27,"twentyeight_day_pct_change":7.4,"ytd_curr_yr":124,"ytd_prev_yr":114,"ytd_pct_change":8.8,"two_year_pct_change":-5.3,"six_year_pct_change":14.8,"twentytwo_year_pct_change":-17.3},{"crime":"Burglary","wtd_curr_yr":9,"wtd_prev_yr":11,"wtd_pct_change":-18.2,"twentyeight_day_curr_yr":27,"twentyeight_day_prev_yr":32,"twentyeight_day_pct_change":-15.6,"ytd_curr_yr":117,"ytd_prev_yr":210,"ytd_pct_change":-44.3,"two_year_pct_change":-41.8,"six_year_pct_change":-33.9,"twentytwo_year_pct_change":-82.7},{"crime":"Gr. Larceny","wtd_curr_yr":11,"wtd_prev_yr":6,"wtd_pct_change":83.3,"twentyeight_day_curr_yr":33,"twentyeight_day_prev_yr":31,"twentyeight_day_pct_change":6.5,"ytd_curr_yr":196,"ytd_prev_yr":222,"ytd_pct_change":-11.7,"two_year_pct_change":-8,"six_year_pct_change":1.6,"twentytwo_year_pct_change":-16.9},{"crime":"G.L.A.","wtd_curr_yr":4,"wtd_prev_yr":7,"wtd_pct_change":-42.9,"twentyeight_day_curr_yr":21,"twentyeight_day_prev_yr":26,"twentyeight_day_pct_change":-19.2,"ytd_curr_yr":98,"ytd_prev_yr":106,"ytd_pct_change":-7.5,"two_year_pct_change":-27.4,"six_year_pct_change":-25.2,"twentytwo_year_pct_change":-93},{"crime":"TOTAL","wtd_curr_yr":34,"wtd_prev_yr":36,"wtd_pct_change":-5.56,"twentyeight_day_curr_yr":134,"twentyeight_day_prev_yr":144,"twentyeight_day_pct_change":-6.94,"ytd_curr_yr":632,"ytd_prev_yr":818,"ytd_pct_change":-22.74,"two_year_pct_change":-25.03,"six_year_pct_change":-18.97,"twentytwo_year_pct_change":-78.21},{"crime":"Transit","wtd_curr_yr":0,"wtd_prev_yr":0,"wtd_pct_change":null,"twentyeight_day_curr_yr":0,"twentyeight_day_prev_yr":0,"twentyeight_day_pct_change":null,"ytd_curr_yr":0,"ytd_prev_yr":0,"ytd_pct_change":null,"two_year_pct_change":null,"six_year_pct_change":null,"twentytwo_year_pct_change":null},{"crime":"Housing","wtd_curr_yr":0,"wtd_prev_yr":0,"wtd_pct_change":null,"twentyeight_day_curr_yr":0,"twentyeight_day_prev_yr":0,"twentyeight_day_pct_change":null,"ytd_curr_yr":0,"ytd_prev_yr":0,"ytd_pct_change":null,"two_year_pct_change":null,"six_year_pct_change":null,"twentytwo_year_pct_change":null},{"crime":"Petit Larceny","wtd_curr_yr":24,"wtd_prev_yr":12,"wtd_pct_change":100,"twentyeight_day_curr_yr":70,"twentyeight_day_prev_yr":53,"twentyeight_day_pct_change":32.1,"ytd_curr_yr":308,"ytd_prev_yr":295,"ytd_pct_change":4.4,"two_year_pct_change":-6.1,"six_year_pct_change":-20.2,"twentytwo_year_pct_change":null},{"crime":"Misd. Assault","wtd_curr_yr":14,"wtd_prev_yr":22,"wtd_pct_change":-36.4,"twentyeight_day_curr_yr":61,"twentyeight_day_prev_yr":59,"twentyeight_day_pct_change":3.4,"ytd_curr_yr":266,"ytd_prev_yr":241,"ytd_pct_change":10.4,"two_year_pct_change":0.8,"six_year_pct_change":-9.2,"twentytwo_year_pct_change":null},{"crime":"Misd. Sex Crimes","wtd_curr_yr":0,"wtd_prev_yr":1,"wtd_pct_change":-100,"twentyeight_day_curr_yr":2,"twentyeight_day_prev_yr":2,"twentyeight_day_pct_change":0,"ytd_curr_yr":10,"ytd_prev_yr":18,"ytd_pct_change":-44.4,"two_year_pct_change":-23.1,"six_year_pct_change":-33.3,"twentytwo_year_pct_change":null},{"crime":"Shooting Vic.","wtd_curr_yr":2,"wtd_prev_yr":0,"wtd_pct_change":null,"twentyeight_day_curr_yr":2,"twentyeight_day_prev_yr":0,"twentyeight_day_pct_change":null,"ytd_curr_yr":5,"ytd_prev_yr":8,"ytd_pct_change":-37.5,"two_year_pct_change":-68.8,"six_year_pct_change":-44.4,"twentytwo_year_pct_change":-78.3},{"crime":"Shooting Inc.","wtd_curr_yr":1,"wtd_prev_yr":0,"wtd_pct_change":null,"twentyeight_day_curr_yr":1,"twentyeight_day_prev_yr":0,"twentyeight_day_pct_change":null,"ytd_curr_yr":4,"ytd_prev_yr":7,"ytd_pct_change":-42.9,"two_year_pct_change":-71.4,"six_year_pct_change":-50,"twentytwo_year_pct_change":-81.8}],"historical":[{"yr_1990":30,"yr_1993":23,"yr_1998":7,"yr_2001":18,"yr_2013":3,"pct_change_13vs01":-83.3,"pct_change_13vs98":-57.1,"pct_change_13vs93":-87,"pct_change_13vs90":-90,"crime":"Murder"},{"yr_1990":56,"yr_1993":41,"yr_1998":52,"yr_2001":35,"yr_2013":18,"pct_change_13vs01":-48.6,"pct_change_13vs98":-65.4,"pct_change_13vs93":-56.1,"pct_change_13vs90":-67.9,"crime":"Rape"},{"yr_1990":1066,"yr_1993":1082,"yr_1998":557,"yr_2001":395,"yr_2013":331,"pct_change_13vs01":-16.2,"pct_change_13vs98":-40.6,"pct_change_13vs93":-69.4,"pct_change_13vs90":-68.9,"crime":"Robbery"},{"yr_1990":459,"yr_1993":409,"yr_1998":400,"yr_2001":329,"yr_2013":313,"pct_change_13vs01":-4.9,"pct_change_13vs98":-21.8,"pct_change_13vs93":-23.5,"pct_change_13vs90":-31.8,"crime":"Fel. Assault"},{"yr_1990":2199,"yr_1993":1640,"yr_1998":854,"yr_2001":630,"yr_2013":469,"pct_change_13vs01":-25.6,"pct_change_13vs98":-45.1,"pct_change_13vs93":-71.4,"pct_change_13vs90":-78.7,"crime":"Burglary"},{"yr_1990":699,"yr_1993":593,"yr_1998":444,"yr_2001":456,"yr_2013":520,"pct_change_13vs01":14,"pct_change_13vs98":17.1,"pct_change_13vs93":-12.3,"pct_change_13vs90":-25.6,"crime":"Gr. Larceny"},{"yr_1990":3534,"yr_1993":3476,"yr_1998":1360,"yr_2001":913,"yr_2013":263,"pct_change_13vs01":-71.2,"pct_change_13vs98":-80.7,"pct_change_13vs93":-92.4,"pct_change_13vs90":-92.6,"crime":"G.L.A."},{"yr_1990":8043,"yr_1993":7264,"yr_1998":3674,"yr_2001":2776,"yr_2013":1917,"pct_change_13vs01":-30.94,"pct_change_13vs98":-47.82,"pct_change_13vs93":-73.61,"pct_change_13vs90":-76.17,"crime":"TOTAL"}]}