{"mayor":"Bill de Blasio","commissioner":"William J. Bratton","volume":21,"number":29,"precinct":"105th","startDate":"2014-07-14T04:00:00.000Z","endDate":"2014-07-20T04:00:00.000Z","crimes":[{"crime":"Murder","wtd_curr_yr":0,"wtd_prev_yr":0,"wtd_pct_change":null,"twentyeight_day_curr_yr":1,"twentyeight_day_prev_yr":0,"twentyeight_day_pct_change":null,"ytd_curr_yr":5,"ytd_prev_yr":2,"ytd_pct_change":150,"two_year_pct_change":-16.7,"six_year_pct_change":25,"twentytwo_year_pct_change":-58.3},{"crime":"Rape","wtd_curr_yr":0,"wtd_prev_yr":1,"wtd_pct_change":-100,"twentyeight_day_curr_yr":0,"twentyeight_day_prev_yr":2,"twentyeight_day_pct_change":-100,"ytd_curr_yr":10,"ytd_prev_yr":11,"ytd_pct_change":-9.1,"two_year_pct_change":-52.4,"six_year_pct_change":-50,"twentytwo_year_pct_change":-58.3},{"crime":"Robbery","wtd_curr_yr":1,"wtd_prev_yr":7,"wtd_pct_change":-85.7,"twentyeight_day_curr_yr":13,"twentyeight_day_prev_yr":17,"twentyeight_day_pct_change":-23.5,"ytd_curr_yr":111,"ytd_prev_yr":196,"ytd_pct_change":-43.4,"two_year_pct_change":-41.6,"six_year_pct_change":-41.3,"twentytwo_year_pct_change":-79.6},{"crime":"Fel. Assault","wtd_curr_yr":4,"wtd_prev_yr":6,"wtd_pct_change":-33.3,"twentyeight_day_curr_yr":26,"twentyeight_day_prev_yr":24,"twentyeight_day_pct_change":8.3,"ytd_curr_yr":179,"ytd_prev_yr":156,"ytd_pct_change":14.7,"two_year_pct_change":3.5,"six_year_pct_change":27.9,"twentytwo_year_pct_change":-13.1},{"crime":"Burglary","wtd_curr_yr":7,"wtd_prev_yr":13,"wtd_pct_change":-46.2,"twentyeight_day_curr_yr":28,"twentyeight_day_prev_yr":30,"twentyeight_day_pct_change":-6.7,"ytd_curr_yr":163,"ytd_prev_yr":266,"ytd_pct_change":-38.7,"two_year_pct_change":-36.3,"six_year_pct_change":-25.2,"twentytwo_year_pct_change":-81.6},{"crime":"Gr. Larceny","wtd_curr_yr":11,"wtd_prev_yr":10,"wtd_pct_change":10,"twentyeight_day_curr_yr":27,"twentyeight_day_prev_yr":35,"twentyeight_day_pct_change":-22.9,"ytd_curr_yr":261,"ytd_prev_yr":281,"ytd_pct_change":-7.1,"two_year_pct_change":-9.4,"six_year_pct_change":-0.8,"twentytwo_year_pct_change":-21.1},{"crime":"G.L.A.","wtd_curr_yr":10,"wtd_prev_yr":7,"wtd_pct_change":42.9,"twentyeight_day_curr_yr":18,"twentyeight_day_prev_yr":12,"twentyeight_day_pct_change":50,"ytd_curr_yr":124,"ytd_prev_yr":133,"ytd_pct_change":-6.8,"two_year_pct_change":-31.5,"six_year_pct_change":-28.7,"twentytwo_year_pct_change":-93.2},{"crime":"TOTAL","wtd_curr_yr":33,"wtd_prev_yr":44,"wtd_pct_change":-25,"twentyeight_day_curr_yr":113,"twentyeight_day_prev_yr":120,"twentyeight_day_pct_change":-5.83,"ytd_curr_yr":853,"ytd_prev_yr":1045,"ytd_pct_change":-18.37,"two_year_pct_change":-23.5,"six_year_pct_change":-15.38,"twentytwo_year_pct_change":-77.75},{"crime":"Transit","wtd_curr_yr":0,"wtd_prev_yr":0,"wtd_pct_change":null,"twentyeight_day_curr_yr":0,"twentyeight_day_prev_yr":0,"twentyeight_day_pct_change":null,"ytd_curr_yr":0,"ytd_prev_yr":0,"ytd_pct_change":null,"two_year_pct_change":null,"six_year_pct_change":null,"twentytwo_year_pct_change":null},{"crime":"Housing","wtd_curr_yr":0,"wtd_prev_yr":0,"wtd_pct_change":null,"twentyeight_day_curr_yr":0,"twentyeight_day_prev_yr":0,"twentyeight_day_pct_change":null,"ytd_curr_yr":0,"ytd_prev_yr":0,"ytd_pct_change":null,"two_year_pct_change":null,"six_year_pct_change":null,"twentytwo_year_pct_change":null},{"crime":"Petit Larceny","wtd_curr_yr":14,"wtd_prev_yr":12,"wtd_pct_change":16.7,"twentyeight_day_curr_yr":60,"twentyeight_day_prev_yr":49,"twentyeight_day_pct_change":22.4,"ytd_curr_yr":414,"ytd_prev_yr":384,"ytd_pct_change":7.8,"two_year_pct_change":-3.9,"six_year_pct_change":-16.4,"twentytwo_year_pct_change":null},{"crime":"Misd. Assault","wtd_curr_yr":13,"wtd_prev_yr":11,"wtd_pct_change":18.2,"twentyeight_day_curr_yr":53,"twentyeight_day_prev_yr":50,"twentyeight_day_pct_change":6,"ytd_curr_yr":352,"ytd_prev_yr":334,"ytd_pct_change":5.4,"two_year_pct_change":-4.1,"six_year_pct_change":-16.2,"twentytwo_year_pct_change":null},{"crime":"Misd. Sex Crimes","wtd_curr_yr":0,"wtd_prev_yr":0,"wtd_pct_change":null,"twentyeight_day_curr_yr":1,"twentyeight_day_prev_yr":2,"twentyeight_day_pct_change":-50,"ytd_curr_yr":11,"ytd_prev_yr":25,"ytd_pct_change":-56,"two_year_pct_change":-45,"six_year_pct_change":-47.6,"twentytwo_year_pct_change":null},{"crime":"Shooting Vic.","wtd_curr_yr":0,"wtd_prev_yr":1,"wtd_pct_change":-100,"twentyeight_day_curr_yr":2,"twentyeight_day_prev_yr":1,"twentyeight_day_pct_change":100,"ytd_curr_yr":7,"ytd_prev_yr":9,"ytd_pct_change":-22.2,"two_year_pct_change":-66.7,"six_year_pct_change":-50,"twentytwo_year_pct_change":-81.1},{"crime":"Shooting Inc.","wtd_curr_yr":0,"wtd_prev_yr":1,"wtd_pct_change":-100,"twentyeight_day_curr_yr":2,"twentyeight_day_prev_yr":1,"twentyeight_day_pct_change":100,"ytd_curr_yr":6,"ytd_prev_yr":8,"ytd_pct_change":-25,"two_year_pct_change":-64.7,"six_year_pct_change":-53.8,"twentytwo_year_pct_change":-83.3}],"historical":[{"yr_1990":30,"yr_1993":23,"yr_1998":7,"yr_2001":18,"yr_2013":3,"pct_change_13vs01":-83.3,"pct_change_13vs98":-57.1,"pct_change_13vs93":-87,"pct_change_13vs90":-90,"crime":"Murder"},{"yr_1990":56,"yr_1993":41,"yr_1998":52,"yr_2001":35,"yr_2013":18,"pct_change_13vs01":-48.6,"pct_change_13vs98":-65.4,"pct_change_13vs93":-56.1,"pct_change_13vs90":-67.9,"crime":"Rape"},{"yr_1990":1066,"yr_1993":1082,"yr_1998":557,"yr_2001":395,"yr_2013":331,"pct_change_13vs01":-16.2,"pct_change_13vs98":-40.6,"pct_change_13vs93":-69.4,"pct_change_13vs90":-68.9,"crime":"Robbery"},{"yr_1990":459,"yr_1993":409,"yr_1998":400,"yr_2001":329,"yr_2013":313,"pct_change_13vs01":-4.9,"pct_change_13vs98":-21.8,"pct_change_13vs93":-23.5,"pct_change_13vs90":-31.8,"crime":"Fel. Assault"},{"yr_1990":2199,"yr_1993":1640,"yr_1998":854,"yr_2001":630,"yr_2013":469,"pct_change_13vs01":-25.6,"pct_change_13vs98":-45.1,"pct_change_13vs93":-71.4,"pct_change_13vs90":-78.7,"crime":"Burglary"},{"yr_1990":699,"yr_1993":593,"yr_1998":444,"yr_2001":456,"yr_2013":520,"pct_change_13vs01":14,"pct_change_13vs98":17.1,"pct_change_13vs93":-12.3,"pct_change_13vs90":-25.6,"crime":"Gr. Larceny"},{"yr_1990":3534,"yr_1993":3476,"yr_1998":1360,"yr_2001":913,"yr_2013":263,"pct_change_13vs01":-71.2,"pct_change_13vs98":-80.7,"pct_change_13vs93":-92.4,"pct_change_13vs90":-92.6,"crime":"G.L.A."},{"yr_1990":8043,"yr_1993":7264,"yr_1998":3674,"yr_2001":2776,"yr_2013":1917,"pct_change_13vs01":-30.94,"pct_change_13vs98":-47.82,"pct_change_13vs93":-73.61,"pct_change_13vs90":-76.17,"crime":"TOTAL"}]}