{"mayor":"Bill de Blasio","commissioner":"William J. Bratton","volume":21,"number":16,"precinct":"105th","startDate":"2014-04-14T04:00:00.000Z","endDate":"2014-04-20T04:00:00.000Z","crimes":[{"crime":"Murder","wtd_curr_yr":0,"wtd_prev_yr":1,"wtd_pct_change":-100,"twentyeight_day_curr_yr":1,"twentyeight_day_prev_yr":1,"twentyeight_day_pct_change":0,"ytd_curr_yr":2,"ytd_prev_yr":2,"ytd_pct_change":0,"two_year_pct_change":-33.3,"six_year_pct_change":100,"twentytwo_year_pct_change":-66.7},{"crime":"Rape","wtd_curr_yr":1,"wtd_prev_yr":0,"wtd_pct_change":null,"twentyeight_day_curr_yr":1,"twentyeight_day_prev_yr":3,"twentyeight_day_pct_change":-66.7,"ytd_curr_yr":8,"ytd_prev_yr":7,"ytd_pct_change":14.3,"two_year_pct_change":-11.1,"six_year_pct_change":-27.3,"twentytwo_year_pct_change":-38.5},{"crime":"Robbery","wtd_curr_yr":2,"wtd_prev_yr":7,"wtd_pct_change":-71.4,"twentyeight_day_curr_yr":9,"twentyeight_day_prev_yr":21,"twentyeight_day_pct_change":-57.1,"ytd_curr_yr":57,"ytd_prev_yr":118,"ytd_pct_change":-51.7,"two_year_pct_change":-49.6,"six_year_pct_change":-50.9,"twentytwo_year_pct_change":-80.9},{"crime":"Fel. Assault","wtd_curr_yr":4,"wtd_prev_yr":8,"wtd_pct_change":-50,"twentyeight_day_curr_yr":16,"twentyeight_day_prev_yr":15,"twentyeight_day_pct_change":6.7,"ytd_curr_yr":83,"ytd_prev_yr":77,"ytd_pct_change":7.8,"two_year_pct_change":-1.2,"six_year_pct_change":20.3,"twentytwo_year_pct_change":-12.6},{"crime":"Burglary","wtd_curr_yr":10,"wtd_prev_yr":9,"wtd_pct_change":11.1,"twentyeight_day_curr_yr":26,"twentyeight_day_prev_yr":38,"twentyeight_day_pct_change":-31.6,"ytd_curr_yr":83,"ytd_prev_yr":163,"ytd_pct_change":-49.1,"two_year_pct_change":-38.1,"six_year_pct_change":-38.5,"twentytwo_year_pct_change":-82.2},{"crime":"Gr. Larceny","wtd_curr_yr":12,"wtd_prev_yr":9,"wtd_pct_change":33.3,"twentyeight_day_curr_yr":33,"twentyeight_day_prev_yr":28,"twentyeight_day_pct_change":17.9,"ytd_curr_yr":140,"ytd_prev_yr":165,"ytd_pct_change":-15.2,"two_year_pct_change":-11.4,"six_year_pct_change":6.9,"twentytwo_year_pct_change":-11.4},{"crime":"G.L.A.","wtd_curr_yr":8,"wtd_prev_yr":9,"wtd_pct_change":-11.1,"twentyeight_day_curr_yr":22,"twentyeight_day_prev_yr":20,"twentyeight_day_pct_change":10,"ytd_curr_yr":64,"ytd_prev_yr":73,"ytd_pct_change":-12.3,"two_year_pct_change":-36,"six_year_pct_change":-28.1,"twentytwo_year_pct_change":-93.9},{"crime":"TOTAL","wtd_curr_yr":37,"wtd_prev_yr":43,"wtd_pct_change":-13.95,"twentyeight_day_curr_yr":108,"twentyeight_day_prev_yr":126,"twentyeight_day_pct_change":-14.29,"ytd_curr_yr":437,"ytd_prev_yr":605,"ytd_pct_change":-27.77,"two_year_pct_change":-27.29,"six_year_pct_change":-20.83,"twentytwo_year_pct_change":-79.1},{"crime":"Transit","wtd_curr_yr":0,"wtd_prev_yr":0,"wtd_pct_change":null,"twentyeight_day_curr_yr":0,"twentyeight_day_prev_yr":0,"twentyeight_day_pct_change":null,"ytd_curr_yr":0,"ytd_prev_yr":0,"ytd_pct_change":null,"two_year_pct_change":null,"six_year_pct_change":null,"twentytwo_year_pct_change":null},{"crime":"Housing","wtd_curr_yr":0,"wtd_prev_yr":0,"wtd_pct_change":null,"twentyeight_day_curr_yr":0,"twentyeight_day_prev_yr":0,"twentyeight_day_pct_change":null,"ytd_curr_yr":0,"ytd_prev_yr":0,"ytd_pct_change":null,"two_year_pct_change":null,"six_year_pct_change":null,"twentytwo_year_pct_change":null},{"crime":"Petit Larceny","wtd_curr_yr":17,"wtd_prev_yr":10,"wtd_pct_change":70,"twentyeight_day_curr_yr":60,"twentyeight_day_prev_yr":59,"twentyeight_day_pct_change":1.7,"ytd_curr_yr":214,"ytd_prev_yr":212,"ytd_pct_change":0.9,"two_year_pct_change":1.4,"six_year_pct_change":-16.7,"twentytwo_year_pct_change":null},{"crime":"Misd. Assault","wtd_curr_yr":17,"wtd_prev_yr":14,"wtd_pct_change":21.4,"twentyeight_day_curr_yr":45,"twentyeight_day_prev_yr":50,"twentyeight_day_pct_change":-10,"ytd_curr_yr":175,"ytd_prev_yr":158,"ytd_pct_change":10.8,"two_year_pct_change":-1.7,"six_year_pct_change":-21.9,"twentytwo_year_pct_change":null},{"crime":"Misd. Sex Crimes","wtd_curr_yr":1,"wtd_prev_yr":0,"wtd_pct_change":null,"twentyeight_day_curr_yr":3,"twentyeight_day_prev_yr":3,"twentyeight_day_pct_change":0,"ytd_curr_yr":8,"ytd_prev_yr":14,"ytd_pct_change":-42.9,"two_year_pct_change":-27.3,"six_year_pct_change":-20,"twentytwo_year_pct_change":null},{"crime":"Shooting Vic.","wtd_curr_yr":0,"wtd_prev_yr":0,"wtd_pct_change":null,"twentyeight_day_curr_yr":0,"twentyeight_day_prev_yr":0,"twentyeight_day_pct_change":null,"ytd_curr_yr":3,"ytd_prev_yr":6,"ytd_pct_change":-50,"two_year_pct_change":-80,"six_year_pct_change":-25,"twentytwo_year_pct_change":-81.2},{"crime":"Shooting Inc.","wtd_curr_yr":0,"wtd_prev_yr":0,"wtd_pct_change":null,"twentyeight_day_curr_yr":0,"twentyeight_day_prev_yr":0,"twentyeight_day_pct_change":null,"ytd_curr_yr":3,"ytd_prev_yr":5,"ytd_pct_change":-40,"two_year_pct_change":-76.9,"six_year_pct_change":-25,"twentytwo_year_pct_change":-80}],"historical":[{"yr_1990":30,"yr_1993":23,"yr_1998":7,"yr_2001":18,"yr_2013":3,"pct_change_13vs01":-83.3,"pct_change_13vs98":-57.1,"pct_change_13vs93":-87,"pct_change_13vs90":-90,"crime":"Murder"},{"yr_1990":56,"yr_1993":41,"yr_1998":52,"yr_2001":35,"yr_2013":18,"pct_change_13vs01":-48.6,"pct_change_13vs98":-65.4,"pct_change_13vs93":-56.1,"pct_change_13vs90":-67.9,"crime":"Rape"},{"yr_1990":1066,"yr_1993":1082,"yr_1998":557,"yr_2001":395,"yr_2013":331,"pct_change_13vs01":-16.2,"pct_change_13vs98":-40.6,"pct_change_13vs93":-69.4,"pct_change_13vs90":-68.9,"crime":"Robbery"},{"yr_1990":459,"yr_1993":409,"yr_1998":400,"yr_2001":329,"yr_2013":313,"pct_change_13vs01":-4.9,"pct_change_13vs98":-21.8,"pct_change_13vs93":-23.5,"pct_change_13vs90":-31.8,"crime":"Fel. Assault"},{"yr_1990":2199,"yr_1993":1640,"yr_1998":854,"yr_2001":630,"yr_2013":469,"pct_change_13vs01":-25.6,"pct_change_13vs98":-45.1,"pct_change_13vs93":-71.4,"pct_change_13vs90":-78.7,"crime":"Burglary"},{"yr_1990":699,"yr_1993":593,"yr_1998":444,"yr_2001":456,"yr_2013":520,"pct_change_13vs01":14,"pct_change_13vs98":17.1,"pct_change_13vs93":-12.3,"pct_change_13vs90":-25.6,"crime":"Gr. Larceny"},{"yr_1990":3534,"yr_1993":3476,"yr_1998":1360,"yr_2001":913,"yr_2013":263,"pct_change_13vs01":-71.2,"pct_change_13vs98":-80.7,"pct_change_13vs93":-92.4,"pct_change_13vs90":-92.6,"crime":"G.L.A."},{"yr_1990":8043,"yr_1993":7264,"yr_1998":3674,"yr_2001":2776,"yr_2013":1917,"pct_change_13vs01":-30.94,"pct_change_13vs98":-47.82,"pct_change_13vs93":-73.61,"pct_change_13vs90":-76.17,"crime":"TOTAL"}]}