{"mayor":"Bill de Blasio","commissioner":"William J. Bratton","volume":21,"number":22,"precinct":"100th","startDate":"2014-05-26T04:00:00.000Z","endDate":"2014-06-01T04:00:00.000Z","crimes":[{"crime":"Murder","wtd_curr_yr":0,"wtd_prev_yr":0,"wtd_pct_change":null,"twentyeight_day_curr_yr":0,"twentyeight_day_prev_yr":1,"twentyeight_day_pct_change":-100,"ytd_curr_yr":1,"ytd_prev_yr":1,"ytd_pct_change":0,"two_year_pct_change":null,"six_year_pct_change":-50,"twentytwo_year_pct_change":-75},{"crime":"Rape","wtd_curr_yr":0,"wtd_prev_yr":0,"wtd_pct_change":null,"twentyeight_day_curr_yr":1,"twentyeight_day_prev_yr":1,"twentyeight_day_pct_change":0,"ytd_curr_yr":2,"ytd_prev_yr":1,"ytd_pct_change":100,"two_year_pct_change":0,"six_year_pct_change":0,"twentytwo_year_pct_change":-60},{"crime":"Robbery","wtd_curr_yr":0,"wtd_prev_yr":4,"wtd_pct_change":-100,"twentyeight_day_curr_yr":1,"twentyeight_day_prev_yr":5,"twentyeight_day_pct_change":-80,"ytd_curr_yr":24,"ytd_prev_yr":22,"ytd_pct_change":9.1,"two_year_pct_change":20,"six_year_pct_change":33.3,"twentytwo_year_pct_change":-78.2},{"crime":"Fel. Assault","wtd_curr_yr":1,"wtd_prev_yr":5,"wtd_pct_change":-80,"twentyeight_day_curr_yr":10,"twentyeight_day_prev_yr":11,"twentyeight_day_pct_change":-9.1,"ytd_curr_yr":46,"ytd_prev_yr":62,"ytd_pct_change":-25.8,"two_year_pct_change":-8,"six_year_pct_change":53.3,"twentytwo_year_pct_change":-43.2},{"crime":"Burglary","wtd_curr_yr":3,"wtd_prev_yr":1,"wtd_pct_change":200,"twentyeight_day_curr_yr":7,"twentyeight_day_prev_yr":6,"twentyeight_day_pct_change":16.7,"ytd_curr_yr":37,"ytd_prev_yr":74,"ytd_pct_change":-50,"two_year_pct_change":-11.9,"six_year_pct_change":85,"twentytwo_year_pct_change":-81.9},{"crime":"Gr. Larceny","wtd_curr_yr":7,"wtd_prev_yr":5,"wtd_pct_change":40,"twentyeight_day_curr_yr":17,"twentyeight_day_prev_yr":7,"twentyeight_day_pct_change":142.9,"ytd_curr_yr":62,"ytd_prev_yr":45,"ytd_pct_change":37.8,"two_year_pct_change":-10.1,"six_year_pct_change":87.9,"twentytwo_year_pct_change":-1.6},{"crime":"G.L.A.","wtd_curr_yr":2,"wtd_prev_yr":0,"wtd_pct_change":null,"twentyeight_day_curr_yr":6,"twentyeight_day_prev_yr":1,"twentyeight_day_pct_change":500,"ytd_curr_yr":17,"ytd_prev_yr":5,"ytd_pct_change":240,"two_year_pct_change":30.8,"six_year_pct_change":112.5,"twentytwo_year_pct_change":-88.2},{"crime":"TOTAL","wtd_curr_yr":13,"wtd_prev_yr":15,"wtd_pct_change":-13.33,"twentyeight_day_curr_yr":42,"twentyeight_day_prev_yr":32,"twentyeight_day_pct_change":31.25,"ytd_curr_yr":189,"ytd_prev_yr":210,"ytd_pct_change":-10,"two_year_pct_change":-3.57,"six_year_pct_change":67.26,"twentytwo_year_pct_change":-69.07},{"crime":"Transit","wtd_curr_yr":0,"wtd_prev_yr":1,"wtd_pct_change":-100,"twentyeight_day_curr_yr":0,"twentyeight_day_prev_yr":2,"twentyeight_day_pct_change":-100,"ytd_curr_yr":4,"ytd_prev_yr":4,"ytd_pct_change":0,"two_year_pct_change":0,"six_year_pct_change":-55.6,"twentytwo_year_pct_change":null},{"crime":"Housing","wtd_curr_yr":0,"wtd_prev_yr":2,"wtd_pct_change":-100,"twentyeight_day_curr_yr":1,"twentyeight_day_prev_yr":6,"twentyeight_day_pct_change":-83.3,"ytd_curr_yr":12,"ytd_prev_yr":17,"ytd_pct_change":-29.4,"two_year_pct_change":20,"six_year_pct_change":50,"twentytwo_year_pct_change":null},{"crime":"Petit Larceny","wtd_curr_yr":14,"wtd_prev_yr":6,"wtd_pct_change":133.3,"twentyeight_day_curr_yr":57,"twentyeight_day_prev_yr":19,"twentyeight_day_pct_change":200,"ytd_curr_yr":147,"ytd_prev_yr":105,"ytd_pct_change":40,"two_year_pct_change":27.8,"six_year_pct_change":48.5,"twentytwo_year_pct_change":null},{"crime":"Misd. Assault","wtd_curr_yr":9,"wtd_prev_yr":7,"wtd_pct_change":28.6,"twentyeight_day_curr_yr":28,"twentyeight_day_prev_yr":27,"twentyeight_day_pct_change":3.7,"ytd_curr_yr":107,"ytd_prev_yr":109,"ytd_pct_change":-1.8,"two_year_pct_change":-0.9,"six_year_pct_change":-18.3,"twentytwo_year_pct_change":null},{"crime":"Misd. Sex Crimes","wtd_curr_yr":0,"wtd_prev_yr":0,"wtd_pct_change":null,"twentyeight_day_curr_yr":0,"twentyeight_day_prev_yr":0,"twentyeight_day_pct_change":null,"ytd_curr_yr":3,"ytd_prev_yr":2,"ytd_pct_change":50,"two_year_pct_change":-40,"six_year_pct_change":-25,"twentytwo_year_pct_change":null},{"crime":"Shooting Vic.","wtd_curr_yr":0,"wtd_prev_yr":3,"wtd_pct_change":-100,"twentyeight_day_curr_yr":1,"twentyeight_day_prev_yr":3,"twentyeight_day_pct_change":-66.7,"ytd_curr_yr":5,"ytd_prev_yr":6,"ytd_pct_change":-16.7,"two_year_pct_change":150,"six_year_pct_change":66.7,"twentytwo_year_pct_change":0},{"crime":"Shooting Inc.","wtd_curr_yr":0,"wtd_prev_yr":2,"wtd_pct_change":-100,"twentyeight_day_curr_yr":1,"twentyeight_day_prev_yr":2,"twentyeight_day_pct_change":-50,"ytd_curr_yr":5,"ytd_prev_yr":5,"ytd_pct_change":0,"two_year_pct_change":150,"six_year_pct_change":66.7,"twentytwo_year_pct_change":25}],"historical":[{"yr_1990":7,"yr_1993":5,"yr_1998":0,"yr_2001":1,"yr_2013":3,"pct_change_13vs01":200,"pct_change_13vs98":null,"pct_change_13vs93":-40,"pct_change_13vs90":-57.1,"crime":"Murder"},{"yr_1990":8,"yr_1993":13,"yr_1998":11,"yr_2001":10,"yr_2013":3,"pct_change_13vs01":-70,"pct_change_13vs98":-72.7,"pct_change_13vs93":-76.9,"pct_change_13vs90":-62.5,"crime":"Rape"},{"yr_1990":279,"yr_1993":278,"yr_1998":133,"yr_2001":63,"yr_2013":61,"pct_change_13vs01":-3.2,"pct_change_13vs98":-54.1,"pct_change_13vs93":-78.1,"pct_change_13vs90":-78.1,"crime":"Robbery"},{"yr_1990":242,"yr_1993":212,"yr_1998":142,"yr_2001":93,"yr_2013":147,"pct_change_13vs01":58.1,"pct_change_13vs98":3.5,"pct_change_13vs93":-30.7,"pct_change_13vs90":-39.3,"crime":"Fel. Assault"},{"yr_1990":426,"yr_1993":432,"yr_1998":177,"yr_2001":115,"yr_2013":151,"pct_change_13vs01":31.3,"pct_change_13vs98":-14.7,"pct_change_13vs93":-65,"pct_change_13vs90":-64.6,"crime":"Burglary"},{"yr_1990":202,"yr_1993":194,"yr_1998":115,"yr_2001":94,"yr_2013":173,"pct_change_13vs01":84,"pct_change_13vs98":50.4,"pct_change_13vs93":-10.8,"pct_change_13vs90":-14.4,"crime":"Gr. Larceny"},{"yr_1990":417,"yr_1993":310,"yr_1998":88,"yr_2001":71,"yr_2013":20,"pct_change_13vs01":-71.8,"pct_change_13vs98":-77.3,"pct_change_13vs93":-93.5,"pct_change_13vs90":-95.2,"crime":"G.L.A."},{"yr_1990":1581,"yr_1993":1444,"yr_1998":666,"yr_2001":447,"yr_2013":558,"pct_change_13vs01":24.83,"pct_change_13vs98":-16.22,"pct_change_13vs93":-61.36,"pct_change_13vs90":-64.71,"crime":"TOTAL"}]}