{"mayor":"Bill de Blasio","commissioner":"William J. Bratton","volume":21,"number":22,"precinct":"102nd","startDate":"2014-05-26T04:00:00.000Z","endDate":"2014-06-01T04:00:00.000Z","crimes":[{"crime":"Murder","wtd_curr_yr":0,"wtd_prev_yr":0,"wtd_pct_change":null,"twentyeight_day_curr_yr":0,"twentyeight_day_prev_yr":0,"twentyeight_day_pct_change":null,"ytd_curr_yr":1,"ytd_prev_yr":5,"ytd_pct_change":-80,"two_year_pct_change":0,"six_year_pct_change":-66.7,"twentytwo_year_pct_change":-75},{"crime":"Rape","wtd_curr_yr":0,"wtd_prev_yr":0,"wtd_pct_change":null,"twentyeight_day_curr_yr":0,"twentyeight_day_prev_yr":1,"twentyeight_day_pct_change":-100,"ytd_curr_yr":9,"ytd_prev_yr":10,"ytd_pct_change":-10,"two_year_pct_change":-10,"six_year_pct_change":50,"twentytwo_year_pct_change":-30.8},{"crime":"Robbery","wtd_curr_yr":1,"wtd_prev_yr":8,"wtd_pct_change":-87.5,"twentyeight_day_curr_yr":22,"twentyeight_day_prev_yr":32,"twentyeight_day_pct_change":-31.2,"ytd_curr_yr":108,"ytd_prev_yr":117,"ytd_pct_change":-7.7,"two_year_pct_change":-8.5,"six_year_pct_change":13.7,"twentytwo_year_pct_change":-77.1},{"crime":"Fel. Assault","wtd_curr_yr":5,"wtd_prev_yr":4,"wtd_pct_change":25,"twentyeight_day_curr_yr":19,"twentyeight_day_prev_yr":14,"twentyeight_day_pct_change":35.7,"ytd_curr_yr":97,"ytd_prev_yr":114,"ytd_pct_change":-14.9,"two_year_pct_change":5.4,"six_year_pct_change":27.6,"twentytwo_year_pct_change":-32.2},{"crime":"Burglary","wtd_curr_yr":5,"wtd_prev_yr":5,"wtd_pct_change":0,"twentyeight_day_curr_yr":25,"twentyeight_day_prev_yr":15,"twentyeight_day_pct_change":66.7,"ytd_curr_yr":129,"ytd_prev_yr":111,"ytd_pct_change":16.2,"two_year_pct_change":16.2,"six_year_pct_change":7.5,"twentytwo_year_pct_change":-76.9},{"crime":"Gr. Larceny","wtd_curr_yr":11,"wtd_prev_yr":8,"wtd_pct_change":37.5,"twentyeight_day_curr_yr":44,"twentyeight_day_prev_yr":35,"twentyeight_day_pct_change":25.7,"ytd_curr_yr":240,"ytd_prev_yr":164,"ytd_pct_change":46.3,"two_year_pct_change":45.5,"six_year_pct_change":36.4,"twentytwo_year_pct_change":5.3},{"crime":"G.L.A.","wtd_curr_yr":3,"wtd_prev_yr":8,"wtd_pct_change":-62.5,"twentyeight_day_curr_yr":18,"twentyeight_day_prev_yr":24,"twentyeight_day_pct_change":-25,"ytd_curr_yr":95,"ytd_prev_yr":90,"ytd_pct_change":5.6,"two_year_pct_change":14.5,"six_year_pct_change":1.1,"twentytwo_year_pct_change":-93.6},{"crime":"TOTAL","wtd_curr_yr":25,"wtd_prev_yr":33,"wtd_pct_change":-24.24,"twentyeight_day_curr_yr":128,"twentyeight_day_prev_yr":121,"twentyeight_day_pct_change":5.79,"ytd_curr_yr":679,"ytd_prev_yr":611,"ytd_pct_change":11.13,"two_year_pct_change":17.07,"six_year_pct_change":19.12,"twentytwo_year_pct_change":-76.67},{"crime":"Transit","wtd_curr_yr":0,"wtd_prev_yr":0,"wtd_pct_change":null,"twentyeight_day_curr_yr":0,"twentyeight_day_prev_yr":1,"twentyeight_day_pct_change":-100,"ytd_curr_yr":11,"ytd_prev_yr":5,"ytd_pct_change":120,"two_year_pct_change":10,"six_year_pct_change":37.5,"twentytwo_year_pct_change":null},{"crime":"Housing","wtd_curr_yr":0,"wtd_prev_yr":0,"wtd_pct_change":null,"twentyeight_day_curr_yr":0,"twentyeight_day_prev_yr":0,"twentyeight_day_pct_change":null,"ytd_curr_yr":0,"ytd_prev_yr":0,"ytd_pct_change":null,"two_year_pct_change":null,"six_year_pct_change":null,"twentytwo_year_pct_change":null},{"crime":"Petit Larceny","wtd_curr_yr":15,"wtd_prev_yr":13,"wtd_pct_change":15.4,"twentyeight_day_curr_yr":82,"twentyeight_day_prev_yr":73,"twentyeight_day_pct_change":12.3,"ytd_curr_yr":423,"ytd_prev_yr":350,"ytd_pct_change":20.9,"two_year_pct_change":20.9,"six_year_pct_change":19.5,"twentytwo_year_pct_change":null},{"crime":"Misd. Assault","wtd_curr_yr":5,"wtd_prev_yr":9,"wtd_pct_change":-44.4,"twentyeight_day_curr_yr":41,"twentyeight_day_prev_yr":53,"twentyeight_day_pct_change":-22.6,"ytd_curr_yr":230,"ytd_prev_yr":222,"ytd_pct_change":3.6,"two_year_pct_change":-9.8,"six_year_pct_change":-3,"twentytwo_year_pct_change":null},{"crime":"Misd. Sex Crimes","wtd_curr_yr":1,"wtd_prev_yr":1,"wtd_pct_change":0,"twentyeight_day_curr_yr":2,"twentyeight_day_prev_yr":2,"twentyeight_day_pct_change":0,"ytd_curr_yr":13,"ytd_prev_yr":5,"ytd_pct_change":160,"two_year_pct_change":44.4,"six_year_pct_change":44.4,"twentytwo_year_pct_change":null},{"crime":"Shooting Vic.","wtd_curr_yr":1,"wtd_prev_yr":1,"wtd_pct_change":0,"twentyeight_day_curr_yr":1,"twentyeight_day_prev_yr":1,"twentyeight_day_pct_change":0,"ytd_curr_yr":4,"ytd_prev_yr":5,"ytd_pct_change":-20,"two_year_pct_change":100,"six_year_pct_change":-33.3,"twentytwo_year_pct_change":-73.3},{"crime":"Shooting Inc.","wtd_curr_yr":1,"wtd_prev_yr":1,"wtd_pct_change":0,"twentyeight_day_curr_yr":1,"twentyeight_day_prev_yr":1,"twentyeight_day_pct_change":0,"ytd_curr_yr":4,"ytd_prev_yr":5,"ytd_pct_change":-20,"two_year_pct_change":100,"six_year_pct_change":-33.3,"twentytwo_year_pct_change":-63.6}],"historical":[{"yr_1990":6,"yr_1993":12,"yr_1998":3,"yr_2001":2,"yr_2013":7,"pct_change_13vs01":250,"pct_change_13vs98":133.3,"pct_change_13vs93":-41.7,"pct_change_13vs90":16.7,"crime":"Murder"},{"yr_1990":29,"yr_1993":34,"yr_1998":23,"yr_2001":21,"yr_2013":24,"pct_change_13vs01":14.3,"pct_change_13vs98":4.3,"pct_change_13vs93":-29.4,"pct_change_13vs90":-17.2,"crime":"Rape"},{"yr_1990":1067,"yr_1993":1238,"yr_1998":672,"yr_2001":459,"yr_2013":311,"pct_change_13vs01":-32.2,"pct_change_13vs98":-53.7,"pct_change_13vs93":-74.9,"pct_change_13vs90":-70.9,"crime":"Robbery"},{"yr_1990":345,"yr_1993":362,"yr_1998":440,"yr_2001":309,"yr_2013":327,"pct_change_13vs01":5.8,"pct_change_13vs98":-25.7,"pct_change_13vs93":-9.7,"pct_change_13vs90":-5.2,"crime":"Fel. Assault"},{"yr_1990":1847,"yr_1993":1503,"yr_1998":965,"yr_2001":622,"yr_2013":288,"pct_change_13vs01":-53.7,"pct_change_13vs98":-70.2,"pct_change_13vs93":-80.8,"pct_change_13vs90":-84.4,"crime":"Burglary"},{"yr_1990":721,"yr_1993":583,"yr_1998":538,"yr_2001":378,"yr_2013":490,"pct_change_13vs01":29.6,"pct_change_13vs98":-8.9,"pct_change_13vs93":-16,"pct_change_13vs90":-32,"crime":"Gr. Larceny"},{"yr_1990":4145,"yr_1993":3495,"yr_1998":1303,"yr_2001":803,"yr_2013":252,"pct_change_13vs01":-68.6,"pct_change_13vs98":-80.7,"pct_change_13vs93":-92.8,"pct_change_13vs90":-93.9,"crime":"G.L.A."},{"yr_1990":8160,"yr_1993":7227,"yr_1998":3944,"yr_2001":2594,"yr_2013":1699,"pct_change_13vs01":-34.5,"pct_change_13vs98":-56.92,"pct_change_13vs93":-76.49,"pct_change_13vs90":-79.18,"crime":"TOTAL"}]}