{"mayor":"Bill de Blasio","commissioner":"William J. Bratton","volume":21,"number":24,"precinct":"102nd","startDate":"2014-06-09T04:00:00.000Z","endDate":"2014-06-15T04:00:00.000Z","crimes":[{"crime":"Murder","wtd_curr_yr":0,"wtd_prev_yr":0,"wtd_pct_change":null,"twentyeight_day_curr_yr":0,"twentyeight_day_prev_yr":0,"twentyeight_day_pct_change":null,"ytd_curr_yr":1,"ytd_prev_yr":5,"ytd_pct_change":-80,"two_year_pct_change":0,"six_year_pct_change":-75,"twentytwo_year_pct_change":-75},{"crime":"Rape","wtd_curr_yr":0,"wtd_prev_yr":0,"wtd_pct_change":null,"twentyeight_day_curr_yr":2,"twentyeight_day_prev_yr":2,"twentyeight_day_pct_change":0,"ytd_curr_yr":11,"ytd_prev_yr":12,"ytd_pct_change":-8.3,"two_year_pct_change":10,"six_year_pct_change":10,"twentytwo_year_pct_change":-31.2},{"crime":"Robbery","wtd_curr_yr":4,"wtd_prev_yr":5,"wtd_pct_change":-20,"twentyeight_day_curr_yr":16,"twentyeight_day_prev_yr":29,"twentyeight_day_pct_change":-44.8,"ytd_curr_yr":116,"ytd_prev_yr":126,"ytd_pct_change":-7.9,"two_year_pct_change":-6.5,"six_year_pct_change":9.4,"twentytwo_year_pct_change":-77.5},{"crime":"Fel. Assault","wtd_curr_yr":2,"wtd_prev_yr":7,"wtd_pct_change":-71.4,"twentyeight_day_curr_yr":20,"twentyeight_day_prev_yr":24,"twentyeight_day_pct_change":-16.7,"ytd_curr_yr":109,"ytd_prev_yr":129,"ytd_pct_change":-15.5,"two_year_pct_change":7.9,"six_year_pct_change":17.2,"twentytwo_year_pct_change":-30.1},{"crime":"Burglary","wtd_curr_yr":11,"wtd_prev_yr":5,"wtd_pct_change":120,"twentyeight_day_curr_yr":24,"twentyeight_day_prev_yr":18,"twentyeight_day_pct_change":33.3,"ytd_curr_yr":144,"ytd_prev_yr":120,"ytd_pct_change":20,"two_year_pct_change":14.3,"six_year_pct_change":10.8,"twentytwo_year_pct_change":-76.8},{"crime":"Gr. Larceny","wtd_curr_yr":17,"wtd_prev_yr":9,"wtd_pct_change":88.9,"twentyeight_day_curr_yr":48,"twentyeight_day_prev_yr":35,"twentyeight_day_pct_change":37.1,"ytd_curr_yr":263,"ytd_prev_yr":182,"ytd_pct_change":44.5,"two_year_pct_change":45.3,"six_year_pct_change":37,"twentytwo_year_pct_change":6.9},{"crime":"G.L.A.","wtd_curr_yr":5,"wtd_prev_yr":4,"wtd_pct_change":25,"twentyeight_day_curr_yr":14,"twentyeight_day_prev_yr":18,"twentyeight_day_pct_change":-22.2,"ytd_curr_yr":102,"ytd_prev_yr":98,"ytd_pct_change":4.1,"two_year_pct_change":15.9,"six_year_pct_change":-1,"twentytwo_year_pct_change":-93.7},{"crime":"TOTAL","wtd_curr_yr":39,"wtd_prev_yr":30,"wtd_pct_change":30,"twentyeight_day_curr_yr":124,"twentyeight_day_prev_yr":126,"twentyeight_day_pct_change":-1.59,"ytd_curr_yr":746,"ytd_prev_yr":672,"ytd_pct_change":11.01,"two_year_pct_change":18.23,"six_year_pct_change":16.93,"twentytwo_year_pct_change":-76.47},{"crime":"Transit","wtd_curr_yr":0,"wtd_prev_yr":0,"wtd_pct_change":null,"twentyeight_day_curr_yr":0,"twentyeight_day_prev_yr":1,"twentyeight_day_pct_change":-100,"ytd_curr_yr":11,"ytd_prev_yr":5,"ytd_pct_change":120,"two_year_pct_change":10,"six_year_pct_change":10,"twentytwo_year_pct_change":null},{"crime":"Housing","wtd_curr_yr":0,"wtd_prev_yr":0,"wtd_pct_change":null,"twentyeight_day_curr_yr":0,"twentyeight_day_prev_yr":0,"twentyeight_day_pct_change":null,"ytd_curr_yr":0,"ytd_prev_yr":0,"ytd_pct_change":null,"two_year_pct_change":null,"six_year_pct_change":null,"twentytwo_year_pct_change":null},{"crime":"Petit Larceny","wtd_curr_yr":25,"wtd_prev_yr":10,"wtd_pct_change":150,"twentyeight_day_curr_yr":85,"twentyeight_day_prev_yr":61,"twentyeight_day_pct_change":39.3,"ytd_curr_yr":470,"ytd_prev_yr":381,"ytd_pct_change":23.4,"two_year_pct_change":18.4,"six_year_pct_change":23.7,"twentytwo_year_pct_change":null},{"crime":"Misd. Assault","wtd_curr_yr":10,"wtd_prev_yr":11,"wtd_pct_change":-9.1,"twentyeight_day_curr_yr":37,"twentyeight_day_prev_yr":45,"twentyeight_day_pct_change":-17.8,"ytd_curr_yr":251,"ytd_prev_yr":244,"ytd_pct_change":2.9,"two_year_pct_change":-10.4,"six_year_pct_change":-4.9,"twentytwo_year_pct_change":null},{"crime":"Misd. Sex Crimes","wtd_curr_yr":1,"wtd_prev_yr":1,"wtd_pct_change":0,"twentyeight_day_curr_yr":4,"twentyeight_day_prev_yr":3,"twentyeight_day_pct_change":33.3,"ytd_curr_yr":15,"ytd_prev_yr":7,"ytd_pct_change":114.3,"two_year_pct_change":66.7,"six_year_pct_change":36.4,"twentytwo_year_pct_change":null},{"crime":"Shooting Vic.","wtd_curr_yr":0,"wtd_prev_yr":1,"wtd_pct_change":-100,"twentyeight_day_curr_yr":1,"twentyeight_day_prev_yr":2,"twentyeight_day_pct_change":-50,"ytd_curr_yr":4,"ytd_prev_yr":6,"ytd_pct_change":-33.3,"two_year_pct_change":100,"six_year_pct_change":-33.3,"twentytwo_year_pct_change":-73.3},{"crime":"Shooting Inc.","wtd_curr_yr":0,"wtd_prev_yr":1,"wtd_pct_change":-100,"twentyeight_day_curr_yr":1,"twentyeight_day_prev_yr":2,"twentyeight_day_pct_change":-50,"ytd_curr_yr":4,"ytd_prev_yr":6,"ytd_pct_change":-33.3,"two_year_pct_change":100,"six_year_pct_change":-33.3,"twentytwo_year_pct_change":-63.6}],"historical":[{"yr_1990":6,"yr_1993":12,"yr_1998":3,"yr_2001":2,"yr_2013":7,"pct_change_13vs01":250,"pct_change_13vs98":133.3,"pct_change_13vs93":-41.7,"pct_change_13vs90":16.7,"crime":"Murder"},{"yr_1990":29,"yr_1993":34,"yr_1998":23,"yr_2001":21,"yr_2013":24,"pct_change_13vs01":14.3,"pct_change_13vs98":4.3,"pct_change_13vs93":-29.4,"pct_change_13vs90":-17.2,"crime":"Rape"},{"yr_1990":1067,"yr_1993":1238,"yr_1998":672,"yr_2001":459,"yr_2013":311,"pct_change_13vs01":-32.2,"pct_change_13vs98":-53.7,"pct_change_13vs93":-74.9,"pct_change_13vs90":-70.9,"crime":"Robbery"},{"yr_1990":345,"yr_1993":362,"yr_1998":440,"yr_2001":309,"yr_2013":327,"pct_change_13vs01":5.8,"pct_change_13vs98":-25.7,"pct_change_13vs93":-9.7,"pct_change_13vs90":-5.2,"crime":"Fel. Assault"},{"yr_1990":1847,"yr_1993":1503,"yr_1998":965,"yr_2001":622,"yr_2013":288,"pct_change_13vs01":-53.7,"pct_change_13vs98":-70.2,"pct_change_13vs93":-80.8,"pct_change_13vs90":-84.4,"crime":"Burglary"},{"yr_1990":721,"yr_1993":583,"yr_1998":538,"yr_2001":378,"yr_2013":490,"pct_change_13vs01":29.6,"pct_change_13vs98":-8.9,"pct_change_13vs93":-16,"pct_change_13vs90":-32,"crime":"Gr. Larceny"},{"yr_1990":4145,"yr_1993":3495,"yr_1998":1303,"yr_2001":803,"yr_2013":252,"pct_change_13vs01":-68.6,"pct_change_13vs98":-80.7,"pct_change_13vs93":-92.8,"pct_change_13vs90":-93.9,"crime":"G.L.A."},{"yr_1990":8160,"yr_1993":7227,"yr_1998":3944,"yr_2001":2594,"yr_2013":1699,"pct_change_13vs01":-34.5,"pct_change_13vs98":-56.92,"pct_change_13vs93":-76.49,"pct_change_13vs90":-79.18,"crime":"TOTAL"}]}