{"mayor":"Bill de Blasio","commissioner":"William J. Bratton","volume":21,"number":1,"precinct":"103rd","startDate":"2013-12-30T05:00:00.000Z","endDate":"2014-01-05T05:00:00.000Z","crimes":[{"crime":"Murder","wtd_curr_yr":0,"wtd_prev_yr":1,"wtd_pct_change":-100,"twentyeight_day_curr_yr":0,"twentyeight_day_prev_yr":1,"twentyeight_day_pct_change":-100,"ytd_curr_yr":0,"ytd_prev_yr":1,"ytd_pct_change":-100,"two_year_pct_change":null,"six_year_pct_change":-100,"twentytwo_year_pct_change":null},{"crime":"Rape","wtd_curr_yr":0,"wtd_prev_yr":0,"wtd_pct_change":null,"twentyeight_day_curr_yr":1,"twentyeight_day_prev_yr":4,"twentyeight_day_pct_change":-75,"ytd_curr_yr":0,"ytd_prev_yr":0,"ytd_pct_change":null,"two_year_pct_change":null,"six_year_pct_change":null,"twentytwo_year_pct_change":-100},{"crime":"Robbery","wtd_curr_yr":5,"wtd_prev_yr":10,"wtd_pct_change":-50,"twentyeight_day_curr_yr":25,"twentyeight_day_prev_yr":38,"twentyeight_day_pct_change":-34.2,"ytd_curr_yr":2,"ytd_prev_yr":8,"ytd_pct_change":-75,"two_year_pct_change":-50,"six_year_pct_change":-33.3,"twentytwo_year_pct_change":-91.7},{"crime":"Fel. Assault","wtd_curr_yr":1,"wtd_prev_yr":5,"wtd_pct_change":-80,"twentyeight_day_curr_yr":26,"twentyeight_day_prev_yr":24,"twentyeight_day_pct_change":8.3,"ytd_curr_yr":0,"ytd_prev_yr":3,"ytd_pct_change":-100,"two_year_pct_change":-100,"six_year_pct_change":-100,"twentytwo_year_pct_change":-100},{"crime":"Burglary","wtd_curr_yr":2,"wtd_prev_yr":6,"wtd_pct_change":-66.7,"twentyeight_day_curr_yr":18,"twentyeight_day_prev_yr":18,"twentyeight_day_pct_change":0,"ytd_curr_yr":2,"ytd_prev_yr":5,"ytd_pct_change":-60,"two_year_pct_change":100,"six_year_pct_change":-71.4,"twentytwo_year_pct_change":-90},{"crime":"Gr. Larceny","wtd_curr_yr":10,"wtd_prev_yr":9,"wtd_pct_change":11.1,"twentyeight_day_curr_yr":37,"twentyeight_day_prev_yr":44,"twentyeight_day_pct_change":-15.9,"ytd_curr_yr":5,"ytd_prev_yr":6,"ytd_pct_change":-16.7,"two_year_pct_change":-28.6,"six_year_pct_change":-16.7,"twentytwo_year_pct_change":-58.3},{"crime":"G.L.A.","wtd_curr_yr":2,"wtd_prev_yr":2,"wtd_pct_change":0,"twentyeight_day_curr_yr":13,"twentyeight_day_prev_yr":8,"twentyeight_day_pct_change":62.5,"ytd_curr_yr":0,"ytd_prev_yr":0,"ytd_pct_change":null,"two_year_pct_change":-100,"six_year_pct_change":-100,"twentytwo_year_pct_change":-100},{"crime":"TOTAL","wtd_curr_yr":20,"wtd_prev_yr":33,"wtd_pct_change":-39.39,"twentyeight_day_curr_yr":120,"twentyeight_day_prev_yr":137,"twentyeight_day_pct_change":-12.41,"ytd_curr_yr":9,"ytd_prev_yr":23,"ytd_pct_change":-60.87,"two_year_pct_change":-47.06,"six_year_pct_change":-66.67,"twentytwo_year_pct_change":-89.41},{"crime":"Petit Larceny","wtd_curr_yr":18,"wtd_prev_yr":13,"wtd_pct_change":38.5,"twentyeight_day_curr_yr":67,"twentyeight_day_prev_yr":69,"twentyeight_day_pct_change":-2.9,"ytd_curr_yr":9,"ytd_prev_yr":9,"ytd_pct_change":0,"two_year_pct_change":-18.2,"six_year_pct_change":null,"twentytwo_year_pct_change":null},{"crime":"Misd. Assault","wtd_curr_yr":15,"wtd_prev_yr":20,"wtd_pct_change":-25,"twentyeight_day_curr_yr":70,"twentyeight_day_prev_yr":55,"twentyeight_day_pct_change":27.3,"ytd_curr_yr":14,"ytd_prev_yr":14,"ytd_pct_change":0,"two_year_pct_change":75,"six_year_pct_change":null,"twentytwo_year_pct_change":null},{"crime":"Misd. Sex Crimes","wtd_curr_yr":0,"wtd_prev_yr":0,"wtd_pct_change":null,"twentyeight_day_curr_yr":3,"twentyeight_day_prev_yr":0,"twentyeight_day_pct_change":null,"ytd_curr_yr":0,"ytd_prev_yr":0,"ytd_pct_change":null,"two_year_pct_change":-100,"six_year_pct_change":null,"twentytwo_year_pct_change":null},{"crime":"Shooting Vic.","wtd_curr_yr":0,"wtd_prev_yr":2,"wtd_pct_change":-100,"twentyeight_day_curr_yr":1,"twentyeight_day_prev_yr":5,"twentyeight_day_pct_change":-80,"ytd_curr_yr":0,"ytd_prev_yr":2,"ytd_pct_change":-100,"two_year_pct_change":-100,"six_year_pct_change":-100,"twentytwo_year_pct_change":-100},{"crime":"Shooting Inc.","wtd_curr_yr":0,"wtd_prev_yr":1,"wtd_pct_change":-100,"twentyeight_day_curr_yr":1,"twentyeight_day_prev_yr":4,"twentyeight_day_pct_change":-75,"ytd_curr_yr":0,"ytd_prev_yr":1,"ytd_pct_change":-100,"two_year_pct_change":-100,"six_year_pct_change":-100,"twentytwo_year_pct_change":-100}],"historical":[{"yr_1990":38,"yr_1993":28,"yr_1998":16,"yr_2001":10,"yr_2013":8,"pct_change_13vs01":-20,"pct_change_13vs98":-50,"pct_change_13vs93":-71.4,"pct_change_13vs90":-78.9,"crime":"Murder"},{"yr_1990":60,"yr_1993":74,"yr_1998":45,"yr_2001":27,"yr_2013":37,"pct_change_13vs01":37,"pct_change_13vs98":-17.8,"pct_change_13vs93":-50,"pct_change_13vs90":-38.3,"crime":"Rape"},{"yr_1990":1846,"yr_1993":1742,"yr_1998":751,"yr_2001":530,"yr_2013":438,"pct_change_13vs01":-17.4,"pct_change_13vs98":-41.7,"pct_change_13vs93":-74.9,"pct_change_13vs90":-76.3,"crime":"Robbery"},{"yr_1990":958,"yr_1993":853,"yr_1998":611,"yr_2001":406,"yr_2013":369,"pct_change_13vs01":-9.1,"pct_change_13vs98":-39.6,"pct_change_13vs93":-56.7,"pct_change_13vs90":-61.5,"crime":"Fel. Assault"},{"yr_1990":1592,"yr_1993":1166,"yr_1998":598,"yr_2001":449,"yr_2013":299,"pct_change_13vs01":-33.4,"pct_change_13vs98":-50,"pct_change_13vs93":-74.4,"pct_change_13vs90":-81.2,"crime":"Burglary"},{"yr_1990":1277,"yr_1993":1214,"yr_1998":578,"yr_2001":587,"yr_2013":486,"pct_change_13vs01":-17.2,"pct_change_13vs98":-15.9,"pct_change_13vs93":-60,"pct_change_13vs90":-61.9,"crime":"Gr. Larceny"},{"yr_1990":1889,"yr_1993":1591,"yr_1998":602,"yr_2001":472,"yr_2013":172,"pct_change_13vs01":-63.6,"pct_change_13vs98":-71.4,"pct_change_13vs93":-89.2,"pct_change_13vs90":-90.9,"crime":"G.L.A."},{"yr_1990":7660,"yr_1993":6668,"yr_1998":3201,"yr_2001":2481,"yr_2013":1809,"pct_change_13vs01":-27.09,"pct_change_13vs98":-43.49,"pct_change_13vs93":-72.87,"pct_change_13vs90":-76.38,"crime":"TOTAL"}]}