{"mayor":"Bill de Blasio","commissioner":"William J. Bratton","volume":21,"number":46,"precinct":"104th","startDate":"2014-11-10T05:00:00.000Z","endDate":"2014-11-16T05:00:00.000Z","crimes":[{"crime":"Murder","wtd_curr_yr":0,"wtd_prev_yr":0,"wtd_pct_change":null,"twentyeight_day_curr_yr":0,"twentyeight_day_prev_yr":0,"twentyeight_day_pct_change":null,"ytd_curr_yr":3,"ytd_prev_yr":3,"ytd_pct_change":0,"two_year_pct_change":null,"six_year_pct_change":200,"twentytwo_year_pct_change":-82.4},{"crime":"Rape","wtd_curr_yr":0,"wtd_prev_yr":1,"wtd_pct_change":-100,"twentyeight_day_curr_yr":2,"twentyeight_day_prev_yr":2,"twentyeight_day_pct_change":0,"ytd_curr_yr":17,"ytd_prev_yr":13,"ytd_pct_change":30.8,"two_year_pct_change":54.5,"six_year_pct_change":41.7,"twentytwo_year_pct_change":-15},{"crime":"Robbery","wtd_curr_yr":6,"wtd_prev_yr":8,"wtd_pct_change":-25,"twentyeight_day_curr_yr":14,"twentyeight_day_prev_yr":30,"twentyeight_day_pct_change":-53.3,"ytd_curr_yr":159,"ytd_prev_yr":228,"ytd_pct_change":-30.3,"two_year_pct_change":-36.7,"six_year_pct_change":-33.8,"twentytwo_year_pct_change":-81.8},{"crime":"Fel. Assault","wtd_curr_yr":0,"wtd_prev_yr":1,"wtd_pct_change":-100,"twentyeight_day_curr_yr":15,"twentyeight_day_prev_yr":15,"twentyeight_day_pct_change":0,"ytd_curr_yr":187,"ytd_prev_yr":220,"ytd_pct_change":-15,"two_year_pct_change":-19,"six_year_pct_change":17.6,"twentytwo_year_pct_change":-30.5},{"crime":"Burglary","wtd_curr_yr":6,"wtd_prev_yr":1,"wtd_pct_change":500,"twentyeight_day_curr_yr":18,"twentyeight_day_prev_yr":23,"twentyeight_day_pct_change":-21.7,"ytd_curr_yr":246,"ytd_prev_yr":301,"ytd_pct_change":-18.3,"two_year_pct_change":-26.8,"six_year_pct_change":-34.4,"twentytwo_year_pct_change":-86.1},{"crime":"Gr. Larceny","wtd_curr_yr":8,"wtd_prev_yr":15,"wtd_pct_change":-46.7,"twentyeight_day_curr_yr":34,"twentyeight_day_prev_yr":46,"twentyeight_day_pct_change":-26.1,"ytd_curr_yr":507,"ytd_prev_yr":495,"ytd_pct_change":2.4,"two_year_pct_change":9.3,"six_year_pct_change":17.4,"twentytwo_year_pct_change":-11.5},{"crime":"G.L.A.","wtd_curr_yr":4,"wtd_prev_yr":11,"wtd_pct_change":-63.6,"twentyeight_day_curr_yr":18,"twentyeight_day_prev_yr":20,"twentyeight_day_pct_change":-10,"ytd_curr_yr":195,"ytd_prev_yr":145,"ytd_pct_change":34.5,"two_year_pct_change":5.4,"six_year_pct_change":-25.6,"twentytwo_year_pct_change":-93.7},{"crime":"TOTAL","wtd_curr_yr":24,"wtd_prev_yr":37,"wtd_pct_change":-35.14,"twentyeight_day_curr_yr":101,"twentyeight_day_prev_yr":136,"twentyeight_day_pct_change":-25.74,"ytd_curr_yr":1314,"ytd_prev_yr":1405,"ytd_pct_change":-6.48,"two_year_pct_change":-11.1,"six_year_pct_change":-11.28,"twentytwo_year_pct_change":-80.13},{"crime":"Transit","wtd_curr_yr":0,"wtd_prev_yr":0,"wtd_pct_change":null,"twentyeight_day_curr_yr":1,"twentyeight_day_prev_yr":3,"twentyeight_day_pct_change":-66.7,"ytd_curr_yr":11,"ytd_prev_yr":14,"ytd_pct_change":-21.4,"two_year_pct_change":-56,"six_year_pct_change":175,"twentytwo_year_pct_change":null},{"crime":"Housing","wtd_curr_yr":0,"wtd_prev_yr":0,"wtd_pct_change":null,"twentyeight_day_curr_yr":0,"twentyeight_day_prev_yr":0,"twentyeight_day_pct_change":null,"ytd_curr_yr":0,"ytd_prev_yr":0,"ytd_pct_change":null,"two_year_pct_change":null,"six_year_pct_change":null,"twentytwo_year_pct_change":null},{"crime":"Petit Larceny","wtd_curr_yr":21,"wtd_prev_yr":22,"wtd_pct_change":-4.5,"twentyeight_day_curr_yr":87,"twentyeight_day_prev_yr":105,"twentyeight_day_pct_change":-17.1,"ytd_curr_yr":1017,"ytd_prev_yr":1028,"ytd_pct_change":-1.1,"two_year_pct_change":6.7,"six_year_pct_change":-0.6,"twentytwo_year_pct_change":null},{"crime":"Misd. Assault","wtd_curr_yr":4,"wtd_prev_yr":10,"wtd_pct_change":-60,"twentyeight_day_curr_yr":31,"twentyeight_day_prev_yr":57,"twentyeight_day_pct_change":-45.6,"ytd_curr_yr":537,"ytd_prev_yr":505,"ytd_pct_change":6.3,"two_year_pct_change":-6.1,"six_year_pct_change":-6,"twentytwo_year_pct_change":null},{"crime":"Misd. Sex Crimes","wtd_curr_yr":0,"wtd_prev_yr":1,"wtd_pct_change":-100,"twentyeight_day_curr_yr":4,"twentyeight_day_prev_yr":4,"twentyeight_day_pct_change":0,"ytd_curr_yr":12,"ytd_prev_yr":25,"ytd_pct_change":-52,"two_year_pct_change":-55.6,"six_year_pct_change":-60,"twentytwo_year_pct_change":null},{"crime":"Shooting Vic.","wtd_curr_yr":0,"wtd_prev_yr":0,"wtd_pct_change":null,"twentyeight_day_curr_yr":0,"twentyeight_day_prev_yr":0,"twentyeight_day_pct_change":null,"ytd_curr_yr":8,"ytd_prev_yr":4,"ytd_pct_change":100,"two_year_pct_change":100,"six_year_pct_change":33.3,"twentytwo_year_pct_change":-69.2},{"crime":"Shooting Inc.","wtd_curr_yr":0,"wtd_prev_yr":0,"wtd_pct_change":null,"twentyeight_day_curr_yr":0,"twentyeight_day_prev_yr":0,"twentyeight_day_pct_change":null,"ytd_curr_yr":7,"ytd_prev_yr":4,"ytd_pct_change":75,"two_year_pct_change":75,"six_year_pct_change":40,"twentytwo_year_pct_change":-69.6}],"historical":[{"yr_1990":11,"yr_1993":19,"yr_1998":7,"yr_2001":5,"yr_2013":3,"pct_change_13vs01":-40,"pct_change_13vs98":-57.1,"pct_change_13vs93":-84.2,"pct_change_13vs90":-72.7,"crime":"Murder"},{"yr_1990":21,"yr_1993":21,"yr_1998":24,"yr_2001":15,"yr_2013":15,"pct_change_13vs01":0,"pct_change_13vs98":-37.5,"pct_change_13vs93":-28.6,"pct_change_13vs90":-28.6,"crime":"Rape"},{"yr_1990":1307,"yr_1993":1027,"yr_1998":490,"yr_2001":359,"yr_2013":256,"pct_change_13vs01":-28.7,"pct_change_13vs98":-47.8,"pct_change_13vs93":-75.1,"pct_change_13vs90":-80.4,"crime":"Robbery"},{"yr_1990":279,"yr_1993":305,"yr_1998":261,"yr_2001":262,"yr_2013":241,"pct_change_13vs01":-8,"pct_change_13vs98":-7.7,"pct_change_13vs93":-21,"pct_change_13vs90":-13.6,"crime":"Fel. Assault"},{"yr_1990":2562,"yr_1993":1955,"yr_1998":1024,"yr_2001":790,"yr_2013":339,"pct_change_13vs01":-57.1,"pct_change_13vs98":-66.9,"pct_change_13vs93":-82.7,"pct_change_13vs90":-86.8,"crime":"Burglary"},{"yr_1990":884,"yr_1993":678,"yr_1998":485,"yr_2001":551,"yr_2013":572,"pct_change_13vs01":3.8,"pct_change_13vs98":17.9,"pct_change_13vs93":-15.6,"pct_change_13vs90":-35.3,"crime":"Gr. Larceny"},{"yr_1990":4443,"yr_1993":3418,"yr_1998":1374,"yr_2001":892,"yr_2013":181,"pct_change_13vs01":-79.7,"pct_change_13vs98":-86.8,"pct_change_13vs93":-94.7,"pct_change_13vs90":-95.9,"crime":"G.L.A."},{"yr_1990":9507,"yr_1993":7423,"yr_1998":3665,"yr_2001":2874,"yr_2013":1607,"pct_change_13vs01":-44.08,"pct_change_13vs98":-56.15,"pct_change_13vs93":-78.35,"pct_change_13vs90":-83.1,"crime":"TOTAL"}]}