{"mayor":"Bill de Blasio","commissioner":"William J. Bratton","volume":21,"number":30,"precinct":"106th","startDate":"2014-07-21T04:00:00.000Z","endDate":"2014-07-27T04:00:00.000Z","crimes":[{"crime":"Murder","wtd_curr_yr":0,"wtd_prev_yr":0,"wtd_pct_change":null,"twentyeight_day_curr_yr":0,"twentyeight_day_prev_yr":0,"twentyeight_day_pct_change":null,"ytd_curr_yr":1,"ytd_prev_yr":4,"ytd_pct_change":-75,"two_year_pct_change":-50,"six_year_pct_change":0,"twentytwo_year_pct_change":-92.9},{"crime":"Rape","wtd_curr_yr":0,"wtd_prev_yr":1,"wtd_pct_change":-100,"twentyeight_day_curr_yr":3,"twentyeight_day_prev_yr":2,"twentyeight_day_pct_change":50,"ytd_curr_yr":15,"ytd_prev_yr":11,"ytd_pct_change":36.4,"two_year_pct_change":114.3,"six_year_pct_change":400,"twentytwo_year_pct_change":-31.8},{"crime":"Robbery","wtd_curr_yr":5,"wtd_prev_yr":5,"wtd_pct_change":0,"twentyeight_day_curr_yr":20,"twentyeight_day_prev_yr":23,"twentyeight_day_pct_change":-13,"ytd_curr_yr":146,"ytd_prev_yr":150,"ytd_pct_change":-2.7,"two_year_pct_change":-9.9,"six_year_pct_change":18.7,"twentytwo_year_pct_change":-68.9},{"crime":"Fel. Assault","wtd_curr_yr":4,"wtd_prev_yr":4,"wtd_pct_change":0,"twentyeight_day_curr_yr":24,"twentyeight_day_prev_yr":21,"twentyeight_day_pct_change":14.3,"ytd_curr_yr":132,"ytd_prev_yr":143,"ytd_pct_change":-7.7,"two_year_pct_change":23.4,"six_year_pct_change":40.4,"twentytwo_year_pct_change":-40},{"crime":"Burglary","wtd_curr_yr":2,"wtd_prev_yr":8,"wtd_pct_change":-75,"twentyeight_day_curr_yr":12,"twentyeight_day_prev_yr":26,"twentyeight_day_pct_change":-53.8,"ytd_curr_yr":155,"ytd_prev_yr":221,"ytd_pct_change":-29.9,"two_year_pct_change":-17.1,"six_year_pct_change":-3.1,"twentytwo_year_pct_change":-76.8},{"crime":"Gr. Larceny","wtd_curr_yr":2,"wtd_prev_yr":9,"wtd_pct_change":-77.8,"twentyeight_day_curr_yr":37,"twentyeight_day_prev_yr":31,"twentyeight_day_pct_change":19.4,"ytd_curr_yr":276,"ytd_prev_yr":266,"ytd_pct_change":3.8,"two_year_pct_change":1.5,"six_year_pct_change":34.6,"twentytwo_year_pct_change":-13.2},{"crime":"G.L.A.","wtd_curr_yr":5,"wtd_prev_yr":2,"wtd_pct_change":150,"twentyeight_day_curr_yr":17,"twentyeight_day_prev_yr":10,"twentyeight_day_pct_change":70,"ytd_curr_yr":128,"ytd_prev_yr":88,"ytd_pct_change":45.5,"two_year_pct_change":4.9,"six_year_pct_change":-18.5,"twentytwo_year_pct_change":-93.1},{"crime":"TOTAL","wtd_curr_yr":18,"wtd_prev_yr":29,"wtd_pct_change":-37.93,"twentyeight_day_curr_yr":113,"twentyeight_day_prev_yr":113,"twentyeight_day_pct_change":0,"ytd_curr_yr":853,"ytd_prev_yr":883,"ytd_pct_change":-3.4,"two_year_pct_change":-0.7,"six_year_pct_change":14.8,"twentytwo_year_pct_change":-76.06},{"crime":"Transit","wtd_curr_yr":0,"wtd_prev_yr":1,"wtd_pct_change":-100,"twentyeight_day_curr_yr":1,"twentyeight_day_prev_yr":5,"twentyeight_day_pct_change":-80,"ytd_curr_yr":17,"ytd_prev_yr":23,"ytd_pct_change":-26.1,"two_year_pct_change":-15,"six_year_pct_change":70,"twentytwo_year_pct_change":null},{"crime":"Housing","wtd_curr_yr":0,"wtd_prev_yr":0,"wtd_pct_change":null,"twentyeight_day_curr_yr":0,"twentyeight_day_prev_yr":0,"twentyeight_day_pct_change":null,"ytd_curr_yr":0,"ytd_prev_yr":0,"ytd_pct_change":null,"two_year_pct_change":null,"six_year_pct_change":null,"twentytwo_year_pct_change":null},{"crime":"Petit Larceny","wtd_curr_yr":20,"wtd_prev_yr":15,"wtd_pct_change":33.3,"twentyeight_day_curr_yr":86,"twentyeight_day_prev_yr":50,"twentyeight_day_pct_change":72,"ytd_curr_yr":508,"ytd_prev_yr":380,"ytd_pct_change":33.7,"two_year_pct_change":-6.6,"six_year_pct_change":11.4,"twentytwo_year_pct_change":null},{"crime":"Misd. Assault","wtd_curr_yr":11,"wtd_prev_yr":8,"wtd_pct_change":37.5,"twentyeight_day_curr_yr":39,"twentyeight_day_prev_yr":41,"twentyeight_day_pct_change":-4.9,"ytd_curr_yr":296,"ytd_prev_yr":249,"ytd_pct_change":18.9,"two_year_pct_change":4.6,"six_year_pct_change":16.5,"twentytwo_year_pct_change":null},{"crime":"Misd. Sex Crimes","wtd_curr_yr":0,"wtd_prev_yr":0,"wtd_pct_change":null,"twentyeight_day_curr_yr":0,"twentyeight_day_prev_yr":2,"twentyeight_day_pct_change":-100,"ytd_curr_yr":9,"ytd_prev_yr":13,"ytd_pct_change":-30.8,"two_year_pct_change":-30.8,"six_year_pct_change":-40,"twentytwo_year_pct_change":null},{"crime":"Shooting Vic.","wtd_curr_yr":0,"wtd_prev_yr":0,"wtd_pct_change":null,"twentyeight_day_curr_yr":0,"twentyeight_day_prev_yr":0,"twentyeight_day_pct_change":null,"ytd_curr_yr":2,"ytd_prev_yr":5,"ytd_pct_change":-60,"two_year_pct_change":-66.7,"six_year_pct_change":-71.4,"twentytwo_year_pct_change":-90.9},{"crime":"Shooting Inc.","wtd_curr_yr":0,"wtd_prev_yr":0,"wtd_pct_change":null,"twentyeight_day_curr_yr":0,"twentyeight_day_prev_yr":0,"twentyeight_day_pct_change":null,"ytd_curr_yr":2,"ytd_prev_yr":4,"ytd_pct_change":-50,"two_year_pct_change":-60,"six_year_pct_change":-66.7,"twentytwo_year_pct_change":-90.9}],"historical":[{"yr_1990":15,"yr_1993":21,"yr_1998":7,"yr_2001":4,"yr_2013":6,"pct_change_13vs01":50,"pct_change_13vs98":-14.3,"pct_change_13vs93":-71.4,"pct_change_13vs90":-60,"crime":"Murder"},{"yr_1990":31,"yr_1993":33,"yr_1998":40,"yr_2001":19,"yr_2013":19,"pct_change_13vs01":0,"pct_change_13vs98":-52.5,"pct_change_13vs93":-42.4,"pct_change_13vs90":-38.7,"crime":"Rape"},{"yr_1990":832,"yr_1993":891,"yr_1998":545,"yr_2001":344,"yr_2013":328,"pct_change_13vs01":-4.7,"pct_change_13vs98":-39.8,"pct_change_13vs93":-63.2,"pct_change_13vs90":-60.6,"crime":"Robbery"},{"yr_1990":329,"yr_1993":408,"yr_1998":297,"yr_2001":241,"yr_2013":253,"pct_change_13vs01":5,"pct_change_13vs98":-14.8,"pct_change_13vs93":-38,"pct_change_13vs90":-23.1,"crime":"Fel. Assault"},{"yr_1990":1348,"yr_1993":1230,"yr_1998":662,"yr_2001":417,"yr_2013":346,"pct_change_13vs01":-17,"pct_change_13vs98":-47.7,"pct_change_13vs93":-71.9,"pct_change_13vs90":-74.3,"crime":"Burglary"},{"yr_1990":715,"yr_1993":595,"yr_1998":440,"yr_2001":381,"yr_2013":522,"pct_change_13vs01":37,"pct_change_13vs98":18.6,"pct_change_13vs93":-12.3,"pct_change_13vs90":-27,"crime":"Gr. Larceny"},{"yr_1990":3071,"yr_1993":3304,"yr_1998":1370,"yr_2001":778,"yr_2013":191,"pct_change_13vs01":-75.4,"pct_change_13vs98":-86.1,"pct_change_13vs93":-94.2,"pct_change_13vs90":-93.8,"crime":"G.L.A."},{"yr_1990":6341,"yr_1993":6482,"yr_1998":3361,"yr_2001":2184,"yr_2013":1665,"pct_change_13vs01":-23.76,"pct_change_13vs98":-50.46,"pct_change_13vs93":-74.31,"pct_change_13vs90":-73.74,"crime":"TOTAL"}]}