{"mayor":"Bill de Blasio","commissioner":"William J. Bratton","volume":21,"number":14,"precinct":"108th","startDate":"2014-03-31T04:00:00.000Z","endDate":"2014-04-06T04:00:00.000Z","crimes":[{"crime":"Murder","wtd_curr_yr":0,"wtd_prev_yr":0,"wtd_pct_change":null,"twentyeight_day_curr_yr":0,"twentyeight_day_prev_yr":0,"twentyeight_day_pct_change":null,"ytd_curr_yr":0,"ytd_prev_yr":0,"ytd_pct_change":null,"two_year_pct_change":null,"six_year_pct_change":null,"twentytwo_year_pct_change":-100},{"crime":"Rape","wtd_curr_yr":0,"wtd_prev_yr":0,"wtd_pct_change":null,"twentyeight_day_curr_yr":0,"twentyeight_day_prev_yr":1,"twentyeight_day_pct_change":-100,"ytd_curr_yr":4,"ytd_prev_yr":6,"ytd_pct_change":-33.3,"two_year_pct_change":-20,"six_year_pct_change":100,"twentytwo_year_pct_change":100},{"crime":"Robbery","wtd_curr_yr":3,"wtd_prev_yr":1,"wtd_pct_change":200,"twentyeight_day_curr_yr":14,"twentyeight_day_prev_yr":11,"twentyeight_day_pct_change":27.3,"ytd_curr_yr":46,"ytd_prev_yr":37,"ytd_pct_change":24.3,"two_year_pct_change":2.2,"six_year_pct_change":24.3,"twentytwo_year_pct_change":-85.5},{"crime":"Fel. Assault","wtd_curr_yr":1,"wtd_prev_yr":1,"wtd_pct_change":0,"twentyeight_day_curr_yr":3,"twentyeight_day_prev_yr":10,"twentyeight_day_pct_change":-70,"ytd_curr_yr":26,"ytd_prev_yr":33,"ytd_pct_change":-21.2,"two_year_pct_change":-21.2,"six_year_pct_change":13,"twentytwo_year_pct_change":-58.7},{"crime":"Burglary","wtd_curr_yr":4,"wtd_prev_yr":7,"wtd_pct_change":-42.9,"twentyeight_day_curr_yr":17,"twentyeight_day_prev_yr":15,"twentyeight_day_pct_change":13.3,"ytd_curr_yr":61,"ytd_prev_yr":47,"ytd_pct_change":29.8,"two_year_pct_change":-27.4,"six_year_pct_change":-7.6,"twentytwo_year_pct_change":-83.6},{"crime":"Gr. Larceny","wtd_curr_yr":9,"wtd_prev_yr":7,"wtd_pct_change":28.6,"twentyeight_day_curr_yr":38,"twentyeight_day_prev_yr":40,"twentyeight_day_pct_change":-5,"ytd_curr_yr":152,"ytd_prev_yr":154,"ytd_pct_change":-1.3,"two_year_pct_change":25.6,"six_year_pct_change":0.7,"twentytwo_year_pct_change":-23.6},{"crime":"G.L.A.","wtd_curr_yr":2,"wtd_prev_yr":4,"wtd_pct_change":-50,"twentyeight_day_curr_yr":8,"twentyeight_day_prev_yr":9,"twentyeight_day_pct_change":-11.1,"ytd_curr_yr":24,"ytd_prev_yr":28,"ytd_pct_change":-14.3,"two_year_pct_change":-31.4,"six_year_pct_change":-33.3,"twentytwo_year_pct_change":-95.2},{"crime":"TOTAL","wtd_curr_yr":19,"wtd_prev_yr":20,"wtd_pct_change":-5,"twentyeight_day_curr_yr":80,"twentyeight_day_prev_yr":86,"twentyeight_day_pct_change":-6.98,"ytd_curr_yr":313,"ytd_prev_yr":305,"ytd_pct_change":2.62,"two_year_pct_change":-3.1,"six_year_pct_change":-0.63,"twentytwo_year_pct_change":-78.58},{"crime":"Transit","wtd_curr_yr":2,"wtd_prev_yr":1,"wtd_pct_change":100,"twentyeight_day_curr_yr":4,"twentyeight_day_prev_yr":5,"twentyeight_day_pct_change":-20,"ytd_curr_yr":18,"ytd_prev_yr":26,"ytd_pct_change":-30.8,"two_year_pct_change":20,"six_year_pct_change":157.1,"twentytwo_year_pct_change":null},{"crime":"Housing","wtd_curr_yr":0,"wtd_prev_yr":0,"wtd_pct_change":null,"twentyeight_day_curr_yr":0,"twentyeight_day_prev_yr":0,"twentyeight_day_pct_change":null,"ytd_curr_yr":0,"ytd_prev_yr":0,"ytd_pct_change":null,"two_year_pct_change":null,"six_year_pct_change":null,"twentytwo_year_pct_change":null},{"crime":"Petit Larceny","wtd_curr_yr":21,"wtd_prev_yr":16,"wtd_pct_change":31.2,"twentyeight_day_curr_yr":69,"twentyeight_day_prev_yr":79,"twentyeight_day_pct_change":-12.7,"ytd_curr_yr":212,"ytd_prev_yr":236,"ytd_pct_change":-10.2,"two_year_pct_change":-10.9,"six_year_pct_change":-0.5,"twentytwo_year_pct_change":null},{"crime":"Misd. Assault","wtd_curr_yr":5,"wtd_prev_yr":9,"wtd_pct_change":-44.4,"twentyeight_day_curr_yr":42,"twentyeight_day_prev_yr":36,"twentyeight_day_pct_change":16.7,"ytd_curr_yr":108,"ytd_prev_yr":109,"ytd_pct_change":-0.9,"two_year_pct_change":25.6,"six_year_pct_change":-11.5,"twentytwo_year_pct_change":null},{"crime":"Misd. Sex Crimes","wtd_curr_yr":1,"wtd_prev_yr":2,"wtd_pct_change":-50,"twentyeight_day_curr_yr":2,"twentyeight_day_prev_yr":3,"twentyeight_day_pct_change":-33.3,"ytd_curr_yr":7,"ytd_prev_yr":22,"ytd_pct_change":-68.2,"two_year_pct_change":-50,"six_year_pct_change":-41.7,"twentytwo_year_pct_change":null},{"crime":"Shooting Vic.","wtd_curr_yr":0,"wtd_prev_yr":0,"wtd_pct_change":null,"twentyeight_day_curr_yr":0,"twentyeight_day_prev_yr":0,"twentyeight_day_pct_change":null,"ytd_curr_yr":0,"ytd_prev_yr":0,"ytd_pct_change":null,"two_year_pct_change":null,"six_year_pct_change":null,"twentytwo_year_pct_change":-100},{"crime":"Shooting Inc.","wtd_curr_yr":0,"wtd_prev_yr":0,"wtd_pct_change":null,"twentyeight_day_curr_yr":0,"twentyeight_day_prev_yr":0,"twentyeight_day_pct_change":null,"ytd_curr_yr":0,"ytd_prev_yr":0,"ytd_pct_change":null,"two_year_pct_change":null,"six_year_pct_change":null,"twentytwo_year_pct_change":-100}],"historical":[{"yr_1990":16,"yr_1993":10,"yr_1995":11,"yr_2001":3,"yr_2013":4,"pct_change_13vs01":33.3,"pct_change_13vs95":-63.6,"pct_change_13vs93":-60,"pct_change_13vs90":-75,"crime":"Murder"},{"yr_1990":22,"yr_1993":12,"yr_1995":23,"yr_2001":18,"yr_2013":15,"pct_change_13vs01":-16.7,"pct_change_13vs95":-34.8,"pct_change_13vs93":25,"pct_change_13vs90":-31.8,"crime":"Rape"},{"yr_1990":1372,"yr_1993":1026,"yr_1995":685,"yr_2001":313,"yr_2013":160,"pct_change_13vs01":-48.9,"pct_change_13vs95":-76.6,"pct_change_13vs93":-84.4,"pct_change_13vs90":-88.3,"crime":"Robbery"},{"yr_1990":290,"yr_1993":317,"yr_1995":235,"yr_2001":147,"yr_2013":171,"pct_change_13vs01":16.3,"pct_change_13vs95":-27.2,"pct_change_13vs93":-46.1,"pct_change_13vs90":-41,"crime":"Fel. Assault"},{"yr_1990":2062,"yr_1993":1563,"yr_1995":1396,"yr_2001":564,"yr_2013":244,"pct_change_13vs01":-56.7,"pct_change_13vs95":-82.5,"pct_change_13vs93":-84.4,"pct_change_13vs90":-88.2,"crime":"Burglary"},{"yr_1990":1150,"yr_1993":914,"yr_1995":733,"yr_2001":570,"yr_2013":572,"pct_change_13vs01":0.4,"pct_change_13vs95":-22,"pct_change_13vs93":-37.4,"pct_change_13vs90":-50.3,"crime":"Gr. Larceny"},{"yr_1990":2945,"yr_1993":2123,"yr_1995":1653,"yr_2001":704,"yr_2013":166,"pct_change_13vs01":-76.4,"pct_change_13vs95":-90,"pct_change_13vs93":-92.2,"pct_change_13vs90":-94.4,"crime":"G.L.A."},{"yr_1990":7857,"yr_1993":5965,"yr_1995":4736,"yr_2001":2319,"yr_2013":1332,"pct_change_13vs01":-42.56,"pct_change_13vs95":-71.88,"pct_change_13vs93":-77.67,"pct_change_13vs90":-83.05,"crime":"TOTAL"}]}