{"mayor":"Bill de Blasio","commissioner":"William J. Bratton","volume":22,"number":2,"precinct":"108th","startDate":"2015-01-05T05:00:00.000Z","endDate":"2015-01-11T05:00:00.000Z","crimes":[{"crime":"Murder","wtd_curr_yr":0,"wtd_prev_yr":0,"wtd_pct_change":null,"twentyeight_day_curr_yr":0,"twentyeight_day_prev_yr":0,"twentyeight_day_pct_change":null,"ytd_curr_yr":0,"ytd_prev_yr":0,"ytd_pct_change":null,"two_year_pct_change":null,"six_year_pct_change":null,"twentytwo_year_pct_change":null},{"crime":"Rape","wtd_curr_yr":0,"wtd_prev_yr":1,"wtd_pct_change":-100,"twentyeight_day_curr_yr":1,"twentyeight_day_prev_yr":2,"twentyeight_day_pct_change":-50,"ytd_curr_yr":0,"ytd_prev_yr":1,"ytd_pct_change":-100,"two_year_pct_change":null,"six_year_pct_change":null,"twentytwo_year_pct_change":-100},{"crime":"Robbery","wtd_curr_yr":0,"wtd_prev_yr":7,"wtd_pct_change":-100,"twentyeight_day_curr_yr":6,"twentyeight_day_prev_yr":17,"twentyeight_day_pct_change":-64.7,"ytd_curr_yr":0,"ytd_prev_yr":10,"ytd_pct_change":-100,"two_year_pct_change":-100,"six_year_pct_change":-100,"twentytwo_year_pct_change":-100},{"crime":"Fel. Assault","wtd_curr_yr":3,"wtd_prev_yr":0,"wtd_pct_change":null,"twentyeight_day_curr_yr":15,"twentyeight_day_prev_yr":14,"twentyeight_day_pct_change":7.1,"ytd_curr_yr":5,"ytd_prev_yr":1,"ytd_pct_change":400,"two_year_pct_change":25,"six_year_pct_change":25,"twentytwo_year_pct_change":-54.5},{"crime":"Burglary","wtd_curr_yr":1,"wtd_prev_yr":2,"wtd_pct_change":-50,"twentyeight_day_curr_yr":7,"twentyeight_day_prev_yr":35,"twentyeight_day_pct_change":-80,"ytd_curr_yr":3,"ytd_prev_yr":6,"ytd_pct_change":-50,"two_year_pct_change":-57.1,"six_year_pct_change":-62.5,"twentytwo_year_pct_change":-93},{"crime":"Gr. Larceny","wtd_curr_yr":10,"wtd_prev_yr":9,"wtd_pct_change":11.1,"twentyeight_day_curr_yr":36,"twentyeight_day_prev_yr":40,"twentyeight_day_pct_change":-10,"ytd_curr_yr":11,"ytd_prev_yr":13,"ytd_pct_change":-15.4,"two_year_pct_change":-35.3,"six_year_pct_change":10,"twentytwo_year_pct_change":-56},{"crime":"G.L.A.","wtd_curr_yr":3,"wtd_prev_yr":2,"wtd_pct_change":50,"twentyeight_day_curr_yr":11,"twentyeight_day_prev_yr":6,"twentyeight_day_pct_change":83.3,"ytd_curr_yr":5,"ytd_prev_yr":3,"ytd_pct_change":66.7,"two_year_pct_change":25,"six_year_pct_change":66.7,"twentytwo_year_pct_change":-91.8},{"crime":"TOTAL","wtd_curr_yr":17,"wtd_prev_yr":21,"wtd_pct_change":-19.05,"twentyeight_day_curr_yr":76,"twentyeight_day_prev_yr":114,"twentyeight_day_pct_change":-33.33,"ytd_curr_yr":24,"ytd_prev_yr":34,"ytd_pct_change":-29.41,"two_year_pct_change":-40,"six_year_pct_change":-20,"twentytwo_year_pct_change":-87.03},{"crime":"Transit","wtd_curr_yr":1,"wtd_prev_yr":1,"wtd_pct_change":0,"twentyeight_day_curr_yr":5,"twentyeight_day_prev_yr":8,"twentyeight_day_pct_change":-37.5,"ytd_curr_yr":1,"ytd_prev_yr":2,"ytd_pct_change":-50,"two_year_pct_change":-75,"six_year_pct_change":0,"twentytwo_year_pct_change":null},{"crime":"Housing","wtd_curr_yr":0,"wtd_prev_yr":0,"wtd_pct_change":null,"twentyeight_day_curr_yr":0,"twentyeight_day_prev_yr":0,"twentyeight_day_pct_change":null,"ytd_curr_yr":0,"ytd_prev_yr":0,"ytd_pct_change":null,"two_year_pct_change":null,"six_year_pct_change":null,"twentytwo_year_pct_change":null},{"crime":"Petit Larceny","wtd_curr_yr":13,"wtd_prev_yr":11,"wtd_pct_change":18.2,"twentyeight_day_curr_yr":48,"twentyeight_day_prev_yr":64,"twentyeight_day_pct_change":-25,"ytd_curr_yr":17,"ytd_prev_yr":14,"ytd_pct_change":21.4,"two_year_pct_change":-22.7,"six_year_pct_change":-32,"twentytwo_year_pct_change":null},{"crime":"Misd. Assault","wtd_curr_yr":5,"wtd_prev_yr":9,"wtd_pct_change":-44.4,"twentyeight_day_curr_yr":47,"twentyeight_day_prev_yr":35,"twentyeight_day_pct_change":34.3,"ytd_curr_yr":12,"ytd_prev_yr":15,"ytd_pct_change":-20,"two_year_pct_change":20,"six_year_pct_change":-29.4,"twentytwo_year_pct_change":null},{"crime":"Misd. Sex Crimes","wtd_curr_yr":0,"wtd_prev_yr":0,"wtd_pct_change":null,"twentyeight_day_curr_yr":5,"twentyeight_day_prev_yr":2,"twentyeight_day_pct_change":150,"ytd_curr_yr":0,"ytd_prev_yr":1,"ytd_pct_change":-100,"two_year_pct_change":-100,"six_year_pct_change":-100,"twentytwo_year_pct_change":null},{"crime":"Shooting Vic.","wtd_curr_yr":0,"wtd_prev_yr":0,"wtd_pct_change":null,"twentyeight_day_curr_yr":0,"twentyeight_day_prev_yr":0,"twentyeight_day_pct_change":null,"ytd_curr_yr":0,"ytd_prev_yr":0,"ytd_pct_change":null,"two_year_pct_change":null,"six_year_pct_change":null,"twentytwo_year_pct_change":-100},{"crime":"Shooting Inc.","wtd_curr_yr":0,"wtd_prev_yr":0,"wtd_pct_change":null,"twentyeight_day_curr_yr":0,"twentyeight_day_prev_yr":0,"twentyeight_day_pct_change":null,"ytd_curr_yr":0,"ytd_prev_yr":0,"ytd_pct_change":null,"two_year_pct_change":null,"six_year_pct_change":null,"twentytwo_year_pct_change":-100}],"historical":[{"yr_1990":16,"yr_1993":10,"yr_1998":5,"yr_2001":3,"yr_2014":2,"pct_change_14vs01":-33.3,"pct_change_14vs98":-60,"pct_change_14vs93":-80,"pct_change_14vs90":-87.5,"crime":"Murder"},{"yr_1990":22,"yr_1993":12,"yr_1998":24,"yr_2001":18,"yr_2014":15,"pct_change_14vs01":-16.7,"pct_change_14vs98":-37.5,"pct_change_14vs93":25,"pct_change_14vs90":-31.8,"crime":"Rape"},{"yr_1990":1372,"yr_1993":1026,"yr_1998":464,"yr_2001":313,"yr_2014":157,"pct_change_14vs01":-49.8,"pct_change_14vs98":-66.2,"pct_change_14vs93":-84.7,"pct_change_14vs90":-88.6,"crime":"Robbery"},{"yr_1990":290,"yr_1993":317,"yr_1998":248,"yr_2001":147,"yr_2014":167,"pct_change_14vs01":13.6,"pct_change_14vs98":-32.7,"pct_change_14vs93":-47.3,"pct_change_14vs90":-42.4,"crime":"Fel. Assault"},{"yr_1990":2062,"yr_1993":1563,"yr_1998":971,"yr_2001":564,"yr_2014":229,"pct_change_14vs01":-59.4,"pct_change_14vs98":-76.4,"pct_change_14vs93":-85.3,"pct_change_14vs90":-88.9,"crime":"Burglary"},{"yr_1990":1150,"yr_1993":914,"yr_1998":605,"yr_2001":570,"yr_2014":563,"pct_change_14vs01":-1.2,"pct_change_14vs98":-6.9,"pct_change_14vs93":-38.4,"pct_change_14vs90":-51,"crime":"Gr. Larceny"},{"yr_1990":2945,"yr_1993":2123,"yr_1998":942,"yr_2001":704,"yr_2014":144,"pct_change_14vs01":-79.5,"pct_change_14vs98":-84.7,"pct_change_14vs93":-93.2,"pct_change_14vs90":-95.1,"crime":"G.L.A."},{"yr_1990":7857,"yr_1993":5965,"yr_1998":3259,"yr_2001":2319,"yr_2014":1277,"pct_change_14vs01":-44.93,"pct_change_14vs98":-60.82,"pct_change_14vs93":-78.59,"pct_change_14vs90":-83.75,"crime":"TOTAL"}]}