{"mayor":"Bill de Blasio","commissioner":"William J. Bratton","volume":21,"number":4,"precinct":"101st","startDate":"2014-01-20T05:00:00.000Z","endDate":"2014-01-26T05:00:00.000Z","crimes":[{"crime":"Murder","wtd_curr_yr":0,"wtd_prev_yr":0,"wtd_pct_change":null,"twentyeight_day_curr_yr":0,"twentyeight_day_prev_yr":1,"twentyeight_day_pct_change":-100,"ytd_curr_yr":0,"ytd_prev_yr":1,"ytd_pct_change":-100,"two_year_pct_change":-100,"six_year_pct_change":-100,"twentytwo_year_pct_change":-100},{"crime":"Rape","wtd_curr_yr":0,"wtd_prev_yr":1,"wtd_pct_change":-100,"twentyeight_day_curr_yr":0,"twentyeight_day_prev_yr":1,"twentyeight_day_pct_change":-100,"ytd_curr_yr":0,"ytd_prev_yr":1,"ytd_pct_change":-100,"two_year_pct_change":-100,"six_year_pct_change":null,"twentytwo_year_pct_change":null},{"crime":"Robbery","wtd_curr_yr":1,"wtd_prev_yr":6,"wtd_pct_change":-83.3,"twentyeight_day_curr_yr":8,"twentyeight_day_prev_yr":13,"twentyeight_day_pct_change":-38.5,"ytd_curr_yr":8,"ytd_prev_yr":12,"ytd_pct_change":-33.3,"two_year_pct_change":-20,"six_year_pct_change":-65.2,"twentytwo_year_pct_change":-79.5},{"crime":"Fel. Assault","wtd_curr_yr":2,"wtd_prev_yr":1,"wtd_pct_change":100,"twentyeight_day_curr_yr":14,"twentyeight_day_prev_yr":11,"twentyeight_day_pct_change":27.3,"ytd_curr_yr":14,"ytd_prev_yr":9,"ytd_pct_change":55.6,"two_year_pct_change":100,"six_year_pct_change":-33.3,"twentytwo_year_pct_change":-56.2},{"crime":"Burglary","wtd_curr_yr":3,"wtd_prev_yr":5,"wtd_pct_change":-40,"twentyeight_day_curr_yr":17,"twentyeight_day_prev_yr":30,"twentyeight_day_pct_change":-43.3,"ytd_curr_yr":16,"ytd_prev_yr":29,"ytd_pct_change":-44.8,"two_year_pct_change":128.6,"six_year_pct_change":-20,"twentytwo_year_pct_change":-52.9},{"crime":"Gr. Larceny","wtd_curr_yr":2,"wtd_prev_yr":1,"wtd_pct_change":100,"twentyeight_day_curr_yr":16,"twentyeight_day_prev_yr":7,"twentyeight_day_pct_change":128.6,"ytd_curr_yr":15,"ytd_prev_yr":7,"ytd_pct_change":114.3,"two_year_pct_change":66.7,"six_year_pct_change":7.1,"twentytwo_year_pct_change":-40},{"crime":"G.L.A.","wtd_curr_yr":4,"wtd_prev_yr":0,"wtd_pct_change":null,"twentyeight_day_curr_yr":9,"twentyeight_day_prev_yr":2,"twentyeight_day_pct_change":350,"ytd_curr_yr":9,"ytd_prev_yr":2,"ytd_pct_change":350,"two_year_pct_change":350,"six_year_pct_change":-25,"twentytwo_year_pct_change":-80},{"crime":"TOTAL","wtd_curr_yr":12,"wtd_prev_yr":14,"wtd_pct_change":-14.29,"twentyeight_day_curr_yr":64,"twentyeight_day_prev_yr":65,"twentyeight_day_pct_change":-1.54,"ytd_curr_yr":62,"ytd_prev_yr":61,"ytd_pct_change":1.64,"two_year_pct_change":63.16,"six_year_pct_change":-31.87,"twentytwo_year_pct_change":-64.97},{"crime":"Petit Larceny","wtd_curr_yr":17,"wtd_prev_yr":9,"wtd_pct_change":88.9,"twentyeight_day_curr_yr":54,"twentyeight_day_prev_yr":29,"twentyeight_day_pct_change":86.2,"ytd_curr_yr":47,"ytd_prev_yr":28,"ytd_pct_change":67.9,"two_year_pct_change":46.9,"six_year_pct_change":null,"twentytwo_year_pct_change":null},{"crime":"Misd. Assault","wtd_curr_yr":5,"wtd_prev_yr":7,"wtd_pct_change":-28.6,"twentyeight_day_curr_yr":28,"twentyeight_day_prev_yr":37,"twentyeight_day_pct_change":-24.3,"ytd_curr_yr":28,"ytd_prev_yr":36,"ytd_pct_change":-22.2,"two_year_pct_change":7.7,"six_year_pct_change":null,"twentytwo_year_pct_change":null},{"crime":"Misd. Sex Crimes","wtd_curr_yr":0,"wtd_prev_yr":0,"wtd_pct_change":null,"twentyeight_day_curr_yr":1,"twentyeight_day_prev_yr":1,"twentyeight_day_pct_change":0,"ytd_curr_yr":1,"ytd_prev_yr":1,"ytd_pct_change":0,"two_year_pct_change":null,"six_year_pct_change":null,"twentytwo_year_pct_change":null},{"crime":"Shooting Vic.","wtd_curr_yr":0,"wtd_prev_yr":1,"wtd_pct_change":-100,"twentyeight_day_curr_yr":0,"twentyeight_day_prev_yr":1,"twentyeight_day_pct_change":-100,"ytd_curr_yr":0,"ytd_prev_yr":1,"ytd_pct_change":-100,"two_year_pct_change":-100,"six_year_pct_change":-100,"twentytwo_year_pct_change":-100},{"crime":"Shooting Inc.","wtd_curr_yr":0,"wtd_prev_yr":1,"wtd_pct_change":-100,"twentyeight_day_curr_yr":0,"twentyeight_day_prev_yr":1,"twentyeight_day_pct_change":-100,"ytd_curr_yr":0,"ytd_prev_yr":1,"ytd_pct_change":-100,"two_year_pct_change":-100,"six_year_pct_change":-100,"twentytwo_year_pct_change":-100}],"historical":[{"yr_1990":14,"yr_1993":16,"yr_1998":9,"yr_2001":6,"yr_2013":3,"pct_change_13vs01":-50,"pct_change_13vs98":-66.7,"pct_change_13vs93":-81.2,"pct_change_13vs90":-78.6,"crime":"Murder"},{"yr_1990":67,"yr_1993":42,"yr_1998":32,"yr_2001":17,"yr_2013":19,"pct_change_13vs01":11.8,"pct_change_13vs98":-40.6,"pct_change_13vs93":-54.8,"pct_change_13vs90":-71.6,"crime":"Rape"},{"yr_1990":826,"yr_1993":710,"yr_1998":413,"yr_2001":247,"yr_2013":148,"pct_change_13vs01":-40.1,"pct_change_13vs98":-64.2,"pct_change_13vs93":-79.2,"pct_change_13vs90":-82.1,"crime":"Robbery"},{"yr_1990":588,"yr_1993":524,"yr_1998":418,"yr_2001":301,"yr_2013":212,"pct_change_13vs01":-29.6,"pct_change_13vs98":-49.3,"pct_change_13vs93":-59.5,"pct_change_13vs90":-63.9,"crime":"Fel. Assault"},{"yr_1990":825,"yr_1993":768,"yr_1998":370,"yr_2001":216,"yr_2013":227,"pct_change_13vs01":5.1,"pct_change_13vs98":-38.6,"pct_change_13vs93":-70.4,"pct_change_13vs90":-72.5,"crime":"Burglary"},{"yr_1990":362,"yr_1993":330,"yr_1998":203,"yr_2001":189,"yr_2013":182,"pct_change_13vs01":-3.7,"pct_change_13vs98":-10.3,"pct_change_13vs93":-44.8,"pct_change_13vs90":-49.7,"crime":"Gr. Larceny"},{"yr_1990":719,"yr_1993":460,"yr_1998":184,"yr_2001":158,"yr_2013":61,"pct_change_13vs01":-61.4,"pct_change_13vs98":-66.8,"pct_change_13vs93":-86.7,"pct_change_13vs90":-91.5,"crime":"G.L.A."},{"yr_1990":3401,"yr_1993":2850,"yr_1998":1629,"yr_2001":1134,"yr_2013":852,"pct_change_13vs01":-24.87,"pct_change_13vs98":-47.7,"pct_change_13vs93":-70.11,"pct_change_13vs90":-74.95,"crime":"TOTAL"}]}