{"mayor":"Bill de Blasio","commissioner":"William J. Bratton","volume":21,"number":47,"precinct":"104th","startDate":"2014-11-17T05:00:00.000Z","endDate":"2014-11-23T05:00:00.000Z","crimes":[{"crime":"Murder","wtd_curr_yr":0,"wtd_prev_yr":0,"wtd_pct_change":null,"twentyeight_day_curr_yr":0,"twentyeight_day_prev_yr":0,"twentyeight_day_pct_change":null,"ytd_curr_yr":3,"ytd_prev_yr":3,"ytd_pct_change":0,"two_year_pct_change":null,"six_year_pct_change":200,"twentytwo_year_pct_change":-82.4},{"crime":"Rape","wtd_curr_yr":1,"wtd_prev_yr":0,"wtd_pct_change":null,"twentyeight_day_curr_yr":3,"twentyeight_day_prev_yr":1,"twentyeight_day_pct_change":200,"ytd_curr_yr":18,"ytd_prev_yr":13,"ytd_pct_change":38.5,"two_year_pct_change":63.6,"six_year_pct_change":38.5,"twentytwo_year_pct_change":-10},{"crime":"Robbery","wtd_curr_yr":4,"wtd_prev_yr":10,"wtd_pct_change":-60,"twentyeight_day_curr_yr":19,"twentyeight_day_prev_yr":34,"twentyeight_day_pct_change":-44.1,"ytd_curr_yr":164,"ytd_prev_yr":238,"ytd_pct_change":-31.1,"two_year_pct_change":-35.7,"six_year_pct_change":-33.6,"twentytwo_year_pct_change":-81.7},{"crime":"Fel. Assault","wtd_curr_yr":4,"wtd_prev_yr":4,"wtd_pct_change":0,"twentyeight_day_curr_yr":14,"twentyeight_day_prev_yr":17,"twentyeight_day_pct_change":-17.6,"ytd_curr_yr":191,"ytd_prev_yr":224,"ytd_pct_change":-14.7,"two_year_pct_change":-18.4,"six_year_pct_change":17.2,"twentytwo_year_pct_change":-29.8},{"crime":"Burglary","wtd_curr_yr":6,"wtd_prev_yr":5,"wtd_pct_change":20,"twentyeight_day_curr_yr":19,"twentyeight_day_prev_yr":18,"twentyeight_day_pct_change":5.6,"ytd_curr_yr":251,"ytd_prev_yr":306,"ytd_pct_change":-18,"two_year_pct_change":-27.2,"six_year_pct_change":-35.1,"twentytwo_year_pct_change":-86.1},{"crime":"Gr. Larceny","wtd_curr_yr":13,"wtd_prev_yr":13,"wtd_pct_change":0,"twentyeight_day_curr_yr":38,"twentyeight_day_prev_yr":44,"twentyeight_day_pct_change":-13.6,"ytd_curr_yr":520,"ytd_prev_yr":508,"ytd_pct_change":2.4,"two_year_pct_change":9.9,"six_year_pct_change":16.6,"twentytwo_year_pct_change":-12.9},{"crime":"G.L.A.","wtd_curr_yr":10,"wtd_prev_yr":4,"wtd_pct_change":150,"twentyeight_day_curr_yr":24,"twentyeight_day_prev_yr":24,"twentyeight_day_pct_change":0,"ytd_curr_yr":205,"ytd_prev_yr":149,"ytd_pct_change":37.6,"two_year_pct_change":9.6,"six_year_pct_change":-22.6,"twentytwo_year_pct_change":-93.5},{"crime":"TOTAL","wtd_curr_yr":38,"wtd_prev_yr":36,"wtd_pct_change":5.56,"twentyeight_day_curr_yr":117,"twentyeight_day_prev_yr":138,"twentyeight_day_pct_change":-15.22,"ytd_curr_yr":1352,"ytd_prev_yr":1441,"ytd_pct_change":-6.18,"two_year_pct_change":-10.17,"six_year_pct_change":-11.17,"twentytwo_year_pct_change":-79.98},{"crime":"Transit","wtd_curr_yr":0,"wtd_prev_yr":1,"wtd_pct_change":-100,"twentyeight_day_curr_yr":1,"twentyeight_day_prev_yr":3,"twentyeight_day_pct_change":-66.7,"ytd_curr_yr":11,"ytd_prev_yr":15,"ytd_pct_change":-26.7,"two_year_pct_change":-56,"six_year_pct_change":175,"twentytwo_year_pct_change":null},{"crime":"Housing","wtd_curr_yr":0,"wtd_prev_yr":0,"wtd_pct_change":null,"twentyeight_day_curr_yr":0,"twentyeight_day_prev_yr":0,"twentyeight_day_pct_change":null,"ytd_curr_yr":0,"ytd_prev_yr":0,"ytd_pct_change":null,"two_year_pct_change":null,"six_year_pct_change":null,"twentytwo_year_pct_change":null},{"crime":"Petit Larceny","wtd_curr_yr":11,"wtd_prev_yr":29,"wtd_pct_change":-62.1,"twentyeight_day_curr_yr":78,"twentyeight_day_prev_yr":102,"twentyeight_day_pct_change":-23.5,"ytd_curr_yr":1028,"ytd_prev_yr":1057,"ytd_pct_change":-2.7,"two_year_pct_change":5.7,"six_year_pct_change":-1.2,"twentytwo_year_pct_change":null},{"crime":"Misd. Assault","wtd_curr_yr":15,"wtd_prev_yr":17,"wtd_pct_change":-11.8,"twentyeight_day_curr_yr":39,"twentyeight_day_prev_yr":62,"twentyeight_day_pct_change":-37.1,"ytd_curr_yr":552,"ytd_prev_yr":522,"ytd_pct_change":5.7,"two_year_pct_change":-4.5,"six_year_pct_change":-6,"twentytwo_year_pct_change":null},{"crime":"Misd. Sex Crimes","wtd_curr_yr":1,"wtd_prev_yr":0,"wtd_pct_change":null,"twentyeight_day_curr_yr":3,"twentyeight_day_prev_yr":3,"twentyeight_day_pct_change":0,"ytd_curr_yr":13,"ytd_prev_yr":25,"ytd_pct_change":-48,"two_year_pct_change":-51.9,"six_year_pct_change":-56.7,"twentytwo_year_pct_change":null},{"crime":"Shooting Vic.","wtd_curr_yr":0,"wtd_prev_yr":0,"wtd_pct_change":null,"twentyeight_day_curr_yr":0,"twentyeight_day_prev_yr":0,"twentyeight_day_pct_change":null,"ytd_curr_yr":8,"ytd_prev_yr":4,"ytd_pct_change":100,"two_year_pct_change":100,"six_year_pct_change":33.3,"twentytwo_year_pct_change":-69.2},{"crime":"Shooting Inc.","wtd_curr_yr":0,"wtd_prev_yr":0,"wtd_pct_change":null,"twentyeight_day_curr_yr":0,"twentyeight_day_prev_yr":0,"twentyeight_day_pct_change":null,"ytd_curr_yr":7,"ytd_prev_yr":4,"ytd_pct_change":75,"two_year_pct_change":75,"six_year_pct_change":40,"twentytwo_year_pct_change":-69.6}],"historical":[{"yr_1990":11,"yr_1993":19,"yr_1998":7,"yr_2001":5,"yr_2013":3,"pct_change_13vs01":-40,"pct_change_13vs98":-57.1,"pct_change_13vs93":-84.2,"pct_change_13vs90":-72.7,"crime":"Murder"},{"yr_1990":21,"yr_1993":21,"yr_1998":24,"yr_2001":15,"yr_2013":15,"pct_change_13vs01":0,"pct_change_13vs98":-37.5,"pct_change_13vs93":-28.6,"pct_change_13vs90":-28.6,"crime":"Rape"},{"yr_1990":1307,"yr_1993":1027,"yr_1998":490,"yr_2001":359,"yr_2013":256,"pct_change_13vs01":-28.7,"pct_change_13vs98":-47.8,"pct_change_13vs93":-75.1,"pct_change_13vs90":-80.4,"crime":"Robbery"},{"yr_1990":279,"yr_1993":305,"yr_1998":261,"yr_2001":262,"yr_2013":241,"pct_change_13vs01":-8,"pct_change_13vs98":-7.7,"pct_change_13vs93":-21,"pct_change_13vs90":-13.6,"crime":"Fel. Assault"},{"yr_1990":2562,"yr_1993":1955,"yr_1998":1024,"yr_2001":790,"yr_2013":339,"pct_change_13vs01":-57.1,"pct_change_13vs98":-66.9,"pct_change_13vs93":-82.7,"pct_change_13vs90":-86.8,"crime":"Burglary"},{"yr_1990":884,"yr_1993":678,"yr_1998":485,"yr_2001":551,"yr_2013":572,"pct_change_13vs01":3.8,"pct_change_13vs98":17.9,"pct_change_13vs93":-15.6,"pct_change_13vs90":-35.3,"crime":"Gr. Larceny"},{"yr_1990":4443,"yr_1993":3418,"yr_1998":1374,"yr_2001":892,"yr_2013":181,"pct_change_13vs01":-79.7,"pct_change_13vs98":-86.8,"pct_change_13vs93":-94.7,"pct_change_13vs90":-95.9,"crime":"G.L.A."},{"yr_1990":9507,"yr_1993":7423,"yr_1998":3665,"yr_2001":2874,"yr_2013":1607,"pct_change_13vs01":-44.08,"pct_change_13vs98":-56.15,"pct_change_13vs93":-78.35,"pct_change_13vs90":-83.1,"crime":"TOTAL"}]}