{"mayor":"Bill de Blasio","commissioner":"William J. Bratton","volume":21,"number":10,"precinct":"101st","startDate":"2014-03-03T05:00:00.000Z","endDate":"2014-03-09T05:00:00.000Z","crimes":[{"crime":"Murder","wtd_curr_yr":0,"wtd_prev_yr":0,"wtd_pct_change":null,"twentyeight_day_curr_yr":0,"twentyeight_day_prev_yr":0,"twentyeight_day_pct_change":null,"ytd_curr_yr":1,"ytd_prev_yr":1,"ytd_pct_change":0,"two_year_pct_change":0,"six_year_pct_change":0,"twentytwo_year_pct_change":-66.7},{"crime":"Rape","wtd_curr_yr":0,"wtd_prev_yr":0,"wtd_pct_change":null,"twentyeight_day_curr_yr":0,"twentyeight_day_prev_yr":2,"twentyeight_day_pct_change":-100,"ytd_curr_yr":1,"ytd_prev_yr":3,"ytd_pct_change":-66.7,"two_year_pct_change":-83.3,"six_year_pct_change":-50,"twentytwo_year_pct_change":-83.3},{"crime":"Robbery","wtd_curr_yr":1,"wtd_prev_yr":1,"wtd_pct_change":0,"twentyeight_day_curr_yr":12,"twentyeight_day_prev_yr":10,"twentyeight_day_pct_change":20,"ytd_curr_yr":23,"ytd_prev_yr":25,"ytd_pct_change":-8,"two_year_pct_change":15,"six_year_pct_change":-51.1,"twentytwo_year_pct_change":-76.8},{"crime":"Fel. Assault","wtd_curr_yr":3,"wtd_prev_yr":2,"wtd_pct_change":50,"twentyeight_day_curr_yr":17,"twentyeight_day_prev_yr":13,"twentyeight_day_pct_change":30.8,"ytd_curr_yr":41,"ytd_prev_yr":25,"ytd_pct_change":64,"two_year_pct_change":86.4,"six_year_pct_change":-6.8,"twentytwo_year_pct_change":-43.1},{"crime":"Burglary","wtd_curr_yr":6,"wtd_prev_yr":1,"wtd_pct_change":500,"twentyeight_day_curr_yr":11,"twentyeight_day_prev_yr":20,"twentyeight_day_pct_change":-45,"ytd_curr_yr":31,"ytd_prev_yr":58,"ytd_pct_change":-46.6,"two_year_pct_change":72.2,"six_year_pct_change":-43.6,"twentytwo_year_pct_change":-65.2},{"crime":"Gr. Larceny","wtd_curr_yr":2,"wtd_prev_yr":0,"wtd_pct_change":null,"twentyeight_day_curr_yr":8,"twentyeight_day_prev_yr":6,"twentyeight_day_pct_change":33.3,"ytd_curr_yr":31,"ytd_prev_yr":16,"ytd_pct_change":93.8,"two_year_pct_change":19.2,"six_year_pct_change":-6.1,"twentytwo_year_pct_change":-34},{"crime":"G.L.A.","wtd_curr_yr":1,"wtd_prev_yr":1,"wtd_pct_change":0,"twentyeight_day_curr_yr":8,"twentyeight_day_prev_yr":3,"twentyeight_day_pct_change":166.7,"ytd_curr_yr":18,"ytd_prev_yr":5,"ytd_pct_change":260,"two_year_pct_change":350,"six_year_pct_change":-33.3,"twentytwo_year_pct_change":-80},{"crime":"TOTAL","wtd_curr_yr":13,"wtd_prev_yr":5,"wtd_pct_change":160,"twentyeight_day_curr_yr":56,"twentyeight_day_prev_yr":54,"twentyeight_day_pct_change":3.7,"ytd_curr_yr":146,"ytd_prev_yr":133,"ytd_pct_change":9.77,"two_year_pct_change":50.52,"six_year_pct_change":-30.14,"twentytwo_year_pct_change":-64.04},{"crime":"Transit","wtd_curr_yr":0,"wtd_prev_yr":0,"wtd_pct_change":null,"twentyeight_day_curr_yr":0,"twentyeight_day_prev_yr":1,"twentyeight_day_pct_change":-100,"ytd_curr_yr":1,"ytd_prev_yr":4,"ytd_pct_change":-75,"two_year_pct_change":0,"six_year_pct_change":0,"twentytwo_year_pct_change":null},{"crime":"Housing","wtd_curr_yr":0,"wtd_prev_yr":0,"wtd_pct_change":null,"twentyeight_day_curr_yr":12,"twentyeight_day_prev_yr":4,"twentyeight_day_pct_change":200,"ytd_curr_yr":18,"ytd_prev_yr":6,"ytd_pct_change":200,"two_year_pct_change":200,"six_year_pct_change":-18.2,"twentytwo_year_pct_change":null},{"crime":"Petit Larceny","wtd_curr_yr":10,"wtd_prev_yr":15,"wtd_pct_change":-33.3,"twentyeight_day_curr_yr":41,"twentyeight_day_prev_yr":52,"twentyeight_day_pct_change":-21.2,"ytd_curr_yr":111,"ytd_prev_yr":92,"ytd_pct_change":20.7,"two_year_pct_change":91.4,"six_year_pct_change":null,"twentytwo_year_pct_change":null},{"crime":"Misd. Assault","wtd_curr_yr":9,"wtd_prev_yr":5,"wtd_pct_change":80,"twentyeight_day_curr_yr":26,"twentyeight_day_prev_yr":25,"twentyeight_day_pct_change":4,"ytd_curr_yr":69,"ytd_prev_yr":72,"ytd_pct_change":-4.2,"two_year_pct_change":1.5,"six_year_pct_change":null,"twentytwo_year_pct_change":null},{"crime":"Misd. Sex Crimes","wtd_curr_yr":1,"wtd_prev_yr":0,"wtd_pct_change":null,"twentyeight_day_curr_yr":1,"twentyeight_day_prev_yr":0,"twentyeight_day_pct_change":null,"ytd_curr_yr":2,"ytd_prev_yr":1,"ytd_pct_change":100,"two_year_pct_change":0,"six_year_pct_change":null,"twentytwo_year_pct_change":null},{"crime":"Shooting Vic.","wtd_curr_yr":0,"wtd_prev_yr":0,"wtd_pct_change":null,"twentyeight_day_curr_yr":2,"twentyeight_day_prev_yr":0,"twentyeight_day_pct_change":null,"ytd_curr_yr":2,"ytd_prev_yr":1,"ytd_pct_change":100,"two_year_pct_change":-33.3,"six_year_pct_change":100,"twentytwo_year_pct_change":-81.8},{"crime":"Shooting Inc.","wtd_curr_yr":0,"wtd_prev_yr":0,"wtd_pct_change":null,"twentyeight_day_curr_yr":2,"twentyeight_day_prev_yr":0,"twentyeight_day_pct_change":null,"ytd_curr_yr":2,"ytd_prev_yr":1,"ytd_pct_change":100,"two_year_pct_change":-33.3,"six_year_pct_change":100,"twentytwo_year_pct_change":-81.8}],"historical":[{"yr_1990":14,"yr_1993":16,"yr_1998":9,"yr_2001":6,"yr_2013":3,"pct_change_13vs01":-50,"pct_change_13vs98":-66.7,"pct_change_13vs93":-81.2,"pct_change_13vs90":-78.6,"crime":"Murder"},{"yr_1990":67,"yr_1993":42,"yr_1998":32,"yr_2001":17,"yr_2013":19,"pct_change_13vs01":11.8,"pct_change_13vs98":-40.6,"pct_change_13vs93":-54.8,"pct_change_13vs90":-71.6,"crime":"Rape"},{"yr_1990":826,"yr_1993":710,"yr_1998":413,"yr_2001":247,"yr_2013":148,"pct_change_13vs01":-40.1,"pct_change_13vs98":-64.2,"pct_change_13vs93":-79.2,"pct_change_13vs90":-82.1,"crime":"Robbery"},{"yr_1990":588,"yr_1993":524,"yr_1998":418,"yr_2001":301,"yr_2013":212,"pct_change_13vs01":-29.6,"pct_change_13vs98":-49.3,"pct_change_13vs93":-59.5,"pct_change_13vs90":-63.9,"crime":"Fel. Assault"},{"yr_1990":825,"yr_1993":768,"yr_1998":370,"yr_2001":216,"yr_2013":227,"pct_change_13vs01":5.1,"pct_change_13vs98":-38.6,"pct_change_13vs93":-70.4,"pct_change_13vs90":-72.5,"crime":"Burglary"},{"yr_1990":362,"yr_1993":330,"yr_1998":203,"yr_2001":189,"yr_2013":182,"pct_change_13vs01":-3.7,"pct_change_13vs98":-10.3,"pct_change_13vs93":-44.8,"pct_change_13vs90":-49.7,"crime":"Gr. Larceny"},{"yr_1990":719,"yr_1993":460,"yr_1998":184,"yr_2001":158,"yr_2013":61,"pct_change_13vs01":-61.4,"pct_change_13vs98":-66.8,"pct_change_13vs93":-86.7,"pct_change_13vs90":-91.5,"crime":"G.L.A."},{"yr_1990":3401,"yr_1993":2850,"yr_1998":1629,"yr_2001":1134,"yr_2013":852,"pct_change_13vs01":-24.87,"pct_change_13vs98":-47.7,"pct_change_13vs93":-70.11,"pct_change_13vs90":-74.95,"crime":"TOTAL"}]}