{"mayor":"Bill de Blasio","commissioner":"William J. Bratton","volume":21,"number":30,"precinct":"108th","startDate":"2014-07-21T04:00:00.000Z","endDate":"2014-07-27T04:00:00.000Z","crimes":[{"crime":"Murder","wtd_curr_yr":1,"wtd_prev_yr":0,"wtd_pct_change":null,"twentyeight_day_curr_yr":1,"twentyeight_day_prev_yr":2,"twentyeight_day_pct_change":-50,"ytd_curr_yr":2,"ytd_prev_yr":3,"ytd_pct_change":-33.3,"two_year_pct_change":null,"six_year_pct_change":100,"twentytwo_year_pct_change":-71.4},{"crime":"Rape","wtd_curr_yr":0,"wtd_prev_yr":0,"wtd_pct_change":null,"twentyeight_day_curr_yr":0,"twentyeight_day_prev_yr":0,"twentyeight_day_pct_change":null,"ytd_curr_yr":6,"ytd_prev_yr":10,"ytd_pct_change":-40,"two_year_pct_change":-25,"six_year_pct_change":-14.3,"twentytwo_year_pct_change":0},{"crime":"Robbery","wtd_curr_yr":1,"wtd_prev_yr":3,"wtd_pct_change":-66.7,"twentyeight_day_curr_yr":13,"twentyeight_day_prev_yr":15,"twentyeight_day_pct_change":-13.3,"ytd_curr_yr":90,"ytd_prev_yr":85,"ytd_pct_change":5.9,"two_year_pct_change":-14.3,"six_year_pct_change":3.4,"twentytwo_year_pct_change":-85.3},{"crime":"Fel. Assault","wtd_curr_yr":3,"wtd_prev_yr":2,"wtd_pct_change":50,"twentyeight_day_curr_yr":15,"twentyeight_day_prev_yr":22,"twentyeight_day_pct_change":-31.8,"ytd_curr_yr":80,"ytd_prev_yr":99,"ytd_pct_change":-19.2,"two_year_pct_change":5.3,"six_year_pct_change":53.8,"twentytwo_year_pct_change":-53.2},{"crime":"Burglary","wtd_curr_yr":4,"wtd_prev_yr":7,"wtd_pct_change":-42.9,"twentyeight_day_curr_yr":13,"twentyeight_day_prev_yr":19,"twentyeight_day_pct_change":-31.6,"ytd_curr_yr":128,"ytd_prev_yr":123,"ytd_pct_change":4.1,"two_year_pct_change":-16.3,"six_year_pct_change":-13.5,"twentytwo_year_pct_change":-84.5},{"crime":"Gr. Larceny","wtd_curr_yr":12,"wtd_prev_yr":13,"wtd_pct_change":-7.7,"twentyeight_day_curr_yr":42,"twentyeight_day_prev_yr":54,"twentyeight_day_pct_change":-22.2,"ytd_curr_yr":322,"ytd_prev_yr":313,"ytd_pct_change":2.9,"two_year_pct_change":30.4,"six_year_pct_change":11.8,"twentytwo_year_pct_change":-34.3},{"crime":"G.L.A.","wtd_curr_yr":10,"wtd_prev_yr":6,"wtd_pct_change":66.7,"twentyeight_day_curr_yr":21,"twentyeight_day_prev_yr":13,"twentyeight_day_pct_change":61.5,"ytd_curr_yr":81,"ytd_prev_yr":81,"ytd_pct_change":0,"two_year_pct_change":-3.6,"six_year_pct_change":-19.8,"twentytwo_year_pct_change":-92.7},{"crime":"TOTAL","wtd_curr_yr":31,"wtd_prev_yr":31,"wtd_pct_change":0,"twentyeight_day_curr_yr":105,"twentyeight_day_prev_yr":125,"twentyeight_day_pct_change":-16,"ytd_curr_yr":709,"ytd_prev_yr":714,"ytd_pct_change":-0.7,"two_year_pct_change":5.35,"six_year_pct_change":3.65,"twentytwo_year_pct_change":-77.99},{"crime":"Transit","wtd_curr_yr":0,"wtd_prev_yr":1,"wtd_pct_change":-100,"twentyeight_day_curr_yr":2,"twentyeight_day_prev_yr":6,"twentyeight_day_pct_change":-66.7,"ytd_curr_yr":36,"ytd_prev_yr":44,"ytd_pct_change":-18.2,"two_year_pct_change":-2.7,"six_year_pct_change":80,"twentytwo_year_pct_change":null},{"crime":"Housing","wtd_curr_yr":0,"wtd_prev_yr":0,"wtd_pct_change":null,"twentyeight_day_curr_yr":0,"twentyeight_day_prev_yr":0,"twentyeight_day_pct_change":null,"ytd_curr_yr":0,"ytd_prev_yr":0,"ytd_pct_change":null,"two_year_pct_change":null,"six_year_pct_change":null,"twentytwo_year_pct_change":null},{"crime":"Petit Larceny","wtd_curr_yr":18,"wtd_prev_yr":26,"wtd_pct_change":-30.8,"twentyeight_day_curr_yr":74,"twentyeight_day_prev_yr":87,"twentyeight_day_pct_change":-14.9,"ytd_curr_yr":489,"ytd_prev_yr":535,"ytd_pct_change":-8.6,"two_year_pct_change":-5.6,"six_year_pct_change":-6.1,"twentytwo_year_pct_change":null},{"crime":"Misd. Assault","wtd_curr_yr":5,"wtd_prev_yr":12,"wtd_pct_change":-58.3,"twentyeight_day_curr_yr":40,"twentyeight_day_prev_yr":43,"twentyeight_day_pct_change":-7,"ytd_curr_yr":241,"ytd_prev_yr":264,"ytd_pct_change":-8.7,"two_year_pct_change":4.8,"six_year_pct_change":-14.8,"twentytwo_year_pct_change":null},{"crime":"Misd. Sex Crimes","wtd_curr_yr":0,"wtd_prev_yr":1,"wtd_pct_change":-100,"twentyeight_day_curr_yr":5,"twentyeight_day_prev_yr":2,"twentyeight_day_pct_change":150,"ytd_curr_yr":30,"ytd_prev_yr":34,"ytd_pct_change":-11.8,"two_year_pct_change":-23.1,"six_year_pct_change":-3.2,"twentytwo_year_pct_change":null},{"crime":"Shooting Vic.","wtd_curr_yr":1,"wtd_prev_yr":0,"wtd_pct_change":null,"twentyeight_day_curr_yr":1,"twentyeight_day_prev_yr":0,"twentyeight_day_pct_change":null,"ytd_curr_yr":1,"ytd_prev_yr":1,"ytd_pct_change":0,"two_year_pct_change":0,"six_year_pct_change":null,"twentytwo_year_pct_change":-92.9},{"crime":"Shooting Inc.","wtd_curr_yr":1,"wtd_prev_yr":0,"wtd_pct_change":null,"twentyeight_day_curr_yr":1,"twentyeight_day_prev_yr":0,"twentyeight_day_pct_change":null,"ytd_curr_yr":1,"ytd_prev_yr":1,"ytd_pct_change":0,"two_year_pct_change":0,"six_year_pct_change":null,"twentytwo_year_pct_change":-92.9}],"historical":[{"yr_1990":16,"yr_1993":10,"yr_1998":5,"yr_2001":3,"yr_2013":4,"pct_change_13vs01":33.3,"pct_change_13vs98":-20,"pct_change_13vs93":-60,"pct_change_13vs90":-75,"crime":"Murder"},{"yr_1990":22,"yr_1993":12,"yr_1998":24,"yr_2001":18,"yr_2013":15,"pct_change_13vs01":-16.7,"pct_change_13vs98":-37.5,"pct_change_13vs93":25,"pct_change_13vs90":-31.8,"crime":"Rape"},{"yr_1990":1372,"yr_1993":1026,"yr_1998":464,"yr_2001":313,"yr_2013":160,"pct_change_13vs01":-48.9,"pct_change_13vs98":-65.5,"pct_change_13vs93":-84.4,"pct_change_13vs90":-88.3,"crime":"Robbery"},{"yr_1990":290,"yr_1993":317,"yr_1998":248,"yr_2001":147,"yr_2013":171,"pct_change_13vs01":16.3,"pct_change_13vs98":-31,"pct_change_13vs93":-46.1,"pct_change_13vs90":-41,"crime":"Fel. Assault"},{"yr_1990":2062,"yr_1993":1563,"yr_1998":971,"yr_2001":564,"yr_2013":244,"pct_change_13vs01":-56.7,"pct_change_13vs98":-74.9,"pct_change_13vs93":-84.4,"pct_change_13vs90":-88.2,"crime":"Burglary"},{"yr_1990":1150,"yr_1993":914,"yr_1998":605,"yr_2001":570,"yr_2013":572,"pct_change_13vs01":0.4,"pct_change_13vs98":-5.5,"pct_change_13vs93":-37.4,"pct_change_13vs90":-50.3,"crime":"Gr. Larceny"},{"yr_1990":2945,"yr_1993":2123,"yr_1998":942,"yr_2001":704,"yr_2013":166,"pct_change_13vs01":-76.4,"pct_change_13vs98":-82.4,"pct_change_13vs93":-92.2,"pct_change_13vs90":-94.4,"crime":"G.L.A."},{"yr_1990":7857,"yr_1993":5965,"yr_1998":3259,"yr_2001":2319,"yr_2013":1332,"pct_change_13vs01":-42.56,"pct_change_13vs98":-59.13,"pct_change_13vs93":-77.67,"pct_change_13vs90":-83.05,"crime":"TOTAL"}]}