{"mayor":"Bill de Blasio","commissioner":"William J. Bratton","volume":21,"number":51,"precinct":"101st","startDate":"2014-12-15T05:00:00.000Z","endDate":"2014-12-21T05:00:00.000Z","crimes":[{"crime":"Murder","wtd_curr_yr":0,"wtd_prev_yr":0,"wtd_pct_change":null,"twentyeight_day_curr_yr":0,"twentyeight_day_prev_yr":0,"twentyeight_day_pct_change":null,"ytd_curr_yr":5,"ytd_prev_yr":2,"ytd_pct_change":150,"two_year_pct_change":-16.7,"six_year_pct_change":-37.5,"twentytwo_year_pct_change":-68.8},{"crime":"Rape","wtd_curr_yr":1,"wtd_prev_yr":0,"wtd_pct_change":null,"twentyeight_day_curr_yr":1,"twentyeight_day_prev_yr":3,"twentyeight_day_pct_change":-66.7,"ytd_curr_yr":13,"ytd_prev_yr":19,"ytd_pct_change":-31.6,"two_year_pct_change":-13.3,"six_year_pct_change":-31.6,"twentytwo_year_pct_change":-69},{"crime":"Robbery","wtd_curr_yr":4,"wtd_prev_yr":5,"wtd_pct_change":-20,"twentyeight_day_curr_yr":19,"twentyeight_day_prev_yr":14,"twentyeight_day_pct_change":35.7,"ytd_curr_yr":140,"ytd_prev_yr":144,"ytd_pct_change":-2.8,"two_year_pct_change":-0.7,"six_year_pct_change":12,"twentytwo_year_pct_change":-79.8},{"crime":"Fel. Assault","wtd_curr_yr":5,"wtd_prev_yr":5,"wtd_pct_change":0,"twentyeight_day_curr_yr":23,"twentyeight_day_prev_yr":17,"twentyeight_day_pct_change":35.3,"ytd_curr_yr":273,"ytd_prev_yr":207,"ytd_pct_change":31.9,"two_year_pct_change":13.3,"six_year_pct_change":66.5,"twentytwo_year_pct_change":-46.9},{"crime":"Burglary","wtd_curr_yr":1,"wtd_prev_yr":1,"wtd_pct_change":0,"twentyeight_day_curr_yr":8,"twentyeight_day_prev_yr":10,"twentyeight_day_pct_change":-20,"ytd_curr_yr":148,"ytd_prev_yr":221,"ytd_pct_change":-33,"two_year_pct_change":-36.8,"six_year_pct_change":39.6,"twentytwo_year_pct_change":-80.4},{"crime":"Gr. Larceny","wtd_curr_yr":4,"wtd_prev_yr":7,"wtd_pct_change":-42.9,"twentyeight_day_curr_yr":16,"twentyeight_day_prev_yr":21,"twentyeight_day_pct_change":-23.8,"ytd_curr_yr":194,"ytd_prev_yr":180,"ytd_pct_change":7.8,"two_year_pct_change":0,"six_year_pct_change":31.1,"twentytwo_year_pct_change":-39.6},{"crime":"G.L.A.","wtd_curr_yr":0,"wtd_prev_yr":1,"wtd_pct_change":-100,"twentyeight_day_curr_yr":1,"twentyeight_day_prev_yr":6,"twentyeight_day_pct_change":-83.3,"ytd_curr_yr":69,"ytd_prev_yr":59,"ytd_pct_change":16.9,"two_year_pct_change":30.2,"six_year_pct_change":4.5,"twentytwo_year_pct_change":-84.8},{"crime":"TOTAL","wtd_curr_yr":15,"wtd_prev_yr":19,"wtd_pct_change":-21.05,"twentyeight_day_curr_yr":68,"twentyeight_day_prev_yr":71,"twentyeight_day_pct_change":-4.23,"ytd_curr_yr":842,"ytd_prev_yr":832,"ytd_pct_change":1.2,"two_year_pct_change":-4.75,"six_year_pct_change":32.39,"twentytwo_year_pct_change":-69.87},{"crime":"Transit","wtd_curr_yr":0,"wtd_prev_yr":2,"wtd_pct_change":-100,"twentyeight_day_curr_yr":1,"twentyeight_day_prev_yr":2,"twentyeight_day_pct_change":-50,"ytd_curr_yr":10,"ytd_prev_yr":10,"ytd_pct_change":0,"two_year_pct_change":-50,"six_year_pct_change":-23.1,"twentytwo_year_pct_change":null},{"crime":"Housing","wtd_curr_yr":1,"wtd_prev_yr":4,"wtd_pct_change":-75,"twentyeight_day_curr_yr":7,"twentyeight_day_prev_yr":12,"twentyeight_day_pct_change":-41.7,"ytd_curr_yr":98,"ytd_prev_yr":88,"ytd_pct_change":11.4,"two_year_pct_change":10.1,"six_year_pct_change":28.9,"twentytwo_year_pct_change":null},{"crime":"Petit Larceny","wtd_curr_yr":16,"wtd_prev_yr":13,"wtd_pct_change":23.1,"twentyeight_day_curr_yr":33,"twentyeight_day_prev_yr":49,"twentyeight_day_pct_change":-32.7,"ytd_curr_yr":498,"ytd_prev_yr":533,"ytd_pct_change":-6.6,"two_year_pct_change":6.2,"six_year_pct_change":23,"twentytwo_year_pct_change":null},{"crime":"Misd. Assault","wtd_curr_yr":5,"wtd_prev_yr":6,"wtd_pct_change":-16.7,"twentyeight_day_curr_yr":22,"twentyeight_day_prev_yr":31,"twentyeight_day_pct_change":-29,"ytd_curr_yr":431,"ytd_prev_yr":479,"ytd_pct_change":-10,"two_year_pct_change":-0.9,"six_year_pct_change":14,"twentytwo_year_pct_change":null},{"crime":"Misd. Sex Crimes","wtd_curr_yr":0,"wtd_prev_yr":0,"wtd_pct_change":null,"twentyeight_day_curr_yr":0,"twentyeight_day_prev_yr":1,"twentyeight_day_pct_change":-100,"ytd_curr_yr":14,"ytd_prev_yr":16,"ytd_pct_change":-12.5,"two_year_pct_change":-33.3,"six_year_pct_change":-41.7,"twentytwo_year_pct_change":null},{"crime":"Shooting Vic.","wtd_curr_yr":0,"wtd_prev_yr":1,"wtd_pct_change":-100,"twentyeight_day_curr_yr":3,"twentyeight_day_prev_yr":1,"twentyeight_day_pct_change":200,"ytd_curr_yr":30,"ytd_prev_yr":16,"ytd_pct_change":87.5,"two_year_pct_change":-16.7,"six_year_pct_change":-3.2,"twentytwo_year_pct_change":-31.8},{"crime":"Shooting Inc.","wtd_curr_yr":0,"wtd_prev_yr":1,"wtd_pct_change":-100,"twentyeight_day_curr_yr":3,"twentyeight_day_prev_yr":1,"twentyeight_day_pct_change":200,"ytd_curr_yr":29,"ytd_prev_yr":14,"ytd_pct_change":107.1,"two_year_pct_change":-12.1,"six_year_pct_change":7.4,"twentytwo_year_pct_change":-31}],"historical":[{"yr_1990":14,"yr_1993":16,"yr_1998":9,"yr_2001":6,"yr_2013":3,"pct_change_13vs01":-50,"pct_change_13vs98":-66.7,"pct_change_13vs93":-81.2,"pct_change_13vs90":-78.6,"crime":"Murder"},{"yr_1990":67,"yr_1993":42,"yr_1998":32,"yr_2001":17,"yr_2013":19,"pct_change_13vs01":11.8,"pct_change_13vs98":-40.6,"pct_change_13vs93":-54.8,"pct_change_13vs90":-71.6,"crime":"Rape"},{"yr_1990":826,"yr_1993":710,"yr_1998":413,"yr_2001":247,"yr_2013":148,"pct_change_13vs01":-40.1,"pct_change_13vs98":-64.2,"pct_change_13vs93":-79.2,"pct_change_13vs90":-82.1,"crime":"Robbery"},{"yr_1990":588,"yr_1993":524,"yr_1998":418,"yr_2001":301,"yr_2013":212,"pct_change_13vs01":-29.6,"pct_change_13vs98":-49.3,"pct_change_13vs93":-59.5,"pct_change_13vs90":-63.9,"crime":"Fel. Assault"},{"yr_1990":825,"yr_1993":768,"yr_1998":370,"yr_2001":216,"yr_2013":227,"pct_change_13vs01":5.1,"pct_change_13vs98":-38.6,"pct_change_13vs93":-70.4,"pct_change_13vs90":-72.5,"crime":"Burglary"},{"yr_1990":362,"yr_1993":330,"yr_1998":203,"yr_2001":189,"yr_2013":182,"pct_change_13vs01":-3.7,"pct_change_13vs98":-10.3,"pct_change_13vs93":-44.8,"pct_change_13vs90":-49.7,"crime":"Gr. Larceny"},{"yr_1990":719,"yr_1993":460,"yr_1998":184,"yr_2001":158,"yr_2013":61,"pct_change_13vs01":-61.4,"pct_change_13vs98":-66.8,"pct_change_13vs93":-86.7,"pct_change_13vs90":-91.5,"crime":"G.L.A."},{"yr_1990":3401,"yr_1993":2850,"yr_1998":1629,"yr_2001":1134,"yr_2013":852,"pct_change_13vs01":-24.87,"pct_change_13vs98":-47.7,"pct_change_13vs93":-70.11,"pct_change_13vs90":-74.95,"crime":"TOTAL"}]}