{"mayor":"Bill de Blasio","commissioner":"William J. Bratton","volume":22,"number":3,"precinct":"101st","startDate":"2015-01-12T05:00:00.000Z","endDate":"2015-01-18T05:00:00.000Z","crimes":[{"crime":"Murder","wtd_curr_yr":0,"wtd_prev_yr":0,"wtd_pct_change":null,"twentyeight_day_curr_yr":1,"twentyeight_day_prev_yr":1,"twentyeight_day_pct_change":0,"ytd_curr_yr":1,"ytd_prev_yr":0,"ytd_pct_change":null,"two_year_pct_change":0,"six_year_pct_change":null,"twentytwo_year_pct_change":null},{"crime":"Rape","wtd_curr_yr":0,"wtd_prev_yr":0,"wtd_pct_change":null,"twentyeight_day_curr_yr":0,"twentyeight_day_prev_yr":0,"twentyeight_day_pct_change":null,"ytd_curr_yr":0,"ytd_prev_yr":0,"ytd_pct_change":null,"two_year_pct_change":null,"six_year_pct_change":-100,"twentytwo_year_pct_change":null},{"crime":"Robbery","wtd_curr_yr":4,"wtd_prev_yr":2,"wtd_pct_change":100,"twentyeight_day_curr_yr":16,"twentyeight_day_prev_yr":10,"twentyeight_day_pct_change":60,"ytd_curr_yr":12,"ytd_prev_yr":8,"ytd_pct_change":50,"two_year_pct_change":200,"six_year_pct_change":300,"twentytwo_year_pct_change":-45.5},{"crime":"Fel. Assault","wtd_curr_yr":5,"wtd_prev_yr":3,"wtd_pct_change":66.7,"twentyeight_day_curr_yr":17,"twentyeight_day_prev_yr":16,"twentyeight_day_pct_change":6.2,"ytd_curr_yr":12,"ytd_prev_yr":11,"ytd_pct_change":9.1,"two_year_pct_change":71.4,"six_year_pct_change":71.4,"twentytwo_year_pct_change":-50},{"crime":"Burglary","wtd_curr_yr":1,"wtd_prev_yr":8,"wtd_pct_change":-87.5,"twentyeight_day_curr_yr":4,"twentyeight_day_prev_yr":19,"twentyeight_day_pct_change":-78.9,"ytd_curr_yr":1,"ytd_prev_yr":13,"ytd_pct_change":-92.3,"two_year_pct_change":-95.5,"six_year_pct_change":-75,"twentytwo_year_pct_change":-95.2},{"crime":"Gr. Larceny","wtd_curr_yr":2,"wtd_prev_yr":1,"wtd_pct_change":100,"twentyeight_day_curr_yr":11,"twentyeight_day_prev_yr":14,"twentyeight_day_pct_change":-21.4,"ytd_curr_yr":8,"ytd_prev_yr":10,"ytd_pct_change":-20,"two_year_pct_change":33.3,"six_year_pct_change":166.7,"twentytwo_year_pct_change":-55.6},{"crime":"G.L.A.","wtd_curr_yr":0,"wtd_prev_yr":1,"wtd_pct_change":-100,"twentyeight_day_curr_yr":6,"twentyeight_day_prev_yr":6,"twentyeight_day_pct_change":0,"ytd_curr_yr":2,"ytd_prev_yr":4,"ytd_pct_change":-50,"two_year_pct_change":0,"six_year_pct_change":0,"twentytwo_year_pct_change":-92.9},{"crime":"TOTAL","wtd_curr_yr":12,"wtd_prev_yr":15,"wtd_pct_change":-20,"twentyeight_day_curr_yr":55,"twentyeight_day_prev_yr":66,"twentyeight_day_pct_change":-16.67,"ytd_curr_yr":36,"ytd_prev_yr":46,"ytd_pct_change":-21.74,"two_year_pct_change":-14.29,"six_year_pct_change":71.43,"twentytwo_year_pct_change":-68.14},{"crime":"Transit","wtd_curr_yr":0,"wtd_prev_yr":0,"wtd_pct_change":null,"twentyeight_day_curr_yr":1,"twentyeight_day_prev_yr":1,"twentyeight_day_pct_change":0,"ytd_curr_yr":0,"ytd_prev_yr":1,"ytd_pct_change":-100,"two_year_pct_change":null,"six_year_pct_change":null,"twentytwo_year_pct_change":null},{"crime":"Housing","wtd_curr_yr":0,"wtd_prev_yr":0,"wtd_pct_change":null,"twentyeight_day_curr_yr":4,"twentyeight_day_prev_yr":4,"twentyeight_day_pct_change":0,"ytd_curr_yr":2,"ytd_prev_yr":2,"ytd_pct_change":0,"two_year_pct_change":100,"six_year_pct_change":null,"twentytwo_year_pct_change":null},{"crime":"Petit Larceny","wtd_curr_yr":9,"wtd_prev_yr":13,"wtd_pct_change":-30.8,"twentyeight_day_curr_yr":37,"twentyeight_day_prev_yr":46,"twentyeight_day_pct_change":-19.6,"ytd_curr_yr":15,"ytd_prev_yr":31,"ytd_pct_change":-51.6,"two_year_pct_change":-11.8,"six_year_pct_change":-16.7,"twentytwo_year_pct_change":null},{"crime":"Misd. Assault","wtd_curr_yr":10,"wtd_prev_yr":9,"wtd_pct_change":11.1,"twentyeight_day_curr_yr":28,"twentyeight_day_prev_yr":33,"twentyeight_day_pct_change":-15.2,"ytd_curr_yr":18,"ytd_prev_yr":24,"ytd_pct_change":-25,"two_year_pct_change":-30.8,"six_year_pct_change":28.6,"twentytwo_year_pct_change":null},{"crime":"Misd. Sex Crimes","wtd_curr_yr":0,"wtd_prev_yr":1,"wtd_pct_change":-100,"twentyeight_day_curr_yr":1,"twentyeight_day_prev_yr":1,"twentyeight_day_pct_change":0,"ytd_curr_yr":0,"ytd_prev_yr":1,"ytd_pct_change":-100,"two_year_pct_change":-100,"six_year_pct_change":-100,"twentytwo_year_pct_change":null},{"crime":"Shooting Vic.","wtd_curr_yr":0,"wtd_prev_yr":0,"wtd_pct_change":null,"twentyeight_day_curr_yr":3,"twentyeight_day_prev_yr":4,"twentyeight_day_pct_change":-25,"ytd_curr_yr":2,"ytd_prev_yr":0,"ytd_pct_change":null,"two_year_pct_change":null,"six_year_pct_change":null,"twentytwo_year_pct_change":0},{"crime":"Shooting Inc.","wtd_curr_yr":0,"wtd_prev_yr":0,"wtd_pct_change":null,"twentyeight_day_curr_yr":3,"twentyeight_day_prev_yr":3,"twentyeight_day_pct_change":0,"ytd_curr_yr":2,"ytd_prev_yr":0,"ytd_pct_change":null,"two_year_pct_change":null,"six_year_pct_change":null,"twentytwo_year_pct_change":0}],"historical":[{"yr_1990":14,"yr_1993":16,"yr_1998":9,"yr_2001":6,"yr_2014":5,"pct_change_14vs01":-16.7,"pct_change_14vs98":-44.4,"pct_change_14vs93":-68.8,"pct_change_14vs90":-64.3,"crime":"Murder"},{"yr_1990":67,"yr_1993":42,"yr_1998":32,"yr_2001":17,"yr_2014":13,"pct_change_14vs01":-23.5,"pct_change_14vs98":-59.4,"pct_change_14vs93":-69,"pct_change_14vs90":-80.6,"crime":"Rape"},{"yr_1990":826,"yr_1993":710,"yr_1998":413,"yr_2001":247,"yr_2014":145,"pct_change_14vs01":-41.3,"pct_change_14vs98":-64.9,"pct_change_14vs93":-79.6,"pct_change_14vs90":-82.4,"crime":"Robbery"},{"yr_1990":588,"yr_1993":524,"yr_1998":418,"yr_2001":301,"yr_2014":279,"pct_change_14vs01":-7.3,"pct_change_14vs98":-33.3,"pct_change_14vs93":-46.8,"pct_change_14vs90":-52.6,"crime":"Fel. Assault"},{"yr_1990":825,"yr_1993":768,"yr_1998":370,"yr_2001":216,"yr_2014":152,"pct_change_14vs01":-29.6,"pct_change_14vs98":-58.9,"pct_change_14vs93":-80.2,"pct_change_14vs90":-81.6,"crime":"Burglary"},{"yr_1990":362,"yr_1993":330,"yr_1998":203,"yr_2001":189,"yr_2014":197,"pct_change_14vs01":4.2,"pct_change_14vs98":-3,"pct_change_14vs93":-40.3,"pct_change_14vs90":-45.6,"crime":"Gr. Larceny"},{"yr_1990":719,"yr_1993":460,"yr_1998":184,"yr_2001":158,"yr_2014":73,"pct_change_14vs01":-53.8,"pct_change_14vs98":-60.3,"pct_change_14vs93":-84.1,"pct_change_14vs90":-89.8,"crime":"G.L.A."},{"yr_1990":3401,"yr_1993":2850,"yr_1998":1629,"yr_2001":1134,"yr_2014":864,"pct_change_14vs01":-23.81,"pct_change_14vs98":-46.96,"pct_change_14vs93":-69.68,"pct_change_14vs90":-74.6,"crime":"TOTAL"}]}