{"mayor":"Bill de Blasio","commissioner":"William J. Bratton","volume":21,"number":28,"precinct":"107th","startDate":"2014-07-07T04:00:00.000Z","endDate":"2014-07-13T04:00:00.000Z","crimes":[{"crime":"Murder","wtd_curr_yr":0,"wtd_prev_yr":0,"wtd_pct_change":null,"twentyeight_day_curr_yr":0,"twentyeight_day_prev_yr":0,"twentyeight_day_pct_change":null,"ytd_curr_yr":0,"ytd_prev_yr":1,"ytd_pct_change":-100,"two_year_pct_change":null,"six_year_pct_change":-100,"twentytwo_year_pct_change":-100},{"crime":"Rape","wtd_curr_yr":0,"wtd_prev_yr":0,"wtd_pct_change":null,"twentyeight_day_curr_yr":3,"twentyeight_day_prev_yr":0,"twentyeight_day_pct_change":null,"ytd_curr_yr":14,"ytd_prev_yr":6,"ytd_pct_change":133.3,"two_year_pct_change":250,"six_year_pct_change":250,"twentytwo_year_pct_change":-30},{"crime":"Robbery","wtd_curr_yr":2,"wtd_prev_yr":4,"wtd_pct_change":-50,"twentyeight_day_curr_yr":6,"twentyeight_day_prev_yr":13,"twentyeight_day_pct_change":-53.8,"ytd_curr_yr":96,"ytd_prev_yr":117,"ytd_pct_change":-17.9,"two_year_pct_change":-25,"six_year_pct_change":-27.8,"twentytwo_year_pct_change":-80.3},{"crime":"Fel. Assault","wtd_curr_yr":2,"wtd_prev_yr":4,"wtd_pct_change":-50,"twentyeight_day_curr_yr":10,"twentyeight_day_prev_yr":18,"twentyeight_day_pct_change":-44.4,"ytd_curr_yr":51,"ytd_prev_yr":74,"ytd_pct_change":-31.1,"two_year_pct_change":-27.1,"six_year_pct_change":10.9,"twentytwo_year_pct_change":-58.5},{"crime":"Burglary","wtd_curr_yr":2,"wtd_prev_yr":1,"wtd_pct_change":100,"twentyeight_day_curr_yr":17,"twentyeight_day_prev_yr":24,"twentyeight_day_pct_change":-29.2,"ytd_curr_yr":90,"ytd_prev_yr":138,"ytd_pct_change":-34.8,"two_year_pct_change":-34.8,"six_year_pct_change":-39.6,"twentytwo_year_pct_change":-88.7},{"crime":"Gr. Larceny","wtd_curr_yr":9,"wtd_prev_yr":11,"wtd_pct_change":-18.2,"twentyeight_day_curr_yr":42,"twentyeight_day_prev_yr":37,"twentyeight_day_pct_change":13.5,"ytd_curr_yr":222,"ytd_prev_yr":233,"ytd_pct_change":-4.7,"two_year_pct_change":-10.1,"six_year_pct_change":-6.3,"twentytwo_year_pct_change":-32.7},{"crime":"G.L.A.","wtd_curr_yr":6,"wtd_prev_yr":1,"wtd_pct_change":500,"twentyeight_day_curr_yr":17,"twentyeight_day_prev_yr":9,"twentyeight_day_pct_change":88.9,"ytd_curr_yr":69,"ytd_prev_yr":71,"ytd_pct_change":-2.8,"two_year_pct_change":-16.9,"six_year_pct_change":-35.5,"twentytwo_year_pct_change":-97.4},{"crime":"TOTAL","wtd_curr_yr":21,"wtd_prev_yr":21,"wtd_pct_change":0,"twentyeight_day_curr_yr":95,"twentyeight_day_prev_yr":101,"twentyeight_day_pct_change":-5.94,"ytd_curr_yr":542,"ytd_prev_yr":640,"ytd_pct_change":-15.31,"two_year_pct_change":-19.1,"six_year_pct_change":-20.06,"twentytwo_year_pct_change":-87.59},{"crime":"Transit","wtd_curr_yr":1,"wtd_prev_yr":0,"wtd_pct_change":null,"twentyeight_day_curr_yr":2,"twentyeight_day_prev_yr":2,"twentyeight_day_pct_change":0,"ytd_curr_yr":11,"ytd_prev_yr":16,"ytd_pct_change":-31.2,"two_year_pct_change":-21.4,"six_year_pct_change":-8.3,"twentytwo_year_pct_change":null},{"crime":"Housing","wtd_curr_yr":1,"wtd_prev_yr":0,"wtd_pct_change":null,"twentyeight_day_curr_yr":4,"twentyeight_day_prev_yr":5,"twentyeight_day_pct_change":-20,"ytd_curr_yr":28,"ytd_prev_yr":27,"ytd_pct_change":3.7,"two_year_pct_change":-3.4,"six_year_pct_change":115.4,"twentytwo_year_pct_change":null},{"crime":"Petit Larceny","wtd_curr_yr":11,"wtd_prev_yr":27,"wtd_pct_change":-59.3,"twentyeight_day_curr_yr":50,"twentyeight_day_prev_yr":64,"twentyeight_day_pct_change":-21.9,"ytd_curr_yr":373,"ytd_prev_yr":418,"ytd_pct_change":-10.8,"two_year_pct_change":-7.9,"six_year_pct_change":-19.4,"twentytwo_year_pct_change":null},{"crime":"Misd. Assault","wtd_curr_yr":3,"wtd_prev_yr":11,"wtd_pct_change":-72.7,"twentyeight_day_curr_yr":26,"twentyeight_day_prev_yr":26,"twentyeight_day_pct_change":0,"ytd_curr_yr":185,"ytd_prev_yr":187,"ytd_pct_change":-1.1,"two_year_pct_change":-7,"six_year_pct_change":-25.4,"twentytwo_year_pct_change":null},{"crime":"Misd. Sex Crimes","wtd_curr_yr":2,"wtd_prev_yr":0,"wtd_pct_change":null,"twentyeight_day_curr_yr":2,"twentyeight_day_prev_yr":1,"twentyeight_day_pct_change":100,"ytd_curr_yr":15,"ytd_prev_yr":16,"ytd_pct_change":-6.2,"two_year_pct_change":0,"six_year_pct_change":0,"twentytwo_year_pct_change":null},{"crime":"Shooting Vic.","wtd_curr_yr":0,"wtd_prev_yr":0,"wtd_pct_change":null,"twentyeight_day_curr_yr":0,"twentyeight_day_prev_yr":0,"twentyeight_day_pct_change":null,"ytd_curr_yr":3,"ytd_prev_yr":2,"ytd_pct_change":50,"two_year_pct_change":200,"six_year_pct_change":0,"twentytwo_year_pct_change":-70},{"crime":"Shooting Inc.","wtd_curr_yr":0,"wtd_prev_yr":0,"wtd_pct_change":null,"twentyeight_day_curr_yr":0,"twentyeight_day_prev_yr":0,"twentyeight_day_pct_change":null,"ytd_curr_yr":3,"ytd_prev_yr":2,"ytd_pct_change":50,"two_year_pct_change":200,"six_year_pct_change":0,"twentytwo_year_pct_change":-70}],"historical":[{"yr_2012":2,"yr_1993":8,"yr_1998":5,"yr_2001":4,"yr_2013":1,"pct_change_13vs01":-75,"pct_change_13vs98":-80,"pct_change_13vs93":-87.5,"pct_change_13vs12":-50,"crime":"Murder"},{"yr_2012":10,"yr_1993":32,"yr_1998":30,"yr_2001":15,"yr_2013":7,"pct_change_13vs01":-53.3,"pct_change_13vs98":-76.7,"pct_change_13vs93":-78.1,"pct_change_13vs12":-30,"crime":"Rape"},{"yr_2012":1039,"yr_1993":514,"yr_1998":375,"yr_2001":242,"yr_2013":-35.5,"pct_change_13vs01":-52.9,"pct_change_13vs98":-76.7,"pct_change_13vs93":-0.8,"pct_change_13vs12":null,"crime":"Robbery 244"},{"yr_2012":129,"yr_1993":239,"yr_1998":226,"yr_2001":153,"yr_2013":138,"pct_change_13vs01":-9.8,"pct_change_13vs98":-38.9,"pct_change_13vs93":-42.3,"pct_change_13vs12":7,"crime":"Fel. Assault"},{"yr_2012":1425,"yr_1993":862,"yr_1998":632,"yr_2001":244,"yr_2013":-61.4,"pct_change_13vs01":-71.7,"pct_change_13vs98":-82.9,"pct_change_13vs93":-5.4,"pct_change_13vs12":null,"crime":"Burglary 258"},{"yr_2012":461,"yr_1993":616,"yr_1998":614,"yr_2001":572,"yr_2013":517,"pct_change_13vs01":-9.6,"pct_change_13vs98":-15.8,"pct_change_13vs93":-16.1,"pct_change_13vs12":12.1,"crime":"Gr. Larceny"},{"yr_2012":4902,"yr_1993":1560,"yr_1998":802,"yr_2001":149,"yr_2013":-81.4,"pct_change_13vs01":-90.4,"pct_change_13vs98":-97,"pct_change_13vs93":-13.9,"pct_change_13vs12":null,"crime":"G.L.A. 173"},{"yr_2012":1277,"yr_1993":8261,"yr_1998":3811,"yr_2001":2553,"yr_2013":1298,"pct_change_13vs01":-49.16,"pct_change_13vs98":-65.94,"pct_change_13vs93":-84.29,"pct_change_13vs12":1.64,"crime":"TOTAL"}]}