{"mayor":"Bill de Blasio","commissioner":"William J. Bratton","volume":21,"number":50,"precinct":"107th","startDate":"2014-12-08T05:00:00.000Z","endDate":"2014-12-14T05:00:00.000Z","crimes":[{"crime":"Murder","wtd_curr_yr":0,"wtd_prev_yr":0,"wtd_pct_change":null,"twentyeight_day_curr_yr":0,"twentyeight_day_prev_yr":0,"twentyeight_day_pct_change":null,"ytd_curr_yr":1,"ytd_prev_yr":1,"ytd_pct_change":0,"two_year_pct_change":-50,"six_year_pct_change":-66.7,"twentytwo_year_pct_change":-83.3},{"crime":"Rape","wtd_curr_yr":1,"wtd_prev_yr":0,"wtd_pct_change":null,"twentyeight_day_curr_yr":2,"twentyeight_day_prev_yr":0,"twentyeight_day_pct_change":null,"ytd_curr_yr":23,"ytd_prev_yr":7,"ytd_pct_change":228.6,"two_year_pct_change":130,"six_year_pct_change":91.7,"twentytwo_year_pct_change":-23.3},{"crime":"Robbery","wtd_curr_yr":7,"wtd_prev_yr":7,"wtd_pct_change":0,"twentyeight_day_curr_yr":19,"twentyeight_day_prev_yr":31,"twentyeight_day_pct_change":-38.7,"ytd_curr_yr":188,"ytd_prev_yr":236,"ytd_pct_change":-20.3,"two_year_pct_change":-20.3,"six_year_pct_change":-24.5,"twentytwo_year_pct_change":-81},{"crime":"Fel. Assault","wtd_curr_yr":3,"wtd_prev_yr":3,"wtd_pct_change":0,"twentyeight_day_curr_yr":10,"twentyeight_day_prev_yr":11,"twentyeight_day_pct_change":-9.1,"ytd_curr_yr":110,"ytd_prev_yr":131,"ytd_pct_change":-16,"two_year_pct_change":-12,"six_year_pct_change":23.6,"twentytwo_year_pct_change":-52},{"crime":"Burglary","wtd_curr_yr":4,"wtd_prev_yr":4,"wtd_pct_change":0,"twentyeight_day_curr_yr":17,"twentyeight_day_prev_yr":17,"twentyeight_day_pct_change":0,"ytd_curr_yr":165,"ytd_prev_yr":238,"ytd_pct_change":-30.7,"two_year_pct_change":-35.5,"six_year_pct_change":-40,"twentytwo_year_pct_change":-87.8},{"crime":"Gr. Larceny","wtd_curr_yr":7,"wtd_prev_yr":11,"wtd_pct_change":-36.4,"twentyeight_day_curr_yr":34,"twentyeight_day_prev_yr":57,"twentyeight_day_pct_change":-40.4,"ytd_curr_yr":433,"ytd_prev_yr":485,"ytd_pct_change":-10.7,"two_year_pct_change":-0.9,"six_year_pct_change":-6.1,"twentytwo_year_pct_change":-25.9},{"crime":"G.L.A.","wtd_curr_yr":5,"wtd_prev_yr":2,"wtd_pct_change":150,"twentyeight_day_curr_yr":10,"twentyeight_day_prev_yr":12,"twentyeight_day_pct_change":-16.7,"ytd_curr_yr":138,"ytd_prev_yr":143,"ytd_pct_change":-3.5,"two_year_pct_change":-14.8,"six_year_pct_change":-33.7,"twentytwo_year_pct_change":-97.1},{"crime":"TOTAL","wtd_curr_yr":27,"wtd_prev_yr":27,"wtd_pct_change":0,"twentyeight_day_curr_yr":92,"twentyeight_day_prev_yr":128,"twentyeight_day_pct_change":-28.12,"ytd_curr_yr":1058,"ytd_prev_yr":1241,"ytd_pct_change":-14.75,"two_year_pct_change":-13.84,"six_year_pct_change":-18.43,"twentytwo_year_pct_change":-86.64},{"crime":"Transit","wtd_curr_yr":1,"wtd_prev_yr":1,"wtd_pct_change":0,"twentyeight_day_curr_yr":3,"twentyeight_day_prev_yr":4,"twentyeight_day_pct_change":-25,"ytd_curr_yr":29,"ytd_prev_yr":26,"ytd_pct_change":11.5,"two_year_pct_change":0,"six_year_pct_change":20.8,"twentytwo_year_pct_change":null},{"crime":"Housing","wtd_curr_yr":1,"wtd_prev_yr":1,"wtd_pct_change":0,"twentyeight_day_curr_yr":3,"twentyeight_day_prev_yr":6,"twentyeight_day_pct_change":-50,"ytd_curr_yr":49,"ytd_prev_yr":51,"ytd_pct_change":-3.9,"two_year_pct_change":-12.5,"six_year_pct_change":40,"twentytwo_year_pct_change":null},{"crime":"Petit Larceny","wtd_curr_yr":19,"wtd_prev_yr":14,"wtd_pct_change":35.7,"twentyeight_day_curr_yr":69,"twentyeight_day_prev_yr":71,"twentyeight_day_pct_change":-2.8,"ytd_curr_yr":777,"ytd_prev_yr":819,"ytd_pct_change":-5.1,"two_year_pct_change":7,"six_year_pct_change":-18,"twentytwo_year_pct_change":null},{"crime":"Misd. Assault","wtd_curr_yr":9,"wtd_prev_yr":7,"wtd_pct_change":28.6,"twentyeight_day_curr_yr":31,"twentyeight_day_prev_yr":34,"twentyeight_day_pct_change":-8.8,"ytd_curr_yr":352,"ytd_prev_yr":360,"ytd_pct_change":-2.2,"two_year_pct_change":5.1,"six_year_pct_change":-20.4,"twentytwo_year_pct_change":null},{"crime":"Misd. Sex Crimes","wtd_curr_yr":1,"wtd_prev_yr":1,"wtd_pct_change":0,"twentyeight_day_curr_yr":3,"twentyeight_day_prev_yr":1,"twentyeight_day_pct_change":200,"ytd_curr_yr":25,"ytd_prev_yr":24,"ytd_pct_change":4.2,"two_year_pct_change":-28.6,"six_year_pct_change":-7.4,"twentytwo_year_pct_change":null},{"crime":"Shooting Vic.","wtd_curr_yr":1,"wtd_prev_yr":0,"wtd_pct_change":null,"twentyeight_day_curr_yr":1,"twentyeight_day_prev_yr":0,"twentyeight_day_pct_change":null,"ytd_curr_yr":4,"ytd_prev_yr":2,"ytd_pct_change":100,"two_year_pct_change":0,"six_year_pct_change":-20,"twentytwo_year_pct_change":-60},{"crime":"Shooting Inc.","wtd_curr_yr":1,"wtd_prev_yr":0,"wtd_pct_change":null,"twentyeight_day_curr_yr":1,"twentyeight_day_prev_yr":0,"twentyeight_day_pct_change":null,"ytd_curr_yr":4,"ytd_prev_yr":2,"ytd_pct_change":100,"two_year_pct_change":33.3,"six_year_pct_change":-20,"twentytwo_year_pct_change":-60}],"historical":[{"yr_1990":14,"yr_1993":8,"yr_1998":5,"yr_2001":4,"yr_2013":1,"pct_change_13vs01":-75,"pct_change_13vs98":-80,"pct_change_13vs93":-87.5,"pct_change_13vs90":-92.9,"crime":"Murder"},{"yr_1990":24,"yr_1993":32,"yr_1998":30,"yr_2001":15,"yr_2013":7,"pct_change_13vs01":-53.3,"pct_change_13vs98":-76.7,"pct_change_13vs93":-78.1,"pct_change_13vs90":-70.8,"crime":"Rape"},{"yr_1990":1039,"yr_1993":514,"yr_1998":375,"yr_2001":242,"yr_2013":-35.5,"pct_change_13vs01":-52.9,"pct_change_13vs98":-76.7,"pct_change_13vs93":-72.9,"pct_change_13vs90":null,"crime":"Robbery 893"},{"yr_1990":260,"yr_1993":239,"yr_1998":226,"yr_2001":153,"yr_2013":138,"pct_change_13vs01":-9.8,"pct_change_13vs98":-38.9,"pct_change_13vs93":-42.3,"pct_change_13vs90":-46.9,"crime":"Fel. Assault"},{"yr_1990":2152,"yr_1993":1425,"yr_1998":862,"yr_2001":632,"yr_2013":244,"pct_change_13vs01":-61.4,"pct_change_13vs98":-71.7,"pct_change_13vs93":-82.9,"pct_change_13vs90":-88.7,"crime":"Burglary"},{"yr_1990":805,"yr_1993":616,"yr_1998":614,"yr_2001":572,"yr_2013":517,"pct_change_13vs01":-9.6,"pct_change_13vs98":-15.8,"pct_change_13vs93":-16.1,"pct_change_13vs90":-35.8,"crime":"Gr. Larceny"},{"yr_1990":5535,"yr_1993":4902,"yr_1998":1560,"yr_2001":802,"yr_2013":149,"pct_change_13vs01":-81.4,"pct_change_13vs98":-90.4,"pct_change_13vs93":-97,"pct_change_13vs90":-97.3,"crime":"G.L.A."},{"yr_1990":9683,"yr_1993":8261,"yr_1998":3811,"yr_2001":2553,"yr_2013":1298,"pct_change_13vs01":-49.16,"pct_change_13vs98":-65.94,"pct_change_13vs93":-84.29,"pct_change_13vs90":-86.6,"crime":"TOTAL"}]}