{"mayor":"Bill de Blasio","commissioner":"William J. Bratton","volume":21,"number":43,"precinct":"108th","startDate":"2014-10-20T04:00:00.000Z","endDate":"2014-10-26T04:00:00.000Z","crimes":[{"crime":"Murder","wtd_curr_yr":0,"wtd_prev_yr":0,"wtd_pct_change":null,"twentyeight_day_curr_yr":0,"twentyeight_day_prev_yr":0,"twentyeight_day_pct_change":null,"ytd_curr_yr":2,"ytd_prev_yr":4,"ytd_pct_change":-50,"two_year_pct_change":-33.3,"six_year_pct_change":0,"twentytwo_year_pct_change":-75},{"crime":"Rape","wtd_curr_yr":0,"wtd_prev_yr":1,"wtd_pct_change":-100,"twentyeight_day_curr_yr":1,"twentyeight_day_prev_yr":2,"twentyeight_day_pct_change":-50,"ytd_curr_yr":13,"ytd_prev_yr":14,"ytd_pct_change":-7.1,"two_year_pct_change":0,"six_year_pct_change":18.2,"twentytwo_year_pct_change":62.5},{"crime":"Robbery","wtd_curr_yr":3,"wtd_prev_yr":5,"wtd_pct_change":-40,"twentyeight_day_curr_yr":10,"twentyeight_day_prev_yr":15,"twentyeight_day_pct_change":-33.3,"ytd_curr_yr":130,"ytd_prev_yr":127,"ytd_pct_change":2.4,"two_year_pct_change":-19.8,"six_year_pct_change":2.4,"twentytwo_year_pct_change":-84.4},{"crime":"Fel. Assault","wtd_curr_yr":6,"wtd_prev_yr":0,"wtd_pct_change":null,"twentyeight_day_curr_yr":16,"twentyeight_day_prev_yr":7,"twentyeight_day_pct_change":128.6,"ytd_curr_yr":136,"ytd_prev_yr":141,"ytd_pct_change":-3.5,"two_year_pct_change":23.6,"six_year_pct_change":72.2,"twentytwo_year_pct_change":-47.9},{"crime":"Burglary","wtd_curr_yr":6,"wtd_prev_yr":7,"wtd_pct_change":-14.3,"twentyeight_day_curr_yr":26,"twentyeight_day_prev_yr":20,"twentyeight_day_pct_change":30,"ytd_curr_yr":197,"ytd_prev_yr":184,"ytd_pct_change":7.1,"two_year_pct_change":-4.4,"six_year_pct_change":-10,"twentytwo_year_pct_change":-84.4},{"crime":"Gr. Larceny","wtd_curr_yr":7,"wtd_prev_yr":11,"wtd_pct_change":-36.4,"twentyeight_day_curr_yr":40,"twentyeight_day_prev_yr":37,"twentyeight_day_pct_change":8.1,"ytd_curr_yr":455,"ytd_prev_yr":460,"ytd_pct_change":-1.1,"two_year_pct_change":20.4,"six_year_pct_change":12.9,"twentytwo_year_pct_change":-39.7},{"crime":"G.L.A.","wtd_curr_yr":3,"wtd_prev_yr":4,"wtd_pct_change":-25,"twentyeight_day_curr_yr":16,"twentyeight_day_prev_yr":15,"twentyeight_day_pct_change":6.7,"ytd_curr_yr":126,"ytd_prev_yr":135,"ytd_pct_change":-6.7,"two_year_pct_change":5,"six_year_pct_change":-18.7,"twentytwo_year_pct_change":-92.7},{"crime":"TOTAL","wtd_curr_yr":25,"wtd_prev_yr":28,"wtd_pct_change":-10.71,"twentyeight_day_curr_yr":109,"twentyeight_day_prev_yr":96,"twentyeight_day_pct_change":13.54,"ytd_curr_yr":1059,"ytd_prev_yr":1065,"ytd_pct_change":-0.56,"two_year_pct_change":6.75,"six_year_pct_change":6.33,"twentytwo_year_pct_change":-78.15},{"crime":"Transit","wtd_curr_yr":2,"wtd_prev_yr":1,"wtd_pct_change":100,"twentyeight_day_curr_yr":7,"twentyeight_day_prev_yr":4,"twentyeight_day_pct_change":75,"ytd_curr_yr":56,"ytd_prev_yr":61,"ytd_pct_change":-8.2,"two_year_pct_change":-1.8,"six_year_pct_change":69.7,"twentytwo_year_pct_change":null},{"crime":"Housing","wtd_curr_yr":0,"wtd_prev_yr":0,"wtd_pct_change":null,"twentyeight_day_curr_yr":0,"twentyeight_day_prev_yr":0,"twentyeight_day_pct_change":null,"ytd_curr_yr":0,"ytd_prev_yr":0,"ytd_pct_change":null,"two_year_pct_change":null,"six_year_pct_change":null,"twentytwo_year_pct_change":null},{"crime":"Petit Larceny","wtd_curr_yr":13,"wtd_prev_yr":22,"wtd_pct_change":-40.9,"twentyeight_day_curr_yr":80,"twentyeight_day_prev_yr":88,"twentyeight_day_pct_change":-9.1,"ytd_curr_yr":721,"ytd_prev_yr":831,"ytd_pct_change":-13.2,"two_year_pct_change":1.1,"six_year_pct_change":-4.5,"twentytwo_year_pct_change":null},{"crime":"Misd. Assault","wtd_curr_yr":6,"wtd_prev_yr":9,"wtd_pct_change":-33.3,"twentyeight_day_curr_yr":32,"twentyeight_day_prev_yr":37,"twentyeight_day_pct_change":-13.5,"ytd_curr_yr":366,"ytd_prev_yr":387,"ytd_pct_change":-5.4,"two_year_pct_change":0.8,"six_year_pct_change":-9,"twentytwo_year_pct_change":null},{"crime":"Misd. Sex Crimes","wtd_curr_yr":2,"wtd_prev_yr":1,"wtd_pct_change":100,"twentyeight_day_curr_yr":5,"twentyeight_day_prev_yr":3,"twentyeight_day_pct_change":66.7,"ytd_curr_yr":41,"ytd_prev_yr":51,"ytd_pct_change":-19.6,"two_year_pct_change":-18,"six_year_pct_change":-21.2,"twentytwo_year_pct_change":null},{"crime":"Shooting Vic.","wtd_curr_yr":0,"wtd_prev_yr":0,"wtd_pct_change":null,"twentyeight_day_curr_yr":4,"twentyeight_day_prev_yr":0,"twentyeight_day_pct_change":null,"ytd_curr_yr":5,"ytd_prev_yr":5,"ytd_pct_change":0,"two_year_pct_change":400,"six_year_pct_change":150,"twentytwo_year_pct_change":-64.3},{"crime":"Shooting Inc.","wtd_curr_yr":0,"wtd_prev_yr":0,"wtd_pct_change":null,"twentyeight_day_curr_yr":1,"twentyeight_day_prev_yr":0,"twentyeight_day_pct_change":null,"ytd_curr_yr":2,"ytd_prev_yr":4,"ytd_pct_change":-50,"two_year_pct_change":100,"six_year_pct_change":100,"twentytwo_year_pct_change":-85.7}],"historical":[{"yr_1990":16,"yr_1993":10,"yr_1998":5,"yr_2001":3,"yr_2013":4,"pct_change_13vs01":33.3,"pct_change_13vs98":-20,"pct_change_13vs93":-60,"pct_change_13vs90":-75,"crime":"Murder"},{"yr_1990":22,"yr_1993":12,"yr_1998":24,"yr_2001":18,"yr_2013":15,"pct_change_13vs01":-16.7,"pct_change_13vs98":-37.5,"pct_change_13vs93":25,"pct_change_13vs90":-31.8,"crime":"Rape"},{"yr_1990":1372,"yr_1993":1026,"yr_1998":464,"yr_2001":313,"yr_2013":160,"pct_change_13vs01":-48.9,"pct_change_13vs98":-65.5,"pct_change_13vs93":-84.4,"pct_change_13vs90":-88.3,"crime":"Robbery"},{"yr_1990":290,"yr_1993":317,"yr_1998":248,"yr_2001":147,"yr_2013":171,"pct_change_13vs01":16.3,"pct_change_13vs98":-31,"pct_change_13vs93":-46.1,"pct_change_13vs90":-41,"crime":"Fel. Assault"},{"yr_1990":2062,"yr_1993":1563,"yr_1998":971,"yr_2001":564,"yr_2013":244,"pct_change_13vs01":-56.7,"pct_change_13vs98":-74.9,"pct_change_13vs93":-84.4,"pct_change_13vs90":-88.2,"crime":"Burglary"},{"yr_1990":1150,"yr_1993":914,"yr_1998":605,"yr_2001":570,"yr_2013":572,"pct_change_13vs01":0.4,"pct_change_13vs98":-5.5,"pct_change_13vs93":-37.4,"pct_change_13vs90":-50.3,"crime":"Gr. Larceny"},{"yr_1990":2945,"yr_1993":2123,"yr_1998":942,"yr_2001":704,"yr_2013":166,"pct_change_13vs01":-76.4,"pct_change_13vs98":-82.4,"pct_change_13vs93":-92.2,"pct_change_13vs90":-94.4,"crime":"G.L.A."},{"yr_1990":7857,"yr_1993":5965,"yr_1998":3259,"yr_2001":2319,"yr_2013":1332,"pct_change_13vs01":-42.56,"pct_change_13vs98":-59.13,"pct_change_13vs93":-77.67,"pct_change_13vs90":-83.05,"crime":"TOTAL"}]}