{"mayor":"Bill de Blasio","commissioner":"William J. Bratton","volume":21,"number":9,"precinct":"102nd","startDate":"2014-02-24T05:00:00.000Z","endDate":"2014-03-02T05:00:00.000Z","crimes":[{"crime":"Murder","wtd_curr_yr":0,"wtd_prev_yr":1,"wtd_pct_change":-100,"twentyeight_day_curr_yr":0,"twentyeight_day_prev_yr":1,"twentyeight_day_pct_change":-100,"ytd_curr_yr":0,"ytd_prev_yr":2,"ytd_pct_change":-100,"two_year_pct_change":-100,"six_year_pct_change":-100,"twentytwo_year_pct_change":-100},{"crime":"Rape","wtd_curr_yr":2,"wtd_prev_yr":0,"wtd_pct_change":null,"twentyeight_day_curr_yr":3,"twentyeight_day_prev_yr":4,"twentyeight_day_pct_change":-25,"ytd_curr_yr":5,"ytd_prev_yr":5,"ytd_pct_change":0,"two_year_pct_change":25,"six_year_pct_change":150,"twentytwo_year_pct_change":150},{"crime":"Robbery","wtd_curr_yr":2,"wtd_prev_yr":3,"wtd_pct_change":-33.3,"twentyeight_day_curr_yr":16,"twentyeight_day_prev_yr":23,"twentyeight_day_pct_change":-30.4,"ytd_curr_yr":44,"ytd_prev_yr":51,"ytd_pct_change":-13.7,"two_year_pct_change":-6.4,"six_year_pct_change":-24.1,"twentytwo_year_pct_change":-79.8},{"crime":"Fel. Assault","wtd_curr_yr":4,"wtd_prev_yr":3,"wtd_pct_change":33.3,"twentyeight_day_curr_yr":21,"twentyeight_day_prev_yr":23,"twentyeight_day_pct_change":-8.7,"ytd_curr_yr":41,"ytd_prev_yr":47,"ytd_pct_change":-12.8,"two_year_pct_change":20.6,"six_year_pct_change":10.8,"twentytwo_year_pct_change":-10.9},{"crime":"Burglary","wtd_curr_yr":4,"wtd_prev_yr":4,"wtd_pct_change":0,"twentyeight_day_curr_yr":15,"twentyeight_day_prev_yr":23,"twentyeight_day_pct_change":-34.8,"ytd_curr_yr":56,"ytd_prev_yr":48,"ytd_pct_change":16.7,"two_year_pct_change":19.1,"six_year_pct_change":-43.4,"twentytwo_year_pct_change":-76.8},{"crime":"Gr. Larceny","wtd_curr_yr":15,"wtd_prev_yr":8,"wtd_pct_change":87.5,"twentyeight_day_curr_yr":45,"twentyeight_day_prev_yr":27,"twentyeight_day_pct_change":66.7,"ytd_curr_yr":107,"ytd_prev_yr":48,"ytd_pct_change":122.9,"two_year_pct_change":101.9,"six_year_pct_change":69.8,"twentytwo_year_pct_change":7},{"crime":"G.L.A.","wtd_curr_yr":3,"wtd_prev_yr":2,"wtd_pct_change":50,"twentyeight_day_curr_yr":16,"twentyeight_day_prev_yr":8,"twentyeight_day_pct_change":100,"ytd_curr_yr":38,"ytd_prev_yr":25,"ytd_pct_change":52,"two_year_pct_change":22.6,"six_year_pct_change":-73.4,"twentytwo_year_pct_change":-94.2},{"crime":"TOTAL","wtd_curr_yr":30,"wtd_prev_yr":21,"wtd_pct_change":42.86,"twentyeight_day_curr_yr":116,"twentyeight_day_prev_yr":109,"twentyeight_day_pct_change":6.42,"ytd_curr_yr":291,"ytd_prev_yr":226,"ytd_pct_change":28.76,"two_year_pct_change":34.1,"six_year_pct_change":-27.79,"twentytwo_year_pct_change":-77.03},{"crime":"Transit","wtd_curr_yr":1,"wtd_prev_yr":0,"wtd_pct_change":null,"twentyeight_day_curr_yr":1,"twentyeight_day_prev_yr":1,"twentyeight_day_pct_change":0,"ytd_curr_yr":7,"ytd_prev_yr":3,"ytd_pct_change":133.3,"two_year_pct_change":75,"six_year_pct_change":133.3,"twentytwo_year_pct_change":null},{"crime":"Housing","wtd_curr_yr":0,"wtd_prev_yr":0,"wtd_pct_change":null,"twentyeight_day_curr_yr":0,"twentyeight_day_prev_yr":0,"twentyeight_day_pct_change":null,"ytd_curr_yr":0,"ytd_prev_yr":0,"ytd_pct_change":null,"two_year_pct_change":null,"six_year_pct_change":null,"twentytwo_year_pct_change":null},{"crime":"Petit Larceny","wtd_curr_yr":17,"wtd_prev_yr":17,"wtd_pct_change":0,"twentyeight_day_curr_yr":79,"twentyeight_day_prev_yr":59,"twentyeight_day_pct_change":33.9,"ytd_curr_yr":178,"ytd_prev_yr":119,"ytd_pct_change":49.6,"two_year_pct_change":39.1,"six_year_pct_change":null,"twentytwo_year_pct_change":null},{"crime":"Misd. Assault","wtd_curr_yr":7,"wtd_prev_yr":13,"wtd_pct_change":-46.2,"twentyeight_day_curr_yr":33,"twentyeight_day_prev_yr":35,"twentyeight_day_pct_change":-5.7,"ytd_curr_yr":87,"ytd_prev_yr":83,"ytd_pct_change":4.8,"two_year_pct_change":-26.9,"six_year_pct_change":null,"twentytwo_year_pct_change":null},{"crime":"Misd. Sex Crimes","wtd_curr_yr":1,"wtd_prev_yr":0,"wtd_pct_change":null,"twentyeight_day_curr_yr":3,"twentyeight_day_prev_yr":1,"twentyeight_day_pct_change":200,"ytd_curr_yr":6,"ytd_prev_yr":2,"ytd_pct_change":200,"two_year_pct_change":0,"six_year_pct_change":null,"twentytwo_year_pct_change":null},{"crime":"Shooting Vic.","wtd_curr_yr":0,"wtd_prev_yr":1,"wtd_pct_change":-100,"twentyeight_day_curr_yr":1,"twentyeight_day_prev_yr":2,"twentyeight_day_pct_change":-50,"ytd_curr_yr":1,"ytd_prev_yr":3,"ytd_pct_change":-66.7,"two_year_pct_change":-50,"six_year_pct_change":0,"twentytwo_year_pct_change":-87.5},{"crime":"Shooting Inc.","wtd_curr_yr":0,"wtd_prev_yr":1,"wtd_pct_change":-100,"twentyeight_day_curr_yr":1,"twentyeight_day_prev_yr":2,"twentyeight_day_pct_change":-50,"ytd_curr_yr":1,"ytd_prev_yr":3,"ytd_pct_change":-66.7,"two_year_pct_change":-50,"six_year_pct_change":0,"twentytwo_year_pct_change":-87.5}],"historical":[{"yr_1990":6,"yr_1993":12,"yr_1998":3,"yr_2001":2,"yr_2013":7,"pct_change_13vs01":250,"pct_change_13vs98":133.3,"pct_change_13vs93":-41.7,"pct_change_13vs90":16.7,"crime":"Murder"},{"yr_1990":29,"yr_1993":34,"yr_1998":23,"yr_2001":21,"yr_2013":24,"pct_change_13vs01":14.3,"pct_change_13vs98":4.3,"pct_change_13vs93":-29.4,"pct_change_13vs90":-17.2,"crime":"Rape"},{"yr_1990":1067,"yr_1993":1238,"yr_1998":672,"yr_2001":459,"yr_2013":311,"pct_change_13vs01":-32.2,"pct_change_13vs98":-53.7,"pct_change_13vs93":-74.9,"pct_change_13vs90":-70.9,"crime":"Robbery"},{"yr_1990":345,"yr_1993":362,"yr_1998":440,"yr_2001":309,"yr_2013":327,"pct_change_13vs01":5.8,"pct_change_13vs98":-25.7,"pct_change_13vs93":-9.7,"pct_change_13vs90":-5.2,"crime":"Fel. Assault"},{"yr_1990":1847,"yr_1993":1503,"yr_1998":965,"yr_2001":622,"yr_2013":288,"pct_change_13vs01":-53.7,"pct_change_13vs98":-70.2,"pct_change_13vs93":-80.8,"pct_change_13vs90":-84.4,"crime":"Burglary"},{"yr_1990":721,"yr_1993":583,"yr_1998":538,"yr_2001":378,"yr_2013":490,"pct_change_13vs01":29.6,"pct_change_13vs98":-8.9,"pct_change_13vs93":-16,"pct_change_13vs90":-32,"crime":"Gr. Larceny"},{"yr_1990":4145,"yr_1993":3495,"yr_1998":1303,"yr_2001":803,"yr_2013":252,"pct_change_13vs01":-68.6,"pct_change_13vs98":-80.7,"pct_change_13vs93":-92.8,"pct_change_13vs90":-93.9,"crime":"G.L.A."},{"yr_1990":8160,"yr_1993":7227,"yr_1998":3944,"yr_2001":2594,"yr_2013":1699,"pct_change_13vs01":-34.5,"pct_change_13vs98":-56.92,"pct_change_13vs93":-76.49,"pct_change_13vs90":-79.18,"crime":"TOTAL"}]}