{"mayor":"Bill de Blasio","commissioner":"William J. Bratton","volume":22,"number":3,"precinct":"100th","startDate":"2015-01-12T05:00:00.000Z","endDate":"2015-01-18T05:00:00.000Z","crimes":[{"crime":"Murder","wtd_curr_yr":0,"wtd_prev_yr":0,"wtd_pct_change":null,"twentyeight_day_curr_yr":0,"twentyeight_day_prev_yr":0,"twentyeight_day_pct_change":null,"ytd_curr_yr":0,"ytd_prev_yr":0,"ytd_pct_change":null,"two_year_pct_change":null,"six_year_pct_change":null,"twentytwo_year_pct_change":null},{"crime":"Rape","wtd_curr_yr":1,"wtd_prev_yr":0,"wtd_pct_change":null,"twentyeight_day_curr_yr":5,"twentyeight_day_prev_yr":0,"twentyeight_day_pct_change":null,"ytd_curr_yr":4,"ytd_prev_yr":0,"ytd_pct_change":null,"two_year_pct_change":null,"six_year_pct_change":null,"twentytwo_year_pct_change":300},{"crime":"Robbery","wtd_curr_yr":0,"wtd_prev_yr":6,"wtd_pct_change":-100,"twentyeight_day_curr_yr":2,"twentyeight_day_prev_yr":10,"twentyeight_day_pct_change":-80,"ytd_curr_yr":1,"ytd_prev_yr":8,"ytd_pct_change":-87.5,"two_year_pct_change":-50,"six_year_pct_change":0,"twentytwo_year_pct_change":-90.9},{"crime":"Fel. Assault","wtd_curr_yr":0,"wtd_prev_yr":2,"wtd_pct_change":-100,"twentyeight_day_curr_yr":5,"twentyeight_day_prev_yr":9,"twentyeight_day_pct_change":-44.4,"ytd_curr_yr":3,"ytd_prev_yr":4,"ytd_pct_change":-25,"two_year_pct_change":-25,"six_year_pct_change":-25,"twentytwo_year_pct_change":-57.1},{"crime":"Burglary","wtd_curr_yr":1,"wtd_prev_yr":0,"wtd_pct_change":null,"twentyeight_day_curr_yr":3,"twentyeight_day_prev_yr":10,"twentyeight_day_pct_change":-70,"ytd_curr_yr":2,"ytd_prev_yr":9,"ytd_pct_change":-77.8,"two_year_pct_change":-84.6,"six_year_pct_change":0,"twentytwo_year_pct_change":-90},{"crime":"Gr. Larceny","wtd_curr_yr":0,"wtd_prev_yr":5,"wtd_pct_change":-100,"twentyeight_day_curr_yr":12,"twentyeight_day_prev_yr":9,"twentyeight_day_pct_change":33.3,"ytd_curr_yr":4,"ytd_prev_yr":5,"ytd_pct_change":-20,"two_year_pct_change":-33.3,"six_year_pct_change":100,"twentytwo_year_pct_change":-42.9},{"crime":"G.L.A.","wtd_curr_yr":0,"wtd_prev_yr":0,"wtd_pct_change":null,"twentyeight_day_curr_yr":0,"twentyeight_day_prev_yr":3,"twentyeight_day_pct_change":-100,"ytd_curr_yr":0,"ytd_prev_yr":2,"ytd_pct_change":-100,"two_year_pct_change":null,"six_year_pct_change":-100,"twentytwo_year_pct_change":-100},{"crime":"TOTAL","wtd_curr_yr":2,"wtd_prev_yr":13,"wtd_pct_change":-84.62,"twentyeight_day_curr_yr":27,"twentyeight_day_prev_yr":41,"twentyeight_day_pct_change":-34.15,"ytd_curr_yr":14,"ytd_prev_yr":28,"ytd_pct_change":-50,"two_year_pct_change":-44,"six_year_pct_change":40,"twentytwo_year_pct_change":-75.86},{"crime":"Transit","wtd_curr_yr":0,"wtd_prev_yr":1,"wtd_pct_change":-100,"twentyeight_day_curr_yr":2,"twentyeight_day_prev_yr":2,"twentyeight_day_pct_change":0,"ytd_curr_yr":1,"ytd_prev_yr":1,"ytd_pct_change":0,"two_year_pct_change":null,"six_year_pct_change":null,"twentytwo_year_pct_change":null},{"crime":"Housing","wtd_curr_yr":0,"wtd_prev_yr":0,"wtd_pct_change":null,"twentyeight_day_curr_yr":3,"twentyeight_day_prev_yr":0,"twentyeight_day_pct_change":null,"ytd_curr_yr":2,"ytd_prev_yr":0,"ytd_pct_change":null,"two_year_pct_change":null,"six_year_pct_change":0,"twentytwo_year_pct_change":null},{"crime":"Petit Larceny","wtd_curr_yr":3,"wtd_prev_yr":3,"wtd_pct_change":0,"twentyeight_day_curr_yr":20,"twentyeight_day_prev_yr":17,"twentyeight_day_pct_change":17.6,"ytd_curr_yr":10,"ytd_prev_yr":10,"ytd_pct_change":0,"two_year_pct_change":-37.5,"six_year_pct_change":0,"twentytwo_year_pct_change":null},{"crime":"Misd. Assault","wtd_curr_yr":7,"wtd_prev_yr":4,"wtd_pct_change":75,"twentyeight_day_curr_yr":20,"twentyeight_day_prev_yr":22,"twentyeight_day_pct_change":-9.1,"ytd_curr_yr":14,"ytd_prev_yr":12,"ytd_pct_change":16.7,"two_year_pct_change":75,"six_year_pct_change":-30,"twentytwo_year_pct_change":null},{"crime":"Misd. Sex Crimes","wtd_curr_yr":1,"wtd_prev_yr":1,"wtd_pct_change":0,"twentyeight_day_curr_yr":2,"twentyeight_day_prev_yr":1,"twentyeight_day_pct_change":100,"ytd_curr_yr":2,"ytd_prev_yr":1,"ytd_pct_change":100,"two_year_pct_change":null,"six_year_pct_change":null,"twentytwo_year_pct_change":null},{"crime":"Shooting Vic.","wtd_curr_yr":0,"wtd_prev_yr":0,"wtd_pct_change":null,"twentyeight_day_curr_yr":0,"twentyeight_day_prev_yr":0,"twentyeight_day_pct_change":null,"ytd_curr_yr":0,"ytd_prev_yr":0,"ytd_pct_change":null,"two_year_pct_change":null,"six_year_pct_change":null,"twentytwo_year_pct_change":null},{"crime":"Shooting Inc.","wtd_curr_yr":0,"wtd_prev_yr":0,"wtd_pct_change":null,"twentyeight_day_curr_yr":0,"twentyeight_day_prev_yr":0,"twentyeight_day_pct_change":null,"ytd_curr_yr":0,"ytd_prev_yr":0,"ytd_pct_change":null,"two_year_pct_change":null,"six_year_pct_change":null,"twentytwo_year_pct_change":null}],"historical":[{"yr_1990":7,"yr_1993":5,"yr_1998":0,"yr_2001":1,"yr_2014":1,"pct_change_14vs01":0,"pct_change_14vs98":null,"pct_change_14vs93":-80,"pct_change_14vs90":-85.7,"crime":"Murder"},{"yr_1990":8,"yr_1993":13,"yr_1998":11,"yr_2001":10,"yr_2014":7,"pct_change_14vs01":-30,"pct_change_14vs98":-36.4,"pct_change_14vs93":-46.2,"pct_change_14vs90":-12.5,"crime":"Rape"},{"yr_1990":279,"yr_1993":278,"yr_1998":133,"yr_2001":63,"yr_2014":59,"pct_change_14vs01":-6.3,"pct_change_14vs98":-55.6,"pct_change_14vs93":-78.8,"pct_change_14vs90":-78.9,"crime":"Robbery"},{"yr_1990":242,"yr_1993":212,"yr_1998":142,"yr_2001":93,"yr_2014":136,"pct_change_14vs01":46.2,"pct_change_14vs98":-4.2,"pct_change_14vs93":-35.8,"pct_change_14vs90":-43.8,"crime":"Fel. Assault"},{"yr_1990":426,"yr_1993":432,"yr_1998":177,"yr_2001":115,"yr_2014":130,"pct_change_14vs01":13,"pct_change_14vs98":-26.6,"pct_change_14vs93":-69.9,"pct_change_14vs90":-69.5,"crime":"Burglary"},{"yr_1990":202,"yr_1993":194,"yr_1998":115,"yr_2001":94,"yr_2014":187,"pct_change_14vs01":98.9,"pct_change_14vs98":62.6,"pct_change_14vs93":-3.6,"pct_change_14vs90":-7.4,"crime":"Gr. Larceny"},{"yr_1990":417,"yr_1993":310,"yr_1998":88,"yr_2001":71,"yr_2014":35,"pct_change_14vs01":-50.7,"pct_change_14vs98":-60.2,"pct_change_14vs93":-88.7,"pct_change_14vs90":-91.6,"crime":"G.L.A."},{"yr_1990":1581,"yr_1993":1444,"yr_1998":666,"yr_2001":447,"yr_2014":555,"pct_change_14vs01":24.16,"pct_change_14vs98":-16.67,"pct_change_14vs93":-61.57,"pct_change_14vs90":-64.9,"crime":"TOTAL"}]}