{"mayor":"Bill de Blasio","commissioner":"William J. Bratton","volume":21,"number":31,"precinct":"108th","startDate":"2014-07-28T04:00:00.000Z","endDate":"2014-08-03T04:00:00.000Z","crimes":[{"crime":"Murder","wtd_curr_yr":0,"wtd_prev_yr":0,"wtd_pct_change":null,"twentyeight_day_curr_yr":1,"twentyeight_day_prev_yr":1,"twentyeight_day_pct_change":0,"ytd_curr_yr":2,"ytd_prev_yr":3,"ytd_pct_change":-33.3,"two_year_pct_change":null,"six_year_pct_change":100,"twentytwo_year_pct_change":-71.4},{"crime":"Rape","wtd_curr_yr":0,"wtd_prev_yr":1,"wtd_pct_change":-100,"twentyeight_day_curr_yr":0,"twentyeight_day_prev_yr":1,"twentyeight_day_pct_change":-100,"ytd_curr_yr":6,"ytd_prev_yr":11,"ytd_pct_change":-45.5,"two_year_pct_change":-33.3,"six_year_pct_change":-14.3,"twentytwo_year_pct_change":0},{"crime":"Robbery","wtd_curr_yr":2,"wtd_prev_yr":3,"wtd_pct_change":-33.3,"twentyeight_day_curr_yr":12,"twentyeight_day_prev_yr":14,"twentyeight_day_pct_change":-14.3,"ytd_curr_yr":93,"ytd_prev_yr":88,"ytd_pct_change":5.7,"two_year_pct_change":-16.2,"six_year_pct_change":0,"twentytwo_year_pct_change":-85.2},{"crime":"Fel. Assault","wtd_curr_yr":2,"wtd_prev_yr":3,"wtd_pct_change":-33.3,"twentyeight_day_curr_yr":14,"twentyeight_day_prev_yr":13,"twentyeight_day_pct_change":7.7,"ytd_curr_yr":91,"ytd_prev_yr":102,"ytd_pct_change":-10.8,"two_year_pct_change":13.8,"six_year_pct_change":75,"twentytwo_year_pct_change":-49.2},{"crime":"Burglary","wtd_curr_yr":1,"wtd_prev_yr":3,"wtd_pct_change":-66.7,"twentyeight_day_curr_yr":11,"twentyeight_day_prev_yr":19,"twentyeight_day_pct_change":-42.1,"ytd_curr_yr":135,"ytd_prev_yr":126,"ytd_pct_change":7.1,"two_year_pct_change":-12.9,"six_year_pct_change":-11.8,"twentytwo_year_pct_change":-84.2},{"crime":"Gr. Larceny","wtd_curr_yr":9,"wtd_prev_yr":14,"wtd_pct_change":-35.7,"twentyeight_day_curr_yr":39,"twentyeight_day_prev_yr":58,"twentyeight_day_pct_change":-32.8,"ytd_curr_yr":330,"ytd_prev_yr":327,"ytd_pct_change":0.9,"two_year_pct_change":28.9,"six_year_pct_change":11.9,"twentytwo_year_pct_change":-35.2},{"crime":"G.L.A.","wtd_curr_yr":1,"wtd_prev_yr":4,"wtd_pct_change":-75,"twentyeight_day_curr_yr":19,"twentyeight_day_prev_yr":15,"twentyeight_day_pct_change":26.7,"ytd_curr_yr":80,"ytd_prev_yr":85,"ytd_pct_change":-5.9,"two_year_pct_change":-5.9,"six_year_pct_change":-22.3,"twentytwo_year_pct_change":-93.1},{"crime":"TOTAL","wtd_curr_yr":15,"wtd_prev_yr":28,"wtd_pct_change":-46.43,"twentyeight_day_curr_yr":96,"twentyeight_day_prev_yr":121,"twentyeight_day_pct_change":-20.66,"ytd_curr_yr":737,"ytd_prev_yr":742,"ytd_pct_change":-0.67,"two_year_pct_change":5.89,"six_year_pct_change":4.69,"twentytwo_year_pct_change":-77.97},{"crime":"Transit","wtd_curr_yr":2,"wtd_prev_yr":0,"wtd_pct_change":null,"twentyeight_day_curr_yr":4,"twentyeight_day_prev_yr":5,"twentyeight_day_pct_change":-20,"ytd_curr_yr":38,"ytd_prev_yr":44,"ytd_pct_change":-13.6,"two_year_pct_change":-2.6,"six_year_pct_change":81,"twentytwo_year_pct_change":null},{"crime":"Housing","wtd_curr_yr":0,"wtd_prev_yr":0,"wtd_pct_change":null,"twentyeight_day_curr_yr":0,"twentyeight_day_prev_yr":0,"twentyeight_day_pct_change":null,"ytd_curr_yr":0,"ytd_prev_yr":0,"ytd_pct_change":null,"two_year_pct_change":null,"six_year_pct_change":null,"twentytwo_year_pct_change":null},{"crime":"Petit Larceny","wtd_curr_yr":17,"wtd_prev_yr":26,"wtd_pct_change":-34.6,"twentyeight_day_curr_yr":73,"twentyeight_day_prev_yr":97,"twentyeight_day_pct_change":-24.7,"ytd_curr_yr":505,"ytd_prev_yr":561,"ytd_pct_change":-10,"two_year_pct_change":-5.4,"six_year_pct_change":-6.1,"twentytwo_year_pct_change":null},{"crime":"Misd. Assault","wtd_curr_yr":13,"wtd_prev_yr":9,"wtd_pct_change":44.4,"twentyeight_day_curr_yr":43,"twentyeight_day_prev_yr":36,"twentyeight_day_pct_change":19.4,"ytd_curr_yr":250,"ytd_prev_yr":273,"ytd_pct_change":-8.4,"two_year_pct_change":4.6,"six_year_pct_change":-13.8,"twentytwo_year_pct_change":null},{"crime":"Misd. Sex Crimes","wtd_curr_yr":1,"wtd_prev_yr":3,"wtd_pct_change":-66.7,"twentyeight_day_curr_yr":5,"twentyeight_day_prev_yr":5,"twentyeight_day_pct_change":0,"ytd_curr_yr":31,"ytd_prev_yr":37,"ytd_pct_change":-16.2,"two_year_pct_change":-20.5,"six_year_pct_change":-8.8,"twentytwo_year_pct_change":null},{"crime":"Shooting Vic.","wtd_curr_yr":0,"wtd_prev_yr":0,"wtd_pct_change":null,"twentyeight_day_curr_yr":1,"twentyeight_day_prev_yr":0,"twentyeight_day_pct_change":null,"ytd_curr_yr":1,"ytd_prev_yr":1,"ytd_pct_change":0,"two_year_pct_change":0,"six_year_pct_change":null,"twentytwo_year_pct_change":-92.9},{"crime":"Shooting Inc.","wtd_curr_yr":0,"wtd_prev_yr":0,"wtd_pct_change":null,"twentyeight_day_curr_yr":1,"twentyeight_day_prev_yr":0,"twentyeight_day_pct_change":null,"ytd_curr_yr":1,"ytd_prev_yr":1,"ytd_pct_change":0,"two_year_pct_change":0,"six_year_pct_change":null,"twentytwo_year_pct_change":-92.9}],"historical":[{"yr_1990":16,"yr_1993":10,"yr_1998":5,"yr_2001":3,"yr_2013":4,"pct_change_13vs01":33.3,"pct_change_13vs98":-20,"pct_change_13vs93":-60,"pct_change_13vs90":-75,"crime":"Murder"},{"yr_1990":22,"yr_1993":12,"yr_1998":24,"yr_2001":18,"yr_2013":15,"pct_change_13vs01":-16.7,"pct_change_13vs98":-37.5,"pct_change_13vs93":25,"pct_change_13vs90":-31.8,"crime":"Rape"},{"yr_1990":1372,"yr_1993":1026,"yr_1998":464,"yr_2001":313,"yr_2013":160,"pct_change_13vs01":-48.9,"pct_change_13vs98":-65.5,"pct_change_13vs93":-84.4,"pct_change_13vs90":-88.3,"crime":"Robbery"},{"yr_1990":290,"yr_1993":317,"yr_1998":248,"yr_2001":147,"yr_2013":171,"pct_change_13vs01":16.3,"pct_change_13vs98":-31,"pct_change_13vs93":-46.1,"pct_change_13vs90":-41,"crime":"Fel. Assault"},{"yr_1990":2062,"yr_1993":1563,"yr_1998":971,"yr_2001":564,"yr_2013":244,"pct_change_13vs01":-56.7,"pct_change_13vs98":-74.9,"pct_change_13vs93":-84.4,"pct_change_13vs90":-88.2,"crime":"Burglary"},{"yr_1990":1150,"yr_1993":914,"yr_1998":605,"yr_2001":570,"yr_2013":572,"pct_change_13vs01":0.4,"pct_change_13vs98":-5.5,"pct_change_13vs93":-37.4,"pct_change_13vs90":-50.3,"crime":"Gr. Larceny"},{"yr_1990":2945,"yr_1993":2123,"yr_1998":942,"yr_2001":704,"yr_2013":166,"pct_change_13vs01":-76.4,"pct_change_13vs98":-82.4,"pct_change_13vs93":-92.2,"pct_change_13vs90":-94.4,"crime":"G.L.A."},{"yr_1990":7857,"yr_1993":5965,"yr_1998":3259,"yr_2001":2319,"yr_2013":1332,"pct_change_13vs01":-42.56,"pct_change_13vs98":-59.13,"pct_change_13vs93":-77.67,"pct_change_13vs90":-83.05,"crime":"TOTAL"}]}