{"mayor":"Bill de Blasio","commissioner":"William J. Bratton","volume":21,"number":36,"precinct":"101st","startDate":"2014-09-01T04:00:00.000Z","endDate":"2014-09-07T04:00:00.000Z","crimes":[{"crime":"Murder","wtd_curr_yr":0,"wtd_prev_yr":0,"wtd_pct_change":null,"twentyeight_day_curr_yr":0,"twentyeight_day_prev_yr":0,"twentyeight_day_pct_change":null,"ytd_curr_yr":4,"ytd_prev_yr":2,"ytd_pct_change":100,"two_year_pct_change":33.3,"six_year_pct_change":0,"twentytwo_year_pct_change":-69.2},{"crime":"Rape","wtd_curr_yr":1,"wtd_prev_yr":1,"wtd_pct_change":0,"twentyeight_day_curr_yr":3,"twentyeight_day_prev_yr":2,"twentyeight_day_pct_change":50,"ytd_curr_yr":10,"ytd_prev_yr":12,"ytd_pct_change":-16.7,"two_year_pct_change":-23.1,"six_year_pct_change":-33.3,"twentytwo_year_pct_change":-65.5},{"crime":"Robbery","wtd_curr_yr":3,"wtd_prev_yr":3,"wtd_pct_change":0,"twentyeight_day_curr_yr":10,"twentyeight_day_prev_yr":15,"twentyeight_day_pct_change":-33.3,"ytd_curr_yr":83,"ytd_prev_yr":91,"ytd_pct_change":-8.8,"two_year_pct_change":-16.2,"six_year_pct_change":3.8,"twentytwo_year_pct_change":-81.5},{"crime":"Fel. Assault","wtd_curr_yr":7,"wtd_prev_yr":3,"wtd_pct_change":133.3,"twentyeight_day_curr_yr":22,"twentyeight_day_prev_yr":20,"twentyeight_day_pct_change":10,"ytd_curr_yr":190,"ytd_prev_yr":154,"ytd_pct_change":23.4,"two_year_pct_change":6.7,"six_year_pct_change":61,"twentytwo_year_pct_change":-47.5},{"crime":"Burglary","wtd_curr_yr":2,"wtd_prev_yr":2,"wtd_pct_change":0,"twentyeight_day_curr_yr":13,"twentyeight_day_prev_yr":18,"twentyeight_day_pct_change":-27.8,"ytd_curr_yr":111,"ytd_prev_yr":169,"ytd_pct_change":-34.3,"two_year_pct_change":-4.3,"six_year_pct_change":76.2,"twentytwo_year_pct_change":-80.1},{"crime":"Gr. Larceny","wtd_curr_yr":1,"wtd_prev_yr":4,"wtd_pct_change":-75,"twentyeight_day_curr_yr":19,"twentyeight_day_prev_yr":22,"twentyeight_day_pct_change":-13.6,"ytd_curr_yr":129,"ytd_prev_yr":109,"ytd_pct_change":18.3,"two_year_pct_change":-16.8,"six_year_pct_change":37.2,"twentytwo_year_pct_change":-42.9},{"crime":"G.L.A.","wtd_curr_yr":5,"wtd_prev_yr":0,"wtd_pct_change":null,"twentyeight_day_curr_yr":9,"twentyeight_day_prev_yr":4,"twentyeight_day_pct_change":125,"ytd_curr_yr":58,"ytd_prev_yr":39,"ytd_pct_change":48.7,"two_year_pct_change":48.7,"six_year_pct_change":56.8,"twentytwo_year_pct_change":-81.9},{"crime":"TOTAL","wtd_curr_yr":19,"wtd_prev_yr":13,"wtd_pct_change":46.15,"twentyeight_day_curr_yr":76,"twentyeight_day_prev_yr":81,"twentyeight_day_pct_change":-6.17,"ytd_curr_yr":585,"ytd_prev_yr":576,"ytd_pct_change":1.56,"two_year_pct_change":-2.99,"six_year_pct_change":42.34,"twentytwo_year_pct_change":-70.12},{"crime":"Transit","wtd_curr_yr":0,"wtd_prev_yr":1,"wtd_pct_change":-100,"twentyeight_day_curr_yr":2,"twentyeight_day_prev_yr":1,"twentyeight_day_pct_change":100,"ytd_curr_yr":7,"ytd_prev_yr":7,"ytd_pct_change":0,"two_year_pct_change":-53.3,"six_year_pct_change":-30,"twentytwo_year_pct_change":null},{"crime":"Housing","wtd_curr_yr":1,"wtd_prev_yr":2,"wtd_pct_change":-50,"twentyeight_day_curr_yr":3,"twentyeight_day_prev_yr":11,"twentyeight_day_pct_change":-72.7,"ytd_curr_yr":73,"ytd_prev_yr":64,"ytd_pct_change":14.1,"two_year_pct_change":17.7,"six_year_pct_change":52.1,"twentytwo_year_pct_change":null},{"crime":"Petit Larceny","wtd_curr_yr":6,"wtd_prev_yr":19,"wtd_pct_change":-68.4,"twentyeight_day_curr_yr":34,"twentyeight_day_prev_yr":46,"twentyeight_day_pct_change":-26.1,"ytd_curr_yr":375,"ytd_prev_yr":363,"ytd_pct_change":3.3,"two_year_pct_change":12.6,"six_year_pct_change":34.9,"twentytwo_year_pct_change":null},{"crime":"Misd. Assault","wtd_curr_yr":7,"wtd_prev_yr":5,"wtd_pct_change":40,"twentyeight_day_curr_yr":37,"twentyeight_day_prev_yr":35,"twentyeight_day_pct_change":5.7,"ytd_curr_yr":325,"ytd_prev_yr":330,"ytd_pct_change":-1.5,"two_year_pct_change":3.2,"six_year_pct_change":28.5,"twentytwo_year_pct_change":null},{"crime":"Misd. Sex Crimes","wtd_curr_yr":0,"wtd_prev_yr":0,"wtd_pct_change":null,"twentyeight_day_curr_yr":2,"twentyeight_day_prev_yr":3,"twentyeight_day_pct_change":-33.3,"ytd_curr_yr":12,"ytd_prev_yr":10,"ytd_pct_change":20,"two_year_pct_change":-25,"six_year_pct_change":-36.8,"twentytwo_year_pct_change":null},{"crime":"Shooting Vic.","wtd_curr_yr":2,"wtd_prev_yr":0,"wtd_pct_change":null,"twentyeight_day_curr_yr":2,"twentyeight_day_prev_yr":0,"twentyeight_day_pct_change":null,"ytd_curr_yr":23,"ytd_prev_yr":13,"ytd_pct_change":76.9,"two_year_pct_change":-4.2,"six_year_pct_change":21.1,"twentytwo_year_pct_change":-32.4},{"crime":"Shooting Inc.","wtd_curr_yr":2,"wtd_prev_yr":0,"wtd_pct_change":null,"twentyeight_day_curr_yr":2,"twentyeight_day_prev_yr":0,"twentyeight_day_pct_change":null,"ytd_curr_yr":22,"ytd_prev_yr":11,"ytd_pct_change":100,"two_year_pct_change":0,"six_year_pct_change":22.2,"twentytwo_year_pct_change":-31.2}],"historical":[{"yr_1990":14,"yr_1993":16,"yr_1998":9,"yr_2001":6,"yr_2013":3,"pct_change_13vs01":-50,"pct_change_13vs98":-66.7,"pct_change_13vs93":-81.2,"pct_change_13vs90":-78.6,"crime":"Murder"},{"yr_1990":67,"yr_1993":42,"yr_1998":32,"yr_2001":17,"yr_2013":19,"pct_change_13vs01":11.8,"pct_change_13vs98":-40.6,"pct_change_13vs93":-54.8,"pct_change_13vs90":-71.6,"crime":"Rape"},{"yr_1990":826,"yr_1993":710,"yr_1998":413,"yr_2001":247,"yr_2013":148,"pct_change_13vs01":-40.1,"pct_change_13vs98":-64.2,"pct_change_13vs93":-79.2,"pct_change_13vs90":-82.1,"crime":"Robbery"},{"yr_1990":588,"yr_1993":524,"yr_1998":418,"yr_2001":301,"yr_2013":212,"pct_change_13vs01":-29.6,"pct_change_13vs98":-49.3,"pct_change_13vs93":-59.5,"pct_change_13vs90":-63.9,"crime":"Fel. Assault"},{"yr_1990":825,"yr_1993":768,"yr_1998":370,"yr_2001":216,"yr_2013":227,"pct_change_13vs01":5.1,"pct_change_13vs98":-38.6,"pct_change_13vs93":-70.4,"pct_change_13vs90":-72.5,"crime":"Burglary"},{"yr_1990":362,"yr_1993":330,"yr_1998":203,"yr_2001":189,"yr_2013":182,"pct_change_13vs01":-3.7,"pct_change_13vs98":-10.3,"pct_change_13vs93":-44.8,"pct_change_13vs90":-49.7,"crime":"Gr. Larceny"},{"yr_1990":719,"yr_1993":460,"yr_1998":184,"yr_2001":158,"yr_2013":61,"pct_change_13vs01":-61.4,"pct_change_13vs98":-66.8,"pct_change_13vs93":-86.7,"pct_change_13vs90":-91.5,"crime":"G.L.A."},{"yr_1990":3401,"yr_1993":2850,"yr_1998":1629,"yr_2001":1134,"yr_2013":852,"pct_change_13vs01":-24.87,"pct_change_13vs98":-47.7,"pct_change_13vs93":-70.11,"pct_change_13vs90":-74.95,"crime":"TOTAL"}]}