{"mayor":"Bill de Blasio","commissioner":"William J. Bratton","volume":21,"number":16,"precinct":"101st","startDate":"2014-04-14T04:00:00.000Z","endDate":"2014-04-20T04:00:00.000Z","crimes":[{"crime":"Murder","wtd_curr_yr":0,"wtd_prev_yr":0,"wtd_pct_change":null,"twentyeight_day_curr_yr":1,"twentyeight_day_prev_yr":0,"twentyeight_day_pct_change":null,"ytd_curr_yr":3,"ytd_prev_yr":1,"ytd_pct_change":200,"two_year_pct_change":50,"six_year_pct_change":200,"twentytwo_year_pct_change":-25},{"crime":"Rape","wtd_curr_yr":0,"wtd_prev_yr":0,"wtd_pct_change":null,"twentyeight_day_curr_yr":2,"twentyeight_day_prev_yr":3,"twentyeight_day_pct_change":-33.3,"ytd_curr_yr":5,"ytd_prev_yr":6,"ytd_pct_change":-16.7,"two_year_pct_change":-28.6,"six_year_pct_change":-28.6,"twentytwo_year_pct_change":-28.6},{"crime":"Robbery","wtd_curr_yr":2,"wtd_prev_yr":3,"wtd_pct_change":-33.3,"twentyeight_day_curr_yr":10,"twentyeight_day_prev_yr":15,"twentyeight_day_pct_change":-33.3,"ytd_curr_yr":39,"ytd_prev_yr":43,"ytd_pct_change":-9.3,"two_year_pct_change":18.2,"six_year_pct_change":50,"twentytwo_year_pct_change":-77.6},{"crime":"Fel. Assault","wtd_curr_yr":5,"wtd_prev_yr":1,"wtd_pct_change":400,"twentyeight_day_curr_yr":16,"twentyeight_day_prev_yr":9,"twentyeight_day_pct_change":77.8,"ytd_curr_yr":63,"ytd_prev_yr":45,"ytd_pct_change":40,"two_year_pct_change":23.5,"six_year_pct_change":46.5,"twentytwo_year_pct_change":-44.2},{"crime":"Burglary","wtd_curr_yr":2,"wtd_prev_yr":3,"wtd_pct_change":-33.3,"twentyeight_day_curr_yr":11,"twentyeight_day_prev_yr":16,"twentyeight_day_pct_change":-31.2,"ytd_curr_yr":42,"ytd_prev_yr":80,"ytd_pct_change":-47.5,"two_year_pct_change":40,"six_year_pct_change":55.6,"twentytwo_year_pct_change":-78.7},{"crime":"Gr. Larceny","wtd_curr_yr":2,"wtd_prev_yr":3,"wtd_pct_change":-33.3,"twentyeight_day_curr_yr":11,"twentyeight_day_prev_yr":9,"twentyeight_day_pct_change":22.2,"ytd_curr_yr":49,"ytd_prev_yr":30,"ytd_pct_change":63.3,"two_year_pct_change":-12.5,"six_year_pct_change":44.1,"twentytwo_year_pct_change":-39.5},{"crime":"G.L.A.","wtd_curr_yr":0,"wtd_prev_yr":2,"wtd_pct_change":-100,"twentyeight_day_curr_yr":4,"twentyeight_day_prev_yr":5,"twentyeight_day_pct_change":-20,"ytd_curr_yr":25,"ytd_prev_yr":10,"ytd_pct_change":150,"two_year_pct_change":150,"six_year_pct_change":150,"twentytwo_year_pct_change":-85},{"crime":"TOTAL","wtd_curr_yr":11,"wtd_prev_yr":12,"wtd_pct_change":-8.33,"twentyeight_day_curr_yr":55,"twentyeight_day_prev_yr":57,"twentyeight_day_pct_change":-3.51,"ytd_curr_yr":226,"ytd_prev_yr":215,"ytd_pct_change":5.12,"two_year_pct_change":19.58,"six_year_pct_change":52.7,"twentytwo_year_pct_change":-69.58},{"crime":"Transit","wtd_curr_yr":0,"wtd_prev_yr":0,"wtd_pct_change":null,"twentyeight_day_curr_yr":0,"twentyeight_day_prev_yr":0,"twentyeight_day_pct_change":null,"ytd_curr_yr":1,"ytd_prev_yr":4,"ytd_pct_change":-75,"two_year_pct_change":-80,"six_year_pct_change":-75,"twentytwo_year_pct_change":null},{"crime":"Housing","wtd_curr_yr":1,"wtd_prev_yr":0,"wtd_pct_change":null,"twentyeight_day_curr_yr":7,"twentyeight_day_prev_yr":5,"twentyeight_day_pct_change":40,"ytd_curr_yr":28,"ytd_prev_yr":15,"ytd_pct_change":86.7,"two_year_pct_change":100,"six_year_pct_change":86.7,"twentytwo_year_pct_change":null},{"crime":"Petit Larceny","wtd_curr_yr":6,"wtd_prev_yr":8,"wtd_pct_change":-25,"twentyeight_day_curr_yr":31,"twentyeight_day_prev_yr":31,"twentyeight_day_pct_change":0,"ytd_curr_yr":155,"ytd_prev_yr":144,"ytd_pct_change":7.6,"two_year_pct_change":46.2,"six_year_pct_change":52,"twentytwo_year_pct_change":null},{"crime":"Misd. Assault","wtd_curr_yr":13,"wtd_prev_yr":16,"wtd_pct_change":-18.8,"twentyeight_day_curr_yr":44,"twentyeight_day_prev_yr":37,"twentyeight_day_pct_change":18.9,"ytd_curr_yr":128,"ytd_prev_yr":124,"ytd_pct_change":3.2,"two_year_pct_change":4.9,"six_year_pct_change":26.7,"twentytwo_year_pct_change":null},{"crime":"Misd. Sex Crimes","wtd_curr_yr":1,"wtd_prev_yr":0,"wtd_pct_change":null,"twentyeight_day_curr_yr":4,"twentyeight_day_prev_yr":0,"twentyeight_day_pct_change":null,"ytd_curr_yr":7,"ytd_prev_yr":2,"ytd_pct_change":250,"two_year_pct_change":75,"six_year_pct_change":-22.2,"twentytwo_year_pct_change":null},{"crime":"Shooting Vic.","wtd_curr_yr":0,"wtd_prev_yr":0,"wtd_pct_change":null,"twentyeight_day_curr_yr":1,"twentyeight_day_prev_yr":0,"twentyeight_day_pct_change":null,"ytd_curr_yr":3,"ytd_prev_yr":1,"ytd_pct_change":200,"two_year_pct_change":0,"six_year_pct_change":0,"twentytwo_year_pct_change":-76.9},{"crime":"Shooting Inc.","wtd_curr_yr":0,"wtd_prev_yr":0,"wtd_pct_change":null,"twentyeight_day_curr_yr":1,"twentyeight_day_prev_yr":0,"twentyeight_day_pct_change":null,"ytd_curr_yr":3,"ytd_prev_yr":1,"ytd_pct_change":200,"two_year_pct_change":0,"six_year_pct_change":0,"twentytwo_year_pct_change":-76.9}],"historical":[{"yr_1990":14,"yr_1993":16,"yr_1998":9,"yr_2001":6,"yr_2013":3,"pct_change_13vs01":-50,"pct_change_13vs98":-66.7,"pct_change_13vs93":-81.2,"pct_change_13vs90":-78.6,"crime":"Murder"},{"yr_1990":67,"yr_1993":42,"yr_1998":32,"yr_2001":17,"yr_2013":19,"pct_change_13vs01":11.8,"pct_change_13vs98":-40.6,"pct_change_13vs93":-54.8,"pct_change_13vs90":-71.6,"crime":"Rape"},{"yr_1990":826,"yr_1993":710,"yr_1998":413,"yr_2001":247,"yr_2013":148,"pct_change_13vs01":-40.1,"pct_change_13vs98":-64.2,"pct_change_13vs93":-79.2,"pct_change_13vs90":-82.1,"crime":"Robbery"},{"yr_1990":588,"yr_1993":524,"yr_1998":418,"yr_2001":301,"yr_2013":212,"pct_change_13vs01":-29.6,"pct_change_13vs98":-49.3,"pct_change_13vs93":-59.5,"pct_change_13vs90":-63.9,"crime":"Fel. Assault"},{"yr_1990":825,"yr_1993":768,"yr_1998":370,"yr_2001":216,"yr_2013":227,"pct_change_13vs01":5.1,"pct_change_13vs98":-38.6,"pct_change_13vs93":-70.4,"pct_change_13vs90":-72.5,"crime":"Burglary"},{"yr_1990":362,"yr_1993":330,"yr_1998":203,"yr_2001":189,"yr_2013":182,"pct_change_13vs01":-3.7,"pct_change_13vs98":-10.3,"pct_change_13vs93":-44.8,"pct_change_13vs90":-49.7,"crime":"Gr. Larceny"},{"yr_1990":719,"yr_1993":460,"yr_1998":184,"yr_2001":158,"yr_2013":61,"pct_change_13vs01":-61.4,"pct_change_13vs98":-66.8,"pct_change_13vs93":-86.7,"pct_change_13vs90":-91.5,"crime":"G.L.A."},{"yr_1990":3401,"yr_1993":2850,"yr_1998":1629,"yr_2001":1134,"yr_2013":852,"pct_change_13vs01":-24.87,"pct_change_13vs98":-47.7,"pct_change_13vs93":-70.11,"pct_change_13vs90":-74.95,"crime":"TOTAL"}]}