{"mayor":"Bill de Blasio","commissioner":"William J. Bratton","volume":21,"number":35,"precinct":"103rd","startDate":"2014-08-25T04:00:00.000Z","endDate":"2014-08-31T04:00:00.000Z","crimes":[{"crime":"Murder","wtd_curr_yr":0,"wtd_prev_yr":0,"wtd_pct_change":null,"twentyeight_day_curr_yr":0,"twentyeight_day_prev_yr":0,"twentyeight_day_pct_change":null,"ytd_curr_yr":7,"ytd_prev_yr":7,"ytd_pct_change":0,"two_year_pct_change":-30,"six_year_pct_change":-22.2,"twentytwo_year_pct_change":-63.2},{"crime":"Rape","wtd_curr_yr":0,"wtd_prev_yr":1,"wtd_pct_change":-100,"twentyeight_day_curr_yr":0,"twentyeight_day_prev_yr":4,"twentyeight_day_pct_change":-100,"ytd_curr_yr":10,"ytd_prev_yr":25,"ytd_pct_change":-60,"two_year_pct_change":-52.4,"six_year_pct_change":-50,"twentytwo_year_pct_change":-79.6},{"crime":"Robbery","wtd_curr_yr":10,"wtd_prev_yr":7,"wtd_pct_change":42.9,"twentyeight_day_curr_yr":29,"twentyeight_day_prev_yr":36,"twentyeight_day_pct_change":-19.4,"ytd_curr_yr":227,"ytd_prev_yr":304,"ytd_pct_change":-25.3,"two_year_pct_change":-21.5,"six_year_pct_change":6.1,"twentytwo_year_pct_change":-79.2},{"crime":"Fel. Assault","wtd_curr_yr":6,"wtd_prev_yr":9,"wtd_pct_change":-33.3,"twentyeight_day_curr_yr":35,"twentyeight_day_prev_yr":29,"twentyeight_day_pct_change":20.7,"ytd_curr_yr":269,"ytd_prev_yr":248,"ytd_pct_change":8.5,"two_year_pct_change":2.3,"six_year_pct_change":9.3,"twentytwo_year_pct_change":-51.8},{"crime":"Burglary","wtd_curr_yr":7,"wtd_prev_yr":7,"wtd_pct_change":0,"twentyeight_day_curr_yr":22,"twentyeight_day_prev_yr":23,"twentyeight_day_pct_change":-4.3,"ytd_curr_yr":154,"ytd_prev_yr":201,"ytd_pct_change":-23.4,"two_year_pct_change":-29.7,"six_year_pct_change":-21.4,"twentytwo_year_pct_change":-79.9},{"crime":"Gr. Larceny","wtd_curr_yr":13,"wtd_prev_yr":12,"wtd_pct_change":8.3,"twentyeight_day_curr_yr":37,"twentyeight_day_prev_yr":41,"twentyeight_day_pct_change":-9.8,"ytd_curr_yr":330,"ytd_prev_yr":298,"ytd_pct_change":10.7,"two_year_pct_change":3.8,"six_year_pct_change":10,"twentytwo_year_pct_change":-58.2},{"crime":"G.L.A.","wtd_curr_yr":3,"wtd_prev_yr":7,"wtd_pct_change":-57.1,"twentyeight_day_curr_yr":11,"twentyeight_day_prev_yr":13,"twentyeight_day_pct_change":-15.4,"ytd_curr_yr":95,"ytd_prev_yr":109,"ytd_pct_change":-12.8,"two_year_pct_change":-18.8,"six_year_pct_change":-20.2,"twentytwo_year_pct_change":-90.6},{"crime":"TOTAL","wtd_curr_yr":39,"wtd_prev_yr":43,"wtd_pct_change":-9.3,"twentyeight_day_curr_yr":134,"twentyeight_day_prev_yr":146,"twentyeight_day_pct_change":-8.22,"ytd_curr_yr":1092,"ytd_prev_yr":1192,"ytd_pct_change":-8.39,"two_year_pct_change":-11.72,"six_year_pct_change":-1.09,"twentytwo_year_pct_change":-74.48},{"crime":"Transit","wtd_curr_yr":0,"wtd_prev_yr":1,"wtd_pct_change":-100,"twentyeight_day_curr_yr":2,"twentyeight_day_prev_yr":4,"twentyeight_day_pct_change":-50,"ytd_curr_yr":16,"ytd_prev_yr":23,"ytd_pct_change":-30.4,"two_year_pct_change":-15.8,"six_year_pct_change":166.7,"twentytwo_year_pct_change":null},{"crime":"Housing","wtd_curr_yr":1,"wtd_prev_yr":0,"wtd_pct_change":null,"twentyeight_day_curr_yr":3,"twentyeight_day_prev_yr":4,"twentyeight_day_pct_change":-25,"ytd_curr_yr":19,"ytd_prev_yr":26,"ytd_pct_change":-26.9,"two_year_pct_change":-44.1,"six_year_pct_change":5.6,"twentytwo_year_pct_change":null},{"crime":"Petit Larceny","wtd_curr_yr":19,"wtd_prev_yr":26,"wtd_pct_change":-26.9,"twentyeight_day_curr_yr":103,"twentyeight_day_prev_yr":115,"twentyeight_day_pct_change":-10.4,"ytd_curr_yr":796,"ytd_prev_yr":730,"ytd_pct_change":9,"two_year_pct_change":13.9,"six_year_pct_change":17.8,"twentytwo_year_pct_change":null},{"crime":"Misd. Assault","wtd_curr_yr":13,"wtd_prev_yr":18,"wtd_pct_change":-27.8,"twentyeight_day_curr_yr":66,"twentyeight_day_prev_yr":76,"twentyeight_day_pct_change":-13.2,"ytd_curr_yr":611,"ytd_prev_yr":651,"ytd_pct_change":-6.1,"two_year_pct_change":14.2,"six_year_pct_change":28.4,"twentytwo_year_pct_change":null},{"crime":"Misd. Sex Crimes","wtd_curr_yr":0,"wtd_prev_yr":0,"wtd_pct_change":null,"twentyeight_day_curr_yr":5,"twentyeight_day_prev_yr":2,"twentyeight_day_pct_change":150,"ytd_curr_yr":27,"ytd_prev_yr":20,"ytd_pct_change":35,"two_year_pct_change":-6.9,"six_year_pct_change":-3.6,"twentytwo_year_pct_change":null},{"crime":"Shooting Vic.","wtd_curr_yr":0,"wtd_prev_yr":2,"wtd_pct_change":-100,"twentyeight_day_curr_yr":3,"twentyeight_day_prev_yr":3,"twentyeight_day_pct_change":0,"ytd_curr_yr":17,"ytd_prev_yr":22,"ytd_pct_change":-22.7,"two_year_pct_change":-46.9,"six_year_pct_change":-37,"twentytwo_year_pct_change":-83.2},{"crime":"Shooting Inc.","wtd_curr_yr":0,"wtd_prev_yr":2,"wtd_pct_change":-100,"twentyeight_day_curr_yr":3,"twentyeight_day_prev_yr":3,"twentyeight_day_pct_change":0,"ytd_curr_yr":13,"ytd_prev_yr":20,"ytd_pct_change":-35,"two_year_pct_change":-55.2,"six_year_pct_change":-35,"twentytwo_year_pct_change":-86}],"historical":[{"yr_1990":38,"yr_1993":28,"yr_1998":16,"yr_2001":10,"yr_2013":8,"pct_change_13vs01":-20,"pct_change_13vs98":-50,"pct_change_13vs93":-71.4,"pct_change_13vs90":-78.9,"crime":"Murder"},{"yr_1990":60,"yr_1993":74,"yr_1998":45,"yr_2001":27,"yr_2013":37,"pct_change_13vs01":37,"pct_change_13vs98":-17.8,"pct_change_13vs93":-50,"pct_change_13vs90":-38.3,"crime":"Rape"},{"yr_1990":1846,"yr_1993":1742,"yr_1998":751,"yr_2001":530,"yr_2013":438,"pct_change_13vs01":-17.4,"pct_change_13vs98":-41.7,"pct_change_13vs93":-74.9,"pct_change_13vs90":-76.3,"crime":"Robbery"},{"yr_1990":958,"yr_1993":853,"yr_1998":611,"yr_2001":406,"yr_2013":369,"pct_change_13vs01":-9.1,"pct_change_13vs98":-39.6,"pct_change_13vs93":-56.7,"pct_change_13vs90":-61.5,"crime":"Fel. Assault"},{"yr_1990":1592,"yr_1993":1166,"yr_1998":598,"yr_2001":449,"yr_2013":300,"pct_change_13vs01":-33.2,"pct_change_13vs98":-49.8,"pct_change_13vs93":-74.3,"pct_change_13vs90":-81.2,"crime":"Burglary"},{"yr_1990":1277,"yr_1993":1214,"yr_1998":578,"yr_2001":587,"yr_2013":487,"pct_change_13vs01":-17,"pct_change_13vs98":-15.7,"pct_change_13vs93":-59.9,"pct_change_13vs90":-61.9,"crime":"Gr. Larceny"},{"yr_1990":1889,"yr_1993":1591,"yr_1998":602,"yr_2001":472,"yr_2013":172,"pct_change_13vs01":-63.6,"pct_change_13vs98":-71.4,"pct_change_13vs93":-89.2,"pct_change_13vs90":-90.9,"crime":"G.L.A."},{"yr_1990":7660,"yr_1993":6668,"yr_1998":3201,"yr_2001":2481,"yr_2013":1811,"pct_change_13vs01":-27.01,"pct_change_13vs98":-43.42,"pct_change_13vs93":-72.84,"pct_change_13vs90":-76.36,"crime":"TOTAL"}]}