{"mayor":"Bill de Blasio","commissioner":"William J. Bratton","volume":21,"number":31,"precinct":"101st","startDate":"2014-07-28T04:00:00.000Z","endDate":"2014-08-03T04:00:00.000Z","crimes":[{"crime":"Murder","wtd_curr_yr":0,"wtd_prev_yr":0,"wtd_pct_change":null,"twentyeight_day_curr_yr":1,"twentyeight_day_prev_yr":0,"twentyeight_day_pct_change":null,"ytd_curr_yr":4,"ytd_prev_yr":2,"ytd_pct_change":100,"two_year_pct_change":33.3,"six_year_pct_change":100,"twentytwo_year_pct_change":-60},{"crime":"Rape","wtd_curr_yr":0,"wtd_prev_yr":0,"wtd_pct_change":null,"twentyeight_day_curr_yr":2,"twentyeight_day_prev_yr":1,"twentyeight_day_pct_change":100,"ytd_curr_yr":7,"ytd_prev_yr":10,"ytd_pct_change":-30,"two_year_pct_change":-46.2,"six_year_pct_change":-46.2,"twentytwo_year_pct_change":-66.7},{"crime":"Robbery","wtd_curr_yr":3,"wtd_prev_yr":4,"wtd_pct_change":-25,"twentyeight_day_curr_yr":9,"twentyeight_day_prev_yr":9,"twentyeight_day_pct_change":0,"ytd_curr_yr":70,"ytd_prev_yr":75,"ytd_pct_change":-6.7,"two_year_pct_change":-15.7,"six_year_pct_change":1.4,"twentytwo_year_pct_change":-81.1},{"crime":"Fel. Assault","wtd_curr_yr":4,"wtd_prev_yr":6,"wtd_pct_change":-33.3,"twentyeight_day_curr_yr":26,"twentyeight_day_prev_yr":24,"twentyeight_day_pct_change":8.3,"ytd_curr_yr":161,"ytd_prev_yr":132,"ytd_pct_change":22,"two_year_pct_change":8.1,"six_year_pct_change":64.3,"twentytwo_year_pct_change":-47.6},{"crime":"Burglary","wtd_curr_yr":7,"wtd_prev_yr":7,"wtd_pct_change":0,"twentyeight_day_curr_yr":22,"twentyeight_day_prev_yr":24,"twentyeight_day_pct_change":-8.3,"ytd_curr_yr":99,"ytd_prev_yr":144,"ytd_pct_change":-31.2,"two_year_pct_change":3.1,"six_year_pct_change":94.1,"twentytwo_year_pct_change":-79.3},{"crime":"Gr. Larceny","wtd_curr_yr":3,"wtd_prev_yr":3,"wtd_pct_change":0,"twentyeight_day_curr_yr":16,"twentyeight_day_prev_yr":15,"twentyeight_day_pct_change":6.7,"ytd_curr_yr":106,"ytd_prev_yr":83,"ytd_pct_change":27.7,"two_year_pct_change":-20.3,"six_year_pct_change":43.2,"twentytwo_year_pct_change":-42.4},{"crime":"G.L.A.","wtd_curr_yr":1,"wtd_prev_yr":3,"wtd_pct_change":-66.7,"twentyeight_day_curr_yr":5,"twentyeight_day_prev_yr":8,"twentyeight_day_pct_change":-37.5,"ytd_curr_yr":49,"ytd_prev_yr":32,"ytd_pct_change":53.1,"two_year_pct_change":44.1,"six_year_pct_change":69,"twentytwo_year_pct_change":-82.4},{"crime":"TOTAL","wtd_curr_yr":18,"wtd_prev_yr":23,"wtd_pct_change":-21.74,"twentyeight_day_curr_yr":81,"twentyeight_day_prev_yr":81,"twentyeight_day_pct_change":0,"ytd_curr_yr":496,"ytd_prev_yr":478,"ytd_pct_change":3.77,"two_year_pct_change":-2.94,"six_year_pct_change":47.62,"twentytwo_year_pct_change":-69.94},{"crime":"Transit","wtd_curr_yr":0,"wtd_prev_yr":0,"wtd_pct_change":null,"twentyeight_day_curr_yr":1,"twentyeight_day_prev_yr":0,"twentyeight_day_pct_change":null,"ytd_curr_yr":5,"ytd_prev_yr":6,"ytd_pct_change":-16.7,"two_year_pct_change":-50,"six_year_pct_change":-44.4,"twentytwo_year_pct_change":null},{"crime":"Housing","wtd_curr_yr":4,"wtd_prev_yr":2,"wtd_pct_change":100,"twentyeight_day_curr_yr":16,"twentyeight_day_prev_yr":7,"twentyeight_day_pct_change":128.6,"ytd_curr_yr":69,"ytd_prev_yr":51,"ytd_pct_change":35.3,"two_year_pct_change":43.8,"six_year_pct_change":64.3,"twentytwo_year_pct_change":null},{"crime":"Petit Larceny","wtd_curr_yr":12,"wtd_prev_yr":15,"wtd_pct_change":-20,"twentyeight_day_curr_yr":53,"twentyeight_day_prev_yr":62,"twentyeight_day_pct_change":-14.5,"ytd_curr_yr":329,"ytd_prev_yr":304,"ytd_pct_change":8.2,"two_year_pct_change":23.7,"six_year_pct_change":41.2,"twentytwo_year_pct_change":null},{"crime":"Misd. Assault","wtd_curr_yr":9,"wtd_prev_yr":11,"wtd_pct_change":-18.2,"twentyeight_day_curr_yr":46,"twentyeight_day_prev_yr":46,"twentyeight_day_pct_change":0,"ytd_curr_yr":279,"ytd_prev_yr":288,"ytd_pct_change":-3.1,"two_year_pct_change":5.3,"six_year_pct_change":24.6,"twentytwo_year_pct_change":null},{"crime":"Misd. Sex Crimes","wtd_curr_yr":0,"wtd_prev_yr":0,"wtd_pct_change":null,"twentyeight_day_curr_yr":1,"twentyeight_day_prev_yr":0,"twentyeight_day_pct_change":null,"ytd_curr_yr":11,"ytd_prev_yr":6,"ytd_pct_change":83.3,"two_year_pct_change":-15.4,"six_year_pct_change":-35.3,"twentytwo_year_pct_change":null},{"crime":"Shooting Vic.","wtd_curr_yr":1,"wtd_prev_yr":1,"wtd_pct_change":0,"twentyeight_day_curr_yr":10,"twentyeight_day_prev_yr":4,"twentyeight_day_pct_change":150,"ytd_curr_yr":20,"ytd_prev_yr":13,"ytd_pct_change":53.8,"two_year_pct_change":5.3,"six_year_pct_change":53.8,"twentytwo_year_pct_change":-25.9},{"crime":"Shooting Inc.","wtd_curr_yr":1,"wtd_prev_yr":1,"wtd_pct_change":0,"twentyeight_day_curr_yr":9,"twentyeight_day_prev_yr":4,"twentyeight_day_pct_change":125,"ytd_curr_yr":19,"ytd_prev_yr":11,"ytd_pct_change":72.7,"two_year_pct_change":11.8,"six_year_pct_change":58.3,"twentytwo_year_pct_change":-29.6}],"historical":[{"yr_1990":14,"yr_1993":16,"yr_1998":9,"yr_2001":6,"yr_2013":3,"pct_change_13vs01":-50,"pct_change_13vs98":-66.7,"pct_change_13vs93":-81.2,"pct_change_13vs90":-78.6,"crime":"Murder"},{"yr_1990":67,"yr_1993":42,"yr_1998":32,"yr_2001":17,"yr_2013":19,"pct_change_13vs01":11.8,"pct_change_13vs98":-40.6,"pct_change_13vs93":-54.8,"pct_change_13vs90":-71.6,"crime":"Rape"},{"yr_1990":826,"yr_1993":710,"yr_1998":413,"yr_2001":247,"yr_2013":148,"pct_change_13vs01":-40.1,"pct_change_13vs98":-64.2,"pct_change_13vs93":-79.2,"pct_change_13vs90":-82.1,"crime":"Robbery"},{"yr_1990":588,"yr_1993":524,"yr_1998":418,"yr_2001":301,"yr_2013":212,"pct_change_13vs01":-29.6,"pct_change_13vs98":-49.3,"pct_change_13vs93":-59.5,"pct_change_13vs90":-63.9,"crime":"Fel. Assault"},{"yr_1990":825,"yr_1993":768,"yr_1998":370,"yr_2001":216,"yr_2013":227,"pct_change_13vs01":5.1,"pct_change_13vs98":-38.6,"pct_change_13vs93":-70.4,"pct_change_13vs90":-72.5,"crime":"Burglary"},{"yr_1990":362,"yr_1993":330,"yr_1998":203,"yr_2001":189,"yr_2013":182,"pct_change_13vs01":-3.7,"pct_change_13vs98":-10.3,"pct_change_13vs93":-44.8,"pct_change_13vs90":-49.7,"crime":"Gr. Larceny"},{"yr_1990":719,"yr_1993":460,"yr_1998":184,"yr_2001":158,"yr_2013":61,"pct_change_13vs01":-61.4,"pct_change_13vs98":-66.8,"pct_change_13vs93":-86.7,"pct_change_13vs90":-91.5,"crime":"G.L.A."},{"yr_1990":3401,"yr_1993":2850,"yr_1998":1629,"yr_2001":1134,"yr_2013":852,"pct_change_13vs01":-24.87,"pct_change_13vs98":-47.7,"pct_change_13vs93":-70.11,"pct_change_13vs90":-74.95,"crime":"TOTAL"}]}