{"mayor":"Bill de Blasio","commissioner":"William J. Bratton","volume":21,"number":37,"precinct":"103rd","startDate":"2014-09-08T04:00:00.000Z","endDate":"2014-09-14T04:00:00.000Z","crimes":[{"crime":"Murder","wtd_curr_yr":0,"wtd_prev_yr":0,"wtd_pct_change":null,"twentyeight_day_curr_yr":0,"twentyeight_day_prev_yr":0,"twentyeight_day_pct_change":null,"ytd_curr_yr":7,"ytd_prev_yr":7,"ytd_pct_change":0,"two_year_pct_change":-30,"six_year_pct_change":-22.2,"twentytwo_year_pct_change":-66.7},{"crime":"Rape","wtd_curr_yr":0,"wtd_prev_yr":2,"wtd_pct_change":-100,"twentyeight_day_curr_yr":2,"twentyeight_day_prev_yr":6,"twentyeight_day_pct_change":-66.7,"ytd_curr_yr":13,"ytd_prev_yr":29,"ytd_pct_change":-55.2,"two_year_pct_change":-40.9,"six_year_pct_change":-40.9,"twentytwo_year_pct_change":-74},{"crime":"Robbery","wtd_curr_yr":8,"wtd_prev_yr":7,"wtd_pct_change":14.3,"twentyeight_day_curr_yr":35,"twentyeight_day_prev_yr":39,"twentyeight_day_pct_change":-10.3,"ytd_curr_yr":247,"ytd_prev_yr":323,"ytd_pct_change":-23.5,"two_year_pct_change":-19.5,"six_year_pct_change":9.8,"twentytwo_year_pct_change":-78.6},{"crime":"Fel. Assault","wtd_curr_yr":8,"wtd_prev_yr":7,"wtd_pct_change":14.3,"twentyeight_day_curr_yr":41,"twentyeight_day_prev_yr":29,"twentyeight_day_pct_change":41.4,"ytd_curr_yr":287,"ytd_prev_yr":261,"ytd_pct_change":10,"two_year_pct_change":0.7,"six_year_pct_change":8.7,"twentytwo_year_pct_change":-53.1},{"crime":"Burglary","wtd_curr_yr":2,"wtd_prev_yr":5,"wtd_pct_change":-60,"twentyeight_day_curr_yr":18,"twentyeight_day_prev_yr":17,"twentyeight_day_pct_change":5.9,"ytd_curr_yr":159,"ytd_prev_yr":207,"ytd_pct_change":-23.2,"two_year_pct_change":-30.9,"six_year_pct_change":-22.1,"twentytwo_year_pct_change":-80.7},{"crime":"Gr. Larceny","wtd_curr_yr":5,"wtd_prev_yr":13,"wtd_pct_change":-61.5,"twentyeight_day_curr_yr":29,"twentyeight_day_prev_yr":42,"twentyeight_day_pct_change":-31,"ytd_curr_yr":340,"ytd_prev_yr":322,"ytd_pct_change":5.6,"two_year_pct_change":2.1,"six_year_pct_change":7.6,"twentytwo_year_pct_change":-59.9},{"crime":"G.L.A.","wtd_curr_yr":2,"wtd_prev_yr":5,"wtd_pct_change":-60,"twentyeight_day_curr_yr":11,"twentyeight_day_prev_yr":21,"twentyeight_day_pct_change":-47.6,"ytd_curr_yr":99,"ytd_prev_yr":120,"ytd_pct_change":-17.5,"two_year_pct_change":-20.2,"six_year_pct_change":-20.8,"twentytwo_year_pct_change":-90.8},{"crime":"TOTAL","wtd_curr_yr":25,"wtd_prev_yr":39,"wtd_pct_change":-35.9,"twentyeight_day_curr_yr":136,"twentyeight_day_prev_yr":154,"twentyeight_day_pct_change":-11.69,"ytd_curr_yr":1152,"ytd_prev_yr":1269,"ytd_pct_change":-9.22,"two_year_pct_change":-12.13,"six_year_pct_change":-1.12,"twentytwo_year_pct_change":-74.87},{"crime":"Transit","wtd_curr_yr":1,"wtd_prev_yr":2,"wtd_pct_change":-50,"twentyeight_day_curr_yr":2,"twentyeight_day_prev_yr":5,"twentyeight_day_pct_change":-60,"ytd_curr_yr":18,"ytd_prev_yr":26,"ytd_pct_change":-30.8,"two_year_pct_change":-25,"six_year_pct_change":200,"twentytwo_year_pct_change":null},{"crime":"Housing","wtd_curr_yr":1,"wtd_prev_yr":1,"wtd_pct_change":0,"twentyeight_day_curr_yr":4,"twentyeight_day_prev_yr":5,"twentyeight_day_pct_change":-20,"ytd_curr_yr":21,"ytd_prev_yr":28,"ytd_pct_change":-25,"two_year_pct_change":-38.2,"six_year_pct_change":10.5,"twentytwo_year_pct_change":null},{"crime":"Petit Larceny","wtd_curr_yr":23,"wtd_prev_yr":35,"wtd_pct_change":-34.3,"twentyeight_day_curr_yr":96,"twentyeight_day_prev_yr":107,"twentyeight_day_pct_change":-10.3,"ytd_curr_yr":845,"ytd_prev_yr":783,"ytd_pct_change":7.9,"two_year_pct_change":16.2,"six_year_pct_change":16.6,"twentytwo_year_pct_change":null},{"crime":"Misd. Assault","wtd_curr_yr":21,"wtd_prev_yr":15,"wtd_pct_change":40,"twentyeight_day_curr_yr":73,"twentyeight_day_prev_yr":66,"twentyeight_day_pct_change":10.6,"ytd_curr_yr":652,"ytd_prev_yr":685,"ytd_pct_change":-4.8,"two_year_pct_change":13.4,"six_year_pct_change":28.9,"twentytwo_year_pct_change":null},{"crime":"Misd. Sex Crimes","wtd_curr_yr":1,"wtd_prev_yr":1,"wtd_pct_change":0,"twentyeight_day_curr_yr":1,"twentyeight_day_prev_yr":1,"twentyeight_day_pct_change":0,"ytd_curr_yr":26,"ytd_prev_yr":21,"ytd_pct_change":23.8,"two_year_pct_change":-18.8,"six_year_pct_change":-10.3,"twentytwo_year_pct_change":null},{"crime":"Shooting Vic.","wtd_curr_yr":0,"wtd_prev_yr":2,"wtd_pct_change":-100,"twentyeight_day_curr_yr":1,"twentyeight_day_prev_yr":6,"twentyeight_day_pct_change":-83.3,"ytd_curr_yr":17,"ytd_prev_yr":25,"ytd_pct_change":-32,"two_year_pct_change":-50,"six_year_pct_change":-45.2,"twentytwo_year_pct_change":-84.3},{"crime":"Shooting Inc.","wtd_curr_yr":0,"wtd_prev_yr":2,"wtd_pct_change":-100,"twentyeight_day_curr_yr":1,"twentyeight_day_prev_yr":6,"twentyeight_day_pct_change":-83.3,"ytd_curr_yr":13,"ytd_prev_yr":23,"ytd_pct_change":-43.5,"two_year_pct_change":-58.1,"six_year_pct_change":-45.8,"twentytwo_year_pct_change":-87}],"historical":[{"yr_1990":38,"yr_1993":28,"yr_1998":16,"yr_2001":10,"yr_2013":8,"pct_change_13vs01":-20,"pct_change_13vs98":-50,"pct_change_13vs93":-71.4,"pct_change_13vs90":-78.9,"crime":"Murder"},{"yr_1990":60,"yr_1993":74,"yr_1998":45,"yr_2001":27,"yr_2013":37,"pct_change_13vs01":37,"pct_change_13vs98":-17.8,"pct_change_13vs93":-50,"pct_change_13vs90":-38.3,"crime":"Rape"},{"yr_1990":1846,"yr_1993":1742,"yr_1998":751,"yr_2001":530,"yr_2013":438,"pct_change_13vs01":-17.4,"pct_change_13vs98":-41.7,"pct_change_13vs93":-74.9,"pct_change_13vs90":-76.3,"crime":"Robbery"},{"yr_1990":958,"yr_1993":853,"yr_1998":611,"yr_2001":406,"yr_2013":369,"pct_change_13vs01":-9.1,"pct_change_13vs98":-39.6,"pct_change_13vs93":-56.7,"pct_change_13vs90":-61.5,"crime":"Fel. Assault"},{"yr_1990":1592,"yr_1993":1166,"yr_1998":598,"yr_2001":449,"yr_2013":300,"pct_change_13vs01":-33.2,"pct_change_13vs98":-49.8,"pct_change_13vs93":-74.3,"pct_change_13vs90":-81.2,"crime":"Burglary"},{"yr_1990":1277,"yr_1993":1214,"yr_1998":578,"yr_2001":587,"yr_2013":487,"pct_change_13vs01":-17,"pct_change_13vs98":-15.7,"pct_change_13vs93":-59.9,"pct_change_13vs90":-61.9,"crime":"Gr. Larceny"},{"yr_1990":1889,"yr_1993":1591,"yr_1998":602,"yr_2001":472,"yr_2013":172,"pct_change_13vs01":-63.6,"pct_change_13vs98":-71.4,"pct_change_13vs93":-89.2,"pct_change_13vs90":-90.9,"crime":"G.L.A."},{"yr_1990":7660,"yr_1993":6668,"yr_1998":3201,"yr_2001":2481,"yr_2013":1811,"pct_change_13vs01":-27.01,"pct_change_13vs98":-43.42,"pct_change_13vs93":-72.84,"pct_change_13vs90":-76.36,"crime":"TOTAL"}]}