{"mayor":"Bill de Blasio","commissioner":"William J. Bratton","volume":21,"number":42,"precinct":"103rd","startDate":"2014-10-13T04:00:00.000Z","endDate":"2014-10-19T04:00:00.000Z","crimes":[{"crime":"Murder","wtd_curr_yr":0,"wtd_prev_yr":0,"wtd_pct_change":null,"twentyeight_day_curr_yr":1,"twentyeight_day_prev_yr":0,"twentyeight_day_pct_change":null,"ytd_curr_yr":8,"ytd_prev_yr":7,"ytd_pct_change":14.3,"two_year_pct_change":-20,"six_year_pct_change":-20,"twentytwo_year_pct_change":-65.2},{"crime":"Rape","wtd_curr_yr":1,"wtd_prev_yr":0,"wtd_pct_change":null,"twentyeight_day_curr_yr":2,"twentyeight_day_prev_yr":6,"twentyeight_day_pct_change":-66.7,"ytd_curr_yr":16,"ytd_prev_yr":36,"ytd_pct_change":-55.6,"two_year_pct_change":-44.8,"six_year_pct_change":-38.5,"twentytwo_year_pct_change":-73.8},{"crime":"Robbery","wtd_curr_yr":11,"wtd_prev_yr":6,"wtd_pct_change":83.3,"twentyeight_day_curr_yr":42,"twentyeight_day_prev_yr":27,"twentyeight_day_pct_change":55.6,"ytd_curr_yr":310,"ytd_prev_yr":360,"ytd_pct_change":-13.9,"two_year_pct_change":-10.4,"six_year_pct_change":22.5,"twentytwo_year_pct_change":-76.7},{"crime":"Fel. Assault","wtd_curr_yr":11,"wtd_prev_yr":11,"wtd_pct_change":0,"twentyeight_day_curr_yr":38,"twentyeight_day_prev_yr":34,"twentyeight_day_pct_change":11.8,"ytd_curr_yr":350,"ytd_prev_yr":297,"ytd_pct_change":17.8,"two_year_pct_change":9,"six_year_pct_change":14,"twentytwo_year_pct_change":-49.1},{"crime":"Burglary","wtd_curr_yr":5,"wtd_prev_yr":7,"wtd_pct_change":-28.6,"twentyeight_day_curr_yr":20,"twentyeight_day_prev_yr":26,"twentyeight_day_pct_change":-23.1,"ytd_curr_yr":200,"ytd_prev_yr":238,"ytd_pct_change":-16,"two_year_pct_change":-23.4,"six_year_pct_change":-14.9,"twentytwo_year_pct_change":-78.3},{"crime":"Gr. Larceny","wtd_curr_yr":14,"wtd_prev_yr":11,"wtd_pct_change":27.3,"twentyeight_day_curr_yr":40,"twentyeight_day_prev_yr":44,"twentyeight_day_pct_change":-9.1,"ytd_curr_yr":395,"ytd_prev_yr":375,"ytd_pct_change":5.3,"two_year_pct_change":2.6,"six_year_pct_change":9.7,"twentytwo_year_pct_change":-59.5},{"crime":"G.L.A.","wtd_curr_yr":0,"wtd_prev_yr":3,"wtd_pct_change":-100,"twentyeight_day_curr_yr":6,"twentyeight_day_prev_yr":12,"twentyeight_day_pct_change":-50,"ytd_curr_yr":108,"ytd_prev_yr":137,"ytd_pct_change":-21.2,"two_year_pct_change":-22.3,"six_year_pct_change":-23.4,"twentytwo_year_pct_change":-91.3},{"crime":"TOTAL","wtd_curr_yr":42,"wtd_prev_yr":38,"wtd_pct_change":10.53,"twentyeight_day_curr_yr":149,"twentyeight_day_prev_yr":149,"twentyeight_day_pct_change":0,"ytd_curr_yr":1387,"ytd_prev_yr":1450,"ytd_pct_change":-4.34,"two_year_pct_change":-6.98,"six_year_pct_change":4.13,"twentytwo_year_pct_change":-73.52},{"crime":"Transit","wtd_curr_yr":1,"wtd_prev_yr":1,"wtd_pct_change":0,"twentyeight_day_curr_yr":2,"twentyeight_day_prev_yr":5,"twentyeight_day_pct_change":-60,"ytd_curr_yr":20,"ytd_prev_yr":32,"ytd_pct_change":-37.5,"two_year_pct_change":-20,"six_year_pct_change":150,"twentytwo_year_pct_change":null},{"crime":"Housing","wtd_curr_yr":0,"wtd_prev_yr":0,"wtd_pct_change":null,"twentyeight_day_curr_yr":1,"twentyeight_day_prev_yr":2,"twentyeight_day_pct_change":-50,"ytd_curr_yr":24,"ytd_prev_yr":30,"ytd_pct_change":-20,"two_year_pct_change":-35.1,"six_year_pct_change":9.1,"twentytwo_year_pct_change":null},{"crime":"Petit Larceny","wtd_curr_yr":24,"wtd_prev_yr":24,"wtd_pct_change":0,"twentyeight_day_curr_yr":100,"twentyeight_day_prev_yr":100,"twentyeight_day_pct_change":0,"ytd_curr_yr":971,"ytd_prev_yr":901,"ytd_pct_change":7.8,"two_year_pct_change":18.3,"six_year_pct_change":17.8,"twentytwo_year_pct_change":null},{"crime":"Misd. Assault","wtd_curr_yr":16,"wtd_prev_yr":18,"wtd_pct_change":-11.1,"twentyeight_day_curr_yr":55,"twentyeight_day_prev_yr":72,"twentyeight_day_pct_change":-23.6,"ytd_curr_yr":710,"ytd_prev_yr":771,"ytd_pct_change":-7.9,"two_year_pct_change":5.7,"six_year_pct_change":22,"twentytwo_year_pct_change":null},{"crime":"Misd. Sex Crimes","wtd_curr_yr":0,"wtd_prev_yr":0,"wtd_pct_change":null,"twentyeight_day_curr_yr":3,"twentyeight_day_prev_yr":3,"twentyeight_day_pct_change":0,"ytd_curr_yr":28,"ytd_prev_yr":24,"ytd_pct_change":16.7,"two_year_pct_change":-24.3,"six_year_pct_change":-3.4,"twentytwo_year_pct_change":null},{"crime":"Shooting Vic.","wtd_curr_yr":0,"wtd_prev_yr":1,"wtd_pct_change":-100,"twentyeight_day_curr_yr":3,"twentyeight_day_prev_yr":4,"twentyeight_day_pct_change":-25,"ytd_curr_yr":20,"ytd_prev_yr":29,"ytd_pct_change":-31,"two_year_pct_change":-50,"six_year_pct_change":-45.9,"twentytwo_year_pct_change":-83.5},{"crime":"Shooting Inc.","wtd_curr_yr":0,"wtd_prev_yr":1,"wtd_pct_change":-100,"twentyeight_day_curr_yr":3,"twentyeight_day_prev_yr":3,"twentyeight_day_pct_change":0,"ytd_curr_yr":16,"ytd_prev_yr":26,"ytd_pct_change":-38.5,"two_year_pct_change":-55.6,"six_year_pct_change":-46.7,"twentytwo_year_pct_change":-85.6}],"historical":[{"yr_1990":38,"yr_1993":28,"yr_1998":16,"yr_2001":10,"yr_2013":8,"pct_change_13vs01":-20,"pct_change_13vs98":-50,"pct_change_13vs93":-71.4,"pct_change_13vs90":-78.9,"crime":"Murder"},{"yr_1990":60,"yr_1993":74,"yr_1998":45,"yr_2001":27,"yr_2013":37,"pct_change_13vs01":37,"pct_change_13vs98":-17.8,"pct_change_13vs93":-50,"pct_change_13vs90":-38.3,"crime":"Rape"},{"yr_1990":1846,"yr_1993":1742,"yr_1998":751,"yr_2001":530,"yr_2013":438,"pct_change_13vs01":-17.4,"pct_change_13vs98":-41.7,"pct_change_13vs93":-74.9,"pct_change_13vs90":-76.3,"crime":"Robbery"},{"yr_1990":958,"yr_1993":853,"yr_1998":611,"yr_2001":406,"yr_2013":369,"pct_change_13vs01":-9.1,"pct_change_13vs98":-39.6,"pct_change_13vs93":-56.7,"pct_change_13vs90":-61.5,"crime":"Fel. Assault"},{"yr_1990":1592,"yr_1993":1166,"yr_1998":598,"yr_2001":449,"yr_2013":300,"pct_change_13vs01":-33.2,"pct_change_13vs98":-49.8,"pct_change_13vs93":-74.3,"pct_change_13vs90":-81.2,"crime":"Burglary"},{"yr_1990":1277,"yr_1993":1214,"yr_1998":578,"yr_2001":587,"yr_2013":487,"pct_change_13vs01":-17,"pct_change_13vs98":-15.7,"pct_change_13vs93":-59.9,"pct_change_13vs90":-61.9,"crime":"Gr. Larceny"},{"yr_1990":1889,"yr_1993":1591,"yr_1998":602,"yr_2001":472,"yr_2013":172,"pct_change_13vs01":-63.6,"pct_change_13vs98":-71.4,"pct_change_13vs93":-89.2,"pct_change_13vs90":-90.9,"crime":"G.L.A."},{"yr_1990":7660,"yr_1993":6668,"yr_1998":3201,"yr_2001":2481,"yr_2013":1811,"pct_change_13vs01":-27.01,"pct_change_13vs98":-43.42,"pct_change_13vs93":-72.84,"pct_change_13vs90":-76.36,"crime":"TOTAL"}]}