{"mayor":"Bill de Blasio","commissioner":"William J. Bratton","volume":21,"number":7,"precinct":"100th","startDate":"2014-02-10T05:00:00.000Z","endDate":"2014-02-16T05:00:00.000Z","crimes":[{"crime":"Murder","wtd_curr_yr":0,"wtd_prev_yr":0,"wtd_pct_change":null,"twentyeight_day_curr_yr":1,"twentyeight_day_prev_yr":0,"twentyeight_day_pct_change":null,"ytd_curr_yr":1,"ytd_prev_yr":0,"ytd_pct_change":null,"two_year_pct_change":null,"six_year_pct_change":null,"twentytwo_year_pct_change":0},{"crime":"Rape","wtd_curr_yr":1,"wtd_prev_yr":0,"wtd_pct_change":null,"twentyeight_day_curr_yr":1,"twentyeight_day_prev_yr":0,"twentyeight_day_pct_change":null,"ytd_curr_yr":1,"ytd_prev_yr":0,"ytd_pct_change":null,"two_year_pct_change":0,"six_year_pct_change":null,"twentytwo_year_pct_change":-66.7},{"crime":"Robbery","wtd_curr_yr":2,"wtd_prev_yr":0,"wtd_pct_change":null,"twentyeight_day_curr_yr":3,"twentyeight_day_prev_yr":3,"twentyeight_day_pct_change":0,"ytd_curr_yr":11,"ytd_prev_yr":5,"ytd_pct_change":120,"two_year_pct_change":120,"six_year_pct_change":83.3,"twentytwo_year_pct_change":-66.7},{"crime":"Fel. Assault","wtd_curr_yr":4,"wtd_prev_yr":2,"wtd_pct_change":100,"twentyeight_day_curr_yr":9,"twentyeight_day_prev_yr":9,"twentyeight_day_pct_change":0,"ytd_curr_yr":13,"ytd_prev_yr":14,"ytd_pct_change":-7.1,"two_year_pct_change":-7.1,"six_year_pct_change":85.7,"twentytwo_year_pct_change":-31.6},{"crime":"Burglary","wtd_curr_yr":1,"wtd_prev_yr":5,"wtd_pct_change":-80,"twentyeight_day_curr_yr":4,"twentyeight_day_prev_yr":21,"twentyeight_day_pct_change":-81,"ytd_curr_yr":13,"ytd_prev_yr":36,"ytd_pct_change":-63.9,"two_year_pct_change":30,"six_year_pct_change":116.7,"twentytwo_year_pct_change":-79.7},{"crime":"Gr. Larceny","wtd_curr_yr":3,"wtd_prev_yr":7,"wtd_pct_change":-57.1,"twentyeight_day_curr_yr":10,"twentyeight_day_prev_yr":12,"twentyeight_day_pct_change":-16.7,"ytd_curr_yr":15,"ytd_prev_yr":19,"ytd_pct_change":-21.1,"two_year_pct_change":-28.6,"six_year_pct_change":114.3,"twentytwo_year_pct_change":-11.8},{"crime":"G.L.A.","wtd_curr_yr":0,"wtd_prev_yr":0,"wtd_pct_change":null,"twentyeight_day_curr_yr":2,"twentyeight_day_prev_yr":1,"twentyeight_day_pct_change":100,"ytd_curr_yr":4,"ytd_prev_yr":1,"ytd_pct_change":300,"two_year_pct_change":-55.6,"six_year_pct_change":-50,"twentytwo_year_pct_change":-85.2},{"crime":"TOTAL","wtd_curr_yr":11,"wtd_prev_yr":14,"wtd_pct_change":-21.43,"twentyeight_day_curr_yr":30,"twentyeight_day_prev_yr":46,"twentyeight_day_pct_change":-34.78,"ytd_curr_yr":58,"ytd_prev_yr":75,"ytd_pct_change":-22.67,"two_year_pct_change":-3.33,"six_year_pct_change":70.59,"twentytwo_year_pct_change":-64.63},{"crime":"Petit Larceny","wtd_curr_yr":4,"wtd_prev_yr":3,"wtd_pct_change":33.3,"twentyeight_day_curr_yr":21,"twentyeight_day_prev_yr":17,"twentyeight_day_pct_change":23.5,"ytd_curr_yr":31,"ytd_prev_yr":33,"ytd_pct_change":-6.1,"two_year_pct_change":40.9,"six_year_pct_change":null,"twentytwo_year_pct_change":null},{"crime":"Misd. Assault","wtd_curr_yr":3,"wtd_prev_yr":1,"wtd_pct_change":200,"twentyeight_day_curr_yr":17,"twentyeight_day_prev_yr":12,"twentyeight_day_pct_change":41.7,"ytd_curr_yr":29,"ytd_prev_yr":21,"ytd_pct_change":38.1,"two_year_pct_change":20.8,"six_year_pct_change":null,"twentytwo_year_pct_change":null},{"crime":"Misd. Sex Crimes","wtd_curr_yr":0,"wtd_prev_yr":0,"wtd_pct_change":null,"twentyeight_day_curr_yr":0,"twentyeight_day_prev_yr":0,"twentyeight_day_pct_change":null,"ytd_curr_yr":1,"ytd_prev_yr":0,"ytd_pct_change":null,"two_year_pct_change":null,"six_year_pct_change":null,"twentytwo_year_pct_change":null},{"crime":"Shooting Vic.","wtd_curr_yr":0,"wtd_prev_yr":0,"wtd_pct_change":null,"twentyeight_day_curr_yr":0,"twentyeight_day_prev_yr":0,"twentyeight_day_pct_change":null,"ytd_curr_yr":0,"ytd_prev_yr":0,"ytd_pct_change":null,"two_year_pct_change":-100,"six_year_pct_change":null,"twentytwo_year_pct_change":-100},{"crime":"Shooting Inc.","wtd_curr_yr":0,"wtd_prev_yr":0,"wtd_pct_change":null,"twentyeight_day_curr_yr":0,"twentyeight_day_prev_yr":0,"twentyeight_day_pct_change":null,"ytd_curr_yr":0,"ytd_prev_yr":0,"ytd_pct_change":null,"two_year_pct_change":-100,"six_year_pct_change":null,"twentytwo_year_pct_change":-100}],"historical":[{"yr_1990":7,"yr_1993":5,"yr_1998":0,"yr_2001":1,"yr_2013":3,"pct_change_13vs01":200,"pct_change_13vs98":null,"pct_change_13vs93":-40,"pct_change_13vs90":-57.1,"crime":"Murder"},{"yr_1990":8,"yr_1993":13,"yr_1998":11,"yr_2001":10,"yr_2013":3,"pct_change_13vs01":-70,"pct_change_13vs98":-72.7,"pct_change_13vs93":-76.9,"pct_change_13vs90":-62.5,"crime":"Rape"},{"yr_1990":279,"yr_1993":278,"yr_1998":133,"yr_2001":63,"yr_2013":61,"pct_change_13vs01":-3.2,"pct_change_13vs98":-54.1,"pct_change_13vs93":-78.1,"pct_change_13vs90":-78.1,"crime":"Robbery"},{"yr_1990":242,"yr_1993":212,"yr_1998":142,"yr_2001":93,"yr_2013":147,"pct_change_13vs01":58.1,"pct_change_13vs98":3.5,"pct_change_13vs93":-30.7,"pct_change_13vs90":-39.3,"crime":"Fel. Assault"},{"yr_1990":426,"yr_1993":432,"yr_1998":177,"yr_2001":115,"yr_2013":151,"pct_change_13vs01":31.3,"pct_change_13vs98":-14.7,"pct_change_13vs93":-65,"pct_change_13vs90":-64.6,"crime":"Burglary"},{"yr_1990":202,"yr_1993":194,"yr_1998":115,"yr_2001":94,"yr_2013":173,"pct_change_13vs01":84,"pct_change_13vs98":50.4,"pct_change_13vs93":-10.8,"pct_change_13vs90":-14.4,"crime":"Gr. Larceny"},{"yr_1990":417,"yr_1993":310,"yr_1998":88,"yr_2001":71,"yr_2013":20,"pct_change_13vs01":-71.8,"pct_change_13vs98":-77.3,"pct_change_13vs93":-93.5,"pct_change_13vs90":-95.2,"crime":"G.L.A."},{"yr_1990":1581,"yr_1993":1444,"yr_1998":666,"yr_2001":447,"yr_2013":558,"pct_change_13vs01":24.83,"pct_change_13vs98":-16.22,"pct_change_13vs93":-61.36,"pct_change_13vs90":-64.71,"crime":"TOTAL"}]}