{"mayor":"Bill de Blasio","commissioner":"William J. Bratton","volume":21,"number":24,"precinct":"107th","startDate":"2014-06-09T04:00:00.000Z","endDate":"2014-06-15T04:00:00.000Z","crimes":[{"crime":"Murder","wtd_curr_yr":0,"wtd_prev_yr":0,"wtd_pct_change":null,"twentyeight_day_curr_yr":0,"twentyeight_day_prev_yr":0,"twentyeight_day_pct_change":null,"ytd_curr_yr":0,"ytd_prev_yr":1,"ytd_pct_change":-100,"two_year_pct_change":null,"six_year_pct_change":-100,"twentytwo_year_pct_change":-100},{"crime":"Rape","wtd_curr_yr":2,"wtd_prev_yr":0,"wtd_pct_change":null,"twentyeight_day_curr_yr":5,"twentyeight_day_prev_yr":1,"twentyeight_day_pct_change":400,"ytd_curr_yr":11,"ytd_prev_yr":6,"ytd_pct_change":83.3,"two_year_pct_change":175,"six_year_pct_change":266.7,"twentytwo_year_pct_change":-35.3},{"crime":"Robbery","wtd_curr_yr":3,"wtd_prev_yr":5,"wtd_pct_change":-40,"twentyeight_day_curr_yr":16,"twentyeight_day_prev_yr":12,"twentyeight_day_pct_change":33.3,"ytd_curr_yr":88,"ytd_prev_yr":104,"ytd_pct_change":-15.4,"two_year_pct_change":-18.5,"six_year_pct_change":-23.5,"twentytwo_year_pct_change":-78.7},{"crime":"Fel. Assault","wtd_curr_yr":2,"wtd_prev_yr":5,"wtd_pct_change":-60,"twentyeight_day_curr_yr":10,"twentyeight_day_prev_yr":11,"twentyeight_day_pct_change":-9.1,"ytd_curr_yr":40,"ytd_prev_yr":56,"ytd_pct_change":-28.6,"two_year_pct_change":-36.5,"six_year_pct_change":5.3,"twentytwo_year_pct_change":-60.4},{"crime":"Burglary","wtd_curr_yr":3,"wtd_prev_yr":3,"wtd_pct_change":0,"twentyeight_day_curr_yr":17,"twentyeight_day_prev_yr":18,"twentyeight_day_pct_change":-5.6,"ytd_curr_yr":72,"ytd_prev_yr":114,"ytd_pct_change":-36.8,"two_year_pct_change":-37.9,"six_year_pct_change":-44.2,"twentytwo_year_pct_change":-89.8},{"crime":"Gr. Larceny","wtd_curr_yr":13,"wtd_prev_yr":17,"wtd_pct_change":-23.5,"twentyeight_day_curr_yr":33,"twentyeight_day_prev_yr":51,"twentyeight_day_pct_change":-35.3,"ytd_curr_yr":181,"ytd_prev_yr":196,"ytd_pct_change":-7.7,"two_year_pct_change":-18.1,"six_year_pct_change":-14.2,"twentytwo_year_pct_change":-34.2},{"crime":"G.L.A.","wtd_curr_yr":4,"wtd_prev_yr":5,"wtd_pct_change":-20,"twentyeight_day_curr_yr":9,"twentyeight_day_prev_yr":14,"twentyeight_day_pct_change":-35.7,"ytd_curr_yr":52,"ytd_prev_yr":62,"ytd_pct_change":-16.1,"two_year_pct_change":-18.8,"six_year_pct_change":-45.3,"twentytwo_year_pct_change":-97.7},{"crime":"TOTAL","wtd_curr_yr":27,"wtd_prev_yr":35,"wtd_pct_change":-22.86,"twentyeight_day_curr_yr":90,"twentyeight_day_prev_yr":107,"twentyeight_day_pct_change":-15.89,"ytd_curr_yr":444,"ytd_prev_yr":539,"ytd_pct_change":-17.63,"two_year_pct_change":-22.92,"six_year_pct_change":-25,"twentytwo_year_pct_change":-88.17},{"crime":"Transit","wtd_curr_yr":0,"wtd_prev_yr":3,"wtd_pct_change":-100,"twentyeight_day_curr_yr":1,"twentyeight_day_prev_yr":6,"twentyeight_day_pct_change":-83.3,"ytd_curr_yr":9,"ytd_prev_yr":14,"ytd_pct_change":-35.7,"two_year_pct_change":-10,"six_year_pct_change":-10,"twentytwo_year_pct_change":null},{"crime":"Housing","wtd_curr_yr":0,"wtd_prev_yr":2,"wtd_pct_change":-100,"twentyeight_day_curr_yr":4,"twentyeight_day_prev_yr":4,"twentyeight_day_pct_change":0,"ytd_curr_yr":24,"ytd_prev_yr":22,"ytd_pct_change":9.1,"two_year_pct_change":0,"six_year_pct_change":166.7,"twentytwo_year_pct_change":null},{"crime":"Petit Larceny","wtd_curr_yr":19,"wtd_prev_yr":15,"wtd_pct_change":26.7,"twentyeight_day_curr_yr":52,"twentyeight_day_prev_yr":78,"twentyeight_day_pct_change":-33.3,"ytd_curr_yr":323,"ytd_prev_yr":354,"ytd_pct_change":-8.8,"two_year_pct_change":-10.8,"six_year_pct_change":-19.7,"twentytwo_year_pct_change":null},{"crime":"Misd. Assault","wtd_curr_yr":9,"wtd_prev_yr":7,"wtd_pct_change":28.6,"twentyeight_day_curr_yr":39,"twentyeight_day_prev_yr":29,"twentyeight_day_pct_change":34.5,"ytd_curr_yr":163,"ytd_prev_yr":161,"ytd_pct_change":1.2,"two_year_pct_change":2.5,"six_year_pct_change":-23.1,"twentytwo_year_pct_change":null},{"crime":"Misd. Sex Crimes","wtd_curr_yr":2,"wtd_prev_yr":1,"wtd_pct_change":100,"twentyeight_day_curr_yr":4,"twentyeight_day_prev_yr":1,"twentyeight_day_pct_change":300,"ytd_curr_yr":13,"ytd_prev_yr":15,"ytd_pct_change":-13.3,"two_year_pct_change":8.3,"six_year_pct_change":8.3,"twentytwo_year_pct_change":null},{"crime":"Shooting Vic.","wtd_curr_yr":0,"wtd_prev_yr":1,"wtd_pct_change":-100,"twentyeight_day_curr_yr":1,"twentyeight_day_prev_yr":1,"twentyeight_day_pct_change":0,"ytd_curr_yr":3,"ytd_prev_yr":2,"ytd_pct_change":50,"two_year_pct_change":200,"six_year_pct_change":50,"twentytwo_year_pct_change":-70},{"crime":"Shooting Inc.","wtd_curr_yr":0,"wtd_prev_yr":1,"wtd_pct_change":-100,"twentyeight_day_curr_yr":1,"twentyeight_day_prev_yr":1,"twentyeight_day_pct_change":0,"ytd_curr_yr":3,"ytd_prev_yr":2,"ytd_pct_change":50,"two_year_pct_change":200,"six_year_pct_change":50,"twentytwo_year_pct_change":-70}],"historical":[{"yr_1990":14,"yr_1993":8,"yr_1998":5,"yr_2001":4,"yr_2013":1,"pct_change_13vs01":-75,"pct_change_13vs98":-80,"pct_change_13vs93":-87.5,"pct_change_13vs90":-92.9,"crime":"Murder"},{"yr_1990":24,"yr_1993":32,"yr_1998":30,"yr_2001":15,"yr_2013":7,"pct_change_13vs01":-53.3,"pct_change_13vs98":-76.7,"pct_change_13vs93":-78.1,"pct_change_13vs90":-70.8,"crime":"Rape"},{"yr_1990":1039,"yr_1993":514,"yr_1998":375,"yr_2001":242,"yr_2013":-35.5,"pct_change_13vs01":-52.9,"pct_change_13vs98":-76.7,"pct_change_13vs93":-72.9,"pct_change_13vs90":null,"crime":"Robbery 893"},{"yr_1990":260,"yr_1993":239,"yr_1998":226,"yr_2001":153,"yr_2013":138,"pct_change_13vs01":-9.8,"pct_change_13vs98":-38.9,"pct_change_13vs93":-42.3,"pct_change_13vs90":-46.9,"crime":"Fel. Assault"},{"yr_1990":2152,"yr_1993":1425,"yr_1998":862,"yr_2001":632,"yr_2013":244,"pct_change_13vs01":-61.4,"pct_change_13vs98":-71.7,"pct_change_13vs93":-82.9,"pct_change_13vs90":-88.7,"crime":"Burglary"},{"yr_1990":805,"yr_1993":616,"yr_1998":614,"yr_2001":572,"yr_2013":517,"pct_change_13vs01":-9.6,"pct_change_13vs98":-15.8,"pct_change_13vs93":-16.1,"pct_change_13vs90":-35.8,"crime":"Gr. Larceny"},{"yr_1990":5535,"yr_1993":4902,"yr_1998":1560,"yr_2001":802,"yr_2013":149,"pct_change_13vs01":-81.4,"pct_change_13vs98":-90.4,"pct_change_13vs93":-97,"pct_change_13vs90":-97.3,"crime":"G.L.A."},{"yr_1990":9683,"yr_1993":8261,"yr_1998":3811,"yr_2001":2553,"yr_2013":1298,"pct_change_13vs01":-49.16,"pct_change_13vs98":-65.94,"pct_change_13vs93":-84.29,"pct_change_13vs90":-86.6,"crime":"TOTAL"}]}