{"mayor":"Bill de Blasio","commissioner":"William J. Bratton","volume":21,"number":26,"precinct":"103rd","startDate":"2014-06-23T04:00:00.000Z","endDate":"2014-06-29T04:00:00.000Z","crimes":[{"crime":"Murder","wtd_curr_yr":0,"wtd_prev_yr":0,"wtd_pct_change":null,"twentyeight_day_curr_yr":1,"twentyeight_day_prev_yr":2,"twentyeight_day_pct_change":-50,"ytd_curr_yr":7,"ytd_prev_yr":4,"ytd_pct_change":75,"two_year_pct_change":-22.2,"six_year_pct_change":0,"twentytwo_year_pct_change":-46.2},{"crime":"Rape","wtd_curr_yr":0,"wtd_prev_yr":1,"wtd_pct_change":-100,"twentyeight_day_curr_yr":0,"twentyeight_day_prev_yr":2,"twentyeight_day_pct_change":-100,"ytd_curr_yr":8,"ytd_prev_yr":19,"ytd_pct_change":-57.9,"two_year_pct_change":-46.7,"six_year_pct_change":-46.7,"twentytwo_year_pct_change":-77.8},{"crime":"Robbery","wtd_curr_yr":8,"wtd_prev_yr":5,"wtd_pct_change":60,"twentyeight_day_curr_yr":28,"twentyeight_day_prev_yr":23,"twentyeight_day_pct_change":21.7,"ytd_curr_yr":152,"ytd_prev_yr":217,"ytd_pct_change":-30,"two_year_pct_change":-22.4,"six_year_pct_change":-34.2,"twentytwo_year_pct_change":-81},{"crime":"Fel. Assault","wtd_curr_yr":5,"wtd_prev_yr":11,"wtd_pct_change":-54.5,"twentyeight_day_curr_yr":30,"twentyeight_day_prev_yr":29,"twentyeight_day_pct_change":3.4,"ytd_curr_yr":188,"ytd_prev_yr":184,"ytd_pct_change":2.2,"two_year_pct_change":3.3,"six_year_pct_change":-4.1,"twentytwo_year_pct_change":-55.3},{"crime":"Burglary","wtd_curr_yr":3,"wtd_prev_yr":7,"wtd_pct_change":-57.1,"twentyeight_day_curr_yr":15,"twentyeight_day_prev_yr":17,"twentyeight_day_pct_change":-11.8,"ytd_curr_yr":104,"ytd_prev_yr":143,"ytd_pct_change":-27.3,"two_year_pct_change":-35.8,"six_year_pct_change":-53.6,"twentytwo_year_pct_change":-81.6},{"crime":"Gr. Larceny","wtd_curr_yr":13,"wtd_prev_yr":14,"wtd_pct_change":-7.1,"twentyeight_day_curr_yr":42,"twentyeight_day_prev_yr":56,"twentyeight_day_pct_change":-25,"ytd_curr_yr":225,"ytd_prev_yr":215,"ytd_pct_change":4.7,"two_year_pct_change":-7.8,"six_year_pct_change":-27.9,"twentytwo_year_pct_change":-60.9},{"crime":"G.L.A.","wtd_curr_yr":2,"wtd_prev_yr":1,"wtd_pct_change":100,"twentyeight_day_curr_yr":12,"twentyeight_day_prev_yr":15,"twentyeight_day_pct_change":-20,"ytd_curr_yr":73,"ytd_prev_yr":82,"ytd_pct_change":-11,"two_year_pct_change":-15.1,"six_year_pct_change":-66.5,"twentytwo_year_pct_change":-89.8},{"crime":"TOTAL","wtd_curr_yr":31,"wtd_prev_yr":39,"wtd_pct_change":-20.51,"twentyeight_day_curr_yr":128,"twentyeight_day_prev_yr":144,"twentyeight_day_pct_change":-11.11,"ytd_curr_yr":757,"ytd_prev_yr":864,"ytd_pct_change":-12.38,"two_year_pct_change":-15.32,"six_year_pct_change":-37.07,"twentytwo_year_pct_change":-75.79},{"crime":"Transit","wtd_curr_yr":0,"wtd_prev_yr":0,"wtd_pct_change":null,"twentyeight_day_curr_yr":1,"twentyeight_day_prev_yr":0,"twentyeight_day_pct_change":null,"ytd_curr_yr":12,"ytd_prev_yr":18,"ytd_pct_change":-33.3,"two_year_pct_change":-7.7,"six_year_pct_change":-7.7,"twentytwo_year_pct_change":null},{"crime":"Housing","wtd_curr_yr":0,"wtd_prev_yr":1,"wtd_pct_change":-100,"twentyeight_day_curr_yr":0,"twentyeight_day_prev_yr":3,"twentyeight_day_pct_change":-100,"ytd_curr_yr":12,"ytd_prev_yr":18,"ytd_pct_change":-33.3,"two_year_pct_change":-47.8,"six_year_pct_change":9.1,"twentytwo_year_pct_change":null},{"crime":"Petit Larceny","wtd_curr_yr":25,"wtd_prev_yr":23,"wtd_pct_change":8.7,"twentyeight_day_curr_yr":96,"twentyeight_day_prev_yr":80,"twentyeight_day_pct_change":20,"ytd_curr_yr":572,"ytd_prev_yr":504,"ytd_pct_change":13.5,"two_year_pct_change":13.9,"six_year_pct_change":null,"twentytwo_year_pct_change":null},{"crime":"Misd. Assault","wtd_curr_yr":14,"wtd_prev_yr":23,"wtd_pct_change":-39.1,"twentyeight_day_curr_yr":64,"twentyeight_day_prev_yr":64,"twentyeight_day_pct_change":0,"ytd_curr_yr":458,"ytd_prev_yr":474,"ytd_pct_change":-3.4,"two_year_pct_change":15.1,"six_year_pct_change":null,"twentytwo_year_pct_change":null},{"crime":"Misd. Sex Crimes","wtd_curr_yr":1,"wtd_prev_yr":1,"wtd_pct_change":0,"twentyeight_day_curr_yr":5,"twentyeight_day_prev_yr":1,"twentyeight_day_pct_change":400,"ytd_curr_yr":18,"ytd_prev_yr":16,"ytd_pct_change":12.5,"two_year_pct_change":-14.3,"six_year_pct_change":null,"twentytwo_year_pct_change":null},{"crime":"Shooting Vic.","wtd_curr_yr":0,"wtd_prev_yr":1,"wtd_pct_change":-100,"twentyeight_day_curr_yr":3,"twentyeight_day_prev_yr":5,"twentyeight_day_pct_change":-40,"ytd_curr_yr":13,"ytd_prev_yr":13,"ytd_pct_change":0,"two_year_pct_change":-51.9,"six_year_pct_change":-23.5,"twentytwo_year_pct_change":-82.2},{"crime":"Shooting Inc.","wtd_curr_yr":0,"wtd_prev_yr":1,"wtd_pct_change":-100,"twentyeight_day_curr_yr":2,"twentyeight_day_prev_yr":5,"twentyeight_day_pct_change":-60,"ytd_curr_yr":9,"ytd_prev_yr":12,"ytd_pct_change":-25,"two_year_pct_change":-62.5,"six_year_pct_change":-43.8,"twentytwo_year_pct_change":-87}],"historical":[{"yr_1990":38,"yr_1993":28,"yr_1998":16,"yr_2001":10,"yr_2013":8,"pct_change_13vs01":-20,"pct_change_13vs98":-50,"pct_change_13vs93":-71.4,"pct_change_13vs90":-78.9,"crime":"Murder"},{"yr_1990":60,"yr_1993":74,"yr_1998":45,"yr_2001":27,"yr_2013":37,"pct_change_13vs01":37,"pct_change_13vs98":-17.8,"pct_change_13vs93":-50,"pct_change_13vs90":-38.3,"crime":"Rape"},{"yr_1990":1846,"yr_1993":1742,"yr_1998":751,"yr_2001":530,"yr_2013":438,"pct_change_13vs01":-17.4,"pct_change_13vs98":-41.7,"pct_change_13vs93":-74.9,"pct_change_13vs90":-76.3,"crime":"Robbery"},{"yr_1990":958,"yr_1993":853,"yr_1998":611,"yr_2001":406,"yr_2013":369,"pct_change_13vs01":-9.1,"pct_change_13vs98":-39.6,"pct_change_13vs93":-56.7,"pct_change_13vs90":-61.5,"crime":"Fel. Assault"},{"yr_1990":1592,"yr_1993":1166,"yr_1998":598,"yr_2001":449,"yr_2013":300,"pct_change_13vs01":-33.2,"pct_change_13vs98":-49.8,"pct_change_13vs93":-74.3,"pct_change_13vs90":-81.2,"crime":"Burglary"},{"yr_1990":1277,"yr_1993":1214,"yr_1998":578,"yr_2001":587,"yr_2013":487,"pct_change_13vs01":-17,"pct_change_13vs98":-15.7,"pct_change_13vs93":-59.9,"pct_change_13vs90":-61.9,"crime":"Gr. Larceny"},{"yr_1990":1889,"yr_1993":1591,"yr_1998":602,"yr_2001":472,"yr_2013":172,"pct_change_13vs01":-63.6,"pct_change_13vs98":-71.4,"pct_change_13vs93":-89.2,"pct_change_13vs90":-90.9,"crime":"G.L.A."},{"yr_1990":7660,"yr_1993":6668,"yr_1998":3201,"yr_2001":2481,"yr_2013":1811,"pct_change_13vs01":-27.01,"pct_change_13vs98":-43.42,"pct_change_13vs93":-72.84,"pct_change_13vs90":-76.36,"crime":"TOTAL"}]}