{"mayor":"Bill de Blasio","commissioner":"William J. Bratton","volume":21,"number":9,"precinct":"103rd","startDate":"2014-02-24T05:00:00.000Z","endDate":"2014-03-02T05:00:00.000Z","crimes":[{"crime":"Murder","wtd_curr_yr":0,"wtd_prev_yr":0,"wtd_pct_change":null,"twentyeight_day_curr_yr":0,"twentyeight_day_prev_yr":0,"twentyeight_day_pct_change":null,"ytd_curr_yr":3,"ytd_prev_yr":1,"ytd_pct_change":200,"two_year_pct_change":50,"six_year_pct_change":50,"twentytwo_year_pct_change":0},{"crime":"Rape","wtd_curr_yr":0,"wtd_prev_yr":2,"wtd_pct_change":-100,"twentyeight_day_curr_yr":1,"twentyeight_day_prev_yr":5,"twentyeight_day_pct_change":-80,"ytd_curr_yr":2,"ytd_prev_yr":6,"ytd_pct_change":-66.7,"two_year_pct_change":-71.4,"six_year_pct_change":-66.7,"twentytwo_year_pct_change":-80},{"crime":"Robbery","wtd_curr_yr":4,"wtd_prev_yr":9,"wtd_pct_change":-55.6,"twentyeight_day_curr_yr":18,"twentyeight_day_prev_yr":42,"twentyeight_day_pct_change":-57.1,"ytd_curr_yr":50,"ytd_prev_yr":95,"ytd_pct_change":-47.4,"two_year_pct_change":-12.3,"six_year_pct_change":-34.2,"twentytwo_year_pct_change":-81.3},{"crime":"Fel. Assault","wtd_curr_yr":6,"wtd_prev_yr":5,"wtd_pct_change":20,"twentyeight_day_curr_yr":18,"twentyeight_day_prev_yr":32,"twentyeight_day_pct_change":-43.8,"ytd_curr_yr":46,"ytd_prev_yr":54,"ytd_pct_change":-14.8,"two_year_pct_change":-16.4,"six_year_pct_change":-24.6,"twentytwo_year_pct_change":-66.2},{"crime":"Burglary","wtd_curr_yr":4,"wtd_prev_yr":7,"wtd_pct_change":-42.9,"twentyeight_day_curr_yr":11,"twentyeight_day_prev_yr":25,"twentyeight_day_pct_change":-56,"ytd_curr_yr":30,"ytd_prev_yr":45,"ytd_pct_change":-33.3,"two_year_pct_change":-31.8,"six_year_pct_change":-64.7,"twentytwo_year_pct_change":-85.1},{"crime":"Gr. Larceny","wtd_curr_yr":7,"wtd_prev_yr":2,"wtd_pct_change":250,"twentyeight_day_curr_yr":33,"twentyeight_day_prev_yr":12,"twentyeight_day_pct_change":175,"ytd_curr_yr":65,"ytd_prev_yr":51,"ytd_pct_change":27.5,"two_year_pct_change":-29.3,"six_year_pct_change":-40.4,"twentytwo_year_pct_change":-65.2},{"crime":"G.L.A.","wtd_curr_yr":1,"wtd_prev_yr":2,"wtd_pct_change":-50,"twentyeight_day_curr_yr":9,"twentyeight_day_prev_yr":24,"twentyeight_day_pct_change":-62.5,"ytd_curr_yr":18,"ytd_prev_yr":41,"ytd_pct_change":-56.1,"two_year_pct_change":-30.8,"six_year_pct_change":-76.3,"twentytwo_year_pct_change":-91.9},{"crime":"TOTAL","wtd_curr_yr":22,"wtd_prev_yr":27,"wtd_pct_change":-18.52,"twentyeight_day_curr_yr":90,"twentyeight_day_prev_yr":140,"twentyeight_day_pct_change":-35.71,"ytd_curr_yr":214,"ytd_prev_yr":293,"ytd_pct_change":-26.96,"two_year_pct_change":-24.38,"six_year_pct_change":-48.43,"twentytwo_year_pct_change":-79.14},{"crime":"Transit","wtd_curr_yr":0,"wtd_prev_yr":1,"wtd_pct_change":-100,"twentyeight_day_curr_yr":3,"twentyeight_day_prev_yr":6,"twentyeight_day_pct_change":-50,"ytd_curr_yr":4,"ytd_prev_yr":10,"ytd_pct_change":-60,"two_year_pct_change":0,"six_year_pct_change":33.3,"twentytwo_year_pct_change":null},{"crime":"Housing","wtd_curr_yr":1,"wtd_prev_yr":1,"wtd_pct_change":0,"twentyeight_day_curr_yr":3,"twentyeight_day_prev_yr":3,"twentyeight_day_pct_change":0,"ytd_curr_yr":3,"ytd_prev_yr":7,"ytd_pct_change":-57.1,"two_year_pct_change":-70,"six_year_pct_change":-25,"twentytwo_year_pct_change":null},{"crime":"Petit Larceny","wtd_curr_yr":21,"wtd_prev_yr":25,"wtd_pct_change":-16,"twentyeight_day_curr_yr":71,"twentyeight_day_prev_yr":72,"twentyeight_day_pct_change":-1.4,"ytd_curr_yr":173,"ytd_prev_yr":141,"ytd_pct_change":22.7,"two_year_pct_change":5.5,"six_year_pct_change":null,"twentytwo_year_pct_change":null},{"crime":"Misd. Assault","wtd_curr_yr":15,"wtd_prev_yr":13,"wtd_pct_change":15.4,"twentyeight_day_curr_yr":60,"twentyeight_day_prev_yr":68,"twentyeight_day_pct_change":-11.8,"ytd_curr_yr":139,"ytd_prev_yr":158,"ytd_pct_change":-12,"two_year_pct_change":17.8,"six_year_pct_change":null,"twentytwo_year_pct_change":null},{"crime":"Misd. Sex Crimes","wtd_curr_yr":0,"wtd_prev_yr":1,"wtd_pct_change":-100,"twentyeight_day_curr_yr":3,"twentyeight_day_prev_yr":1,"twentyeight_day_pct_change":200,"ytd_curr_yr":6,"ytd_prev_yr":3,"ytd_pct_change":100,"two_year_pct_change":0,"six_year_pct_change":null,"twentytwo_year_pct_change":null},{"crime":"Shooting Vic.","wtd_curr_yr":0,"wtd_prev_yr":0,"wtd_pct_change":null,"twentyeight_day_curr_yr":0,"twentyeight_day_prev_yr":0,"twentyeight_day_pct_change":null,"ytd_curr_yr":2,"ytd_prev_yr":4,"ytd_pct_change":-50,"two_year_pct_change":-80,"six_year_pct_change":-33.3,"twentytwo_year_pct_change":-86.7},{"crime":"Shooting Inc.","wtd_curr_yr":0,"wtd_prev_yr":0,"wtd_pct_change":null,"twentyeight_day_curr_yr":0,"twentyeight_day_prev_yr":0,"twentyeight_day_pct_change":null,"ytd_curr_yr":2,"ytd_prev_yr":3,"ytd_pct_change":-33.3,"two_year_pct_change":-75,"six_year_pct_change":-33.3,"twentytwo_year_pct_change":-85.7}],"historical":[{"yr_1990":38,"yr_1993":28,"yr_1998":16,"yr_2001":10,"yr_2013":8,"pct_change_13vs01":-20,"pct_change_13vs98":-50,"pct_change_13vs93":-71.4,"pct_change_13vs90":-78.9,"crime":"Murder"},{"yr_1990":60,"yr_1993":74,"yr_1998":45,"yr_2001":27,"yr_2013":37,"pct_change_13vs01":37,"pct_change_13vs98":-17.8,"pct_change_13vs93":-50,"pct_change_13vs90":-38.3,"crime":"Rape"},{"yr_1990":1846,"yr_1993":1742,"yr_1998":751,"yr_2001":530,"yr_2013":438,"pct_change_13vs01":-17.4,"pct_change_13vs98":-41.7,"pct_change_13vs93":-74.9,"pct_change_13vs90":-76.3,"crime":"Robbery"},{"yr_1990":958,"yr_1993":853,"yr_1998":611,"yr_2001":406,"yr_2013":369,"pct_change_13vs01":-9.1,"pct_change_13vs98":-39.6,"pct_change_13vs93":-56.7,"pct_change_13vs90":-61.5,"crime":"Fel. Assault"},{"yr_1990":1592,"yr_1993":1166,"yr_1998":598,"yr_2001":449,"yr_2013":300,"pct_change_13vs01":-33.2,"pct_change_13vs98":-49.8,"pct_change_13vs93":-74.3,"pct_change_13vs90":-81.2,"crime":"Burglary"},{"yr_1990":1277,"yr_1993":1214,"yr_1998":578,"yr_2001":587,"yr_2013":487,"pct_change_13vs01":-17,"pct_change_13vs98":-15.7,"pct_change_13vs93":-59.9,"pct_change_13vs90":-61.9,"crime":"Gr. Larceny"},{"yr_1990":1889,"yr_1993":1591,"yr_1998":602,"yr_2001":472,"yr_2013":172,"pct_change_13vs01":-63.6,"pct_change_13vs98":-71.4,"pct_change_13vs93":-89.2,"pct_change_13vs90":-90.9,"crime":"G.L.A."},{"yr_1990":7660,"yr_1993":6668,"yr_1998":3201,"yr_2001":2481,"yr_2013":1811,"pct_change_13vs01":-27.01,"pct_change_13vs98":-43.42,"pct_change_13vs93":-72.84,"pct_change_13vs90":-76.36,"crime":"TOTAL"}]}