{"mayor":"Bill de Blasio","commissioner":"William J. Bratton","volume":21,"number":16,"precinct":"102nd","startDate":"2014-04-14T04:00:00.000Z","endDate":"2014-04-20T04:00:00.000Z","crimes":[{"crime":"Murder","wtd_curr_yr":1,"wtd_prev_yr":1,"wtd_pct_change":0,"twentyeight_day_curr_yr":1,"twentyeight_day_prev_yr":1,"twentyeight_day_pct_change":0,"ytd_curr_yr":1,"ytd_prev_yr":5,"ytd_pct_change":-80,"two_year_pct_change":0,"six_year_pct_change":0,"twentytwo_year_pct_change":-75},{"crime":"Rape","wtd_curr_yr":0,"wtd_prev_yr":0,"wtd_pct_change":null,"twentyeight_day_curr_yr":1,"twentyeight_day_prev_yr":3,"twentyeight_day_pct_change":-66.7,"ytd_curr_yr":8,"ytd_prev_yr":8,"ytd_pct_change":0,"two_year_pct_change":0,"six_year_pct_change":60,"twentytwo_year_pct_change":-20},{"crime":"Robbery","wtd_curr_yr":2,"wtd_prev_yr":4,"wtd_pct_change":-50,"twentyeight_day_curr_yr":18,"twentyeight_day_prev_yr":16,"twentyeight_day_pct_change":12.5,"ytd_curr_yr":76,"ytd_prev_yr":74,"ytd_pct_change":2.7,"two_year_pct_change":1.3,"six_year_pct_change":28.8,"twentytwo_year_pct_change":-78.8},{"crime":"Fel. Assault","wtd_curr_yr":6,"wtd_prev_yr":9,"wtd_pct_change":-33.3,"twentyeight_day_curr_yr":17,"twentyeight_day_prev_yr":22,"twentyeight_day_pct_change":-22.7,"ytd_curr_yr":70,"ytd_prev_yr":87,"ytd_pct_change":-19.5,"two_year_pct_change":14.8,"six_year_pct_change":32.1,"twentytwo_year_pct_change":-24.7},{"crime":"Burglary","wtd_curr_yr":3,"wtd_prev_yr":5,"wtd_pct_change":-40,"twentyeight_day_curr_yr":27,"twentyeight_day_prev_yr":25,"twentyeight_day_pct_change":8,"ytd_curr_yr":94,"ytd_prev_yr":85,"ytd_pct_change":10.6,"two_year_pct_change":20.5,"six_year_pct_change":8,"twentytwo_year_pct_change":-76.3},{"crime":"Gr. Larceny","wtd_curr_yr":4,"wtd_prev_yr":9,"wtd_pct_change":-55.6,"twentyeight_day_curr_yr":35,"twentyeight_day_prev_yr":37,"twentyeight_day_pct_change":-5.4,"ytd_curr_yr":174,"ytd_prev_yr":115,"ytd_pct_change":51.3,"two_year_pct_change":62.6,"six_year_pct_change":51.3,"twentytwo_year_pct_change":13.7},{"crime":"G.L.A.","wtd_curr_yr":6,"wtd_prev_yr":3,"wtd_pct_change":100,"twentyeight_day_curr_yr":21,"twentyeight_day_prev_yr":17,"twentyeight_day_pct_change":23.5,"ytd_curr_yr":71,"ytd_prev_yr":55,"ytd_pct_change":29.1,"two_year_pct_change":26.8,"six_year_pct_change":-10.1,"twentytwo_year_pct_change":-93.5},{"crime":"TOTAL","wtd_curr_yr":22,"wtd_prev_yr":31,"wtd_pct_change":-29.03,"twentyeight_day_curr_yr":120,"twentyeight_day_prev_yr":121,"twentyeight_day_pct_change":-0.83,"ytd_curr_yr":494,"ytd_prev_yr":429,"ytd_pct_change":15.15,"two_year_pct_change":27.98,"six_year_pct_change":23.81,"twentytwo_year_pct_change":-76.58},{"crime":"Transit","wtd_curr_yr":0,"wtd_prev_yr":0,"wtd_pct_change":null,"twentyeight_day_curr_yr":1,"twentyeight_day_prev_yr":0,"twentyeight_day_pct_change":null,"ytd_curr_yr":11,"ytd_prev_yr":4,"ytd_pct_change":175,"two_year_pct_change":57.1,"six_year_pct_change":120,"twentytwo_year_pct_change":null},{"crime":"Housing","wtd_curr_yr":0,"wtd_prev_yr":0,"wtd_pct_change":null,"twentyeight_day_curr_yr":0,"twentyeight_day_prev_yr":0,"twentyeight_day_pct_change":null,"ytd_curr_yr":0,"ytd_prev_yr":0,"ytd_pct_change":null,"two_year_pct_change":null,"six_year_pct_change":null,"twentytwo_year_pct_change":null},{"crime":"Petit Larceny","wtd_curr_yr":30,"wtd_prev_yr":18,"wtd_pct_change":66.7,"twentyeight_day_curr_yr":76,"twentyeight_day_prev_yr":63,"twentyeight_day_pct_change":20.6,"ytd_curr_yr":308,"ytd_prev_yr":247,"ytd_pct_change":24.7,"two_year_pct_change":28.3,"six_year_pct_change":13.2,"twentytwo_year_pct_change":null},{"crime":"Misd. Assault","wtd_curr_yr":18,"wtd_prev_yr":16,"wtd_pct_change":12.5,"twentyeight_day_curr_yr":45,"twentyeight_day_prev_yr":43,"twentyeight_day_pct_change":4.7,"ytd_curr_yr":169,"ytd_prev_yr":151,"ytd_pct_change":11.9,"two_year_pct_change":-11.5,"six_year_pct_change":-4,"twentytwo_year_pct_change":null},{"crime":"Misd. Sex Crimes","wtd_curr_yr":1,"wtd_prev_yr":0,"wtd_pct_change":null,"twentyeight_day_curr_yr":2,"twentyeight_day_prev_yr":1,"twentyeight_day_pct_change":100,"ytd_curr_yr":10,"ytd_prev_yr":3,"ytd_pct_change":233.3,"two_year_pct_change":42.9,"six_year_pct_change":25,"twentytwo_year_pct_change":null},{"crime":"Shooting Vic.","wtd_curr_yr":1,"wtd_prev_yr":0,"wtd_pct_change":null,"twentyeight_day_curr_yr":2,"twentyeight_day_prev_yr":1,"twentyeight_day_pct_change":100,"ytd_curr_yr":3,"ytd_prev_yr":4,"ytd_pct_change":-25,"two_year_pct_change":50,"six_year_pct_change":50,"twentytwo_year_pct_change":-72.7},{"crime":"Shooting Inc.","wtd_curr_yr":1,"wtd_prev_yr":0,"wtd_pct_change":null,"twentyeight_day_curr_yr":2,"twentyeight_day_prev_yr":1,"twentyeight_day_pct_change":100,"ytd_curr_yr":3,"ytd_prev_yr":4,"ytd_pct_change":-25,"two_year_pct_change":50,"six_year_pct_change":50,"twentytwo_year_pct_change":-66.7}],"historical":[{"yr_1990":6,"yr_1993":12,"yr_1998":3,"yr_2001":2,"yr_2013":7,"pct_change_13vs01":250,"pct_change_13vs98":133.3,"pct_change_13vs93":-41.7,"pct_change_13vs90":16.7,"crime":"Murder"},{"yr_1990":29,"yr_1993":34,"yr_1998":23,"yr_2001":21,"yr_2013":24,"pct_change_13vs01":14.3,"pct_change_13vs98":4.3,"pct_change_13vs93":-29.4,"pct_change_13vs90":-17.2,"crime":"Rape"},{"yr_1990":1067,"yr_1993":1238,"yr_1998":672,"yr_2001":459,"yr_2013":311,"pct_change_13vs01":-32.2,"pct_change_13vs98":-53.7,"pct_change_13vs93":-74.9,"pct_change_13vs90":-70.9,"crime":"Robbery"},{"yr_1990":345,"yr_1993":362,"yr_1998":440,"yr_2001":309,"yr_2013":327,"pct_change_13vs01":5.8,"pct_change_13vs98":-25.7,"pct_change_13vs93":-9.7,"pct_change_13vs90":-5.2,"crime":"Fel. Assault"},{"yr_1990":1847,"yr_1993":1503,"yr_1998":965,"yr_2001":622,"yr_2013":288,"pct_change_13vs01":-53.7,"pct_change_13vs98":-70.2,"pct_change_13vs93":-80.8,"pct_change_13vs90":-84.4,"crime":"Burglary"},{"yr_1990":721,"yr_1993":583,"yr_1998":538,"yr_2001":378,"yr_2013":490,"pct_change_13vs01":29.6,"pct_change_13vs98":-8.9,"pct_change_13vs93":-16,"pct_change_13vs90":-32,"crime":"Gr. Larceny"},{"yr_1990":4145,"yr_1993":3495,"yr_1998":1303,"yr_2001":803,"yr_2013":252,"pct_change_13vs01":-68.6,"pct_change_13vs98":-80.7,"pct_change_13vs93":-92.8,"pct_change_13vs90":-93.9,"crime":"G.L.A."},{"yr_1990":8160,"yr_1993":7227,"yr_1998":3944,"yr_2001":2594,"yr_2013":1699,"pct_change_13vs01":-34.5,"pct_change_13vs98":-56.92,"pct_change_13vs93":-76.49,"pct_change_13vs90":-79.18,"crime":"TOTAL"}]}