{"mayor":"Bill de Blasio","commissioner":"William J. Bratton","volume":21,"number":9,"precinct":"105th","startDate":"2014-02-24T05:00:00.000Z","endDate":"2014-03-02T05:00:00.000Z","crimes":[{"crime":"Murder","wtd_curr_yr":0,"wtd_prev_yr":0,"wtd_pct_change":null,"twentyeight_day_curr_yr":0,"twentyeight_day_prev_yr":0,"twentyeight_day_pct_change":null,"ytd_curr_yr":1,"ytd_prev_yr":0,"ytd_pct_change":null,"two_year_pct_change":-66.7,"six_year_pct_change":null,"twentytwo_year_pct_change":-66.7},{"crime":"Rape","wtd_curr_yr":0,"wtd_prev_yr":0,"wtd_pct_change":null,"twentyeight_day_curr_yr":2,"twentyeight_day_prev_yr":1,"twentyeight_day_pct_change":100,"ytd_curr_yr":4,"ytd_prev_yr":2,"ytd_pct_change":100,"two_year_pct_change":33.3,"six_year_pct_change":-20,"twentytwo_year_pct_change":-20},{"crime":"Robbery","wtd_curr_yr":6,"wtd_prev_yr":7,"wtd_pct_change":-14.3,"twentyeight_day_curr_yr":15,"twentyeight_day_prev_yr":33,"twentyeight_day_pct_change":-54.5,"ytd_curr_yr":36,"ytd_prev_yr":73,"ytd_pct_change":-50.7,"two_year_pct_change":-50,"six_year_pct_change":-20,"twentytwo_year_pct_change":-79.5},{"crime":"Fel. Assault","wtd_curr_yr":3,"wtd_prev_yr":7,"wtd_pct_change":-57.1,"twentyeight_day_curr_yr":24,"twentyeight_day_prev_yr":24,"twentyeight_day_pct_change":0,"ytd_curr_yr":48,"ytd_prev_yr":47,"ytd_pct_change":2.1,"two_year_pct_change":0,"six_year_pct_change":-11.1,"twentytwo_year_pct_change":-17.2},{"crime":"Burglary","wtd_curr_yr":5,"wtd_prev_yr":13,"wtd_pct_change":-61.5,"twentyeight_day_curr_yr":18,"twentyeight_day_prev_yr":39,"twentyeight_day_pct_change":-53.8,"ytd_curr_yr":40,"ytd_prev_yr":104,"ytd_pct_change":-61.5,"two_year_pct_change":-51.2,"six_year_pct_change":-57.4,"twentytwo_year_pct_change":-80.9},{"crime":"Gr. Larceny","wtd_curr_yr":8,"wtd_prev_yr":10,"wtd_pct_change":-20,"twentyeight_day_curr_yr":31,"twentyeight_day_prev_yr":47,"twentyeight_day_pct_change":-34,"ytd_curr_yr":70,"ytd_prev_yr":102,"ytd_pct_change":-31.4,"two_year_pct_change":-21.3,"six_year_pct_change":-2.8,"twentytwo_year_pct_change":-17.6},{"crime":"G.L.A.","wtd_curr_yr":2,"wtd_prev_yr":4,"wtd_pct_change":-50,"twentyeight_day_curr_yr":11,"twentyeight_day_prev_yr":19,"twentyeight_day_pct_change":-42.1,"ytd_curr_yr":31,"ytd_prev_yr":43,"ytd_pct_change":-27.9,"two_year_pct_change":-41.5,"six_year_pct_change":-80.3,"twentytwo_year_pct_change":-94.3},{"crime":"TOTAL","wtd_curr_yr":24,"wtd_prev_yr":41,"wtd_pct_change":-41.46,"twentyeight_day_curr_yr":101,"twentyeight_day_prev_yr":163,"twentyeight_day_pct_change":-38.04,"ytd_curr_yr":230,"ytd_prev_yr":371,"ytd_pct_change":-38.01,"two_year_pct_change":-34.29,"six_year_pct_change":-46.14,"twentytwo_year_pct_change":-78.7},{"crime":"Transit","wtd_curr_yr":0,"wtd_prev_yr":0,"wtd_pct_change":null,"twentyeight_day_curr_yr":0,"twentyeight_day_prev_yr":0,"twentyeight_day_pct_change":null,"ytd_curr_yr":0,"ytd_prev_yr":0,"ytd_pct_change":null,"two_year_pct_change":null,"six_year_pct_change":null,"twentytwo_year_pct_change":null},{"crime":"Housing","wtd_curr_yr":0,"wtd_prev_yr":0,"wtd_pct_change":null,"twentyeight_day_curr_yr":0,"twentyeight_day_prev_yr":0,"twentyeight_day_pct_change":null,"ytd_curr_yr":0,"ytd_prev_yr":0,"ytd_pct_change":null,"two_year_pct_change":null,"six_year_pct_change":null,"twentytwo_year_pct_change":null},{"crime":"Petit Larceny","wtd_curr_yr":14,"wtd_prev_yr":11,"wtd_pct_change":27.3,"twentyeight_day_curr_yr":46,"twentyeight_day_prev_yr":48,"twentyeight_day_pct_change":-4.2,"ytd_curr_yr":122,"ytd_prev_yr":118,"ytd_pct_change":3.4,"two_year_pct_change":13,"six_year_pct_change":null,"twentytwo_year_pct_change":null},{"crime":"Misd. Assault","wtd_curr_yr":5,"wtd_prev_yr":13,"wtd_pct_change":-61.5,"twentyeight_day_curr_yr":46,"twentyeight_day_prev_yr":38,"twentyeight_day_pct_change":21.1,"ytd_curr_yr":93,"ytd_prev_yr":81,"ytd_pct_change":14.8,"two_year_pct_change":0,"six_year_pct_change":null,"twentytwo_year_pct_change":null},{"crime":"Misd. Sex Crimes","wtd_curr_yr":0,"wtd_prev_yr":0,"wtd_pct_change":null,"twentyeight_day_curr_yr":0,"twentyeight_day_prev_yr":3,"twentyeight_day_pct_change":-100,"ytd_curr_yr":4,"ytd_prev_yr":8,"ytd_pct_change":-50,"two_year_pct_change":-55.6,"six_year_pct_change":null,"twentytwo_year_pct_change":null},{"crime":"Shooting Vic.","wtd_curr_yr":0,"wtd_prev_yr":2,"wtd_pct_change":-100,"twentyeight_day_curr_yr":1,"twentyeight_day_prev_yr":2,"twentyeight_day_pct_change":-50,"ytd_curr_yr":2,"ytd_prev_yr":5,"ytd_pct_change":-60,"two_year_pct_change":-77.8,"six_year_pct_change":-33.3,"twentytwo_year_pct_change":-75},{"crime":"Shooting Inc.","wtd_curr_yr":0,"wtd_prev_yr":2,"wtd_pct_change":-100,"twentyeight_day_curr_yr":1,"twentyeight_day_prev_yr":2,"twentyeight_day_pct_change":-50,"ytd_curr_yr":2,"ytd_prev_yr":4,"ytd_pct_change":-50,"two_year_pct_change":-71.4,"six_year_pct_change":-33.3,"twentytwo_year_pct_change":-75}],"historical":[{"yr_1990":30,"yr_1993":23,"yr_1998":7,"yr_2001":18,"yr_2013":3,"pct_change_13vs01":-83.3,"pct_change_13vs98":-57.1,"pct_change_13vs93":-87,"pct_change_13vs90":-90,"crime":"Murder"},{"yr_1990":56,"yr_1993":41,"yr_1998":52,"yr_2001":35,"yr_2013":18,"pct_change_13vs01":-48.6,"pct_change_13vs98":-65.4,"pct_change_13vs93":-56.1,"pct_change_13vs90":-67.9,"crime":"Rape"},{"yr_1990":1066,"yr_1993":1082,"yr_1998":557,"yr_2001":395,"yr_2013":331,"pct_change_13vs01":-16.2,"pct_change_13vs98":-40.6,"pct_change_13vs93":-69.4,"pct_change_13vs90":-68.9,"crime":"Robbery"},{"yr_1990":459,"yr_1993":409,"yr_1998":400,"yr_2001":329,"yr_2013":313,"pct_change_13vs01":-4.9,"pct_change_13vs98":-21.8,"pct_change_13vs93":-23.5,"pct_change_13vs90":-31.8,"crime":"Fel. Assault"},{"yr_1990":2199,"yr_1993":1640,"yr_1998":854,"yr_2001":630,"yr_2013":469,"pct_change_13vs01":-25.6,"pct_change_13vs98":-45.1,"pct_change_13vs93":-71.4,"pct_change_13vs90":-78.7,"crime":"Burglary"},{"yr_1990":699,"yr_1993":593,"yr_1998":444,"yr_2001":456,"yr_2013":520,"pct_change_13vs01":14,"pct_change_13vs98":17.1,"pct_change_13vs93":-12.3,"pct_change_13vs90":-25.6,"crime":"Gr. Larceny"},{"yr_1990":3534,"yr_1993":3476,"yr_1998":1360,"yr_2001":913,"yr_2013":263,"pct_change_13vs01":-71.2,"pct_change_13vs98":-80.7,"pct_change_13vs93":-92.4,"pct_change_13vs90":-92.6,"crime":"G.L.A."},{"yr_1990":8043,"yr_1993":7264,"yr_1998":3674,"yr_2001":2776,"yr_2013":1917,"pct_change_13vs01":-30.94,"pct_change_13vs98":-47.82,"pct_change_13vs93":-73.61,"pct_change_13vs90":-76.17,"crime":"TOTAL"}]}