{"mayor":"Bill de Blasio","commissioner":"William J. Bratton","volume":21,"number":42,"precinct":"102nd","startDate":"2014-10-13T04:00:00.000Z","endDate":"2014-10-19T04:00:00.000Z","crimes":[{"crime":"Murder","wtd_curr_yr":0,"wtd_prev_yr":0,"wtd_pct_change":null,"twentyeight_day_curr_yr":0,"twentyeight_day_prev_yr":0,"twentyeight_day_pct_change":null,"ytd_curr_yr":2,"ytd_prev_yr":5,"ytd_pct_change":-60,"two_year_pct_change":-66.7,"six_year_pct_change":-50,"twentytwo_year_pct_change":-60},{"crime":"Rape","wtd_curr_yr":0,"wtd_prev_yr":0,"wtd_pct_change":null,"twentyeight_day_curr_yr":0,"twentyeight_day_prev_yr":0,"twentyeight_day_pct_change":null,"ytd_curr_yr":12,"ytd_prev_yr":21,"ytd_pct_change":-42.9,"two_year_pct_change":-45.5,"six_year_pct_change":-33.3,"twentytwo_year_pct_change":-52},{"crime":"Robbery","wtd_curr_yr":5,"wtd_prev_yr":8,"wtd_pct_change":-37.5,"twentyeight_day_curr_yr":16,"twentyeight_day_prev_yr":31,"twentyeight_day_pct_change":-48.4,"ytd_curr_yr":179,"ytd_prev_yr":241,"ytd_pct_change":-25.7,"two_year_pct_change":-27.2,"six_year_pct_change":-16.4,"twentytwo_year_pct_change":-81},{"crime":"Fel. Assault","wtd_curr_yr":2,"wtd_prev_yr":5,"wtd_pct_change":-60,"twentyeight_day_curr_yr":17,"twentyeight_day_prev_yr":21,"twentyeight_day_pct_change":-19,"ytd_curr_yr":190,"ytd_prev_yr":251,"ytd_pct_change":-24.3,"two_year_pct_change":-3.1,"six_year_pct_change":-2.6,"twentytwo_year_pct_change":-36.5},{"crime":"Burglary","wtd_curr_yr":5,"wtd_prev_yr":6,"wtd_pct_change":-16.7,"twentyeight_day_curr_yr":23,"twentyeight_day_prev_yr":26,"twentyeight_day_pct_change":-11.5,"ytd_curr_yr":236,"ytd_prev_yr":241,"ytd_pct_change":-2.1,"two_year_pct_change":-10.6,"six_year_pct_change":-14.2,"twentytwo_year_pct_change":-79.4},{"crime":"Gr. Larceny","wtd_curr_yr":7,"wtd_prev_yr":11,"wtd_pct_change":-36.4,"twentyeight_day_curr_yr":43,"twentyeight_day_prev_yr":57,"twentyeight_day_pct_change":-24.6,"ytd_curr_yr":408,"ytd_prev_yr":381,"ytd_pct_change":7.1,"two_year_pct_change":14.3,"six_year_pct_change":19,"twentytwo_year_pct_change":-9.5},{"crime":"G.L.A.","wtd_curr_yr":7,"wtd_prev_yr":5,"wtd_pct_change":40,"twentyeight_day_curr_yr":20,"twentyeight_day_prev_yr":20,"twentyeight_day_pct_change":0,"ytd_curr_yr":190,"ytd_prev_yr":197,"ytd_pct_change":-3.6,"two_year_pct_change":1.6,"six_year_pct_change":-9.5,"twentytwo_year_pct_change":-93.2},{"crime":"TOTAL","wtd_curr_yr":26,"wtd_prev_yr":35,"wtd_pct_change":-25.71,"twentyeight_day_curr_yr":119,"twentyeight_day_prev_yr":155,"twentyeight_day_pct_change":-23.23,"ytd_curr_yr":1217,"ytd_prev_yr":1337,"ytd_pct_change":-8.98,"two_year_pct_change":-4.77,"six_year_pct_change":-3.34,"twentytwo_year_pct_change":-78.56},{"crime":"Transit","wtd_curr_yr":0,"wtd_prev_yr":0,"wtd_pct_change":null,"twentyeight_day_curr_yr":1,"twentyeight_day_prev_yr":3,"twentyeight_day_pct_change":-66.7,"ytd_curr_yr":14,"ytd_prev_yr":15,"ytd_pct_change":-6.7,"two_year_pct_change":-30,"six_year_pct_change":-6.7,"twentytwo_year_pct_change":null},{"crime":"Housing","wtd_curr_yr":0,"wtd_prev_yr":0,"wtd_pct_change":null,"twentyeight_day_curr_yr":0,"twentyeight_day_prev_yr":0,"twentyeight_day_pct_change":null,"ytd_curr_yr":0,"ytd_prev_yr":0,"ytd_pct_change":null,"two_year_pct_change":null,"six_year_pct_change":null,"twentytwo_year_pct_change":null},{"crime":"Petit Larceny","wtd_curr_yr":20,"wtd_prev_yr":30,"wtd_pct_change":-33.3,"twentyeight_day_curr_yr":88,"twentyeight_day_prev_yr":116,"twentyeight_day_pct_change":-24.1,"ytd_curr_yr":846,"ytd_prev_yr":771,"ytd_pct_change":9.7,"two_year_pct_change":9.2,"six_year_pct_change":23.5,"twentytwo_year_pct_change":null},{"crime":"Misd. Assault","wtd_curr_yr":15,"wtd_prev_yr":18,"wtd_pct_change":-16.7,"twentyeight_day_curr_yr":42,"twentyeight_day_prev_yr":61,"twentyeight_day_pct_change":-31.1,"ytd_curr_yr":470,"ytd_prev_yr":475,"ytd_pct_change":-1.1,"two_year_pct_change":-11.2,"six_year_pct_change":-5.4,"twentytwo_year_pct_change":null},{"crime":"Misd. Sex Crimes","wtd_curr_yr":0,"wtd_prev_yr":1,"wtd_pct_change":-100,"twentyeight_day_curr_yr":7,"twentyeight_day_prev_yr":5,"twentyeight_day_pct_change":40,"ytd_curr_yr":27,"ytd_prev_yr":24,"ytd_pct_change":12.5,"two_year_pct_change":68.8,"six_year_pct_change":-15.6,"twentytwo_year_pct_change":null},{"crime":"Shooting Vic.","wtd_curr_yr":0,"wtd_prev_yr":0,"wtd_pct_change":null,"twentyeight_day_curr_yr":0,"twentyeight_day_prev_yr":0,"twentyeight_day_pct_change":null,"ytd_curr_yr":5,"ytd_prev_yr":6,"ytd_pct_change":-16.7,"two_year_pct_change":-37.5,"six_year_pct_change":-54.5,"twentytwo_year_pct_change":-81.5},{"crime":"Shooting Inc.","wtd_curr_yr":0,"wtd_prev_yr":0,"wtd_pct_change":null,"twentyeight_day_curr_yr":0,"twentyeight_day_prev_yr":0,"twentyeight_day_pct_change":null,"ytd_curr_yr":5,"ytd_prev_yr":6,"ytd_pct_change":-16.7,"two_year_pct_change":-28.6,"six_year_pct_change":-50,"twentytwo_year_pct_change":-77.3}],"historical":[{"yr_1990":6,"yr_1993":12,"yr_1998":3,"yr_2001":2,"yr_2013":7,"pct_change_13vs01":250,"pct_change_13vs98":133.3,"pct_change_13vs93":-41.7,"pct_change_13vs90":16.7,"crime":"Murder"},{"yr_1990":29,"yr_1993":34,"yr_1998":23,"yr_2001":21,"yr_2013":24,"pct_change_13vs01":14.3,"pct_change_13vs98":4.3,"pct_change_13vs93":-29.4,"pct_change_13vs90":-17.2,"crime":"Rape"},{"yr_1990":1067,"yr_1993":1238,"yr_1998":672,"yr_2001":459,"yr_2013":311,"pct_change_13vs01":-32.2,"pct_change_13vs98":-53.7,"pct_change_13vs93":-74.9,"pct_change_13vs90":-70.9,"crime":"Robbery"},{"yr_1990":345,"yr_1993":362,"yr_1998":440,"yr_2001":309,"yr_2013":323,"pct_change_13vs01":4.5,"pct_change_13vs98":-26.6,"pct_change_13vs93":-10.8,"pct_change_13vs90":-6.4,"crime":"Fel. Assault"},{"yr_1990":1847,"yr_1993":1503,"yr_1998":965,"yr_2001":622,"yr_2013":288,"pct_change_13vs01":-53.7,"pct_change_13vs98":-70.2,"pct_change_13vs93":-80.8,"pct_change_13vs90":-84.4,"crime":"Burglary"},{"yr_1990":721,"yr_1993":583,"yr_1998":538,"yr_2001":378,"yr_2013":490,"pct_change_13vs01":29.6,"pct_change_13vs98":-8.9,"pct_change_13vs93":-16,"pct_change_13vs90":-32,"crime":"Gr. Larceny"},{"yr_1990":4145,"yr_1993":3495,"yr_1998":1303,"yr_2001":803,"yr_2013":252,"pct_change_13vs01":-68.6,"pct_change_13vs98":-80.7,"pct_change_13vs93":-92.8,"pct_change_13vs90":-93.9,"crime":"G.L.A."},{"yr_1990":8160,"yr_1993":7227,"yr_1998":3944,"yr_2001":2594,"yr_2013":1695,"pct_change_13vs01":-34.66,"pct_change_13vs98":-57.02,"pct_change_13vs93":-76.55,"pct_change_13vs90":-79.23,"crime":"TOTAL"}]}