{"mayor":"Bill de Blasio","commissioner":"William J. Bratton","volume":21,"number":12,"precinct":"101st","startDate":"2014-03-17T04:00:00.000Z","endDate":"2014-03-23T04:00:00.000Z","crimes":[{"crime":"Murder","wtd_curr_yr":0,"wtd_prev_yr":0,"wtd_pct_change":null,"twentyeight_day_curr_yr":0,"twentyeight_day_prev_yr":0,"twentyeight_day_pct_change":null,"ytd_curr_yr":2,"ytd_prev_yr":1,"ytd_pct_change":100,"two_year_pct_change":100,"six_year_pct_change":100,"twentytwo_year_pct_change":-50},{"crime":"Rape","wtd_curr_yr":0,"wtd_prev_yr":0,"wtd_pct_change":null,"twentyeight_day_curr_yr":2,"twentyeight_day_prev_yr":1,"twentyeight_day_pct_change":100,"ytd_curr_yr":3,"ytd_prev_yr":3,"ytd_pct_change":0,"two_year_pct_change":-57.1,"six_year_pct_change":-25,"twentytwo_year_pct_change":-50},{"crime":"Robbery","wtd_curr_yr":4,"wtd_prev_yr":2,"wtd_pct_change":100,"twentyeight_day_curr_yr":10,"twentyeight_day_prev_yr":7,"twentyeight_day_pct_change":42.9,"ytd_curr_yr":29,"ytd_prev_yr":28,"ytd_pct_change":3.6,"two_year_pct_change":16,"six_year_pct_change":52.6,"twentytwo_year_pct_change":-76.6},{"crime":"Fel. Assault","wtd_curr_yr":2,"wtd_prev_yr":6,"wtd_pct_change":-66.7,"twentyeight_day_curr_yr":13,"twentyeight_day_prev_yr":15,"twentyeight_day_pct_change":-13.3,"ytd_curr_yr":47,"ytd_prev_yr":36,"ytd_pct_change":30.6,"two_year_pct_change":67.9,"six_year_pct_change":51.6,"twentytwo_year_pct_change":-47.2},{"crime":"Burglary","wtd_curr_yr":0,"wtd_prev_yr":6,"wtd_pct_change":-100,"twentyeight_day_curr_yr":6,"twentyeight_day_prev_yr":13,"twentyeight_day_pct_change":-53.8,"ytd_curr_yr":30,"ytd_prev_yr":64,"ytd_pct_change":-53.1,"two_year_pct_change":25,"six_year_pct_change":66.7,"twentytwo_year_pct_change":-73.9},{"crime":"Gr. Larceny","wtd_curr_yr":3,"wtd_prev_yr":2,"wtd_pct_change":50,"twentyeight_day_curr_yr":12,"twentyeight_day_prev_yr":7,"twentyeight_day_pct_change":71.4,"ytd_curr_yr":38,"ytd_prev_yr":21,"ytd_pct_change":81,"two_year_pct_change":15.2,"six_year_pct_change":58.3,"twentytwo_year_pct_change":-35.6},{"crime":"G.L.A.","wtd_curr_yr":2,"wtd_prev_yr":0,"wtd_pct_change":null,"twentyeight_day_curr_yr":7,"twentyeight_day_prev_yr":1,"twentyeight_day_pct_change":600,"ytd_curr_yr":21,"ytd_prev_yr":5,"ytd_pct_change":320,"two_year_pct_change":200,"six_year_pct_change":162.5,"twentytwo_year_pct_change":-81.1},{"crime":"TOTAL","wtd_curr_yr":11,"wtd_prev_yr":16,"wtd_pct_change":-31.25,"twentyeight_day_curr_yr":50,"twentyeight_day_prev_yr":44,"twentyeight_day_pct_change":13.64,"ytd_curr_yr":170,"ytd_prev_yr":158,"ytd_pct_change":7.59,"two_year_pct_change":36,"six_year_pct_change":61.9,"twentytwo_year_pct_change":-66.54},{"crime":"Transit","wtd_curr_yr":0,"wtd_prev_yr":0,"wtd_pct_change":null,"twentyeight_day_curr_yr":0,"twentyeight_day_prev_yr":0,"twentyeight_day_pct_change":null,"ytd_curr_yr":1,"ytd_prev_yr":4,"ytd_pct_change":-75,"two_year_pct_change":-50,"six_year_pct_change":-50,"twentytwo_year_pct_change":null},{"crime":"Housing","wtd_curr_yr":0,"wtd_prev_yr":2,"wtd_pct_change":-100,"twentyeight_day_curr_yr":6,"twentyeight_day_prev_yr":4,"twentyeight_day_pct_change":50,"ytd_curr_yr":21,"ytd_prev_yr":10,"ytd_pct_change":110,"two_year_pct_change":110,"six_year_pct_change":162.5,"twentytwo_year_pct_change":null},{"crime":"Petit Larceny","wtd_curr_yr":7,"wtd_prev_yr":7,"wtd_pct_change":0,"twentyeight_day_curr_yr":39,"twentyeight_day_prev_yr":50,"twentyeight_day_pct_change":-22,"ytd_curr_yr":124,"ytd_prev_yr":113,"ytd_pct_change":9.7,"two_year_pct_change":57,"six_year_pct_change":45.9,"twentytwo_year_pct_change":null},{"crime":"Misd. Assault","wtd_curr_yr":7,"wtd_prev_yr":9,"wtd_pct_change":-22.2,"twentyeight_day_curr_yr":30,"twentyeight_day_prev_yr":27,"twentyeight_day_pct_change":11.1,"ytd_curr_yr":85,"ytd_prev_yr":87,"ytd_pct_change":-2.3,"two_year_pct_change":6.2,"six_year_pct_change":19.7,"twentytwo_year_pct_change":null},{"crime":"Misd. Sex Crimes","wtd_curr_yr":0,"wtd_prev_yr":0,"wtd_pct_change":null,"twentyeight_day_curr_yr":3,"twentyeight_day_prev_yr":1,"twentyeight_day_pct_change":200,"ytd_curr_yr":4,"ytd_prev_yr":2,"ytd_pct_change":100,"two_year_pct_change":100,"six_year_pct_change":-50,"twentytwo_year_pct_change":null},{"crime":"Shooting Vic.","wtd_curr_yr":0,"wtd_prev_yr":0,"wtd_pct_change":null,"twentyeight_day_curr_yr":1,"twentyeight_day_prev_yr":0,"twentyeight_day_pct_change":null,"ytd_curr_yr":2,"ytd_prev_yr":1,"ytd_pct_change":100,"two_year_pct_change":-33.3,"six_year_pct_change":null,"twentytwo_year_pct_change":-83.3},{"crime":"Shooting Inc.","wtd_curr_yr":0,"wtd_prev_yr":0,"wtd_pct_change":null,"twentyeight_day_curr_yr":1,"twentyeight_day_prev_yr":0,"twentyeight_day_pct_change":null,"ytd_curr_yr":2,"ytd_prev_yr":1,"ytd_pct_change":100,"two_year_pct_change":-33.3,"six_year_pct_change":null,"twentytwo_year_pct_change":-83.3}],"historical":[{"yr_1990":14,"yr_1993":16,"yr_1998":9,"yr_2001":6,"yr_2013":3,"pct_change_13vs01":-50,"pct_change_13vs98":-66.7,"pct_change_13vs93":-81.2,"pct_change_13vs90":-78.6,"crime":"Murder"},{"yr_1990":67,"yr_1993":42,"yr_1998":32,"yr_2001":17,"yr_2013":19,"pct_change_13vs01":11.8,"pct_change_13vs98":-40.6,"pct_change_13vs93":-54.8,"pct_change_13vs90":-71.6,"crime":"Rape"},{"yr_1990":826,"yr_1993":710,"yr_1998":413,"yr_2001":247,"yr_2013":148,"pct_change_13vs01":-40.1,"pct_change_13vs98":-64.2,"pct_change_13vs93":-79.2,"pct_change_13vs90":-82.1,"crime":"Robbery"},{"yr_1990":588,"yr_1993":524,"yr_1998":418,"yr_2001":301,"yr_2013":212,"pct_change_13vs01":-29.6,"pct_change_13vs98":-49.3,"pct_change_13vs93":-59.5,"pct_change_13vs90":-63.9,"crime":"Fel. Assault"},{"yr_1990":825,"yr_1993":768,"yr_1998":370,"yr_2001":216,"yr_2013":227,"pct_change_13vs01":5.1,"pct_change_13vs98":-38.6,"pct_change_13vs93":-70.4,"pct_change_13vs90":-72.5,"crime":"Burglary"},{"yr_1990":362,"yr_1993":330,"yr_1998":203,"yr_2001":189,"yr_2013":182,"pct_change_13vs01":-3.7,"pct_change_13vs98":-10.3,"pct_change_13vs93":-44.8,"pct_change_13vs90":-49.7,"crime":"Gr. Larceny"},{"yr_1990":719,"yr_1993":460,"yr_1998":184,"yr_2001":158,"yr_2013":61,"pct_change_13vs01":-61.4,"pct_change_13vs98":-66.8,"pct_change_13vs93":-86.7,"pct_change_13vs90":-91.5,"crime":"G.L.A."},{"yr_1990":3401,"yr_1993":2850,"yr_1998":1629,"yr_2001":1134,"yr_2013":852,"pct_change_13vs01":-24.87,"pct_change_13vs98":-47.7,"pct_change_13vs93":-70.11,"pct_change_13vs90":-74.95,"crime":"TOTAL"}]}