{"mayor":"Bill de Blasio","commissioner":"William J. Bratton","volume":22,"number":2,"precinct":"109th","startDate":"2015-01-05T05:00:00.000Z","endDate":"2015-01-11T05:00:00.000Z","crimes":[{"crime":"Murder","wtd_curr_yr":0,"wtd_prev_yr":0,"wtd_pct_change":null,"twentyeight_day_curr_yr":1,"twentyeight_day_prev_yr":0,"twentyeight_day_pct_change":null,"ytd_curr_yr":0,"ytd_prev_yr":0,"ytd_pct_change":null,"two_year_pct_change":null,"six_year_pct_change":null,"twentytwo_year_pct_change":-100},{"crime":"Rape","wtd_curr_yr":0,"wtd_prev_yr":0,"wtd_pct_change":null,"twentyeight_day_curr_yr":2,"twentyeight_day_prev_yr":2,"twentyeight_day_pct_change":0,"ytd_curr_yr":0,"ytd_prev_yr":0,"ytd_pct_change":null,"two_year_pct_change":-100,"six_year_pct_change":-100,"twentytwo_year_pct_change":-100},{"crime":"Robbery","wtd_curr_yr":3,"wtd_prev_yr":2,"wtd_pct_change":50,"twentyeight_day_curr_yr":13,"twentyeight_day_prev_yr":6,"twentyeight_day_pct_change":116.7,"ytd_curr_yr":4,"ytd_prev_yr":2,"ytd_pct_change":100,"two_year_pct_change":-60,"six_year_pct_change":-63.6,"twentytwo_year_pct_change":-90.5},{"crime":"Fel. Assault","wtd_curr_yr":4,"wtd_prev_yr":9,"wtd_pct_change":-55.6,"twentyeight_day_curr_yr":18,"twentyeight_day_prev_yr":29,"twentyeight_day_pct_change":-37.9,"ytd_curr_yr":7,"ytd_prev_yr":14,"ytd_pct_change":-50,"two_year_pct_change":40,"six_year_pct_change":40,"twentytwo_year_pct_change":-46.2},{"crime":"Burglary","wtd_curr_yr":1,"wtd_prev_yr":11,"wtd_pct_change":-90.9,"twentyeight_day_curr_yr":31,"twentyeight_day_prev_yr":37,"twentyeight_day_pct_change":-16.2,"ytd_curr_yr":5,"ytd_prev_yr":13,"ytd_pct_change":-61.5,"two_year_pct_change":-75,"six_year_pct_change":-72.2,"twentytwo_year_pct_change":-94.8},{"crime":"Gr. Larceny","wtd_curr_yr":15,"wtd_prev_yr":23,"wtd_pct_change":-34.8,"twentyeight_day_curr_yr":55,"twentyeight_day_prev_yr":70,"twentyeight_day_pct_change":-21.4,"ytd_curr_yr":20,"ytd_prev_yr":31,"ytd_pct_change":-35.5,"two_year_pct_change":-9.1,"six_year_pct_change":0,"twentytwo_year_pct_change":-48.7},{"crime":"G.L.A.","wtd_curr_yr":5,"wtd_prev_yr":2,"wtd_pct_change":150,"twentyeight_day_curr_yr":14,"twentyeight_day_prev_yr":6,"twentyeight_day_pct_change":133.3,"ytd_curr_yr":6,"ytd_prev_yr":2,"ytd_pct_change":200,"two_year_pct_change":-50,"six_year_pct_change":-14.3,"twentytwo_year_pct_change":-95.7},{"crime":"TOTAL","wtd_curr_yr":28,"wtd_prev_yr":47,"wtd_pct_change":-40.43,"twentyeight_day_curr_yr":134,"twentyeight_day_prev_yr":150,"twentyeight_day_pct_change":-10.67,"ytd_curr_yr":42,"ytd_prev_yr":62,"ytd_pct_change":-32.26,"two_year_pct_change":-41.67,"six_year_pct_change":-32.26,"twentytwo_year_pct_change":-87.46},{"crime":"Transit","wtd_curr_yr":0,"wtd_prev_yr":0,"wtd_pct_change":null,"twentyeight_day_curr_yr":1,"twentyeight_day_prev_yr":2,"twentyeight_day_pct_change":-50,"ytd_curr_yr":0,"ytd_prev_yr":0,"ytd_pct_change":null,"two_year_pct_change":null,"six_year_pct_change":null,"twentytwo_year_pct_change":null},{"crime":"Housing","wtd_curr_yr":0,"wtd_prev_yr":1,"wtd_pct_change":-100,"twentyeight_day_curr_yr":0,"twentyeight_day_prev_yr":2,"twentyeight_day_pct_change":-100,"ytd_curr_yr":0,"ytd_prev_yr":1,"ytd_pct_change":-100,"two_year_pct_change":null,"six_year_pct_change":null,"twentytwo_year_pct_change":null},{"crime":"Petit Larceny","wtd_curr_yr":37,"wtd_prev_yr":21,"wtd_pct_change":76.2,"twentyeight_day_curr_yr":133,"twentyeight_day_prev_yr":96,"twentyeight_day_pct_change":38.5,"ytd_curr_yr":52,"ytd_prev_yr":32,"ytd_pct_change":62.5,"two_year_pct_change":10.6,"six_year_pct_change":33.3,"twentytwo_year_pct_change":null},{"crime":"Misd. Assault","wtd_curr_yr":9,"wtd_prev_yr":8,"wtd_pct_change":12.5,"twentyeight_day_curr_yr":41,"twentyeight_day_prev_yr":49,"twentyeight_day_pct_change":-16.3,"ytd_curr_yr":14,"ytd_prev_yr":21,"ytd_pct_change":-33.3,"two_year_pct_change":-12.5,"six_year_pct_change":27.3,"twentytwo_year_pct_change":null},{"crime":"Misd. Sex Crimes","wtd_curr_yr":1,"wtd_prev_yr":0,"wtd_pct_change":null,"twentyeight_day_curr_yr":1,"twentyeight_day_prev_yr":2,"twentyeight_day_pct_change":-50,"ytd_curr_yr":1,"ytd_prev_yr":0,"ytd_pct_change":null,"two_year_pct_change":-50,"six_year_pct_change":-66.7,"twentytwo_year_pct_change":null},{"crime":"Shooting Vic.","wtd_curr_yr":0,"wtd_prev_yr":0,"wtd_pct_change":null,"twentyeight_day_curr_yr":0,"twentyeight_day_prev_yr":0,"twentyeight_day_pct_change":null,"ytd_curr_yr":0,"ytd_prev_yr":0,"ytd_pct_change":null,"two_year_pct_change":null,"six_year_pct_change":null,"twentytwo_year_pct_change":-100},{"crime":"Shooting Inc.","wtd_curr_yr":0,"wtd_prev_yr":0,"wtd_pct_change":null,"twentyeight_day_curr_yr":0,"twentyeight_day_prev_yr":0,"twentyeight_day_pct_change":null,"ytd_curr_yr":0,"ytd_prev_yr":0,"ytd_pct_change":null,"two_year_pct_change":null,"six_year_pct_change":null,"twentytwo_year_pct_change":-100}],"historical":[{"yr_1990":19,"yr_1993":11,"yr_1998":3,"yr_2001":5,"yr_2014":6,"pct_change_14vs01":20,"pct_change_14vs98":100,"pct_change_14vs93":-45.5,"pct_change_14vs90":-68.4,"crime":"Murder"},{"yr_1990":33,"yr_1993":34,"yr_1998":28,"yr_2001":22,"yr_2014":20,"pct_change_14vs01":-9.1,"pct_change_14vs98":-28.6,"pct_change_14vs93":-41.2,"pct_change_14vs90":-39.4,"crime":"Rape"},{"yr_1990":1220,"yr_1993":1217,"yr_1998":480,"yr_2001":388,"yr_2014":178,"pct_change_14vs01":-54.1,"pct_change_14vs98":-62.9,"pct_change_14vs93":-85.4,"pct_change_14vs90":-85.4,"crime":"Robbery"},{"yr_1990":378,"yr_1993":350,"yr_1998":363,"yr_2001":327,"yr_2014":263,"pct_change_14vs01":-19.6,"pct_change_14vs98":-27.5,"pct_change_14vs93":-24.9,"pct_change_14vs90":-30.4,"crime":"Fel. Assault"},{"yr_1990":3189,"yr_1993":2378,"yr_1998":1440,"yr_2001":964,"yr_2014":464,"pct_change_14vs01":-51.9,"pct_change_14vs98":-67.8,"pct_change_14vs93":-80.5,"pct_change_14vs90":-85.4,"crime":"Burglary"},{"yr_1990":1877,"yr_1993":1367,"yr_1998":993,"yr_2001":1175,"yr_2014":884,"pct_change_14vs01":-24.8,"pct_change_14vs98":-11,"pct_change_14vs93":-35.3,"pct_change_14vs90":-52.9,"crime":"Gr. Larceny"},{"yr_1990":4813,"yr_1993":4153,"yr_1998":1668,"yr_2001":1075,"yr_2014":221,"pct_change_14vs01":-79.4,"pct_change_14vs98":-86.8,"pct_change_14vs93":-94.7,"pct_change_14vs90":-95.4,"crime":"G.L.A."},{"yr_1990":11529,"yr_1993":9510,"yr_1998":4975,"yr_2001":3956,"yr_2014":2036,"pct_change_14vs01":-48.53,"pct_change_14vs98":-59.08,"pct_change_14vs93":-78.59,"pct_change_14vs90":-82.34,"crime":"TOTAL"}]}