{"mayor":"Bill de Blasio","commissioner":"William J. Bratton","volume":21,"number":44,"precinct":"102nd","startDate":"2014-10-27T04:00:00.000Z","endDate":"2014-11-02T04:00:00.000Z","crimes":[{"crime":"Murder","wtd_curr_yr":0,"wtd_prev_yr":0,"wtd_pct_change":null,"twentyeight_day_curr_yr":0,"twentyeight_day_prev_yr":0,"twentyeight_day_pct_change":null,"ytd_curr_yr":2,"ytd_prev_yr":5,"ytd_pct_change":-60,"two_year_pct_change":-66.7,"six_year_pct_change":-50,"twentytwo_year_pct_change":-60},{"crime":"Rape","wtd_curr_yr":1,"wtd_prev_yr":0,"wtd_pct_change":null,"twentyeight_day_curr_yr":1,"twentyeight_day_prev_yr":1,"twentyeight_day_pct_change":0,"ytd_curr_yr":13,"ytd_prev_yr":22,"ytd_pct_change":-40.9,"two_year_pct_change":-43.5,"six_year_pct_change":-31.6,"twentytwo_year_pct_change":-48},{"crime":"Robbery","wtd_curr_yr":1,"wtd_prev_yr":12,"wtd_pct_change":-91.7,"twentyeight_day_curr_yr":14,"twentyeight_day_prev_yr":37,"twentyeight_day_pct_change":-62.2,"ytd_curr_yr":185,"ytd_prev_yr":260,"ytd_pct_change":-28.8,"two_year_pct_change":-28.8,"six_year_pct_change":-18.9,"twentytwo_year_pct_change":-81.5},{"crime":"Fel. Assault","wtd_curr_yr":4,"wtd_prev_yr":9,"wtd_pct_change":-55.6,"twentyeight_day_curr_yr":17,"twentyeight_day_prev_yr":30,"twentyeight_day_pct_change":-43.3,"ytd_curr_yr":201,"ytd_prev_yr":269,"ytd_pct_change":-25.3,"two_year_pct_change":-1.5,"six_year_pct_change":-2.9,"twentytwo_year_pct_change":-35.6},{"crime":"Burglary","wtd_curr_yr":7,"wtd_prev_yr":5,"wtd_pct_change":40,"twentyeight_day_curr_yr":21,"twentyeight_day_prev_yr":21,"twentyeight_day_pct_change":0,"ytd_curr_yr":246,"ytd_prev_yr":253,"ytd_pct_change":-2.8,"two_year_pct_change":-8.9,"six_year_pct_change":-15.2,"twentytwo_year_pct_change":-79.6},{"crime":"Gr. Larceny","wtd_curr_yr":9,"wtd_prev_yr":7,"wtd_pct_change":28.6,"twentyeight_day_curr_yr":37,"twentyeight_day_prev_yr":49,"twentyeight_day_pct_change":-24.5,"ytd_curr_yr":421,"ytd_prev_yr":399,"ytd_pct_change":5.5,"two_year_pct_change":14.1,"six_year_pct_change":18.3,"twentytwo_year_pct_change":-12.5},{"crime":"G.L.A.","wtd_curr_yr":9,"wtd_prev_yr":2,"wtd_pct_change":350,"twentyeight_day_curr_yr":30,"twentyeight_day_prev_yr":12,"twentyeight_day_pct_change":150,"ytd_curr_yr":209,"ytd_prev_yr":203,"ytd_pct_change":3,"two_year_pct_change":4.5,"six_year_pct_change":-9.5,"twentytwo_year_pct_change":-92.9},{"crime":"TOTAL","wtd_curr_yr":31,"wtd_prev_yr":35,"wtd_pct_change":-11.43,"twentyeight_day_curr_yr":120,"twentyeight_day_prev_yr":150,"twentyeight_day_pct_change":-20,"ytd_curr_yr":1277,"ytd_prev_yr":1411,"ytd_pct_change":-9.5,"two_year_pct_change":-4.13,"six_year_pct_change":-4.34,"twentytwo_year_pct_change":-78.56},{"crime":"Transit","wtd_curr_yr":0,"wtd_prev_yr":2,"wtd_pct_change":-100,"twentyeight_day_curr_yr":1,"twentyeight_day_prev_yr":4,"twentyeight_day_pct_change":-75,"ytd_curr_yr":14,"ytd_prev_yr":17,"ytd_pct_change":-17.6,"two_year_pct_change":-33.3,"six_year_pct_change":-12.5,"twentytwo_year_pct_change":null},{"crime":"Housing","wtd_curr_yr":0,"wtd_prev_yr":0,"wtd_pct_change":null,"twentyeight_day_curr_yr":0,"twentyeight_day_prev_yr":0,"twentyeight_day_pct_change":null,"ytd_curr_yr":0,"ytd_prev_yr":0,"ytd_pct_change":null,"two_year_pct_change":null,"six_year_pct_change":null,"twentytwo_year_pct_change":null},{"crime":"Petit Larceny","wtd_curr_yr":17,"wtd_prev_yr":16,"wtd_pct_change":6.2,"twentyeight_day_curr_yr":86,"twentyeight_day_prev_yr":108,"twentyeight_day_pct_change":-20.4,"ytd_curr_yr":891,"ytd_prev_yr":819,"ytd_pct_change":8.8,"two_year_pct_change":10.5,"six_year_pct_change":24.8,"twentytwo_year_pct_change":null},{"crime":"Misd. Assault","wtd_curr_yr":12,"wtd_prev_yr":16,"wtd_pct_change":-25,"twentyeight_day_curr_yr":49,"twentyeight_day_prev_yr":63,"twentyeight_day_pct_change":-22.2,"ytd_curr_yr":498,"ytd_prev_yr":504,"ytd_pct_change":-1.2,"two_year_pct_change":-10.8,"six_year_pct_change":-5.1,"twentytwo_year_pct_change":null},{"crime":"Misd. Sex Crimes","wtd_curr_yr":0,"wtd_prev_yr":0,"wtd_pct_change":null,"twentyeight_day_curr_yr":3,"twentyeight_day_prev_yr":4,"twentyeight_day_pct_change":-25,"ytd_curr_yr":28,"ytd_prev_yr":26,"ytd_pct_change":7.7,"two_year_pct_change":64.7,"six_year_pct_change":-12.5,"twentytwo_year_pct_change":null},{"crime":"Shooting Vic.","wtd_curr_yr":0,"wtd_prev_yr":0,"wtd_pct_change":null,"twentyeight_day_curr_yr":0,"twentyeight_day_prev_yr":0,"twentyeight_day_pct_change":null,"ytd_curr_yr":5,"ytd_prev_yr":6,"ytd_pct_change":-16.7,"two_year_pct_change":-37.5,"six_year_pct_change":-64.3,"twentytwo_year_pct_change":-81.5},{"crime":"Shooting Inc.","wtd_curr_yr":0,"wtd_prev_yr":0,"wtd_pct_change":null,"twentyeight_day_curr_yr":0,"twentyeight_day_prev_yr":0,"twentyeight_day_pct_change":null,"ytd_curr_yr":5,"ytd_prev_yr":6,"ytd_pct_change":-16.7,"two_year_pct_change":-28.6,"six_year_pct_change":-58.3,"twentytwo_year_pct_change":-77.3}],"historical":[{"yr_1990":6,"yr_1993":12,"yr_1998":3,"yr_2001":2,"yr_2013":7,"pct_change_13vs01":250,"pct_change_13vs98":133.3,"pct_change_13vs93":-41.7,"pct_change_13vs90":16.7,"crime":"Murder"},{"yr_1990":29,"yr_1993":34,"yr_1998":23,"yr_2001":21,"yr_2013":24,"pct_change_13vs01":14.3,"pct_change_13vs98":4.3,"pct_change_13vs93":-29.4,"pct_change_13vs90":-17.2,"crime":"Rape"},{"yr_1990":1067,"yr_1993":1238,"yr_1998":672,"yr_2001":459,"yr_2013":311,"pct_change_13vs01":-32.2,"pct_change_13vs98":-53.7,"pct_change_13vs93":-74.9,"pct_change_13vs90":-70.9,"crime":"Robbery"},{"yr_1990":345,"yr_1993":362,"yr_1998":440,"yr_2001":309,"yr_2013":323,"pct_change_13vs01":4.5,"pct_change_13vs98":-26.6,"pct_change_13vs93":-10.8,"pct_change_13vs90":-6.4,"crime":"Fel. Assault"},{"yr_1990":1847,"yr_1993":1503,"yr_1998":965,"yr_2001":622,"yr_2013":288,"pct_change_13vs01":-53.7,"pct_change_13vs98":-70.2,"pct_change_13vs93":-80.8,"pct_change_13vs90":-84.4,"crime":"Burglary"},{"yr_1990":721,"yr_1993":583,"yr_1998":538,"yr_2001":378,"yr_2013":490,"pct_change_13vs01":29.6,"pct_change_13vs98":-8.9,"pct_change_13vs93":-16,"pct_change_13vs90":-32,"crime":"Gr. Larceny"},{"yr_1990":4145,"yr_1993":3495,"yr_1998":1303,"yr_2001":803,"yr_2013":252,"pct_change_13vs01":-68.6,"pct_change_13vs98":-80.7,"pct_change_13vs93":-92.8,"pct_change_13vs90":-93.9,"crime":"G.L.A."},{"yr_1990":8160,"yr_1993":7227,"yr_1998":3944,"yr_2001":2594,"yr_2013":1695,"pct_change_13vs01":-34.66,"pct_change_13vs98":-57.02,"pct_change_13vs93":-76.55,"pct_change_13vs90":-79.23,"crime":"TOTAL"}]}