{"mayor":"Bill de Blasio","commissioner":"William J. Bratton","volume":21,"number":28,"precinct":"103rd","startDate":"2014-07-07T04:00:00.000Z","endDate":"2014-07-13T04:00:00.000Z","crimes":[{"crime":"Murder","wtd_curr_yr":0,"wtd_prev_yr":0,"wtd_pct_change":null,"twentyeight_day_curr_yr":1,"twentyeight_day_prev_yr":1,"twentyeight_day_pct_change":0,"ytd_curr_yr":7,"ytd_prev_yr":4,"ytd_pct_change":75,"two_year_pct_change":-30,"six_year_pct_change":-12.5,"twentytwo_year_pct_change":-50},{"crime":"Rape","wtd_curr_yr":0,"wtd_prev_yr":0,"wtd_pct_change":null,"twentyeight_day_curr_yr":0,"twentyeight_day_prev_yr":2,"twentyeight_day_pct_change":-100,"ytd_curr_yr":8,"ytd_prev_yr":20,"ytd_pct_change":-60,"two_year_pct_change":-52.9,"six_year_pct_change":-38.5,"twentytwo_year_pct_change":-81},{"crime":"Robbery","wtd_curr_yr":7,"wtd_prev_yr":8,"wtd_pct_change":-12.5,"twentyeight_day_curr_yr":33,"twentyeight_day_prev_yr":26,"twentyeight_day_pct_change":26.9,"ytd_curr_yr":165,"ytd_prev_yr":233,"ytd_pct_change":-29.2,"two_year_pct_change":-23.3,"six_year_pct_change":5.8,"twentytwo_year_pct_change":-80.9},{"crime":"Fel. Assault","wtd_curr_yr":14,"wtd_prev_yr":10,"wtd_pct_change":40,"twentyeight_day_curr_yr":36,"twentyeight_day_prev_yr":36,"twentyeight_day_pct_change":0,"ytd_curr_yr":214,"ytd_prev_yr":199,"ytd_pct_change":7.5,"two_year_pct_change":6.5,"six_year_pct_change":7.5,"twentytwo_year_pct_change":-52.9},{"crime":"Burglary","wtd_curr_yr":2,"wtd_prev_yr":4,"wtd_pct_change":-50,"twentyeight_day_curr_yr":12,"twentyeight_day_prev_yr":23,"twentyeight_day_pct_change":-47.8,"ytd_curr_yr":110,"ytd_prev_yr":156,"ytd_pct_change":-29.5,"two_year_pct_change":-36.8,"six_year_pct_change":-24.1,"twentytwo_year_pct_change":-81.9},{"crime":"Gr. Larceny","wtd_curr_yr":10,"wtd_prev_yr":9,"wtd_pct_change":11.1,"twentyeight_day_curr_yr":48,"twentyeight_day_prev_yr":44,"twentyeight_day_pct_change":9.1,"ytd_curr_yr":248,"ytd_prev_yr":231,"ytd_pct_change":7.4,"two_year_pct_change":-5.3,"six_year_pct_change":7.8,"twentytwo_year_pct_change":-59.6},{"crime":"G.L.A.","wtd_curr_yr":3,"wtd_prev_yr":6,"wtd_pct_change":-50,"twentyeight_day_curr_yr":7,"twentyeight_day_prev_yr":15,"twentyeight_day_pct_change":-53.3,"ytd_curr_yr":77,"ytd_prev_yr":90,"ytd_pct_change":-14.4,"two_year_pct_change":-12.5,"six_year_pct_change":-15.4,"twentytwo_year_pct_change":-90.2},{"crime":"TOTAL","wtd_curr_yr":36,"wtd_prev_yr":37,"wtd_pct_change":-2.7,"twentyeight_day_curr_yr":137,"twentyeight_day_prev_yr":147,"twentyeight_day_pct_change":-6.8,"ytd_curr_yr":829,"ytd_prev_yr":933,"ytd_pct_change":-11.15,"two_year_pct_change":-14.27,"six_year_pct_change":-1.54,"twentytwo_year_pct_change":-75.46},{"crime":"Transit","wtd_curr_yr":0,"wtd_prev_yr":0,"wtd_pct_change":null,"twentyeight_day_curr_yr":1,"twentyeight_day_prev_yr":0,"twentyeight_day_pct_change":null,"ytd_curr_yr":12,"ytd_prev_yr":18,"ytd_pct_change":-33.3,"two_year_pct_change":-14.3,"six_year_pct_change":140,"twentytwo_year_pct_change":null},{"crime":"Housing","wtd_curr_yr":1,"wtd_prev_yr":1,"wtd_pct_change":0,"twentyeight_day_curr_yr":2,"twentyeight_day_prev_yr":4,"twentyeight_day_pct_change":-50,"ytd_curr_yr":14,"ytd_prev_yr":20,"ytd_pct_change":-30,"two_year_pct_change":-48.1,"six_year_pct_change":-6.7,"twentytwo_year_pct_change":null},{"crime":"Petit Larceny","wtd_curr_yr":15,"wtd_prev_yr":17,"wtd_pct_change":-11.8,"twentyeight_day_curr_yr":80,"twentyeight_day_prev_yr":91,"twentyeight_day_pct_change":-12.1,"ytd_curr_yr":605,"ytd_prev_yr":551,"ytd_pct_change":9.8,"two_year_pct_change":11.8,"six_year_pct_change":19.1,"twentytwo_year_pct_change":null},{"crime":"Misd. Assault","wtd_curr_yr":22,"wtd_prev_yr":26,"wtd_pct_change":-15.4,"twentyeight_day_curr_yr":69,"twentyeight_day_prev_yr":80,"twentyeight_day_pct_change":-13.8,"ytd_curr_yr":494,"ytd_prev_yr":519,"ytd_pct_change":-4.8,"two_year_pct_change":15.7,"six_year_pct_change":30.7,"twentytwo_year_pct_change":null},{"crime":"Misd. Sex Crimes","wtd_curr_yr":0,"wtd_prev_yr":0,"wtd_pct_change":null,"twentyeight_day_curr_yr":3,"twentyeight_day_prev_yr":1,"twentyeight_day_pct_change":200,"ytd_curr_yr":18,"ytd_prev_yr":16,"ytd_pct_change":12.5,"two_year_pct_change":-28,"six_year_pct_change":0,"twentytwo_year_pct_change":null},{"crime":"Shooting Vic.","wtd_curr_yr":0,"wtd_prev_yr":1,"wtd_pct_change":-100,"twentyeight_day_curr_yr":1,"twentyeight_day_prev_yr":4,"twentyeight_day_pct_change":-75,"ytd_curr_yr":13,"ytd_prev_yr":14,"ytd_pct_change":-7.1,"two_year_pct_change":-55.2,"six_year_pct_change":-35,"twentytwo_year_pct_change":-83.3},{"crime":"Shooting Inc.","wtd_curr_yr":0,"wtd_prev_yr":1,"wtd_pct_change":-100,"twentyeight_day_curr_yr":1,"twentyeight_day_prev_yr":4,"twentyeight_day_pct_change":-75,"ytd_curr_yr":9,"ytd_prev_yr":13,"ytd_pct_change":-30.8,"two_year_pct_change":-65.4,"six_year_pct_change":-35.7,"twentytwo_year_pct_change":-87.7}],"historical":[{"yr_2012":10,"yr_1993":28,"yr_1998":16,"yr_2001":10,"yr_2013":8,"pct_change_13vs01":-20,"pct_change_13vs98":-50,"pct_change_13vs93":-71.4,"pct_change_13vs12":-20,"crime":"Murder"},{"yr_2012":34,"yr_1993":74,"yr_1998":45,"yr_2001":27,"yr_2013":37,"pct_change_13vs01":37,"pct_change_13vs98":-17.8,"pct_change_13vs93":-50,"pct_change_13vs12":8.8,"crime":"Rape"},{"yr_2012":1742,"yr_1993":751,"yr_1998":530,"yr_2001":438,"yr_2013":-17.4,"pct_change_13vs01":-41.7,"pct_change_13vs98":-74.9,"pct_change_13vs93":0.5,"pct_change_13vs12":null,"crime":"Robbery 436"},{"yr_2012":376,"yr_1993":853,"yr_1998":611,"yr_2001":406,"yr_2013":369,"pct_change_13vs01":-9.1,"pct_change_13vs98":-39.6,"pct_change_13vs93":-56.7,"pct_change_13vs12":-1.9,"crime":"Fel. Assault"},{"yr_2012":1166,"yr_1993":598,"yr_1998":449,"yr_2001":300,"yr_2013":-33.2,"pct_change_13vs01":-49.8,"pct_change_13vs98":-74.3,"pct_change_13vs93":-2.6,"pct_change_13vs12":null,"crime":"Burglary 308"},{"yr_2012":1214,"yr_1993":578,"yr_1998":587,"yr_2001":487,"yr_2013":-17,"pct_change_13vs01":-15.7,"pct_change_13vs98":-59.9,"pct_change_13vs93":-1.6,"pct_change_13vs12":null,"crime":"Gr. Larceny 495"},{"yr_2012":1591,"yr_1993":602,"yr_1998":472,"yr_2001":172,"yr_2013":-63.6,"pct_change_13vs01":-71.4,"pct_change_13vs98":-89.2,"pct_change_13vs93":-1.7,"pct_change_13vs12":null,"crime":"G.L.A. 175"},{"yr_2012":1834,"yr_1993":6668,"yr_1998":3201,"yr_2001":2481,"yr_2013":1811,"pct_change_13vs01":-27.01,"pct_change_13vs98":-43.42,"pct_change_13vs93":-72.84,"pct_change_13vs12":-1.25,"crime":"TOTAL"}]}