{"mayor":"Bill de Blasio","commissioner":"William J. Bratton","volume":21,"number":48,"precinct":"107th","startDate":"2014-11-24T05:00:00.000Z","endDate":"2014-11-30T05:00:00.000Z","crimes":[{"crime":"Murder","wtd_curr_yr":0,"wtd_prev_yr":0,"wtd_pct_change":null,"twentyeight_day_curr_yr":0,"twentyeight_day_prev_yr":0,"twentyeight_day_pct_change":null,"ytd_curr_yr":1,"ytd_prev_yr":1,"ytd_pct_change":0,"two_year_pct_change":0,"six_year_pct_change":-66.7,"twentytwo_year_pct_change":-83.3},{"crime":"Rape","wtd_curr_yr":1,"wtd_prev_yr":0,"wtd_pct_change":null,"twentyeight_day_curr_yr":2,"twentyeight_day_prev_yr":0,"twentyeight_day_pct_change":null,"ytd_curr_yr":22,"ytd_prev_yr":7,"ytd_pct_change":214.3,"two_year_pct_change":144.4,"six_year_pct_change":120,"twentytwo_year_pct_change":-24.1},{"crime":"Robbery","wtd_curr_yr":1,"wtd_prev_yr":7,"wtd_pct_change":-85.7,"twentyeight_day_curr_yr":21,"twentyeight_day_prev_yr":24,"twentyeight_day_pct_change":-12.5,"ytd_curr_yr":176,"ytd_prev_yr":222,"ytd_pct_change":-20.7,"two_year_pct_change":-21.1,"six_year_pct_change":-25.1,"twentytwo_year_pct_change":-81.3},{"crime":"Fel. Assault","wtd_curr_yr":2,"wtd_prev_yr":3,"wtd_pct_change":-33.3,"twentyeight_day_curr_yr":12,"twentyeight_day_prev_yr":9,"twentyeight_day_pct_change":33.3,"ytd_curr_yr":105,"ytd_prev_yr":125,"ytd_pct_change":-16,"two_year_pct_change":-15.3,"six_year_pct_change":26.5,"twentytwo_year_pct_change":-52.7},{"crime":"Burglary","wtd_curr_yr":3,"wtd_prev_yr":6,"wtd_pct_change":-50,"twentyeight_day_curr_yr":16,"twentyeight_day_prev_yr":20,"twentyeight_day_pct_change":-20,"ytd_curr_yr":155,"ytd_prev_yr":230,"ytd_pct_change":-32.6,"two_year_pct_change":-38.5,"six_year_pct_change":-40.8,"twentytwo_year_pct_change":-88.3},{"crime":"Gr. Larceny","wtd_curr_yr":6,"wtd_prev_yr":8,"wtd_pct_change":-25,"twentyeight_day_curr_yr":31,"twentyeight_day_prev_yr":59,"twentyeight_day_pct_change":-47.5,"ytd_curr_yr":410,"ytd_prev_yr":465,"ytd_pct_change":-11.8,"two_year_pct_change":-0.5,"six_year_pct_change":-5.7,"twentytwo_year_pct_change":-27.4},{"crime":"G.L.A.","wtd_curr_yr":0,"wtd_prev_yr":3,"wtd_pct_change":-100,"twentyeight_day_curr_yr":5,"twentyeight_day_prev_yr":10,"twentyeight_day_pct_change":-50,"ytd_curr_yr":131,"ytd_prev_yr":138,"ytd_pct_change":-5.1,"two_year_pct_change":-15.5,"six_year_pct_change":-34.2,"twentytwo_year_pct_change":-97.1},{"crime":"TOTAL","wtd_curr_yr":13,"wtd_prev_yr":27,"wtd_pct_change":-51.85,"twentyeight_day_curr_yr":87,"twentyeight_day_prev_yr":122,"twentyeight_day_pct_change":-28.69,"ytd_curr_yr":1000,"ytd_prev_yr":1188,"ytd_pct_change":-15.82,"two_year_pct_change":-14.97,"six_year_pct_change":-18.5,"twentytwo_year_pct_change":-86.89},{"crime":"Transit","wtd_curr_yr":1,"wtd_prev_yr":2,"wtd_pct_change":-50,"twentyeight_day_curr_yr":3,"twentyeight_day_prev_yr":4,"twentyeight_day_pct_change":-25,"ytd_curr_yr":28,"ytd_prev_yr":25,"ytd_pct_change":12,"two_year_pct_change":-3.4,"six_year_pct_change":27.3,"twentytwo_year_pct_change":null},{"crime":"Housing","wtd_curr_yr":0,"wtd_prev_yr":2,"wtd_pct_change":-100,"twentyeight_day_curr_yr":5,"twentyeight_day_prev_yr":3,"twentyeight_day_pct_change":66.7,"ytd_curr_yr":48,"ytd_prev_yr":48,"ytd_pct_change":0,"two_year_pct_change":-7.7,"six_year_pct_change":37.1,"twentytwo_year_pct_change":null},{"crime":"Petit Larceny","wtd_curr_yr":19,"wtd_prev_yr":22,"wtd_pct_change":-13.6,"twentyeight_day_curr_yr":72,"twentyeight_day_prev_yr":80,"twentyeight_day_pct_change":-10,"ytd_curr_yr":743,"ytd_prev_yr":787,"ytd_pct_change":-5.6,"two_year_pct_change":6.1,"six_year_pct_change":-18.3,"twentytwo_year_pct_change":null},{"crime":"Misd. Assault","wtd_curr_yr":5,"wtd_prev_yr":9,"wtd_pct_change":-44.4,"twentyeight_day_curr_yr":29,"twentyeight_day_prev_yr":33,"twentyeight_day_pct_change":-12.1,"ytd_curr_yr":336,"ytd_prev_yr":346,"ytd_pct_change":-2.9,"two_year_pct_change":4.3,"six_year_pct_change":-22,"twentytwo_year_pct_change":null},{"crime":"Misd. Sex Crimes","wtd_curr_yr":2,"wtd_prev_yr":0,"wtd_pct_change":null,"twentyeight_day_curr_yr":4,"twentyeight_day_prev_yr":2,"twentyeight_day_pct_change":100,"ytd_curr_yr":24,"ytd_prev_yr":23,"ytd_pct_change":4.3,"two_year_pct_change":-27.3,"six_year_pct_change":-7.7,"twentytwo_year_pct_change":null},{"crime":"Shooting Vic.","wtd_curr_yr":0,"wtd_prev_yr":0,"wtd_pct_change":null,"twentyeight_day_curr_yr":0,"twentyeight_day_prev_yr":0,"twentyeight_day_pct_change":null,"ytd_curr_yr":3,"ytd_prev_yr":2,"ytd_pct_change":50,"two_year_pct_change":-25,"six_year_pct_change":-40,"twentytwo_year_pct_change":-70},{"crime":"Shooting Inc.","wtd_curr_yr":0,"wtd_prev_yr":0,"wtd_pct_change":null,"twentyeight_day_curr_yr":0,"twentyeight_day_prev_yr":0,"twentyeight_day_pct_change":null,"ytd_curr_yr":3,"ytd_prev_yr":2,"ytd_pct_change":50,"two_year_pct_change":0,"six_year_pct_change":-40,"twentytwo_year_pct_change":-70}],"historical":[{"yr_1990":14,"yr_1993":8,"yr_1998":5,"yr_2001":4,"yr_2013":1,"pct_change_13vs01":-75,"pct_change_13vs98":-80,"pct_change_13vs93":-87.5,"pct_change_13vs90":-92.9,"crime":"Murder"},{"yr_1990":24,"yr_1993":32,"yr_1998":30,"yr_2001":15,"yr_2013":7,"pct_change_13vs01":-53.3,"pct_change_13vs98":-76.7,"pct_change_13vs93":-78.1,"pct_change_13vs90":-70.8,"crime":"Rape"},{"yr_1990":1039,"yr_1993":514,"yr_1998":375,"yr_2001":242,"yr_2013":-35.5,"pct_change_13vs01":-52.9,"pct_change_13vs98":-76.7,"pct_change_13vs93":-72.9,"pct_change_13vs90":null,"crime":"Robbery 893"},{"yr_1990":260,"yr_1993":239,"yr_1998":226,"yr_2001":153,"yr_2013":138,"pct_change_13vs01":-9.8,"pct_change_13vs98":-38.9,"pct_change_13vs93":-42.3,"pct_change_13vs90":-46.9,"crime":"Fel. Assault"},{"yr_1990":2152,"yr_1993":1425,"yr_1998":862,"yr_2001":632,"yr_2013":244,"pct_change_13vs01":-61.4,"pct_change_13vs98":-71.7,"pct_change_13vs93":-82.9,"pct_change_13vs90":-88.7,"crime":"Burglary"},{"yr_1990":805,"yr_1993":616,"yr_1998":614,"yr_2001":572,"yr_2013":517,"pct_change_13vs01":-9.6,"pct_change_13vs98":-15.8,"pct_change_13vs93":-16.1,"pct_change_13vs90":-35.8,"crime":"Gr. Larceny"},{"yr_1990":5535,"yr_1993":4902,"yr_1998":1560,"yr_2001":802,"yr_2013":149,"pct_change_13vs01":-81.4,"pct_change_13vs98":-90.4,"pct_change_13vs93":-97,"pct_change_13vs90":-97.3,"crime":"G.L.A."},{"yr_1990":9683,"yr_1993":8261,"yr_1998":3811,"yr_2001":2553,"yr_2013":1298,"pct_change_13vs01":-49.16,"pct_change_13vs98":-65.94,"pct_change_13vs93":-84.29,"pct_change_13vs90":-86.6,"crime":"TOTAL"}]}