{"mayor":"Bill de Blasio","commissioner":"William J. Bratton","volume":21,"number":17,"precinct":"105th","startDate":"2014-04-21T04:00:00.000Z","endDate":"2014-04-27T04:00:00.000Z","crimes":[{"crime":"Murder","wtd_curr_yr":0,"wtd_prev_yr":0,"wtd_pct_change":null,"twentyeight_day_curr_yr":0,"twentyeight_day_prev_yr":1,"twentyeight_day_pct_change":-100,"ytd_curr_yr":2,"ytd_prev_yr":2,"ytd_pct_change":0,"two_year_pct_change":-33.3,"six_year_pct_change":100,"twentytwo_year_pct_change":-66.7},{"crime":"Rape","wtd_curr_yr":2,"wtd_prev_yr":0,"wtd_pct_change":null,"twentyeight_day_curr_yr":2,"twentyeight_day_prev_yr":3,"twentyeight_day_pct_change":-33.3,"ytd_curr_yr":9,"ytd_prev_yr":7,"ytd_pct_change":28.6,"two_year_pct_change":0,"six_year_pct_change":-25,"twentytwo_year_pct_change":-35.7},{"crime":"Robbery","wtd_curr_yr":2,"wtd_prev_yr":6,"wtd_pct_change":-66.7,"twentyeight_day_curr_yr":7,"twentyeight_day_prev_yr":23,"twentyeight_day_pct_change":-69.6,"ytd_curr_yr":59,"ytd_prev_yr":124,"ytd_pct_change":-52.4,"two_year_pct_change":-49.1,"six_year_pct_change":-52.8,"twentytwo_year_pct_change":-81.6},{"crime":"Fel. Assault","wtd_curr_yr":5,"wtd_prev_yr":8,"wtd_pct_change":-37.5,"twentyeight_day_curr_yr":16,"twentyeight_day_prev_yr":20,"twentyeight_day_pct_change":-20,"ytd_curr_yr":88,"ytd_prev_yr":85,"ytd_pct_change":3.5,"two_year_pct_change":-2.2,"six_year_pct_change":17.3,"twentytwo_year_pct_change":-12.9},{"crime":"Burglary","wtd_curr_yr":3,"wtd_prev_yr":7,"wtd_pct_change":-57.1,"twentyeight_day_curr_yr":25,"twentyeight_day_prev_yr":33,"twentyeight_day_pct_change":-24.2,"ytd_curr_yr":86,"ytd_prev_yr":170,"ytd_pct_change":-49.4,"two_year_pct_change":-40.3,"six_year_pct_change":-39.4,"twentytwo_year_pct_change":-83.1},{"crime":"Gr. Larceny","wtd_curr_yr":14,"wtd_prev_yr":11,"wtd_pct_change":27.3,"twentyeight_day_curr_yr":41,"twentyeight_day_prev_yr":35,"twentyeight_day_pct_change":17.1,"ytd_curr_yr":154,"ytd_prev_yr":176,"ytd_pct_change":-12.5,"two_year_pct_change":-7.2,"six_year_pct_change":9.2,"twentytwo_year_pct_change":-8.9},{"crime":"G.L.A.","wtd_curr_yr":7,"wtd_prev_yr":5,"wtd_pct_change":40,"twentyeight_day_curr_yr":26,"twentyeight_day_prev_yr":21,"twentyeight_day_pct_change":23.8,"ytd_curr_yr":71,"ytd_prev_yr":78,"ytd_pct_change":-9,"two_year_pct_change":-34.9,"six_year_pct_change":-26.8,"twentytwo_year_pct_change":-93.5},{"crime":"TOTAL","wtd_curr_yr":33,"wtd_prev_yr":37,"wtd_pct_change":-10.81,"twentyeight_day_curr_yr":117,"twentyeight_day_prev_yr":136,"twentyeight_day_pct_change":-13.97,"ytd_curr_yr":469,"ytd_prev_yr":642,"ytd_pct_change":-26.95,"two_year_pct_change":-26.37,"six_year_pct_change":-20.91,"twentytwo_year_pct_change":-78.87},{"crime":"Transit","wtd_curr_yr":0,"wtd_prev_yr":0,"wtd_pct_change":null,"twentyeight_day_curr_yr":0,"twentyeight_day_prev_yr":0,"twentyeight_day_pct_change":null,"ytd_curr_yr":0,"ytd_prev_yr":0,"ytd_pct_change":null,"two_year_pct_change":null,"six_year_pct_change":null,"twentytwo_year_pct_change":null},{"crime":"Housing","wtd_curr_yr":0,"wtd_prev_yr":0,"wtd_pct_change":null,"twentyeight_day_curr_yr":0,"twentyeight_day_prev_yr":0,"twentyeight_day_pct_change":null,"ytd_curr_yr":0,"ytd_prev_yr":0,"ytd_pct_change":null,"two_year_pct_change":null,"six_year_pct_change":null,"twentytwo_year_pct_change":null},{"crime":"Petit Larceny","wtd_curr_yr":14,"wtd_prev_yr":17,"wtd_pct_change":-17.6,"twentyeight_day_curr_yr":60,"twentyeight_day_prev_yr":58,"twentyeight_day_pct_change":3.4,"ytd_curr_yr":228,"ytd_prev_yr":229,"ytd_pct_change":-0.4,"two_year_pct_change":0.4,"six_year_pct_change":-14.9,"twentytwo_year_pct_change":null},{"crime":"Misd. Assault","wtd_curr_yr":11,"wtd_prev_yr":11,"wtd_pct_change":0,"twentyeight_day_curr_yr":51,"twentyeight_day_prev_yr":47,"twentyeight_day_pct_change":8.5,"ytd_curr_yr":186,"ytd_prev_yr":169,"ytd_pct_change":10.1,"two_year_pct_change":-3.1,"six_year_pct_change":-22.2,"twentytwo_year_pct_change":null},{"crime":"Misd. Sex Crimes","wtd_curr_yr":0,"wtd_prev_yr":2,"wtd_pct_change":-100,"twentyeight_day_curr_yr":3,"twentyeight_day_prev_yr":5,"twentyeight_day_pct_change":-40,"ytd_curr_yr":8,"ytd_prev_yr":16,"ytd_pct_change":-50,"two_year_pct_change":-27.3,"six_year_pct_change":-20,"twentytwo_year_pct_change":null},{"crime":"Shooting Vic.","wtd_curr_yr":0,"wtd_prev_yr":2,"wtd_pct_change":-100,"twentyeight_day_curr_yr":0,"twentyeight_day_prev_yr":2,"twentyeight_day_pct_change":-100,"ytd_curr_yr":3,"ytd_prev_yr":8,"ytd_pct_change":-62.5,"two_year_pct_change":-80,"six_year_pct_change":-40,"twentytwo_year_pct_change":-81.2},{"crime":"Shooting Inc.","wtd_curr_yr":0,"wtd_prev_yr":2,"wtd_pct_change":-100,"twentyeight_day_curr_yr":0,"twentyeight_day_prev_yr":2,"twentyeight_day_pct_change":-100,"ytd_curr_yr":3,"ytd_prev_yr":7,"ytd_pct_change":-57.1,"two_year_pct_change":-76.9,"six_year_pct_change":-40,"twentytwo_year_pct_change":-80}],"historical":[{"yr_1990":30,"yr_1993":23,"yr_1998":7,"yr_2001":18,"yr_2013":3,"pct_change_13vs01":-83.3,"pct_change_13vs98":-57.1,"pct_change_13vs93":-87,"pct_change_13vs90":-90,"crime":"Murder"},{"yr_1990":56,"yr_1993":41,"yr_1998":52,"yr_2001":35,"yr_2013":18,"pct_change_13vs01":-48.6,"pct_change_13vs98":-65.4,"pct_change_13vs93":-56.1,"pct_change_13vs90":-67.9,"crime":"Rape"},{"yr_1990":1066,"yr_1993":1082,"yr_1998":557,"yr_2001":395,"yr_2013":331,"pct_change_13vs01":-16.2,"pct_change_13vs98":-40.6,"pct_change_13vs93":-69.4,"pct_change_13vs90":-68.9,"crime":"Robbery"},{"yr_1990":459,"yr_1993":409,"yr_1998":400,"yr_2001":329,"yr_2013":313,"pct_change_13vs01":-4.9,"pct_change_13vs98":-21.8,"pct_change_13vs93":-23.5,"pct_change_13vs90":-31.8,"crime":"Fel. Assault"},{"yr_1990":2199,"yr_1993":1640,"yr_1998":854,"yr_2001":630,"yr_2013":469,"pct_change_13vs01":-25.6,"pct_change_13vs98":-45.1,"pct_change_13vs93":-71.4,"pct_change_13vs90":-78.7,"crime":"Burglary"},{"yr_1990":699,"yr_1993":593,"yr_1998":444,"yr_2001":456,"yr_2013":520,"pct_change_13vs01":14,"pct_change_13vs98":17.1,"pct_change_13vs93":-12.3,"pct_change_13vs90":-25.6,"crime":"Gr. Larceny"},{"yr_1990":3534,"yr_1993":3476,"yr_1998":1360,"yr_2001":913,"yr_2013":263,"pct_change_13vs01":-71.2,"pct_change_13vs98":-80.7,"pct_change_13vs93":-92.4,"pct_change_13vs90":-92.6,"crime":"G.L.A."},{"yr_1990":8043,"yr_1993":7264,"yr_1998":3674,"yr_2001":2776,"yr_2013":1917,"pct_change_13vs01":-30.94,"pct_change_13vs98":-47.82,"pct_change_13vs93":-73.61,"pct_change_13vs90":-76.17,"crime":"TOTAL"}]}