{"mayor":"Bill de Blasio","commissioner":"William J. Bratton","volume":21,"number":22,"precinct":"107th","startDate":"2014-05-26T04:00:00.000Z","endDate":"2014-06-01T04:00:00.000Z","crimes":[{"crime":"Murder","wtd_curr_yr":0,"wtd_prev_yr":0,"wtd_pct_change":null,"twentyeight_day_curr_yr":0,"twentyeight_day_prev_yr":0,"twentyeight_day_pct_change":null,"ytd_curr_yr":0,"ytd_prev_yr":1,"ytd_pct_change":-100,"two_year_pct_change":null,"six_year_pct_change":null,"twentytwo_year_pct_change":-100},{"crime":"Rape","wtd_curr_yr":0,"wtd_prev_yr":0,"wtd_pct_change":null,"twentyeight_day_curr_yr":1,"twentyeight_day_prev_yr":1,"twentyeight_day_pct_change":0,"ytd_curr_yr":7,"ytd_prev_yr":6,"ytd_pct_change":16.7,"two_year_pct_change":133.3,"six_year_pct_change":250,"twentytwo_year_pct_change":-56.2},{"crime":"Robbery","wtd_curr_yr":6,"wtd_prev_yr":3,"wtd_pct_change":100,"twentyeight_day_curr_yr":14,"twentyeight_day_prev_yr":23,"twentyeight_day_pct_change":-39.1,"ytd_curr_yr":84,"ytd_prev_yr":96,"ytd_pct_change":-12.5,"two_year_pct_change":-10.6,"six_year_pct_change":-18.4,"twentytwo_year_pct_change":-77.6},{"crime":"Fel. Assault","wtd_curr_yr":1,"wtd_prev_yr":0,"wtd_pct_change":null,"twentyeight_day_curr_yr":9,"twentyeight_day_prev_yr":9,"twentyeight_day_pct_change":0,"ytd_curr_yr":33,"ytd_prev_yr":48,"ytd_pct_change":-31.2,"two_year_pct_change":-44.1,"six_year_pct_change":6.5,"twentytwo_year_pct_change":-64.5},{"crime":"Burglary","wtd_curr_yr":3,"wtd_prev_yr":6,"wtd_pct_change":-50,"twentyeight_day_curr_yr":9,"twentyeight_day_prev_yr":21,"twentyeight_day_pct_change":-57.1,"ytd_curr_yr":60,"ytd_prev_yr":105,"ytd_pct_change":-42.9,"two_year_pct_change":-42.9,"six_year_pct_change":-48.3,"twentytwo_year_pct_change":-90.6},{"crime":"Gr. Larceny","wtd_curr_yr":10,"wtd_prev_yr":13,"wtd_pct_change":-23.1,"twentyeight_day_curr_yr":37,"twentyeight_day_prev_yr":48,"twentyeight_day_pct_change":-22.9,"ytd_curr_yr":165,"ytd_prev_yr":171,"ytd_pct_change":-3.5,"two_year_pct_change":-19.5,"six_year_pct_change":-14.5,"twentytwo_year_pct_change":-32.1},{"crime":"G.L.A.","wtd_curr_yr":0,"wtd_prev_yr":5,"wtd_pct_change":-100,"twentyeight_day_curr_yr":13,"twentyeight_day_prev_yr":13,"twentyeight_day_pct_change":0,"ytd_curr_yr":46,"ytd_prev_yr":57,"ytd_pct_change":-19.3,"two_year_pct_change":-20.7,"six_year_pct_change":-48.9,"twentytwo_year_pct_change":-97.7},{"crime":"TOTAL","wtd_curr_yr":20,"wtd_prev_yr":27,"wtd_pct_change":-25.93,"twentyeight_day_curr_yr":83,"twentyeight_day_prev_yr":115,"twentyeight_day_pct_change":-27.83,"ytd_curr_yr":395,"ytd_prev_yr":484,"ytd_pct_change":-18.39,"two_year_pct_change":-24.62,"six_year_pct_change":-26.17,"twentytwo_year_pct_change":-88.41},{"crime":"Transit","wtd_curr_yr":1,"wtd_prev_yr":0,"wtd_pct_change":null,"twentyeight_day_curr_yr":1,"twentyeight_day_prev_yr":1,"twentyeight_day_pct_change":0,"ytd_curr_yr":9,"ytd_prev_yr":8,"ytd_pct_change":12.5,"two_year_pct_change":12.5,"six_year_pct_change":-10,"twentytwo_year_pct_change":null},{"crime":"Housing","wtd_curr_yr":2,"wtd_prev_yr":1,"wtd_pct_change":100,"twentyeight_day_curr_yr":6,"twentyeight_day_prev_yr":4,"twentyeight_day_pct_change":50,"ytd_curr_yr":23,"ytd_prev_yr":19,"ytd_pct_change":21.1,"two_year_pct_change":0,"six_year_pct_change":187.5,"twentytwo_year_pct_change":null},{"crime":"Petit Larceny","wtd_curr_yr":8,"wtd_prev_yr":20,"wtd_pct_change":-60,"twentyeight_day_curr_yr":54,"twentyeight_day_prev_yr":68,"twentyeight_day_pct_change":-20.6,"ytd_curr_yr":293,"ytd_prev_yr":320,"ytd_pct_change":-8.4,"two_year_pct_change":-12.3,"six_year_pct_change":-21,"twentytwo_year_pct_change":null},{"crime":"Misd. Assault","wtd_curr_yr":6,"wtd_prev_yr":5,"wtd_pct_change":20,"twentyeight_day_curr_yr":34,"twentyeight_day_prev_yr":27,"twentyeight_day_pct_change":25.9,"ytd_curr_yr":143,"ytd_prev_yr":145,"ytd_pct_change":-1.4,"two_year_pct_change":2.1,"six_year_pct_change":-27.4,"twentytwo_year_pct_change":null},{"crime":"Misd. Sex Crimes","wtd_curr_yr":2,"wtd_prev_yr":0,"wtd_pct_change":null,"twentyeight_day_curr_yr":3,"twentyeight_day_prev_yr":2,"twentyeight_day_pct_change":50,"ytd_curr_yr":11,"ytd_prev_yr":14,"ytd_pct_change":-21.4,"two_year_pct_change":10,"six_year_pct_change":10,"twentytwo_year_pct_change":null},{"crime":"Shooting Vic.","wtd_curr_yr":0,"wtd_prev_yr":0,"wtd_pct_change":null,"twentyeight_day_curr_yr":2,"twentyeight_day_prev_yr":0,"twentyeight_day_pct_change":null,"ytd_curr_yr":2,"ytd_prev_yr":1,"ytd_pct_change":100,"two_year_pct_change":100,"six_year_pct_change":100,"twentytwo_year_pct_change":-77.8},{"crime":"Shooting Inc.","wtd_curr_yr":0,"wtd_prev_yr":0,"wtd_pct_change":null,"twentyeight_day_curr_yr":2,"twentyeight_day_prev_yr":0,"twentyeight_day_pct_change":null,"ytd_curr_yr":2,"ytd_prev_yr":1,"ytd_pct_change":100,"two_year_pct_change":100,"six_year_pct_change":100,"twentytwo_year_pct_change":-77.8}],"historical":[{"yr_1990":14,"yr_1993":8,"yr_1998":5,"yr_2001":4,"yr_2013":1,"pct_change_13vs01":-75,"pct_change_13vs98":-80,"pct_change_13vs93":-87.5,"pct_change_13vs90":-92.9,"crime":"Murder"},{"yr_1990":24,"yr_1993":32,"yr_1998":30,"yr_2001":15,"yr_2013":7,"pct_change_13vs01":-53.3,"pct_change_13vs98":-76.7,"pct_change_13vs93":-78.1,"pct_change_13vs90":-70.8,"crime":"Rape"},{"yr_1990":1039,"yr_1993":514,"yr_1998":375,"yr_2001":242,"yr_2013":-35.5,"pct_change_13vs01":-52.9,"pct_change_13vs98":-76.7,"pct_change_13vs93":-72.9,"pct_change_13vs90":null,"crime":"Robbery 893"},{"yr_1990":260,"yr_1993":239,"yr_1998":226,"yr_2001":153,"yr_2013":138,"pct_change_13vs01":-9.8,"pct_change_13vs98":-38.9,"pct_change_13vs93":-42.3,"pct_change_13vs90":-46.9,"crime":"Fel. Assault"},{"yr_1990":2152,"yr_1993":1425,"yr_1998":862,"yr_2001":632,"yr_2013":244,"pct_change_13vs01":-61.4,"pct_change_13vs98":-71.7,"pct_change_13vs93":-82.9,"pct_change_13vs90":-88.7,"crime":"Burglary"},{"yr_1990":805,"yr_1993":616,"yr_1998":614,"yr_2001":572,"yr_2013":517,"pct_change_13vs01":-9.6,"pct_change_13vs98":-15.8,"pct_change_13vs93":-16.1,"pct_change_13vs90":-35.8,"crime":"Gr. Larceny"},{"yr_1990":5535,"yr_1993":4902,"yr_1998":1560,"yr_2001":802,"yr_2013":149,"pct_change_13vs01":-81.4,"pct_change_13vs98":-90.4,"pct_change_13vs93":-97,"pct_change_13vs90":-97.3,"crime":"G.L.A."},{"yr_1990":9683,"yr_1993":8261,"yr_1998":3811,"yr_2001":2553,"yr_2013":1298,"pct_change_13vs01":-49.16,"pct_change_13vs98":-65.94,"pct_change_13vs93":-84.29,"pct_change_13vs90":-86.6,"crime":"TOTAL"}]}