{"mayor":"Bill de Blasio","commissioner":"William J. Bratton","volume":21,"number":49,"precinct":"101st","startDate":"2014-12-01T05:00:00.000Z","endDate":"2014-12-07T05:00:00.000Z","crimes":[{"crime":"Murder","wtd_curr_yr":0,"wtd_prev_yr":0,"wtd_pct_change":null,"twentyeight_day_curr_yr":0,"twentyeight_day_prev_yr":0,"twentyeight_day_pct_change":null,"ytd_curr_yr":5,"ytd_prev_yr":2,"ytd_pct_change":150,"two_year_pct_change":-16.7,"six_year_pct_change":-37.5,"twentytwo_year_pct_change":-68.8},{"crime":"Rape","wtd_curr_yr":0,"wtd_prev_yr":2,"wtd_pct_change":-100,"twentyeight_day_curr_yr":0,"twentyeight_day_prev_yr":4,"twentyeight_day_pct_change":-100,"ytd_curr_yr":12,"ytd_prev_yr":19,"ytd_pct_change":-36.8,"two_year_pct_change":-14.3,"six_year_pct_change":-33.3,"twentytwo_year_pct_change":-70.7},{"crime":"Robbery","wtd_curr_yr":4,"wtd_prev_yr":4,"wtd_pct_change":0,"twentyeight_day_curr_yr":13,"twentyeight_day_prev_yr":12,"twentyeight_day_pct_change":8.3,"ytd_curr_yr":128,"ytd_prev_yr":137,"ytd_pct_change":-6.6,"two_year_pct_change":-5.2,"six_year_pct_change":8.5,"twentytwo_year_pct_change":-80.6},{"crime":"Fel. Assault","wtd_curr_yr":4,"wtd_prev_yr":5,"wtd_pct_change":-20,"twentyeight_day_curr_yr":20,"twentyeight_day_prev_yr":13,"twentyeight_day_pct_change":53.8,"ytd_curr_yr":262,"ytd_prev_yr":199,"ytd_pct_change":31.7,"two_year_pct_change":12.9,"six_year_pct_change":65.8,"twentytwo_year_pct_change":-46.2},{"crime":"Burglary","wtd_curr_yr":3,"wtd_prev_yr":3,"wtd_pct_change":0,"twentyeight_day_curr_yr":9,"twentyeight_day_prev_yr":19,"twentyeight_day_pct_change":-52.6,"ytd_curr_yr":144,"ytd_prev_yr":218,"ytd_pct_change":-33.9,"two_year_pct_change":-37.1,"six_year_pct_change":39.8,"twentytwo_year_pct_change":-80.2},{"crime":"Gr. Larceny","wtd_curr_yr":7,"wtd_prev_yr":7,"wtd_pct_change":0,"twentyeight_day_curr_yr":17,"twentyeight_day_prev_yr":18,"twentyeight_day_pct_change":-5.6,"ytd_curr_yr":186,"ytd_prev_yr":167,"ytd_pct_change":11.4,"two_year_pct_change":-2.6,"six_year_pct_change":33.8,"twentytwo_year_pct_change":-40},{"crime":"G.L.A.","wtd_curr_yr":1,"wtd_prev_yr":1,"wtd_pct_change":0,"twentyeight_day_curr_yr":2,"twentyeight_day_prev_yr":5,"twentyeight_day_pct_change":-60,"ytd_curr_yr":69,"ytd_prev_yr":55,"ytd_pct_change":25.5,"two_year_pct_change":32.7,"six_year_pct_change":11.3,"twentytwo_year_pct_change":-84.3},{"crime":"TOTAL","wtd_curr_yr":19,"wtd_prev_yr":22,"wtd_pct_change":-13.64,"twentyeight_day_curr_yr":61,"twentyeight_day_prev_yr":71,"twentyeight_day_pct_change":-14.08,"ytd_curr_yr":806,"ytd_prev_yr":797,"ytd_pct_change":1.13,"two_year_pct_change":-6.17,"six_year_pct_change":33,"twentytwo_year_pct_change":-69.97},{"crime":"Transit","wtd_curr_yr":1,"wtd_prev_yr":0,"wtd_pct_change":null,"twentyeight_day_curr_yr":1,"twentyeight_day_prev_yr":0,"twentyeight_day_pct_change":null,"ytd_curr_yr":10,"ytd_prev_yr":8,"ytd_pct_change":25,"two_year_pct_change":-47.4,"six_year_pct_change":-16.7,"twentytwo_year_pct_change":null},{"crime":"Housing","wtd_curr_yr":2,"wtd_prev_yr":4,"wtd_pct_change":-50,"twentyeight_day_curr_yr":7,"twentyeight_day_prev_yr":9,"twentyeight_day_pct_change":-22.2,"ytd_curr_yr":93,"ytd_prev_yr":83,"ytd_pct_change":12,"two_year_pct_change":6.9,"six_year_pct_change":25.7,"twentytwo_year_pct_change":null},{"crime":"Petit Larceny","wtd_curr_yr":4,"wtd_prev_yr":18,"wtd_pct_change":-77.8,"twentyeight_day_curr_yr":34,"twentyeight_day_prev_yr":57,"twentyeight_day_pct_change":-40.4,"ytd_curr_yr":477,"ytd_prev_yr":513,"ytd_pct_change":-7,"two_year_pct_change":6.2,"six_year_pct_change":19.2,"twentytwo_year_pct_change":null},{"crime":"Misd. Assault","wtd_curr_yr":6,"wtd_prev_yr":2,"wtd_pct_change":200,"twentyeight_day_curr_yr":32,"twentyeight_day_prev_yr":32,"twentyeight_day_pct_change":0,"ytd_curr_yr":425,"ytd_prev_yr":463,"ytd_pct_change":-8.2,"two_year_pct_change":0.5,"six_year_pct_change":17.4,"twentytwo_year_pct_change":null},{"crime":"Misd. Sex Crimes","wtd_curr_yr":0,"wtd_prev_yr":0,"wtd_pct_change":null,"twentyeight_day_curr_yr":0,"twentyeight_day_prev_yr":3,"twentyeight_day_pct_change":-100,"ytd_curr_yr":14,"ytd_prev_yr":16,"ytd_pct_change":-12.5,"two_year_pct_change":-26.3,"six_year_pct_change":-39.1,"twentytwo_year_pct_change":null},{"crime":"Shooting Vic.","wtd_curr_yr":1,"wtd_prev_yr":0,"wtd_pct_change":null,"twentyeight_day_curr_yr":3,"twentyeight_day_prev_yr":0,"twentyeight_day_pct_change":null,"ytd_curr_yr":29,"ytd_prev_yr":15,"ytd_pct_change":93.3,"two_year_pct_change":-17.1,"six_year_pct_change":-6.5,"twentytwo_year_pct_change":-32.6},{"crime":"Shooting Inc.","wtd_curr_yr":1,"wtd_prev_yr":0,"wtd_pct_change":null,"twentyeight_day_curr_yr":3,"twentyeight_day_prev_yr":0,"twentyeight_day_pct_change":null,"ytd_curr_yr":28,"ytd_prev_yr":13,"ytd_pct_change":115.4,"two_year_pct_change":-12.5,"six_year_pct_change":3.7,"twentytwo_year_pct_change":-31.7}],"historical":[{"yr_1990":14,"yr_1993":16,"yr_1998":9,"yr_2001":6,"yr_2013":3,"pct_change_13vs01":-50,"pct_change_13vs98":-66.7,"pct_change_13vs93":-81.2,"pct_change_13vs90":-78.6,"crime":"Murder"},{"yr_1990":67,"yr_1993":42,"yr_1998":32,"yr_2001":17,"yr_2013":19,"pct_change_13vs01":11.8,"pct_change_13vs98":-40.6,"pct_change_13vs93":-54.8,"pct_change_13vs90":-71.6,"crime":"Rape"},{"yr_1990":826,"yr_1993":710,"yr_1998":413,"yr_2001":247,"yr_2013":148,"pct_change_13vs01":-40.1,"pct_change_13vs98":-64.2,"pct_change_13vs93":-79.2,"pct_change_13vs90":-82.1,"crime":"Robbery"},{"yr_1990":588,"yr_1993":524,"yr_1998":418,"yr_2001":301,"yr_2013":212,"pct_change_13vs01":-29.6,"pct_change_13vs98":-49.3,"pct_change_13vs93":-59.5,"pct_change_13vs90":-63.9,"crime":"Fel. Assault"},{"yr_1990":825,"yr_1993":768,"yr_1998":370,"yr_2001":216,"yr_2013":227,"pct_change_13vs01":5.1,"pct_change_13vs98":-38.6,"pct_change_13vs93":-70.4,"pct_change_13vs90":-72.5,"crime":"Burglary"},{"yr_1990":362,"yr_1993":330,"yr_1998":203,"yr_2001":189,"yr_2013":182,"pct_change_13vs01":-3.7,"pct_change_13vs98":-10.3,"pct_change_13vs93":-44.8,"pct_change_13vs90":-49.7,"crime":"Gr. Larceny"},{"yr_1990":719,"yr_1993":460,"yr_1998":184,"yr_2001":158,"yr_2013":61,"pct_change_13vs01":-61.4,"pct_change_13vs98":-66.8,"pct_change_13vs93":-86.7,"pct_change_13vs90":-91.5,"crime":"G.L.A."},{"yr_1990":3401,"yr_1993":2850,"yr_1998":1629,"yr_2001":1134,"yr_2013":852,"pct_change_13vs01":-24.87,"pct_change_13vs98":-47.7,"pct_change_13vs93":-70.11,"pct_change_13vs90":-74.95,"crime":"TOTAL"}]}