{"mayor":"Bill de Blasio","commissioner":"William J. Bratton","volume":21,"number":11,"precinct":"105th","startDate":"2014-03-10T04:00:00.000Z","endDate":"2014-03-16T04:00:00.000Z","crimes":[{"crime":"Murder","wtd_curr_yr":0,"wtd_prev_yr":0,"wtd_pct_change":null,"twentyeight_day_curr_yr":0,"twentyeight_day_prev_yr":0,"twentyeight_day_pct_change":null,"ytd_curr_yr":1,"ytd_prev_yr":0,"ytd_pct_change":null,"two_year_pct_change":-66.7,"six_year_pct_change":null,"twentytwo_year_pct_change":-66.7},{"crime":"Rape","wtd_curr_yr":0,"wtd_prev_yr":1,"wtd_pct_change":-100,"twentyeight_day_curr_yr":2,"twentyeight_day_prev_yr":2,"twentyeight_day_pct_change":0,"ytd_curr_yr":5,"ytd_prev_yr":3,"ytd_pct_change":66.7,"two_year_pct_change":-16.7,"six_year_pct_change":-28.6,"twentytwo_year_pct_change":-16.7},{"crime":"Robbery","wtd_curr_yr":3,"wtd_prev_yr":11,"wtd_pct_change":-72.7,"twentyeight_day_curr_yr":18,"twentyeight_day_prev_yr":28,"twentyeight_day_pct_change":-35.7,"ytd_curr_yr":47,"ytd_prev_yr":90,"ytd_pct_change":-47.8,"two_year_pct_change":-42,"six_year_pct_change":-11.3,"twentytwo_year_pct_change":-77.6},{"crime":"Fel. Assault","wtd_curr_yr":4,"wtd_prev_yr":1,"wtd_pct_change":300,"twentyeight_day_curr_yr":12,"twentyeight_day_prev_yr":16,"twentyeight_day_pct_change":-25,"ytd_curr_yr":54,"ytd_prev_yr":51,"ytd_pct_change":5.9,"two_year_pct_change":-14.3,"six_year_pct_change":-11.5,"twentytwo_year_pct_change":-22.9},{"crime":"Burglary","wtd_curr_yr":2,"wtd_prev_yr":15,"wtd_pct_change":-86.7,"twentyeight_day_curr_yr":23,"twentyeight_day_prev_yr":39,"twentyeight_day_pct_change":-41,"ytd_curr_yr":51,"ytd_prev_yr":123,"ytd_pct_change":-58.5,"two_year_pct_change":-50,"six_year_pct_change":-52.3,"twentytwo_year_pct_change":-80.7},{"crime":"Gr. Larceny","wtd_curr_yr":14,"wtd_prev_yr":11,"wtd_pct_change":27.3,"twentyeight_day_curr_yr":42,"twentyeight_day_prev_yr":47,"twentyeight_day_pct_change":-10.6,"ytd_curr_yr":96,"ytd_prev_yr":128,"ytd_pct_change":-25,"two_year_pct_change":-14.3,"six_year_pct_change":15.7,"twentytwo_year_pct_change":-5},{"crime":"G.L.A.","wtd_curr_yr":4,"wtd_prev_yr":4,"wtd_pct_change":0,"twentyeight_day_curr_yr":12,"twentyeight_day_prev_yr":14,"twentyeight_day_pct_change":-14.3,"ytd_curr_yr":39,"ytd_prev_yr":50,"ytd_pct_change":-22,"two_year_pct_change":-41.8,"six_year_pct_change":-79.6,"twentytwo_year_pct_change":-94.1},{"crime":"TOTAL","wtd_curr_yr":27,"wtd_prev_yr":43,"wtd_pct_change":-37.21,"twentyeight_day_curr_yr":109,"twentyeight_day_prev_yr":146,"twentyeight_day_pct_change":-25.34,"ytd_curr_yr":293,"ytd_prev_yr":445,"ytd_pct_change":-34.16,"two_year_pct_change":-32.49,"six_year_pct_change":-41.63,"twentytwo_year_pct_change":-77.75},{"crime":"Transit","wtd_curr_yr":0,"wtd_prev_yr":0,"wtd_pct_change":null,"twentyeight_day_curr_yr":0,"twentyeight_day_prev_yr":0,"twentyeight_day_pct_change":null,"ytd_curr_yr":0,"ytd_prev_yr":0,"ytd_pct_change":null,"two_year_pct_change":null,"six_year_pct_change":null,"twentytwo_year_pct_change":null},{"crime":"Housing","wtd_curr_yr":0,"wtd_prev_yr":0,"wtd_pct_change":null,"twentyeight_day_curr_yr":0,"twentyeight_day_prev_yr":0,"twentyeight_day_pct_change":null,"ytd_curr_yr":0,"ytd_prev_yr":0,"ytd_pct_change":null,"two_year_pct_change":null,"six_year_pct_change":null,"twentytwo_year_pct_change":null},{"crime":"Petit Larceny","wtd_curr_yr":11,"wtd_prev_yr":12,"wtd_pct_change":-8.3,"twentyeight_day_curr_yr":48,"twentyeight_day_prev_yr":53,"twentyeight_day_pct_change":-9.4,"ytd_curr_yr":143,"ytd_prev_yr":145,"ytd_pct_change":-1.4,"two_year_pct_change":0.7,"six_year_pct_change":null,"twentytwo_year_pct_change":null},{"crime":"Misd. Assault","wtd_curr_yr":16,"wtd_prev_yr":8,"wtd_pct_change":100,"twentyeight_day_curr_yr":47,"twentyeight_day_prev_yr":36,"twentyeight_day_pct_change":30.6,"ytd_curr_yr":119,"ytd_prev_yr":98,"ytd_pct_change":21.4,"two_year_pct_change":3.5,"six_year_pct_change":null,"twentytwo_year_pct_change":null},{"crime":"Misd. Sex Crimes","wtd_curr_yr":0,"wtd_prev_yr":3,"wtd_pct_change":-100,"twentyeight_day_curr_yr":1,"twentyeight_day_prev_yr":4,"twentyeight_day_pct_change":-75,"ytd_curr_yr":5,"ytd_prev_yr":11,"ytd_pct_change":-54.5,"two_year_pct_change":-44.4,"six_year_pct_change":null,"twentytwo_year_pct_change":null},{"crime":"Shooting Vic.","wtd_curr_yr":0,"wtd_prev_yr":0,"wtd_pct_change":null,"twentyeight_day_curr_yr":0,"twentyeight_day_prev_yr":3,"twentyeight_day_pct_change":-100,"ytd_curr_yr":2,"ytd_prev_yr":6,"ytd_pct_change":-66.7,"two_year_pct_change":-81.8,"six_year_pct_change":-33.3,"twentytwo_year_pct_change":-77.8},{"crime":"Shooting Inc.","wtd_curr_yr":0,"wtd_prev_yr":0,"wtd_pct_change":null,"twentyeight_day_curr_yr":0,"twentyeight_day_prev_yr":3,"twentyeight_day_pct_change":-100,"ytd_curr_yr":2,"ytd_prev_yr":5,"ytd_pct_change":-60,"two_year_pct_change":-77.8,"six_year_pct_change":-33.3,"twentytwo_year_pct_change":-77.8}],"historical":[{"yr_1990":30,"yr_1993":23,"yr_1998":7,"yr_2001":18,"yr_2013":3,"pct_change_13vs01":-83.3,"pct_change_13vs98":-57.1,"pct_change_13vs93":-87,"pct_change_13vs90":-90,"crime":"Murder"},{"yr_1990":56,"yr_1993":41,"yr_1998":52,"yr_2001":35,"yr_2013":18,"pct_change_13vs01":-48.6,"pct_change_13vs98":-65.4,"pct_change_13vs93":-56.1,"pct_change_13vs90":-67.9,"crime":"Rape"},{"yr_1990":1066,"yr_1993":1082,"yr_1998":557,"yr_2001":395,"yr_2013":331,"pct_change_13vs01":-16.2,"pct_change_13vs98":-40.6,"pct_change_13vs93":-69.4,"pct_change_13vs90":-68.9,"crime":"Robbery"},{"yr_1990":459,"yr_1993":409,"yr_1998":400,"yr_2001":329,"yr_2013":313,"pct_change_13vs01":-4.9,"pct_change_13vs98":-21.8,"pct_change_13vs93":-23.5,"pct_change_13vs90":-31.8,"crime":"Fel. Assault"},{"yr_1990":2199,"yr_1993":1640,"yr_1998":854,"yr_2001":630,"yr_2013":469,"pct_change_13vs01":-25.6,"pct_change_13vs98":-45.1,"pct_change_13vs93":-71.4,"pct_change_13vs90":-78.7,"crime":"Burglary"},{"yr_1990":699,"yr_1993":593,"yr_1998":444,"yr_2001":456,"yr_2013":520,"pct_change_13vs01":14,"pct_change_13vs98":17.1,"pct_change_13vs93":-12.3,"pct_change_13vs90":-25.6,"crime":"Gr. Larceny"},{"yr_1990":3534,"yr_1993":3476,"yr_1998":1360,"yr_2001":913,"yr_2013":263,"pct_change_13vs01":-71.2,"pct_change_13vs98":-80.7,"pct_change_13vs93":-92.4,"pct_change_13vs90":-92.6,"crime":"G.L.A."},{"yr_1990":8043,"yr_1993":7264,"yr_1998":3674,"yr_2001":2776,"yr_2013":1917,"pct_change_13vs01":-30.94,"pct_change_13vs98":-47.82,"pct_change_13vs93":-73.61,"pct_change_13vs90":-76.17,"crime":"TOTAL"}]}