{"mayor":"Bill de Blasio","commissioner":"William J. Bratton","volume":21,"number":20,"precinct":"105th","startDate":"2014-05-12T04:00:00.000Z","endDate":"2014-05-18T04:00:00.000Z","crimes":[{"crime":"Murder","wtd_curr_yr":0,"wtd_prev_yr":0,"wtd_pct_change":null,"twentyeight_day_curr_yr":0,"twentyeight_day_prev_yr":0,"twentyeight_day_pct_change":null,"ytd_curr_yr":2,"ytd_prev_yr":2,"ytd_pct_change":0,"two_year_pct_change":-33.3,"six_year_pct_change":0,"twentytwo_year_pct_change":-66.7},{"crime":"Rape","wtd_curr_yr":0,"wtd_prev_yr":0,"wtd_pct_change":null,"twentyeight_day_curr_yr":2,"twentyeight_day_prev_yr":1,"twentyeight_day_pct_change":100,"ytd_curr_yr":9,"ytd_prev_yr":8,"ytd_pct_change":12.5,"two_year_pct_change":-18.2,"six_year_pct_change":-43.8,"twentytwo_year_pct_change":-47.1},{"crime":"Robbery","wtd_curr_yr":5,"wtd_prev_yr":7,"wtd_pct_change":-28.6,"twentyeight_day_curr_yr":18,"twentyeight_day_prev_yr":24,"twentyeight_day_pct_change":-25,"ytd_curr_yr":75,"ytd_prev_yr":142,"ytd_pct_change":-47.2,"two_year_pct_change":-44.9,"six_year_pct_change":-49.3,"twentytwo_year_pct_change":-79.6},{"crime":"Fel. Assault","wtd_curr_yr":2,"wtd_prev_yr":11,"wtd_pct_change":-81.8,"twentyeight_day_curr_yr":23,"twentyeight_day_prev_yr":28,"twentyeight_day_pct_change":-17.9,"ytd_curr_yr":107,"ytd_prev_yr":105,"ytd_pct_change":1.9,"two_year_pct_change":-7,"six_year_pct_change":11.5,"twentytwo_year_pct_change":-13},{"crime":"Burglary","wtd_curr_yr":4,"wtd_prev_yr":5,"wtd_pct_change":-20,"twentyeight_day_curr_yr":15,"twentyeight_day_prev_yr":28,"twentyeight_day_pct_change":-46.4,"ytd_curr_yr":99,"ytd_prev_yr":191,"ytd_pct_change":-48.2,"two_year_pct_change":-44.4,"six_year_pct_change":-40.4,"twentytwo_year_pct_change":-83.9},{"crime":"Gr. Larceny","wtd_curr_yr":9,"wtd_prev_yr":9,"wtd_pct_change":0,"twentyeight_day_curr_yr":37,"twentyeight_day_prev_yr":43,"twentyeight_day_pct_change":-14,"ytd_curr_yr":180,"ytd_prev_yr":208,"ytd_pct_change":-13.5,"two_year_pct_change":-6.7,"six_year_pct_change":5.9,"twentytwo_year_pct_change":-14.7},{"crime":"G.L.A.","wtd_curr_yr":3,"wtd_prev_yr":2,"wtd_pct_change":50,"twentyeight_day_curr_yr":23,"twentyeight_day_prev_yr":17,"twentyeight_day_pct_change":35.3,"ytd_curr_yr":86,"ytd_prev_yr":90,"ytd_pct_change":-4.4,"two_year_pct_change":-32.3,"six_year_pct_change":-26.5,"twentytwo_year_pct_change":-93.3},{"crime":"TOTAL","wtd_curr_yr":23,"wtd_prev_yr":34,"wtd_pct_change":-32.35,"twentyeight_day_curr_yr":118,"twentyeight_day_prev_yr":141,"twentyeight_day_pct_change":-16.31,"ytd_curr_yr":558,"ytd_prev_yr":746,"ytd_pct_change":-25.2,"two_year_pct_change":-26.87,"six_year_pct_change":-21.96,"twentytwo_year_pct_change":-78.67},{"crime":"Transit","wtd_curr_yr":0,"wtd_prev_yr":0,"wtd_pct_change":null,"twentyeight_day_curr_yr":0,"twentyeight_day_prev_yr":0,"twentyeight_day_pct_change":null,"ytd_curr_yr":0,"ytd_prev_yr":0,"ytd_pct_change":null,"two_year_pct_change":null,"six_year_pct_change":null,"twentytwo_year_pct_change":null},{"crime":"Housing","wtd_curr_yr":0,"wtd_prev_yr":0,"wtd_pct_change":null,"twentyeight_day_curr_yr":0,"twentyeight_day_prev_yr":0,"twentyeight_day_pct_change":null,"ytd_curr_yr":0,"ytd_prev_yr":0,"ytd_pct_change":null,"two_year_pct_change":null,"six_year_pct_change":null,"twentytwo_year_pct_change":null},{"crime":"Petit Larceny","wtd_curr_yr":14,"wtd_prev_yr":17,"wtd_pct_change":-17.6,"twentyeight_day_curr_yr":47,"twentyeight_day_prev_yr":60,"twentyeight_day_pct_change":-21.7,"ytd_curr_yr":261,"ytd_prev_yr":272,"ytd_pct_change":-4,"two_year_pct_change":-11.8,"six_year_pct_change":-23.7,"twentytwo_year_pct_change":null},{"crime":"Misd. Assault","wtd_curr_yr":14,"wtd_prev_yr":18,"wtd_pct_change":-22.2,"twentyeight_day_curr_yr":60,"twentyeight_day_prev_yr":52,"twentyeight_day_pct_change":15.4,"ytd_curr_yr":234,"ytd_prev_yr":210,"ytd_pct_change":11.4,"two_year_pct_change":0,"six_year_pct_change":-14.6,"twentytwo_year_pct_change":null},{"crime":"Misd. Sex Crimes","wtd_curr_yr":1,"wtd_prev_yr":0,"wtd_pct_change":null,"twentyeight_day_curr_yr":1,"twentyeight_day_prev_yr":2,"twentyeight_day_pct_change":-50,"ytd_curr_yr":9,"ytd_prev_yr":16,"ytd_pct_change":-43.8,"two_year_pct_change":-30.8,"six_year_pct_change":-35.7,"twentytwo_year_pct_change":null},{"crime":"Shooting Vic.","wtd_curr_yr":0,"wtd_prev_yr":0,"wtd_pct_change":null,"twentyeight_day_curr_yr":0,"twentyeight_day_prev_yr":2,"twentyeight_day_pct_change":-100,"ytd_curr_yr":3,"ytd_prev_yr":8,"ytd_pct_change":-62.5,"two_year_pct_change":-81.2,"six_year_pct_change":-66.7,"twentytwo_year_pct_change":-85},{"crime":"Shooting Inc.","wtd_curr_yr":0,"wtd_prev_yr":0,"wtd_pct_change":null,"twentyeight_day_curr_yr":0,"twentyeight_day_prev_yr":2,"twentyeight_day_pct_change":-100,"ytd_curr_yr":3,"ytd_prev_yr":7,"ytd_pct_change":-57.1,"two_year_pct_change":-78.6,"six_year_pct_change":-62.5,"twentytwo_year_pct_change":-84.2}],"historical":[{"yr_1990":30,"yr_1993":23,"yr_1998":7,"yr_2001":18,"yr_2013":3,"pct_change_13vs01":-83.3,"pct_change_13vs98":-57.1,"pct_change_13vs93":-87,"pct_change_13vs90":-90,"crime":"Murder"},{"yr_1990":56,"yr_1993":41,"yr_1998":52,"yr_2001":35,"yr_2013":18,"pct_change_13vs01":-48.6,"pct_change_13vs98":-65.4,"pct_change_13vs93":-56.1,"pct_change_13vs90":-67.9,"crime":"Rape"},{"yr_1990":1066,"yr_1993":1082,"yr_1998":557,"yr_2001":395,"yr_2013":331,"pct_change_13vs01":-16.2,"pct_change_13vs98":-40.6,"pct_change_13vs93":-69.4,"pct_change_13vs90":-68.9,"crime":"Robbery"},{"yr_1990":459,"yr_1993":409,"yr_1998":400,"yr_2001":329,"yr_2013":313,"pct_change_13vs01":-4.9,"pct_change_13vs98":-21.8,"pct_change_13vs93":-23.5,"pct_change_13vs90":-31.8,"crime":"Fel. Assault"},{"yr_1990":2199,"yr_1993":1640,"yr_1998":854,"yr_2001":630,"yr_2013":469,"pct_change_13vs01":-25.6,"pct_change_13vs98":-45.1,"pct_change_13vs93":-71.4,"pct_change_13vs90":-78.7,"crime":"Burglary"},{"yr_1990":699,"yr_1993":593,"yr_1998":444,"yr_2001":456,"yr_2013":520,"pct_change_13vs01":14,"pct_change_13vs98":17.1,"pct_change_13vs93":-12.3,"pct_change_13vs90":-25.6,"crime":"Gr. Larceny"},{"yr_1990":3534,"yr_1993":3476,"yr_1998":1360,"yr_2001":913,"yr_2013":263,"pct_change_13vs01":-71.2,"pct_change_13vs98":-80.7,"pct_change_13vs93":-92.4,"pct_change_13vs90":-92.6,"crime":"G.L.A."},{"yr_1990":8043,"yr_1993":7264,"yr_1998":3674,"yr_2001":2776,"yr_2013":1917,"pct_change_13vs01":-30.94,"pct_change_13vs98":-47.82,"pct_change_13vs93":-73.61,"pct_change_13vs90":-76.17,"crime":"TOTAL"}]}