{"mayor":"Bill de Blasio","commissioner":"William J. Bratton","volume":21,"number":44,"precinct":"103rd","startDate":"2014-10-27T04:00:00.000Z","endDate":"2014-11-02T04:00:00.000Z","crimes":[{"crime":"Murder","wtd_curr_yr":0,"wtd_prev_yr":0,"wtd_pct_change":null,"twentyeight_day_curr_yr":1,"twentyeight_day_prev_yr":0,"twentyeight_day_pct_change":null,"ytd_curr_yr":8,"ytd_prev_yr":7,"ytd_pct_change":14.3,"two_year_pct_change":-20,"six_year_pct_change":-20,"twentytwo_year_pct_change":-68},{"crime":"Rape","wtd_curr_yr":1,"wtd_prev_yr":0,"wtd_pct_change":null,"twentyeight_day_curr_yr":4,"twentyeight_day_prev_yr":2,"twentyeight_day_pct_change":100,"ytd_curr_yr":18,"ytd_prev_yr":36,"ytd_pct_change":-50,"two_year_pct_change":-37.9,"six_year_pct_change":-35.7,"twentytwo_year_pct_change":-71},{"crime":"Robbery","wtd_curr_yr":10,"wtd_prev_yr":11,"wtd_pct_change":-9.1,"twentyeight_day_curr_yr":29,"twentyeight_day_prev_yr":29,"twentyeight_day_pct_change":0,"ytd_curr_yr":322,"ytd_prev_yr":375,"ytd_pct_change":-14.1,"two_year_pct_change":-10.6,"six_year_pct_change":17.5,"twentytwo_year_pct_change":-77.3},{"crime":"Fel. Assault","wtd_curr_yr":8,"wtd_prev_yr":9,"wtd_pct_change":-11.1,"twentyeight_day_curr_yr":40,"twentyeight_day_prev_yr":37,"twentyeight_day_pct_change":8.1,"ytd_curr_yr":371,"ytd_prev_yr":315,"ytd_pct_change":17.8,"two_year_pct_change":12.4,"six_year_pct_change":13.5,"twentytwo_year_pct_change":-49.1},{"crime":"Burglary","wtd_curr_yr":7,"wtd_prev_yr":5,"wtd_pct_change":40,"twentyeight_day_curr_yr":17,"twentyeight_day_prev_yr":24,"twentyeight_day_pct_change":-29.2,"ytd_curr_yr":211,"ytd_prev_yr":249,"ytd_pct_change":-15.3,"two_year_pct_change":-21.9,"six_year_pct_change":-14.2,"twentytwo_year_pct_change":-78.1},{"crime":"Gr. Larceny","wtd_curr_yr":6,"wtd_prev_yr":11,"wtd_pct_change":-45.5,"twentyeight_day_curr_yr":41,"twentyeight_day_prev_yr":45,"twentyeight_day_pct_change":-8.9,"ytd_curr_yr":415,"ytd_prev_yr":395,"ytd_pct_change":5.1,"two_year_pct_change":2.7,"six_year_pct_change":8.4,"twentytwo_year_pct_change":-58.7},{"crime":"G.L.A.","wtd_curr_yr":4,"wtd_prev_yr":2,"wtd_pct_change":100,"twentyeight_day_curr_yr":11,"twentyeight_day_prev_yr":9,"twentyeight_day_pct_change":22.2,"ytd_curr_yr":114,"ytd_prev_yr":141,"ytd_pct_change":-19.1,"two_year_pct_change":-23,"six_year_pct_change":-20.3,"twentytwo_year_pct_change":-91.3},{"crime":"TOTAL","wtd_curr_yr":36,"wtd_prev_yr":38,"wtd_pct_change":-5.26,"twentyeight_day_curr_yr":143,"twentyeight_day_prev_yr":146,"twentyeight_day_pct_change":-2.05,"ytd_curr_yr":1459,"ytd_prev_yr":1518,"ytd_pct_change":-3.89,"two_year_pct_change":-5.93,"six_year_pct_change":3.4,"twentytwo_year_pct_change":-73.55},{"crime":"Transit","wtd_curr_yr":0,"wtd_prev_yr":0,"wtd_pct_change":null,"twentyeight_day_curr_yr":2,"twentyeight_day_prev_yr":4,"twentyeight_day_pct_change":-50,"ytd_curr_yr":21,"ytd_prev_yr":32,"ytd_pct_change":-34.4,"two_year_pct_change":-16,"six_year_pct_change":110,"twentytwo_year_pct_change":null},{"crime":"Housing","wtd_curr_yr":2,"wtd_prev_yr":1,"wtd_pct_change":100,"twentyeight_day_curr_yr":3,"twentyeight_day_prev_yr":4,"twentyeight_day_pct_change":-25,"ytd_curr_yr":26,"ytd_prev_yr":33,"ytd_pct_change":-21.2,"two_year_pct_change":-29.7,"six_year_pct_change":18.2,"twentytwo_year_pct_change":null},{"crime":"Petit Larceny","wtd_curr_yr":19,"wtd_prev_yr":26,"wtd_pct_change":-26.9,"twentyeight_day_curr_yr":100,"twentyeight_day_prev_yr":107,"twentyeight_day_pct_change":-6.5,"ytd_curr_yr":1019,"ytd_prev_yr":961,"ytd_pct_change":6,"two_year_pct_change":18.6,"six_year_pct_change":18.5,"twentytwo_year_pct_change":null},{"crime":"Misd. Assault","wtd_curr_yr":20,"wtd_prev_yr":18,"wtd_pct_change":11.1,"twentyeight_day_curr_yr":58,"twentyeight_day_prev_yr":72,"twentyeight_day_pct_change":-19.4,"ytd_curr_yr":741,"ytd_prev_yr":800,"ytd_pct_change":-7.4,"two_year_pct_change":6.6,"six_year_pct_change":20.9,"twentytwo_year_pct_change":null},{"crime":"Misd. Sex Crimes","wtd_curr_yr":0,"wtd_prev_yr":0,"wtd_pct_change":null,"twentyeight_day_curr_yr":3,"twentyeight_day_prev_yr":1,"twentyeight_day_pct_change":200,"ytd_curr_yr":28,"ytd_prev_yr":24,"ytd_pct_change":16.7,"two_year_pct_change":-28.2,"six_year_pct_change":-3.4,"twentytwo_year_pct_change":null},{"crime":"Shooting Vic.","wtd_curr_yr":0,"wtd_prev_yr":1,"wtd_pct_change":-100,"twentyeight_day_curr_yr":2,"twentyeight_day_prev_yr":3,"twentyeight_day_pct_change":-33.3,"ytd_curr_yr":21,"ytd_prev_yr":31,"ytd_pct_change":-32.3,"two_year_pct_change":-47.5,"six_year_pct_change":-47.5,"twentytwo_year_pct_change":-84.2},{"crime":"Shooting Inc.","wtd_curr_yr":0,"wtd_prev_yr":1,"wtd_pct_change":-100,"twentyeight_day_curr_yr":2,"twentyeight_day_prev_yr":3,"twentyeight_day_pct_change":-33.3,"ytd_curr_yr":17,"ytd_prev_yr":28,"ytd_pct_change":-39.3,"two_year_pct_change":-52.8,"six_year_pct_change":-46.9,"twentytwo_year_pct_change":-86.2}],"historical":[{"yr_1990":38,"yr_1993":28,"yr_1998":16,"yr_2001":10,"yr_2013":8,"pct_change_13vs01":-20,"pct_change_13vs98":-50,"pct_change_13vs93":-71.4,"pct_change_13vs90":-78.9,"crime":"Murder"},{"yr_1990":60,"yr_1993":74,"yr_1998":45,"yr_2001":27,"yr_2013":37,"pct_change_13vs01":37,"pct_change_13vs98":-17.8,"pct_change_13vs93":-50,"pct_change_13vs90":-38.3,"crime":"Rape"},{"yr_1990":1846,"yr_1993":1742,"yr_1998":751,"yr_2001":530,"yr_2013":438,"pct_change_13vs01":-17.4,"pct_change_13vs98":-41.7,"pct_change_13vs93":-74.9,"pct_change_13vs90":-76.3,"crime":"Robbery"},{"yr_1990":958,"yr_1993":853,"yr_1998":611,"yr_2001":406,"yr_2013":369,"pct_change_13vs01":-9.1,"pct_change_13vs98":-39.6,"pct_change_13vs93":-56.7,"pct_change_13vs90":-61.5,"crime":"Fel. Assault"},{"yr_1990":1592,"yr_1993":1166,"yr_1998":598,"yr_2001":449,"yr_2013":300,"pct_change_13vs01":-33.2,"pct_change_13vs98":-49.8,"pct_change_13vs93":-74.3,"pct_change_13vs90":-81.2,"crime":"Burglary"},{"yr_1990":1277,"yr_1993":1214,"yr_1998":578,"yr_2001":587,"yr_2013":487,"pct_change_13vs01":-17,"pct_change_13vs98":-15.7,"pct_change_13vs93":-59.9,"pct_change_13vs90":-61.9,"crime":"Gr. Larceny"},{"yr_1990":1889,"yr_1993":1591,"yr_1998":602,"yr_2001":472,"yr_2013":172,"pct_change_13vs01":-63.6,"pct_change_13vs98":-71.4,"pct_change_13vs93":-89.2,"pct_change_13vs90":-90.9,"crime":"G.L.A."},{"yr_1990":7660,"yr_1993":6668,"yr_1998":3201,"yr_2001":2481,"yr_2013":1811,"pct_change_13vs01":-27.01,"pct_change_13vs98":-43.42,"pct_change_13vs93":-72.84,"pct_change_13vs90":-76.36,"crime":"TOTAL"}]}