{"mayor":"Bill de Blasio","commissioner":"William J. Bratton","volume":21,"number":30,"precinct":"100th","startDate":"2014-07-21T04:00:00.000Z","endDate":"2014-07-27T04:00:00.000Z","crimes":[{"crime":"Murder","wtd_curr_yr":0,"wtd_prev_yr":0,"wtd_pct_change":null,"twentyeight_day_curr_yr":0,"twentyeight_day_prev_yr":0,"twentyeight_day_pct_change":null,"ytd_curr_yr":1,"ytd_prev_yr":1,"ytd_pct_change":0,"two_year_pct_change":0,"six_year_pct_change":-50,"twentytwo_year_pct_change":-75},{"crime":"Rape","wtd_curr_yr":0,"wtd_prev_yr":0,"wtd_pct_change":null,"twentyeight_day_curr_yr":0,"twentyeight_day_prev_yr":0,"twentyeight_day_pct_change":null,"ytd_curr_yr":2,"ytd_prev_yr":1,"ytd_pct_change":100,"two_year_pct_change":-33.3,"six_year_pct_change":-33.3,"twentytwo_year_pct_change":-71.4},{"crime":"Robbery","wtd_curr_yr":6,"wtd_prev_yr":0,"wtd_pct_change":null,"twentyeight_day_curr_yr":8,"twentyeight_day_prev_yr":5,"twentyeight_day_pct_change":60,"ytd_curr_yr":37,"ytd_prev_yr":32,"ytd_pct_change":15.6,"two_year_pct_change":15.6,"six_year_pct_change":12.1,"twentytwo_year_pct_change":-76.3},{"crime":"Fel. Assault","wtd_curr_yr":4,"wtd_prev_yr":1,"wtd_pct_change":300,"twentyeight_day_curr_yr":15,"twentyeight_day_prev_yr":10,"twentyeight_day_pct_change":50,"ytd_curr_yr":78,"ytd_prev_yr":90,"ytd_pct_change":-13.3,"two_year_pct_change":11.4,"six_year_pct_change":56,"twentytwo_year_pct_change":-36.1},{"crime":"Burglary","wtd_curr_yr":4,"wtd_prev_yr":1,"wtd_pct_change":300,"twentyeight_day_curr_yr":20,"twentyeight_day_prev_yr":10,"twentyeight_day_pct_change":100,"ytd_curr_yr":72,"ytd_prev_yr":95,"ytd_pct_change":-24.2,"two_year_pct_change":16.1,"six_year_pct_change":125,"twentytwo_year_pct_change":-72.6},{"crime":"Gr. Larceny","wtd_curr_yr":4,"wtd_prev_yr":6,"wtd_pct_change":-33.3,"twentyeight_day_curr_yr":17,"twentyeight_day_prev_yr":26,"twentyeight_day_pct_change":-34.6,"ytd_curr_yr":111,"ytd_prev_yr":84,"ytd_pct_change":32.1,"two_year_pct_change":0.9,"six_year_pct_change":113.5,"twentytwo_year_pct_change":-5.9},{"crime":"G.L.A.","wtd_curr_yr":1,"wtd_prev_yr":0,"wtd_pct_change":null,"twentyeight_day_curr_yr":2,"twentyeight_day_prev_yr":0,"twentyeight_day_pct_change":null,"ytd_curr_yr":20,"ytd_prev_yr":6,"ytd_pct_change":233.3,"two_year_pct_change":33.3,"six_year_pct_change":81.8,"twentytwo_year_pct_change":-90},{"crime":"TOTAL","wtd_curr_yr":19,"wtd_prev_yr":8,"wtd_pct_change":137.5,"twentyeight_day_curr_yr":62,"twentyeight_day_prev_yr":51,"twentyeight_day_pct_change":21.57,"ytd_curr_yr":321,"ytd_prev_yr":309,"ytd_pct_change":3.88,"two_year_pct_change":9.56,"six_year_pct_change":75.41,"twentytwo_year_pct_change":-63.15},{"crime":"Transit","wtd_curr_yr":0,"wtd_prev_yr":0,"wtd_pct_change":null,"twentyeight_day_curr_yr":0,"twentyeight_day_prev_yr":0,"twentyeight_day_pct_change":null,"ytd_curr_yr":5,"ytd_prev_yr":4,"ytd_pct_change":25,"two_year_pct_change":-28.6,"six_year_pct_change":-61.5,"twentytwo_year_pct_change":null},{"crime":"Housing","wtd_curr_yr":0,"wtd_prev_yr":0,"wtd_pct_change":null,"twentyeight_day_curr_yr":2,"twentyeight_day_prev_yr":3,"twentyeight_day_pct_change":-33.3,"ytd_curr_yr":15,"ytd_prev_yr":25,"ytd_pct_change":-40,"two_year_pct_change":-11.8,"six_year_pct_change":25,"twentytwo_year_pct_change":null},{"crime":"Petit Larceny","wtd_curr_yr":14,"wtd_prev_yr":9,"wtd_pct_change":55.6,"twentyeight_day_curr_yr":43,"twentyeight_day_prev_yr":32,"twentyeight_day_pct_change":34.4,"ytd_curr_yr":232,"ytd_prev_yr":169,"ytd_pct_change":37.3,"two_year_pct_change":16.6,"six_year_pct_change":63.4,"twentytwo_year_pct_change":null},{"crime":"Misd. Assault","wtd_curr_yr":10,"wtd_prev_yr":4,"wtd_pct_change":150,"twentyeight_day_curr_yr":23,"twentyeight_day_prev_yr":22,"twentyeight_day_pct_change":4.5,"ytd_curr_yr":156,"ytd_prev_yr":150,"ytd_pct_change":4,"two_year_pct_change":6.8,"six_year_pct_change":-8.8,"twentytwo_year_pct_change":null},{"crime":"Misd. Sex Crimes","wtd_curr_yr":0,"wtd_prev_yr":0,"wtd_pct_change":null,"twentyeight_day_curr_yr":2,"twentyeight_day_prev_yr":1,"twentyeight_day_pct_change":100,"ytd_curr_yr":5,"ytd_prev_yr":3,"ytd_pct_change":66.7,"two_year_pct_change":-44.4,"six_year_pct_change":-28.6,"twentytwo_year_pct_change":null},{"crime":"Shooting Vic.","wtd_curr_yr":0,"wtd_prev_yr":0,"wtd_pct_change":null,"twentyeight_day_curr_yr":2,"twentyeight_day_prev_yr":0,"twentyeight_day_pct_change":null,"ytd_curr_yr":7,"ytd_prev_yr":6,"ytd_pct_change":16.7,"two_year_pct_change":0,"six_year_pct_change":0,"twentytwo_year_pct_change":40},{"crime":"Shooting Inc.","wtd_curr_yr":0,"wtd_prev_yr":0,"wtd_pct_change":null,"twentyeight_day_curr_yr":2,"twentyeight_day_prev_yr":0,"twentyeight_day_pct_change":null,"ytd_curr_yr":7,"ytd_prev_yr":5,"ytd_pct_change":40,"two_year_pct_change":16.7,"six_year_pct_change":0,"twentytwo_year_pct_change":75}],"historical":[{"yr_1990":7,"yr_1993":5,"yr_1998":0,"yr_2001":1,"yr_2013":3,"pct_change_13vs01":200,"pct_change_13vs98":null,"pct_change_13vs93":-40,"pct_change_13vs90":-57.1,"crime":"Murder"},{"yr_1990":8,"yr_1993":13,"yr_1998":11,"yr_2001":10,"yr_2013":3,"pct_change_13vs01":-70,"pct_change_13vs98":-72.7,"pct_change_13vs93":-76.9,"pct_change_13vs90":-62.5,"crime":"Rape"},{"yr_1990":279,"yr_1993":278,"yr_1998":133,"yr_2001":63,"yr_2013":61,"pct_change_13vs01":-3.2,"pct_change_13vs98":-54.1,"pct_change_13vs93":-78.1,"pct_change_13vs90":-78.1,"crime":"Robbery"},{"yr_1990":242,"yr_1993":212,"yr_1998":142,"yr_2001":93,"yr_2013":147,"pct_change_13vs01":58.1,"pct_change_13vs98":3.5,"pct_change_13vs93":-30.7,"pct_change_13vs90":-39.3,"crime":"Fel. Assault"},{"yr_1990":426,"yr_1993":432,"yr_1998":177,"yr_2001":115,"yr_2013":151,"pct_change_13vs01":31.3,"pct_change_13vs98":-14.7,"pct_change_13vs93":-65,"pct_change_13vs90":-64.6,"crime":"Burglary"},{"yr_1990":202,"yr_1993":194,"yr_1998":115,"yr_2001":94,"yr_2013":173,"pct_change_13vs01":84,"pct_change_13vs98":50.4,"pct_change_13vs93":-10.8,"pct_change_13vs90":-14.4,"crime":"Gr. Larceny"},{"yr_1990":417,"yr_1993":310,"yr_1998":88,"yr_2001":71,"yr_2013":20,"pct_change_13vs01":-71.8,"pct_change_13vs98":-77.3,"pct_change_13vs93":-93.5,"pct_change_13vs90":-95.2,"crime":"G.L.A."},{"yr_1990":1581,"yr_1993":1444,"yr_1998":666,"yr_2001":447,"yr_2013":558,"pct_change_13vs01":24.83,"pct_change_13vs98":-16.22,"pct_change_13vs93":-61.36,"pct_change_13vs90":-64.71,"crime":"TOTAL"}]}