{"mayor":"Bill de Blasio","commissioner":"William J. Bratton","volume":21,"number":42,"precinct":"101st","startDate":"2014-10-13T04:00:00.000Z","endDate":"2014-10-19T04:00:00.000Z","crimes":[{"crime":"Murder","wtd_curr_yr":0,"wtd_prev_yr":0,"wtd_pct_change":null,"twentyeight_day_curr_yr":0,"twentyeight_day_prev_yr":0,"twentyeight_day_pct_change":null,"ytd_curr_yr":4,"ytd_prev_yr":2,"ytd_pct_change":100,"two_year_pct_change":33.3,"six_year_pct_change":-33.3,"twentytwo_year_pct_change":-73.3},{"crime":"Rape","wtd_curr_yr":0,"wtd_prev_yr":0,"wtd_pct_change":null,"twentyeight_day_curr_yr":1,"twentyeight_day_prev_yr":1,"twentyeight_day_pct_change":0,"ytd_curr_yr":12,"ytd_prev_yr":13,"ytd_pct_change":-7.7,"two_year_pct_change":-7.7,"six_year_pct_change":-25,"twentytwo_year_pct_change":-65.7},{"crime":"Robbery","wtd_curr_yr":4,"wtd_prev_yr":2,"wtd_pct_change":100,"twentyeight_day_curr_yr":6,"twentyeight_day_prev_yr":12,"twentyeight_day_pct_change":-50,"ytd_curr_yr":104,"ytd_prev_yr":109,"ytd_pct_change":-4.6,"two_year_pct_change":-14,"six_year_pct_change":10.6,"twentytwo_year_pct_change":-81},{"crime":"Fel. Assault","wtd_curr_yr":3,"wtd_prev_yr":4,"wtd_pct_change":-25,"twentyeight_day_curr_yr":17,"twentyeight_day_prev_yr":19,"twentyeight_day_pct_change":-10.5,"ytd_curr_yr":224,"ytd_prev_yr":179,"ytd_pct_change":25.1,"two_year_pct_change":8.7,"six_year_pct_change":61.2,"twentytwo_year_pct_change":-46},{"crime":"Burglary","wtd_curr_yr":1,"wtd_prev_yr":1,"wtd_pct_change":0,"twentyeight_day_curr_yr":5,"twentyeight_day_prev_yr":13,"twentyeight_day_pct_change":-61.5,"ytd_curr_yr":123,"ytd_prev_yr":188,"ytd_pct_change":-34.6,"two_year_pct_change":-18.5,"six_year_pct_change":53.8,"twentytwo_year_pct_change":-81},{"crime":"Gr. Larceny","wtd_curr_yr":5,"wtd_prev_yr":6,"wtd_pct_change":-16.7,"twentyeight_day_curr_yr":18,"twentyeight_day_prev_yr":13,"twentyeight_day_pct_change":38.5,"ytd_curr_yr":158,"ytd_prev_yr":132,"ytd_pct_change":19.7,"two_year_pct_change":-13.2,"six_year_pct_change":35,"twentytwo_year_pct_change":-39.5},{"crime":"G.L.A.","wtd_curr_yr":3,"wtd_prev_yr":1,"wtd_pct_change":200,"twentyeight_day_curr_yr":4,"twentyeight_day_prev_yr":4,"twentyeight_day_pct_change":0,"ytd_curr_yr":64,"ytd_prev_yr":46,"ytd_pct_change":39.1,"two_year_pct_change":48.8,"six_year_pct_change":30.6,"twentytwo_year_pct_change":-82.8},{"crime":"TOTAL","wtd_curr_yr":16,"wtd_prev_yr":14,"wtd_pct_change":14.29,"twentyeight_day_curr_yr":51,"twentyeight_day_prev_yr":62,"twentyeight_day_pct_change":-17.74,"ytd_curr_yr":689,"ytd_prev_yr":669,"ytd_pct_change":2.99,"two_year_pct_change":-4.17,"six_year_pct_change":37.52,"twentytwo_year_pct_change":-69.94},{"crime":"Transit","wtd_curr_yr":0,"wtd_prev_yr":0,"wtd_pct_change":null,"twentyeight_day_curr_yr":0,"twentyeight_day_prev_yr":0,"twentyeight_day_pct_change":null,"ytd_curr_yr":8,"ytd_prev_yr":8,"ytd_pct_change":0,"two_year_pct_change":-57.9,"six_year_pct_change":-33.3,"twentytwo_year_pct_change":null},{"crime":"Housing","wtd_curr_yr":2,"wtd_prev_yr":0,"wtd_pct_change":null,"twentyeight_day_curr_yr":6,"twentyeight_day_prev_yr":1,"twentyeight_day_pct_change":500,"ytd_curr_yr":82,"ytd_prev_yr":69,"ytd_pct_change":18.8,"two_year_pct_change":13.9,"six_year_pct_change":32.3,"twentytwo_year_pct_change":null},{"crime":"Petit Larceny","wtd_curr_yr":12,"wtd_prev_yr":9,"wtd_pct_change":33.3,"twentyeight_day_curr_yr":41,"twentyeight_day_prev_yr":34,"twentyeight_day_pct_change":20.6,"ytd_curr_yr":429,"ytd_prev_yr":424,"ytd_pct_change":1.2,"two_year_pct_change":9.2,"six_year_pct_change":26.5,"twentytwo_year_pct_change":null},{"crime":"Misd. Assault","wtd_curr_yr":9,"wtd_prev_yr":14,"wtd_pct_change":-35.7,"twentyeight_day_curr_yr":42,"twentyeight_day_prev_yr":49,"twentyeight_day_pct_change":-14.3,"ytd_curr_yr":379,"ytd_prev_yr":402,"ytd_pct_change":-5.7,"two_year_pct_change":3.6,"six_year_pct_change":24.7,"twentytwo_year_pct_change":null},{"crime":"Misd. Sex Crimes","wtd_curr_yr":1,"wtd_prev_yr":0,"wtd_pct_change":null,"twentyeight_day_curr_yr":1,"twentyeight_day_prev_yr":3,"twentyeight_day_pct_change":-66.7,"ytd_curr_yr":13,"ytd_prev_yr":13,"ytd_pct_change":0,"two_year_pct_change":-31.6,"six_year_pct_change":-43.5,"twentytwo_year_pct_change":null},{"crime":"Shooting Vic.","wtd_curr_yr":0,"wtd_prev_yr":1,"wtd_pct_change":-100,"twentyeight_day_curr_yr":0,"twentyeight_day_prev_yr":1,"twentyeight_day_pct_change":-100,"ytd_curr_yr":24,"ytd_prev_yr":15,"ytd_pct_change":60,"two_year_pct_change":-14.3,"six_year_pct_change":-11.1,"twentytwo_year_pct_change":-35.1},{"crime":"Shooting Inc.","wtd_curr_yr":0,"wtd_prev_yr":1,"wtd_pct_change":-100,"twentyeight_day_curr_yr":0,"twentyeight_day_prev_yr":1,"twentyeight_day_pct_change":-100,"ytd_curr_yr":23,"ytd_prev_yr":13,"ytd_pct_change":76.9,"two_year_pct_change":-11.5,"six_year_pct_change":-4.2,"twentytwo_year_pct_change":-34.3}],"historical":[{"yr_1990":14,"yr_1993":16,"yr_1998":9,"yr_2001":6,"yr_2013":3,"pct_change_13vs01":-50,"pct_change_13vs98":-66.7,"pct_change_13vs93":-81.2,"pct_change_13vs90":-78.6,"crime":"Murder"},{"yr_1990":67,"yr_1993":42,"yr_1998":32,"yr_2001":17,"yr_2013":19,"pct_change_13vs01":11.8,"pct_change_13vs98":-40.6,"pct_change_13vs93":-54.8,"pct_change_13vs90":-71.6,"crime":"Rape"},{"yr_1990":826,"yr_1993":710,"yr_1998":413,"yr_2001":247,"yr_2013":148,"pct_change_13vs01":-40.1,"pct_change_13vs98":-64.2,"pct_change_13vs93":-79.2,"pct_change_13vs90":-82.1,"crime":"Robbery"},{"yr_1990":588,"yr_1993":524,"yr_1998":418,"yr_2001":301,"yr_2013":212,"pct_change_13vs01":-29.6,"pct_change_13vs98":-49.3,"pct_change_13vs93":-59.5,"pct_change_13vs90":-63.9,"crime":"Fel. Assault"},{"yr_1990":825,"yr_1993":768,"yr_1998":370,"yr_2001":216,"yr_2013":227,"pct_change_13vs01":5.1,"pct_change_13vs98":-38.6,"pct_change_13vs93":-70.4,"pct_change_13vs90":-72.5,"crime":"Burglary"},{"yr_1990":362,"yr_1993":330,"yr_1998":203,"yr_2001":189,"yr_2013":182,"pct_change_13vs01":-3.7,"pct_change_13vs98":-10.3,"pct_change_13vs93":-44.8,"pct_change_13vs90":-49.7,"crime":"Gr. Larceny"},{"yr_1990":719,"yr_1993":460,"yr_1998":184,"yr_2001":158,"yr_2013":61,"pct_change_13vs01":-61.4,"pct_change_13vs98":-66.8,"pct_change_13vs93":-86.7,"pct_change_13vs90":-91.5,"crime":"G.L.A."},{"yr_1990":3401,"yr_1993":2850,"yr_1998":1629,"yr_2001":1134,"yr_2013":852,"pct_change_13vs01":-24.87,"pct_change_13vs98":-47.7,"pct_change_13vs93":-70.11,"pct_change_13vs90":-74.95,"crime":"TOTAL"}]}