{"mayor":"Bill de Blasio","commissioner":"William J. Bratton","volume":21,"number":42,"precinct":"106th","startDate":"2014-10-13T04:00:00.000Z","endDate":"2014-10-19T04:00:00.000Z","crimes":[{"crime":"Murder","wtd_curr_yr":0,"wtd_prev_yr":0,"wtd_pct_change":null,"twentyeight_day_curr_yr":0,"twentyeight_day_prev_yr":0,"twentyeight_day_pct_change":null,"ytd_curr_yr":2,"ytd_prev_yr":4,"ytd_pct_change":-50,"two_year_pct_change":0,"six_year_pct_change":-33.3,"twentytwo_year_pct_change":-88.2},{"crime":"Rape","wtd_curr_yr":0,"wtd_prev_yr":0,"wtd_pct_change":null,"twentyeight_day_curr_yr":3,"twentyeight_day_prev_yr":1,"twentyeight_day_pct_change":200,"ytd_curr_yr":21,"ytd_prev_yr":14,"ytd_pct_change":50,"two_year_pct_change":61.5,"six_year_pct_change":320,"twentytwo_year_pct_change":-22.2},{"crime":"Robbery","wtd_curr_yr":7,"wtd_prev_yr":15,"wtd_pct_change":-53.3,"twentyeight_day_curr_yr":23,"twentyeight_day_prev_yr":32,"twentyeight_day_pct_change":-28.1,"ytd_curr_yr":207,"ytd_prev_yr":234,"ytd_pct_change":-11.5,"two_year_pct_change":-20.1,"six_year_pct_change":13.1,"twentytwo_year_pct_change":-70.2},{"crime":"Fel. Assault","wtd_curr_yr":5,"wtd_prev_yr":8,"wtd_pct_change":-37.5,"twentyeight_day_curr_yr":16,"twentyeight_day_prev_yr":18,"twentyeight_day_pct_change":-11.1,"ytd_curr_yr":188,"ytd_prev_yr":196,"ytd_pct_change":-4.1,"two_year_pct_change":18.2,"six_year_pct_change":27,"twentytwo_year_pct_change":-44},{"crime":"Burglary","wtd_curr_yr":2,"wtd_prev_yr":5,"wtd_pct_change":-60,"twentyeight_day_curr_yr":12,"twentyeight_day_prev_yr":25,"twentyeight_day_pct_change":-52,"ytd_curr_yr":196,"ytd_prev_yr":288,"ytd_pct_change":-31.9,"two_year_pct_change":-32.4,"six_year_pct_change":-20,"twentytwo_year_pct_change":-78.9},{"crime":"Gr. Larceny","wtd_curr_yr":11,"wtd_prev_yr":17,"wtd_pct_change":-35.3,"twentyeight_day_curr_yr":42,"twentyeight_day_prev_yr":58,"twentyeight_day_pct_change":-27.6,"ytd_curr_yr":407,"ytd_prev_yr":400,"ytd_pct_change":1.8,"two_year_pct_change":5.4,"six_year_pct_change":31.7,"twentytwo_year_pct_change":-12.8},{"crime":"G.L.A.","wtd_curr_yr":3,"wtd_prev_yr":11,"wtd_pct_change":-72.7,"twentyeight_day_curr_yr":12,"twentyeight_day_prev_yr":33,"twentyeight_day_pct_change":-63.6,"ytd_curr_yr":186,"ytd_prev_yr":152,"ytd_pct_change":22.4,"two_year_pct_change":3.9,"six_year_pct_change":-11.8,"twentytwo_year_pct_change":-92.9},{"crime":"TOTAL","wtd_curr_yr":28,"wtd_prev_yr":56,"wtd_pct_change":-50,"twentyeight_day_curr_yr":108,"twentyeight_day_prev_yr":167,"twentyeight_day_pct_change":-35.33,"ytd_curr_yr":1207,"ytd_prev_yr":1288,"ytd_pct_change":-6.29,"two_year_pct_change":-6.29,"six_year_pct_change":9.33,"twentytwo_year_pct_change":-76.24},{"crime":"Transit","wtd_curr_yr":0,"wtd_prev_yr":2,"wtd_pct_change":-100,"twentyeight_day_curr_yr":1,"twentyeight_day_prev_yr":3,"twentyeight_day_pct_change":-66.7,"ytd_curr_yr":22,"ytd_prev_yr":31,"ytd_pct_change":-29,"two_year_pct_change":-35.3,"six_year_pct_change":69.2,"twentytwo_year_pct_change":null},{"crime":"Housing","wtd_curr_yr":0,"wtd_prev_yr":0,"wtd_pct_change":null,"twentyeight_day_curr_yr":0,"twentyeight_day_prev_yr":0,"twentyeight_day_pct_change":null,"ytd_curr_yr":0,"ytd_prev_yr":0,"ytd_pct_change":null,"two_year_pct_change":null,"six_year_pct_change":null,"twentytwo_year_pct_change":null},{"crime":"Petit Larceny","wtd_curr_yr":31,"wtd_prev_yr":13,"wtd_pct_change":138.5,"twentyeight_day_curr_yr":81,"twentyeight_day_prev_yr":77,"twentyeight_day_pct_change":5.2,"ytd_curr_yr":736,"ytd_prev_yr":592,"ytd_pct_change":24.3,"two_year_pct_change":-5.9,"six_year_pct_change":12,"twentytwo_year_pct_change":null},{"crime":"Misd. Assault","wtd_curr_yr":13,"wtd_prev_yr":6,"wtd_pct_change":116.7,"twentyeight_day_curr_yr":38,"twentyeight_day_prev_yr":32,"twentyeight_day_pct_change":18.8,"ytd_curr_yr":403,"ytd_prev_yr":365,"ytd_pct_change":10.4,"two_year_pct_change":-0.7,"six_year_pct_change":7.5,"twentytwo_year_pct_change":null},{"crime":"Misd. Sex Crimes","wtd_curr_yr":1,"wtd_prev_yr":0,"wtd_pct_change":null,"twentyeight_day_curr_yr":1,"twentyeight_day_prev_yr":0,"twentyeight_day_pct_change":null,"ytd_curr_yr":16,"ytd_prev_yr":18,"ytd_pct_change":-11.1,"two_year_pct_change":-15.8,"six_year_pct_change":-20,"twentytwo_year_pct_change":null},{"crime":"Shooting Vic.","wtd_curr_yr":0,"wtd_prev_yr":0,"wtd_pct_change":null,"twentyeight_day_curr_yr":0,"twentyeight_day_prev_yr":0,"twentyeight_day_pct_change":null,"ytd_curr_yr":3,"ytd_prev_yr":9,"ytd_pct_change":-66.7,"two_year_pct_change":-57.1,"six_year_pct_change":-72.7,"twentytwo_year_pct_change":-86.4},{"crime":"Shooting Inc.","wtd_curr_yr":0,"wtd_prev_yr":0,"wtd_pct_change":null,"twentyeight_day_curr_yr":0,"twentyeight_day_prev_yr":0,"twentyeight_day_pct_change":null,"ytd_curr_yr":3,"ytd_prev_yr":8,"ytd_pct_change":-62.5,"two_year_pct_change":-50,"six_year_pct_change":-70,"twentytwo_year_pct_change":-86.4}],"historical":[{"yr_1990":15,"yr_1993":21,"yr_1998":7,"yr_2001":4,"yr_2013":6,"pct_change_13vs01":50,"pct_change_13vs98":-14.3,"pct_change_13vs93":-71.4,"pct_change_13vs90":-60,"crime":"Murder"},{"yr_1990":31,"yr_1993":33,"yr_1998":40,"yr_2001":19,"yr_2013":19,"pct_change_13vs01":0,"pct_change_13vs98":-52.5,"pct_change_13vs93":-42.4,"pct_change_13vs90":-38.7,"crime":"Rape"},{"yr_1990":832,"yr_1993":891,"yr_1998":545,"yr_2001":344,"yr_2013":328,"pct_change_13vs01":-4.7,"pct_change_13vs98":-39.8,"pct_change_13vs93":-63.2,"pct_change_13vs90":-60.6,"crime":"Robbery"},{"yr_1990":329,"yr_1993":408,"yr_1998":297,"yr_2001":241,"yr_2013":253,"pct_change_13vs01":5,"pct_change_13vs98":-14.8,"pct_change_13vs93":-38,"pct_change_13vs90":-23.1,"crime":"Fel. Assault"},{"yr_1990":1348,"yr_1993":1230,"yr_1998":662,"yr_2001":417,"yr_2013":346,"pct_change_13vs01":-17,"pct_change_13vs98":-47.7,"pct_change_13vs93":-71.9,"pct_change_13vs90":-74.3,"crime":"Burglary"},{"yr_1990":715,"yr_1993":595,"yr_1998":440,"yr_2001":381,"yr_2013":522,"pct_change_13vs01":37,"pct_change_13vs98":18.6,"pct_change_13vs93":-12.3,"pct_change_13vs90":-27,"crime":"Gr. Larceny"},{"yr_1990":3071,"yr_1993":3304,"yr_1998":1370,"yr_2001":778,"yr_2013":191,"pct_change_13vs01":-75.4,"pct_change_13vs98":-86.1,"pct_change_13vs93":-94.2,"pct_change_13vs90":-93.8,"crime":"G.L.A."},{"yr_1990":6341,"yr_1993":6482,"yr_1998":3361,"yr_2001":2184,"yr_2013":1665,"pct_change_13vs01":-23.76,"pct_change_13vs98":-50.46,"pct_change_13vs93":-74.31,"pct_change_13vs90":-73.74,"crime":"TOTAL"}]}