{"mayor":"Bill de Blasio","commissioner":"William J. Bratton","volume":21,"number":10,"precinct":"103rd","startDate":"2014-03-03T05:00:00.000Z","endDate":"2014-03-09T05:00:00.000Z","crimes":[{"crime":"Murder","wtd_curr_yr":0,"wtd_prev_yr":0,"wtd_pct_change":null,"twentyeight_day_curr_yr":0,"twentyeight_day_prev_yr":0,"twentyeight_day_pct_change":null,"ytd_curr_yr":3,"ytd_prev_yr":1,"ytd_pct_change":200,"two_year_pct_change":50,"six_year_pct_change":0,"twentytwo_year_pct_change":0},{"crime":"Rape","wtd_curr_yr":1,"wtd_prev_yr":2,"wtd_pct_change":-50,"twentyeight_day_curr_yr":2,"twentyeight_day_prev_yr":6,"twentyeight_day_pct_change":-66.7,"ytd_curr_yr":3,"ytd_prev_yr":8,"ytd_pct_change":-62.5,"two_year_pct_change":-57.1,"six_year_pct_change":-50,"twentytwo_year_pct_change":-70},{"crime":"Robbery","wtd_curr_yr":5,"wtd_prev_yr":6,"wtd_pct_change":-16.7,"twentyeight_day_curr_yr":18,"twentyeight_day_prev_yr":37,"twentyeight_day_pct_change":-51.4,"ytd_curr_yr":55,"ytd_prev_yr":101,"ytd_pct_change":-45.5,"two_year_pct_change":-21.4,"six_year_pct_change":-37.5,"twentytwo_year_pct_change":-81.2},{"crime":"Fel. Assault","wtd_curr_yr":6,"wtd_prev_yr":6,"wtd_pct_change":0,"twentyeight_day_curr_yr":22,"twentyeight_day_prev_yr":31,"twentyeight_day_pct_change":-29,"ytd_curr_yr":54,"ytd_prev_yr":60,"ytd_pct_change":-10,"two_year_pct_change":-11.5,"six_year_pct_change":-27,"twentytwo_year_pct_change":-64.5},{"crime":"Burglary","wtd_curr_yr":3,"wtd_prev_yr":2,"wtd_pct_change":50,"twentyeight_day_curr_yr":14,"twentyeight_day_prev_yr":18,"twentyeight_day_pct_change":-22.2,"ytd_curr_yr":34,"ytd_prev_yr":47,"ytd_pct_change":-27.7,"two_year_pct_change":-32,"six_year_pct_change":-62.2,"twentytwo_year_pct_change":-84.6},{"crime":"Gr. Larceny","wtd_curr_yr":4,"wtd_prev_yr":8,"wtd_pct_change":-50,"twentyeight_day_curr_yr":29,"twentyeight_day_prev_yr":17,"twentyeight_day_pct_change":70.6,"ytd_curr_yr":70,"ytd_prev_yr":59,"ytd_pct_change":18.6,"two_year_pct_change":-29.3,"six_year_pct_change":-42.6,"twentytwo_year_pct_change":-65},{"crime":"G.L.A.","wtd_curr_yr":4,"wtd_prev_yr":1,"wtd_pct_change":300,"twentyeight_day_curr_yr":11,"twentyeight_day_prev_yr":18,"twentyeight_day_pct_change":-38.9,"ytd_curr_yr":22,"ytd_prev_yr":42,"ytd_pct_change":-47.6,"two_year_pct_change":-24.1,"six_year_pct_change":-74.4,"twentytwo_year_pct_change":-91.1},{"crime":"TOTAL","wtd_curr_yr":23,"wtd_prev_yr":25,"wtd_pct_change":-8,"twentyeight_day_curr_yr":96,"twentyeight_day_prev_yr":127,"twentyeight_day_pct_change":-24.41,"ytd_curr_yr":241,"ytd_prev_yr":318,"ytd_pct_change":-24.21,"two_year_pct_change":-24.21,"six_year_pct_change":-48.61,"twentytwo_year_pct_change":-78.6},{"crime":"Transit","wtd_curr_yr":1,"wtd_prev_yr":0,"wtd_pct_change":null,"twentyeight_day_curr_yr":3,"twentyeight_day_prev_yr":3,"twentyeight_day_pct_change":0,"ytd_curr_yr":5,"ytd_prev_yr":10,"ytd_pct_change":-50,"two_year_pct_change":25,"six_year_pct_change":66.7,"twentytwo_year_pct_change":null},{"crime":"Housing","wtd_curr_yr":0,"wtd_prev_yr":1,"wtd_pct_change":-100,"twentyeight_day_curr_yr":3,"twentyeight_day_prev_yr":3,"twentyeight_day_pct_change":0,"ytd_curr_yr":4,"ytd_prev_yr":8,"ytd_pct_change":-50,"two_year_pct_change":-66.7,"six_year_pct_change":0,"twentytwo_year_pct_change":null},{"crime":"Petit Larceny","wtd_curr_yr":21,"wtd_prev_yr":15,"wtd_pct_change":40,"twentyeight_day_curr_yr":75,"twentyeight_day_prev_yr":74,"twentyeight_day_pct_change":1.4,"ytd_curr_yr":195,"ytd_prev_yr":156,"ytd_pct_change":25,"two_year_pct_change":0.5,"six_year_pct_change":null,"twentytwo_year_pct_change":null},{"crime":"Misd. Assault","wtd_curr_yr":13,"wtd_prev_yr":15,"wtd_pct_change":-13.3,"twentyeight_day_curr_yr":61,"twentyeight_day_prev_yr":71,"twentyeight_day_pct_change":-14.1,"ytd_curr_yr":153,"ytd_prev_yr":173,"ytd_pct_change":-11.6,"two_year_pct_change":13.3,"six_year_pct_change":null,"twentytwo_year_pct_change":null},{"crime":"Misd. Sex Crimes","wtd_curr_yr":2,"wtd_prev_yr":0,"wtd_pct_change":null,"twentyeight_day_curr_yr":4,"twentyeight_day_prev_yr":1,"twentyeight_day_pct_change":300,"ytd_curr_yr":8,"ytd_prev_yr":3,"ytd_pct_change":166.7,"two_year_pct_change":14.3,"six_year_pct_change":null,"twentytwo_year_pct_change":null},{"crime":"Shooting Vic.","wtd_curr_yr":0,"wtd_prev_yr":0,"wtd_pct_change":null,"twentyeight_day_curr_yr":0,"twentyeight_day_prev_yr":0,"twentyeight_day_pct_change":null,"ytd_curr_yr":2,"ytd_prev_yr":4,"ytd_pct_change":-50,"two_year_pct_change":-80,"six_year_pct_change":-50,"twentytwo_year_pct_change":-87.5},{"crime":"Shooting Inc.","wtd_curr_yr":0,"wtd_prev_yr":0,"wtd_pct_change":null,"twentyeight_day_curr_yr":0,"twentyeight_day_prev_yr":0,"twentyeight_day_pct_change":null,"ytd_curr_yr":2,"ytd_prev_yr":3,"ytd_pct_change":-33.3,"two_year_pct_change":-75,"six_year_pct_change":-50,"twentytwo_year_pct_change":-86.7}],"historical":[{"yr_1990":38,"yr_1993":28,"yr_1998":16,"yr_2001":10,"yr_2013":8,"pct_change_13vs01":-20,"pct_change_13vs98":-50,"pct_change_13vs93":-71.4,"pct_change_13vs90":-78.9,"crime":"Murder"},{"yr_1990":60,"yr_1993":74,"yr_1998":45,"yr_2001":27,"yr_2013":37,"pct_change_13vs01":37,"pct_change_13vs98":-17.8,"pct_change_13vs93":-50,"pct_change_13vs90":-38.3,"crime":"Rape"},{"yr_1990":1846,"yr_1993":1742,"yr_1998":751,"yr_2001":530,"yr_2013":438,"pct_change_13vs01":-17.4,"pct_change_13vs98":-41.7,"pct_change_13vs93":-74.9,"pct_change_13vs90":-76.3,"crime":"Robbery"},{"yr_1990":958,"yr_1993":853,"yr_1998":611,"yr_2001":406,"yr_2013":369,"pct_change_13vs01":-9.1,"pct_change_13vs98":-39.6,"pct_change_13vs93":-56.7,"pct_change_13vs90":-61.5,"crime":"Fel. Assault"},{"yr_1990":1592,"yr_1993":1166,"yr_1998":598,"yr_2001":449,"yr_2013":300,"pct_change_13vs01":-33.2,"pct_change_13vs98":-49.8,"pct_change_13vs93":-74.3,"pct_change_13vs90":-81.2,"crime":"Burglary"},{"yr_1990":1277,"yr_1993":1214,"yr_1998":578,"yr_2001":587,"yr_2013":487,"pct_change_13vs01":-17,"pct_change_13vs98":-15.7,"pct_change_13vs93":-59.9,"pct_change_13vs90":-61.9,"crime":"Gr. Larceny"},{"yr_1990":1889,"yr_1993":1591,"yr_1998":602,"yr_2001":472,"yr_2013":172,"pct_change_13vs01":-63.6,"pct_change_13vs98":-71.4,"pct_change_13vs93":-89.2,"pct_change_13vs90":-90.9,"crime":"G.L.A."},{"yr_1990":7660,"yr_1993":6668,"yr_1998":3201,"yr_2001":2481,"yr_2013":1811,"pct_change_13vs01":-27.01,"pct_change_13vs98":-43.42,"pct_change_13vs93":-72.84,"pct_change_13vs90":-76.36,"crime":"TOTAL"}]}