{"mayor":"Bill de Blasio","commissioner":"William J. Bratton","volume":21,"number":20,"precinct":"104th","startDate":"2014-05-12T04:00:00.000Z","endDate":"2014-05-18T04:00:00.000Z","crimes":[{"crime":"Murder","wtd_curr_yr":0,"wtd_prev_yr":0,"wtd_pct_change":null,"twentyeight_day_curr_yr":0,"twentyeight_day_prev_yr":1,"twentyeight_day_pct_change":-100,"ytd_curr_yr":3,"ytd_prev_yr":1,"ytd_pct_change":200,"two_year_pct_change":null,"six_year_pct_change":200,"twentytwo_year_pct_change":-62.5},{"crime":"Rape","wtd_curr_yr":1,"wtd_prev_yr":1,"wtd_pct_change":0,"twentyeight_day_curr_yr":3,"twentyeight_day_prev_yr":1,"twentyeight_day_pct_change":200,"ytd_curr_yr":9,"ytd_prev_yr":8,"ytd_pct_change":12.5,"two_year_pct_change":50,"six_year_pct_change":50,"twentytwo_year_pct_change":-25},{"crime":"Robbery","wtd_curr_yr":3,"wtd_prev_yr":4,"wtd_pct_change":-25,"twentyeight_day_curr_yr":13,"twentyeight_day_prev_yr":23,"twentyeight_day_pct_change":-43.5,"ytd_curr_yr":67,"ytd_prev_yr":78,"ytd_pct_change":-14.1,"two_year_pct_change":-33.7,"six_year_pct_change":-22.1,"twentytwo_year_pct_change":-81.5},{"crime":"Fel. Assault","wtd_curr_yr":5,"wtd_prev_yr":6,"wtd_pct_change":-16.7,"twentyeight_day_curr_yr":17,"twentyeight_day_prev_yr":23,"twentyeight_day_pct_change":-26.1,"ytd_curr_yr":73,"ytd_prev_yr":99,"ytd_pct_change":-26.3,"two_year_pct_change":-18,"six_year_pct_change":12.3,"twentytwo_year_pct_change":-29.8},{"crime":"Burglary","wtd_curr_yr":2,"wtd_prev_yr":9,"wtd_pct_change":-77.8,"twentyeight_day_curr_yr":16,"twentyeight_day_prev_yr":20,"twentyeight_day_pct_change":-20,"ytd_curr_yr":112,"ytd_prev_yr":125,"ytd_pct_change":-10.4,"two_year_pct_change":-14.5,"six_year_pct_change":-33.7,"twentytwo_year_pct_change":-85.4},{"crime":"Gr. Larceny","wtd_curr_yr":13,"wtd_prev_yr":10,"wtd_pct_change":30,"twentyeight_day_curr_yr":54,"twentyeight_day_prev_yr":39,"twentyeight_day_pct_change":38.5,"ytd_curr_yr":213,"ytd_prev_yr":176,"ytd_pct_change":21,"two_year_pct_change":15.8,"six_year_pct_change":22.4,"twentytwo_year_pct_change":-6.6},{"crime":"G.L.A.","wtd_curr_yr":8,"wtd_prev_yr":4,"wtd_pct_change":100,"twentyeight_day_curr_yr":22,"twentyeight_day_prev_yr":11,"twentyeight_day_pct_change":100,"ytd_curr_yr":79,"ytd_prev_yr":47,"ytd_pct_change":68.1,"two_year_pct_change":9.7,"six_year_pct_change":-28.8,"twentytwo_year_pct_change":-94.5},{"crime":"TOTAL","wtd_curr_yr":32,"wtd_prev_yr":34,"wtd_pct_change":-5.88,"twentyeight_day_curr_yr":125,"twentyeight_day_prev_yr":118,"twentyeight_day_pct_change":5.93,"ytd_curr_yr":556,"ytd_prev_yr":534,"ytd_pct_change":4.12,"two_year_pct_change":-4.63,"six_year_pct_change":-9.15,"twentytwo_year_pct_change":-80.9},{"crime":"Transit","wtd_curr_yr":0,"wtd_prev_yr":0,"wtd_pct_change":null,"twentyeight_day_curr_yr":0,"twentyeight_day_prev_yr":0,"twentyeight_day_pct_change":null,"ytd_curr_yr":5,"ytd_prev_yr":5,"ytd_pct_change":0,"two_year_pct_change":-58.3,"six_year_pct_change":null,"twentytwo_year_pct_change":null},{"crime":"Housing","wtd_curr_yr":0,"wtd_prev_yr":0,"wtd_pct_change":null,"twentyeight_day_curr_yr":0,"twentyeight_day_prev_yr":0,"twentyeight_day_pct_change":null,"ytd_curr_yr":0,"ytd_prev_yr":0,"ytd_pct_change":null,"two_year_pct_change":null,"six_year_pct_change":null,"twentytwo_year_pct_change":null},{"crime":"Petit Larceny","wtd_curr_yr":26,"wtd_prev_yr":11,"wtd_pct_change":136.4,"twentyeight_day_curr_yr":89,"twentyeight_day_prev_yr":73,"twentyeight_day_pct_change":21.9,"ytd_curr_yr":437,"ytd_prev_yr":375,"ytd_pct_change":16.5,"two_year_pct_change":14.1,"six_year_pct_change":3.8,"twentytwo_year_pct_change":null},{"crime":"Misd. Assault","wtd_curr_yr":19,"wtd_prev_yr":13,"wtd_pct_change":46.2,"twentyeight_day_curr_yr":57,"twentyeight_day_prev_yr":43,"twentyeight_day_pct_change":32.6,"ytd_curr_yr":234,"ytd_prev_yr":184,"ytd_pct_change":27.2,"two_year_pct_change":-8.2,"six_year_pct_change":-6.4,"twentytwo_year_pct_change":null},{"crime":"Misd. Sex Crimes","wtd_curr_yr":1,"wtd_prev_yr":0,"wtd_pct_change":null,"twentyeight_day_curr_yr":1,"twentyeight_day_prev_yr":0,"twentyeight_day_pct_change":null,"ytd_curr_yr":6,"ytd_prev_yr":6,"ytd_pct_change":0,"two_year_pct_change":-40,"six_year_pct_change":-57.1,"twentytwo_year_pct_change":null},{"crime":"Shooting Vic.","wtd_curr_yr":1,"wtd_prev_yr":0,"wtd_pct_change":null,"twentyeight_day_curr_yr":1,"twentyeight_day_prev_yr":0,"twentyeight_day_pct_change":null,"ytd_curr_yr":4,"ytd_prev_yr":1,"ytd_pct_change":300,"two_year_pct_change":100,"six_year_pct_change":300,"twentytwo_year_pct_change":-50},{"crime":"Shooting Inc.","wtd_curr_yr":1,"wtd_prev_yr":0,"wtd_pct_change":null,"twentyeight_day_curr_yr":1,"twentyeight_day_prev_yr":0,"twentyeight_day_pct_change":null,"ytd_curr_yr":3,"ytd_prev_yr":1,"ytd_pct_change":200,"two_year_pct_change":50,"six_year_pct_change":200,"twentytwo_year_pct_change":-57.1}],"historical":[{"yr_1990":11,"yr_1993":19,"yr_1998":7,"yr_2001":5,"yr_2013":3,"pct_change_13vs01":-40,"pct_change_13vs98":-57.1,"pct_change_13vs93":-84.2,"pct_change_13vs90":-72.7,"crime":"Murder"},{"yr_1990":21,"yr_1993":21,"yr_1998":24,"yr_2001":15,"yr_2013":15,"pct_change_13vs01":0,"pct_change_13vs98":-37.5,"pct_change_13vs93":-28.6,"pct_change_13vs90":-28.6,"crime":"Rape"},{"yr_1990":1307,"yr_1993":1027,"yr_1998":490,"yr_2001":359,"yr_2013":256,"pct_change_13vs01":-28.7,"pct_change_13vs98":-47.8,"pct_change_13vs93":-75.1,"pct_change_13vs90":-80.4,"crime":"Robbery"},{"yr_1990":279,"yr_1993":305,"yr_1998":261,"yr_2001":262,"yr_2013":241,"pct_change_13vs01":-8,"pct_change_13vs98":-7.7,"pct_change_13vs93":-21,"pct_change_13vs90":-13.6,"crime":"Fel. Assault"},{"yr_1990":2562,"yr_1993":1955,"yr_1998":1024,"yr_2001":790,"yr_2013":339,"pct_change_13vs01":-57.1,"pct_change_13vs98":-66.9,"pct_change_13vs93":-82.7,"pct_change_13vs90":-86.8,"crime":"Burglary"},{"yr_1990":884,"yr_1993":678,"yr_1998":485,"yr_2001":551,"yr_2013":572,"pct_change_13vs01":3.8,"pct_change_13vs98":17.9,"pct_change_13vs93":-15.6,"pct_change_13vs90":-35.3,"crime":"Gr. Larceny"},{"yr_1990":4443,"yr_1993":3418,"yr_1998":1374,"yr_2001":892,"yr_2013":181,"pct_change_13vs01":-79.7,"pct_change_13vs98":-86.8,"pct_change_13vs93":-94.7,"pct_change_13vs90":-95.9,"crime":"G.L.A."},{"yr_1990":9507,"yr_1993":7423,"yr_1998":3665,"yr_2001":2874,"yr_2013":1607,"pct_change_13vs01":-44.08,"pct_change_13vs98":-56.15,"pct_change_13vs93":-78.35,"pct_change_13vs90":-83.1,"crime":"TOTAL"}]}