{"mayor":"Bill de Blasio","commissioner":"William J. Bratton","volume":21,"number":2,"precinct":"107th","startDate":"2014-01-06T05:00:00.000Z","endDate":"2014-01-12T05:00:00.000Z","crimes":[{"crime":"Murder","wtd_curr_yr":0,"wtd_prev_yr":1,"wtd_pct_change":-100,"twentyeight_day_curr_yr":0,"twentyeight_day_prev_yr":1,"twentyeight_day_pct_change":-100,"ytd_curr_yr":0,"ytd_prev_yr":1,"ytd_pct_change":-100,"two_year_pct_change":null,"six_year_pct_change":-100,"twentytwo_year_pct_change":null},{"crime":"Rape","wtd_curr_yr":0,"wtd_prev_yr":0,"wtd_pct_change":null,"twentyeight_day_curr_yr":0,"twentyeight_day_prev_yr":0,"twentyeight_day_pct_change":null,"ytd_curr_yr":0,"ytd_prev_yr":0,"ytd_pct_change":null,"two_year_pct_change":null,"six_year_pct_change":-100,"twentytwo_year_pct_change":null},{"crime":"Robbery","wtd_curr_yr":2,"wtd_prev_yr":5,"wtd_pct_change":-60,"twentyeight_day_curr_yr":9,"twentyeight_day_prev_yr":13,"twentyeight_day_pct_change":-30.8,"ytd_curr_yr":2,"ytd_prev_yr":6,"ytd_pct_change":-66.7,"two_year_pct_change":-66.7,"six_year_pct_change":-77.8,"twentytwo_year_pct_change":-94.1},{"crime":"Fel. Assault","wtd_curr_yr":1,"wtd_prev_yr":5,"wtd_pct_change":-80,"twentyeight_day_curr_yr":9,"twentyeight_day_prev_yr":11,"twentyeight_day_pct_change":-18.2,"ytd_curr_yr":2,"ytd_prev_yr":5,"ytd_pct_change":-60,"two_year_pct_change":-33.3,"six_year_pct_change":-80,"twentytwo_year_pct_change":-84.6},{"crime":"Burglary","wtd_curr_yr":4,"wtd_prev_yr":1,"wtd_pct_change":300,"twentyeight_day_curr_yr":13,"twentyeight_day_prev_yr":11,"twentyeight_day_pct_change":18.2,"ytd_curr_yr":6,"ytd_prev_yr":6,"ytd_pct_change":0,"two_year_pct_change":-25,"six_year_pct_change":-53.8,"twentytwo_year_pct_change":-90.9},{"crime":"Gr. Larceny","wtd_curr_yr":6,"wtd_prev_yr":10,"wtd_pct_change":-40,"twentyeight_day_curr_yr":42,"twentyeight_day_prev_yr":47,"twentyeight_day_pct_change":-10.6,"ytd_curr_yr":11,"ytd_prev_yr":19,"ytd_pct_change":-42.1,"two_year_pct_change":-15.4,"six_year_pct_change":-45,"twentytwo_year_pct_change":-15.4},{"crime":"G.L.A.","wtd_curr_yr":0,"wtd_prev_yr":2,"wtd_pct_change":-100,"twentyeight_day_curr_yr":6,"twentyeight_day_prev_yr":14,"twentyeight_day_pct_change":-57.1,"ytd_curr_yr":1,"ytd_prev_yr":5,"ytd_pct_change":-80,"two_year_pct_change":-75,"six_year_pct_change":-96.2,"twentytwo_year_pct_change":-99.3},{"crime":"TOTAL","wtd_curr_yr":13,"wtd_prev_yr":24,"wtd_pct_change":-45.83,"twentyeight_day_curr_yr":79,"twentyeight_day_prev_yr":97,"twentyeight_day_pct_change":-18.56,"ytd_curr_yr":22,"ytd_prev_yr":42,"ytd_pct_change":-47.62,"two_year_pct_change":-35.29,"six_year_pct_change":-72.5,"twentytwo_year_pct_change":-92.06},{"crime":"Petit Larceny","wtd_curr_yr":13,"wtd_prev_yr":18,"wtd_pct_change":-27.8,"twentyeight_day_curr_yr":68,"twentyeight_day_prev_yr":49,"twentyeight_day_pct_change":38.8,"ytd_curr_yr":23,"ytd_prev_yr":27,"ytd_pct_change":-14.8,"two_year_pct_change":64.3,"six_year_pct_change":null,"twentytwo_year_pct_change":null},{"crime":"Misd. Assault","wtd_curr_yr":6,"wtd_prev_yr":9,"wtd_pct_change":-33.3,"twentyeight_day_curr_yr":36,"twentyeight_day_prev_yr":36,"twentyeight_day_pct_change":0,"ytd_curr_yr":11,"ytd_prev_yr":15,"ytd_pct_change":-26.7,"two_year_pct_change":-21.4,"six_year_pct_change":null,"twentytwo_year_pct_change":null},{"crime":"Misd. Sex Crimes","wtd_curr_yr":1,"wtd_prev_yr":0,"wtd_pct_change":null,"twentyeight_day_curr_yr":2,"twentyeight_day_prev_yr":3,"twentyeight_day_pct_change":-33.3,"ytd_curr_yr":1,"ytd_prev_yr":0,"ytd_pct_change":null,"two_year_pct_change":null,"six_year_pct_change":null,"twentytwo_year_pct_change":null},{"crime":"Shooting Vic.","wtd_curr_yr":0,"wtd_prev_yr":1,"wtd_pct_change":-100,"twentyeight_day_curr_yr":0,"twentyeight_day_prev_yr":3,"twentyeight_day_pct_change":-100,"ytd_curr_yr":0,"ytd_prev_yr":1,"ytd_pct_change":-100,"two_year_pct_change":null,"six_year_pct_change":null,"twentytwo_year_pct_change":-100},{"crime":"Shooting Inc.","wtd_curr_yr":0,"wtd_prev_yr":1,"wtd_pct_change":-100,"twentyeight_day_curr_yr":0,"twentyeight_day_prev_yr":2,"twentyeight_day_pct_change":-100,"ytd_curr_yr":0,"ytd_prev_yr":1,"ytd_pct_change":-100,"two_year_pct_change":null,"six_year_pct_change":null,"twentytwo_year_pct_change":-100}],"historical":[{"yr_1990":14,"yr_1993":8,"yr_1998":5,"yr_2001":4,"yr_2013":1,"pct_change_13vs01":-75,"pct_change_13vs98":-80,"pct_change_13vs93":-87.5,"pct_change_13vs90":-92.9,"crime":"Murder"},{"yr_1990":24,"yr_1993":32,"yr_1998":30,"yr_2001":15,"yr_2013":7,"pct_change_13vs01":-53.3,"pct_change_13vs98":-76.7,"pct_change_13vs93":-78.1,"pct_change_13vs90":-70.8,"crime":"Rape"},{"yr_1990":1039,"yr_1993":514,"yr_1998":375,"yr_2001":242,"yr_2013":-35.5,"pct_change_13vs01":-52.9,"pct_change_13vs98":-76.7,"pct_change_13vs93":-72.9,"pct_change_13vs90":null,"crime":"Robbery 893"},{"yr_1990":260,"yr_1993":239,"yr_1998":226,"yr_2001":153,"yr_2013":138,"pct_change_13vs01":-9.8,"pct_change_13vs98":-38.9,"pct_change_13vs93":-42.3,"pct_change_13vs90":-46.9,"crime":"Fel. Assault"},{"yr_1990":2152,"yr_1993":1425,"yr_1998":862,"yr_2001":632,"yr_2013":244,"pct_change_13vs01":-61.4,"pct_change_13vs98":-71.7,"pct_change_13vs93":-82.9,"pct_change_13vs90":-88.7,"crime":"Burglary"},{"yr_1990":805,"yr_1993":616,"yr_1998":614,"yr_2001":572,"yr_2013":517,"pct_change_13vs01":-9.6,"pct_change_13vs98":-15.8,"pct_change_13vs93":-16.1,"pct_change_13vs90":-35.8,"crime":"Gr. Larceny"},{"yr_1990":5535,"yr_1993":4902,"yr_1998":1560,"yr_2001":802,"yr_2013":149,"pct_change_13vs01":-81.4,"pct_change_13vs98":-90.4,"pct_change_13vs93":-97,"pct_change_13vs90":-97.3,"crime":"G.L.A."},{"yr_1990":9683,"yr_1993":8261,"yr_1998":3811,"yr_2001":2553,"yr_2013":1298,"pct_change_13vs01":-49.16,"pct_change_13vs98":-65.94,"pct_change_13vs93":-84.29,"pct_change_13vs90":-86.6,"crime":"TOTAL"}]}