{"mayor":"Bill de Blasio","commissioner":"William J. Bratton","volume":21,"number":24,"precinct":"105th","startDate":"2014-06-09T04:00:00.000Z","endDate":"2014-06-15T04:00:00.000Z","crimes":[{"crime":"Murder","wtd_curr_yr":0,"wtd_prev_yr":0,"wtd_pct_change":null,"twentyeight_day_curr_yr":1,"twentyeight_day_prev_yr":0,"twentyeight_day_pct_change":null,"ytd_curr_yr":3,"ytd_prev_yr":2,"ytd_pct_change":50,"two_year_pct_change":-25,"six_year_pct_change":0,"twentytwo_year_pct_change":-62.5},{"crime":"Rape","wtd_curr_yr":1,"wtd_prev_yr":1,"wtd_pct_change":0,"twentyeight_day_curr_yr":1,"twentyeight_day_prev_yr":1,"twentyeight_day_pct_change":0,"ytd_curr_yr":10,"ytd_prev_yr":9,"ytd_pct_change":11.1,"two_year_pct_change":-28.6,"six_year_pct_change":-41.2,"twentytwo_year_pct_change":-56.5},{"crime":"Robbery","wtd_curr_yr":2,"wtd_prev_yr":9,"wtd_pct_change":-77.8,"twentyeight_day_curr_yr":18,"twentyeight_day_prev_yr":30,"twentyeight_day_pct_change":-40,"ytd_curr_yr":95,"ytd_prev_yr":172,"ytd_pct_change":-44.8,"two_year_pct_change":-40.6,"six_year_pct_change":-43.8,"twentytwo_year_pct_change":-78.8},{"crime":"Fel. Assault","wtd_curr_yr":7,"wtd_prev_yr":2,"wtd_pct_change":250,"twentyeight_day_curr_yr":30,"twentyeight_day_prev_yr":23,"twentyeight_day_pct_change":30.4,"ytd_curr_yr":142,"ytd_prev_yr":128,"ytd_pct_change":10.9,"two_year_pct_change":1.4,"six_year_pct_change":20.3,"twentytwo_year_pct_change":-14.5},{"crime":"Burglary","wtd_curr_yr":7,"wtd_prev_yr":7,"wtd_pct_change":0,"twentyeight_day_curr_yr":31,"twentyeight_day_prev_yr":40,"twentyeight_day_pct_change":-22.5,"ytd_curr_yr":130,"ytd_prev_yr":231,"ytd_pct_change":-43.7,"two_year_pct_change":-41.2,"six_year_pct_change":-29,"twentytwo_year_pct_change":-82.4},{"crime":"Gr. Larceny","wtd_curr_yr":11,"wtd_prev_yr":7,"wtd_pct_change":57.1,"twentyeight_day_curr_yr":39,"twentyeight_day_prev_yr":31,"twentyeight_day_pct_change":25.8,"ytd_curr_yr":223,"ytd_prev_yr":239,"ytd_pct_change":-6.7,"two_year_pct_change":-3.5,"six_year_pct_change":5.2,"twentytwo_year_pct_change":-15.2},{"crime":"G.L.A.","wtd_curr_yr":6,"wtd_prev_yr":5,"wtd_pct_change":20,"twentyeight_day_curr_yr":19,"twentyeight_day_prev_yr":27,"twentyeight_day_pct_change":-29.6,"ytd_curr_yr":104,"ytd_prev_yr":117,"ytd_pct_change":-11.1,"two_year_pct_change":-30.7,"six_year_pct_change":-30.2,"twentytwo_year_pct_change":-93.2},{"crime":"TOTAL","wtd_curr_yr":34,"wtd_prev_yr":31,"wtd_pct_change":9.68,"twentyeight_day_curr_yr":139,"twentyeight_day_prev_yr":152,"twentyeight_day_pct_change":-8.55,"ytd_curr_yr":707,"ytd_prev_yr":898,"ytd_pct_change":-21.27,"two_year_pct_change":-23.15,"six_year_pct_change":-16.92,"twentytwo_year_pct_change":-77.8},{"crime":"Transit","wtd_curr_yr":0,"wtd_prev_yr":0,"wtd_pct_change":null,"twentyeight_day_curr_yr":0,"twentyeight_day_prev_yr":0,"twentyeight_day_pct_change":null,"ytd_curr_yr":0,"ytd_prev_yr":0,"ytd_pct_change":null,"two_year_pct_change":null,"six_year_pct_change":null,"twentytwo_year_pct_change":null},{"crime":"Housing","wtd_curr_yr":0,"wtd_prev_yr":0,"wtd_pct_change":null,"twentyeight_day_curr_yr":0,"twentyeight_day_prev_yr":0,"twentyeight_day_pct_change":null,"ytd_curr_yr":0,"ytd_prev_yr":0,"ytd_pct_change":null,"two_year_pct_change":null,"six_year_pct_change":null,"twentytwo_year_pct_change":null},{"crime":"Petit Larceny","wtd_curr_yr":18,"wtd_prev_yr":15,"wtd_pct_change":20,"twentyeight_day_curr_yr":87,"twentyeight_day_prev_yr":50,"twentyeight_day_pct_change":74,"ytd_curr_yr":348,"ytd_prev_yr":322,"ytd_pct_change":8.1,"two_year_pct_change":-0.9,"six_year_pct_change":-17.3,"twentytwo_year_pct_change":null},{"crime":"Misd. Assault","wtd_curr_yr":17,"wtd_prev_yr":18,"wtd_pct_change":-5.6,"twentyeight_day_curr_yr":60,"twentyeight_day_prev_yr":57,"twentyeight_day_pct_change":5.3,"ytd_curr_yr":290,"ytd_prev_yr":267,"ytd_pct_change":8.6,"two_year_pct_change":0,"six_year_pct_change":-12.4,"twentytwo_year_pct_change":null},{"crime":"Misd. Sex Crimes","wtd_curr_yr":0,"wtd_prev_yr":3,"wtd_pct_change":-100,"twentyeight_day_curr_yr":2,"twentyeight_day_prev_yr":7,"twentyeight_day_pct_change":-71.4,"ytd_curr_yr":10,"ytd_prev_yr":23,"ytd_pct_change":-56.5,"two_year_pct_change":-37.5,"six_year_pct_change":-41.2,"twentytwo_year_pct_change":null},{"crime":"Shooting Vic.","wtd_curr_yr":0,"wtd_prev_yr":0,"wtd_pct_change":null,"twentyeight_day_curr_yr":2,"twentyeight_day_prev_yr":0,"twentyeight_day_pct_change":null,"ytd_curr_yr":5,"ytd_prev_yr":8,"ytd_pct_change":-37.5,"two_year_pct_change":-70.6,"six_year_pct_change":-58.3,"twentytwo_year_pct_change":-82.8},{"crime":"Shooting Inc.","wtd_curr_yr":0,"wtd_prev_yr":0,"wtd_pct_change":null,"twentyeight_day_curr_yr":1,"twentyeight_day_prev_yr":0,"twentyeight_day_pct_change":null,"ytd_curr_yr":4,"ytd_prev_yr":7,"ytd_pct_change":-42.9,"two_year_pct_change":-73.3,"six_year_pct_change":-63.6,"twentytwo_year_pct_change":-85.7}],"historical":[{"yr_1990":30,"yr_1993":23,"yr_1998":7,"yr_2001":18,"yr_2013":3,"pct_change_13vs01":-83.3,"pct_change_13vs98":-57.1,"pct_change_13vs93":-87,"pct_change_13vs90":-90,"crime":"Murder"},{"yr_1990":56,"yr_1993":41,"yr_1998":52,"yr_2001":35,"yr_2013":18,"pct_change_13vs01":-48.6,"pct_change_13vs98":-65.4,"pct_change_13vs93":-56.1,"pct_change_13vs90":-67.9,"crime":"Rape"},{"yr_1990":1066,"yr_1993":1082,"yr_1998":557,"yr_2001":395,"yr_2013":331,"pct_change_13vs01":-16.2,"pct_change_13vs98":-40.6,"pct_change_13vs93":-69.4,"pct_change_13vs90":-68.9,"crime":"Robbery"},{"yr_1990":459,"yr_1993":409,"yr_1998":400,"yr_2001":329,"yr_2013":313,"pct_change_13vs01":-4.9,"pct_change_13vs98":-21.8,"pct_change_13vs93":-23.5,"pct_change_13vs90":-31.8,"crime":"Fel. Assault"},{"yr_1990":2199,"yr_1993":1640,"yr_1998":854,"yr_2001":630,"yr_2013":469,"pct_change_13vs01":-25.6,"pct_change_13vs98":-45.1,"pct_change_13vs93":-71.4,"pct_change_13vs90":-78.7,"crime":"Burglary"},{"yr_1990":699,"yr_1993":593,"yr_1998":444,"yr_2001":456,"yr_2013":520,"pct_change_13vs01":14,"pct_change_13vs98":17.1,"pct_change_13vs93":-12.3,"pct_change_13vs90":-25.6,"crime":"Gr. Larceny"},{"yr_1990":3534,"yr_1993":3476,"yr_1998":1360,"yr_2001":913,"yr_2013":263,"pct_change_13vs01":-71.2,"pct_change_13vs98":-80.7,"pct_change_13vs93":-92.4,"pct_change_13vs90":-92.6,"crime":"G.L.A."},{"yr_1990":8043,"yr_1993":7264,"yr_1998":3674,"yr_2001":2776,"yr_2013":1917,"pct_change_13vs01":-30.94,"pct_change_13vs98":-47.82,"pct_change_13vs93":-73.61,"pct_change_13vs90":-76.17,"crime":"TOTAL"}]}