{"mayor":"Bill de Blasio","commissioner":"William J. Bratton","volume":21,"number":35,"precinct":"104th","startDate":"2014-08-25T04:00:00.000Z","endDate":"2014-08-31T04:00:00.000Z","crimes":[{"crime":"Murder","wtd_curr_yr":0,"wtd_prev_yr":0,"wtd_pct_change":null,"twentyeight_day_curr_yr":0,"twentyeight_day_prev_yr":0,"twentyeight_day_pct_change":null,"ytd_curr_yr":3,"ytd_prev_yr":3,"ytd_pct_change":0,"two_year_pct_change":null,"six_year_pct_change":200,"twentytwo_year_pct_change":-81.2},{"crime":"Rape","wtd_curr_yr":0,"wtd_prev_yr":0,"wtd_pct_change":null,"twentyeight_day_curr_yr":1,"twentyeight_day_prev_yr":0,"twentyeight_day_pct_change":null,"ytd_curr_yr":14,"ytd_prev_yr":8,"ytd_pct_change":75,"two_year_pct_change":40,"six_year_pct_change":75,"twentytwo_year_pct_change":-22.2},{"crime":"Robbery","wtd_curr_yr":1,"wtd_prev_yr":6,"wtd_pct_change":-83.3,"twentyeight_day_curr_yr":16,"twentyeight_day_prev_yr":21,"twentyeight_day_pct_change":-23.8,"ytd_curr_yr":113,"ytd_prev_yr":150,"ytd_pct_change":-24.7,"two_year_pct_change":-38.9,"six_year_pct_change":-34.7,"twentytwo_year_pct_change":-81.8},{"crime":"Fel. Assault","wtd_curr_yr":3,"wtd_prev_yr":6,"wtd_pct_change":-50,"twentyeight_day_curr_yr":12,"twentyeight_day_prev_yr":23,"twentyeight_day_pct_change":-47.8,"ytd_curr_yr":142,"ytd_prev_yr":176,"ytd_pct_change":-19.3,"two_year_pct_change":-20.2,"six_year_pct_change":24.6,"twentytwo_year_pct_change":-31.1},{"crime":"Burglary","wtd_curr_yr":5,"wtd_prev_yr":6,"wtd_pct_change":-16.7,"twentyeight_day_curr_yr":19,"twentyeight_day_prev_yr":36,"twentyeight_day_pct_change":-47.2,"ytd_curr_yr":196,"ytd_prev_yr":242,"ytd_pct_change":-19,"two_year_pct_change":-24.6,"six_year_pct_change":-34.7,"twentytwo_year_pct_change":-85.8},{"crime":"Gr. Larceny","wtd_curr_yr":12,"wtd_prev_yr":14,"wtd_pct_change":-14.3,"twentyeight_day_curr_yr":60,"twentyeight_day_prev_yr":51,"twentyeight_day_pct_change":17.6,"ytd_curr_yr":392,"ytd_prev_yr":345,"ytd_pct_change":13.6,"two_year_pct_change":14,"six_year_pct_change":22.1,"twentytwo_year_pct_change":-10.9},{"crime":"G.L.A.","wtd_curr_yr":4,"wtd_prev_yr":6,"wtd_pct_change":-33.3,"twentyeight_day_curr_yr":17,"twentyeight_day_prev_yr":13,"twentyeight_day_pct_change":30.8,"ytd_curr_yr":136,"ytd_prev_yr":100,"ytd_pct_change":36,"two_year_pct_change":-9.9,"six_year_pct_change":-26.9,"twentytwo_year_pct_change":-94.4},{"crime":"TOTAL","wtd_curr_yr":25,"wtd_prev_yr":38,"wtd_pct_change":-34.21,"twentyeight_day_curr_yr":125,"twentyeight_day_prev_yr":144,"twentyeight_day_pct_change":-13.19,"ytd_curr_yr":996,"ytd_prev_yr":1024,"ytd_pct_change":-2.73,"two_year_pct_change":-11.7,"six_year_pct_change":-9.7,"twentytwo_year_pct_change":-80.49},{"crime":"Transit","wtd_curr_yr":0,"wtd_prev_yr":0,"wtd_pct_change":null,"twentyeight_day_curr_yr":1,"twentyeight_day_prev_yr":1,"twentyeight_day_pct_change":0,"ytd_curr_yr":8,"ytd_prev_yr":9,"ytd_pct_change":-11.1,"two_year_pct_change":-60,"six_year_pct_change":300,"twentytwo_year_pct_change":null},{"crime":"Housing","wtd_curr_yr":0,"wtd_prev_yr":0,"wtd_pct_change":null,"twentyeight_day_curr_yr":0,"twentyeight_day_prev_yr":0,"twentyeight_day_pct_change":null,"ytd_curr_yr":0,"ytd_prev_yr":0,"ytd_pct_change":null,"two_year_pct_change":null,"six_year_pct_change":null,"twentytwo_year_pct_change":null},{"crime":"Petit Larceny","wtd_curr_yr":14,"wtd_prev_yr":28,"wtd_pct_change":-50,"twentyeight_day_curr_yr":83,"twentyeight_day_prev_yr":111,"twentyeight_day_pct_change":-25.2,"ytd_curr_yr":756,"ytd_prev_yr":735,"ytd_pct_change":2.9,"two_year_pct_change":7.5,"six_year_pct_change":-0.7,"twentytwo_year_pct_change":null},{"crime":"Misd. Assault","wtd_curr_yr":16,"wtd_prev_yr":9,"wtd_pct_change":77.8,"twentyeight_day_curr_yr":49,"twentyeight_day_prev_yr":37,"twentyeight_day_pct_change":32.4,"ytd_curr_yr":424,"ytd_prev_yr":368,"ytd_pct_change":15.2,"two_year_pct_change":-5.4,"six_year_pct_change":-5.6,"twentytwo_year_pct_change":null},{"crime":"Misd. Sex Crimes","wtd_curr_yr":1,"wtd_prev_yr":0,"wtd_pct_change":null,"twentyeight_day_curr_yr":1,"twentyeight_day_prev_yr":1,"twentyeight_day_pct_change":0,"ytd_curr_yr":9,"ytd_prev_yr":14,"ytd_pct_change":-35.7,"two_year_pct_change":-55,"six_year_pct_change":-62.5,"twentytwo_year_pct_change":null},{"crime":"Shooting Vic.","wtd_curr_yr":0,"wtd_prev_yr":0,"wtd_pct_change":null,"twentyeight_day_curr_yr":1,"twentyeight_day_prev_yr":1,"twentyeight_day_pct_change":0,"ytd_curr_yr":7,"ytd_prev_yr":4,"ytd_pct_change":75,"two_year_pct_change":75,"six_year_pct_change":75,"twentytwo_year_pct_change":-68.2},{"crime":"Shooting Inc.","wtd_curr_yr":0,"wtd_prev_yr":0,"wtd_pct_change":null,"twentyeight_day_curr_yr":1,"twentyeight_day_prev_yr":1,"twentyeight_day_pct_change":0,"ytd_curr_yr":6,"ytd_prev_yr":4,"ytd_pct_change":50,"two_year_pct_change":50,"six_year_pct_change":50,"twentytwo_year_pct_change":-68.4}],"historical":[{"yr_1990":11,"yr_1993":19,"yr_1998":7,"yr_2001":5,"yr_2013":3,"pct_change_13vs01":-40,"pct_change_13vs98":-57.1,"pct_change_13vs93":-84.2,"pct_change_13vs90":-72.7,"crime":"Murder"},{"yr_1990":21,"yr_1993":21,"yr_1998":24,"yr_2001":15,"yr_2013":15,"pct_change_13vs01":0,"pct_change_13vs98":-37.5,"pct_change_13vs93":-28.6,"pct_change_13vs90":-28.6,"crime":"Rape"},{"yr_1990":1307,"yr_1993":1027,"yr_1998":490,"yr_2001":359,"yr_2013":256,"pct_change_13vs01":-28.7,"pct_change_13vs98":-47.8,"pct_change_13vs93":-75.1,"pct_change_13vs90":-80.4,"crime":"Robbery"},{"yr_1990":279,"yr_1993":305,"yr_1998":261,"yr_2001":262,"yr_2013":241,"pct_change_13vs01":-8,"pct_change_13vs98":-7.7,"pct_change_13vs93":-21,"pct_change_13vs90":-13.6,"crime":"Fel. Assault"},{"yr_1990":2562,"yr_1993":1955,"yr_1998":1024,"yr_2001":790,"yr_2013":339,"pct_change_13vs01":-57.1,"pct_change_13vs98":-66.9,"pct_change_13vs93":-82.7,"pct_change_13vs90":-86.8,"crime":"Burglary"},{"yr_1990":884,"yr_1993":678,"yr_1998":485,"yr_2001":551,"yr_2013":572,"pct_change_13vs01":3.8,"pct_change_13vs98":17.9,"pct_change_13vs93":-15.6,"pct_change_13vs90":-35.3,"crime":"Gr. Larceny"},{"yr_1990":4443,"yr_1993":3418,"yr_1998":1374,"yr_2001":892,"yr_2013":181,"pct_change_13vs01":-79.7,"pct_change_13vs98":-86.8,"pct_change_13vs93":-94.7,"pct_change_13vs90":-95.9,"crime":"G.L.A."},{"yr_1990":9507,"yr_1993":7423,"yr_1998":3665,"yr_2001":2874,"yr_2013":1607,"pct_change_13vs01":-44.08,"pct_change_13vs98":-56.15,"pct_change_13vs93":-78.35,"pct_change_13vs90":-83.1,"crime":"TOTAL"}]}