{"mayor":"Bill de Blasio","commissioner":"William J. Bratton","volume":21,"number":19,"precinct":"107th","startDate":"2014-05-05T04:00:00.000Z","endDate":"2014-05-11T04:00:00.000Z","crimes":[{"crime":"Murder","wtd_curr_yr":0,"wtd_prev_yr":0,"wtd_pct_change":null,"twentyeight_day_curr_yr":0,"twentyeight_day_prev_yr":0,"twentyeight_day_pct_change":null,"ytd_curr_yr":0,"ytd_prev_yr":1,"ytd_pct_change":-100,"two_year_pct_change":null,"six_year_pct_change":null,"twentytwo_year_pct_change":-100},{"crime":"Rape","wtd_curr_yr":0,"wtd_prev_yr":0,"wtd_pct_change":null,"twentyeight_day_curr_yr":0,"twentyeight_day_prev_yr":1,"twentyeight_day_pct_change":-100,"ytd_curr_yr":6,"ytd_prev_yr":5,"ytd_pct_change":20,"two_year_pct_change":200,"six_year_pct_change":200,"twentytwo_year_pct_change":-53.8},{"crime":"Robbery","wtd_curr_yr":2,"wtd_prev_yr":8,"wtd_pct_change":-75,"twentyeight_day_curr_yr":16,"twentyeight_day_prev_yr":16,"twentyeight_day_pct_change":0,"ytd_curr_yr":72,"ytd_prev_yr":81,"ytd_pct_change":-11.1,"two_year_pct_change":-11.1,"six_year_pct_change":-17.2,"twentytwo_year_pct_change":-77.6},{"crime":"Fel. Assault","wtd_curr_yr":3,"wtd_prev_yr":3,"wtd_pct_change":0,"twentyeight_day_curr_yr":7,"twentyeight_day_prev_yr":13,"twentyeight_day_pct_change":-46.2,"ytd_curr_yr":27,"ytd_prev_yr":42,"ytd_pct_change":-35.7,"two_year_pct_change":-48.1,"six_year_pct_change":3.8,"twentytwo_year_pct_change":-66.2},{"crime":"Burglary","wtd_curr_yr":2,"wtd_prev_yr":8,"wtd_pct_change":-75,"twentyeight_day_curr_yr":6,"twentyeight_day_prev_yr":22,"twentyeight_day_pct_change":-72.7,"ytd_curr_yr":52,"ytd_prev_yr":92,"ytd_pct_change":-43.5,"two_year_pct_change":-38.8,"six_year_pct_change":-46.4,"twentytwo_year_pct_change":-90.3},{"crime":"Gr. Larceny","wtd_curr_yr":10,"wtd_prev_yr":11,"wtd_pct_change":-9.1,"twentyeight_day_curr_yr":30,"twentyeight_day_prev_yr":40,"twentyeight_day_pct_change":-25,"ytd_curr_yr":138,"ytd_prev_yr":134,"ytd_pct_change":3,"two_year_pct_change":-24.2,"six_year_pct_change":-13.2,"twentytwo_year_pct_change":-34.3},{"crime":"G.L.A.","wtd_curr_yr":5,"wtd_prev_yr":3,"wtd_pct_change":66.7,"twentyeight_day_curr_yr":12,"twentyeight_day_prev_yr":14,"twentyeight_day_pct_change":-14.3,"ytd_curr_yr":38,"ytd_prev_yr":47,"ytd_pct_change":-19.1,"two_year_pct_change":-24,"six_year_pct_change":-48.6,"twentytwo_year_pct_change":-97.8},{"crime":"TOTAL","wtd_curr_yr":22,"wtd_prev_yr":33,"wtd_pct_change":-33.33,"twentyeight_day_curr_yr":71,"twentyeight_day_prev_yr":106,"twentyeight_day_pct_change":-33.02,"ytd_curr_yr":333,"ytd_prev_yr":402,"ytd_pct_change":-17.16,"two_year_pct_change":-26.33,"six_year_pct_change":-25.17,"twentytwo_year_pct_change":-88.63},{"crime":"Transit","wtd_curr_yr":0,"wtd_prev_yr":1,"wtd_pct_change":-100,"twentyeight_day_curr_yr":2,"twentyeight_day_prev_yr":5,"twentyeight_day_pct_change":-60,"ytd_curr_yr":8,"ytd_prev_yr":8,"ytd_pct_change":0,"two_year_pct_change":0,"six_year_pct_change":33.3,"twentytwo_year_pct_change":null},{"crime":"Housing","wtd_curr_yr":2,"wtd_prev_yr":1,"wtd_pct_change":100,"twentyeight_day_curr_yr":7,"twentyeight_day_prev_yr":7,"twentyeight_day_pct_change":0,"ytd_curr_yr":19,"ytd_prev_yr":16,"ytd_pct_change":18.8,"two_year_pct_change":0,"six_year_pct_change":137.5,"twentytwo_year_pct_change":null},{"crime":"Petit Larceny","wtd_curr_yr":13,"wtd_prev_yr":7,"wtd_pct_change":85.7,"twentyeight_day_curr_yr":68,"twentyeight_day_prev_yr":58,"twentyeight_day_pct_change":17.2,"ytd_curr_yr":252,"ytd_prev_yr":259,"ytd_pct_change":-2.7,"two_year_pct_change":-12.8,"six_year_pct_change":-22.7,"twentytwo_year_pct_change":null},{"crime":"Misd. Assault","wtd_curr_yr":7,"wtd_prev_yr":7,"wtd_pct_change":0,"twentyeight_day_curr_yr":21,"twentyeight_day_prev_yr":25,"twentyeight_day_pct_change":-16,"ytd_curr_yr":116,"ytd_prev_yr":125,"ytd_pct_change":-7.2,"two_year_pct_change":-7.2,"six_year_pct_change":-31,"twentytwo_year_pct_change":null},{"crime":"Misd. Sex Crimes","wtd_curr_yr":1,"wtd_prev_yr":1,"wtd_pct_change":0,"twentyeight_day_curr_yr":4,"twentyeight_day_prev_yr":4,"twentyeight_day_pct_change":0,"ytd_curr_yr":9,"ytd_prev_yr":13,"ytd_pct_change":-30.8,"two_year_pct_change":0,"six_year_pct_change":12.5,"twentytwo_year_pct_change":null},{"crime":"Shooting Vic.","wtd_curr_yr":0,"wtd_prev_yr":0,"wtd_pct_change":null,"twentyeight_day_curr_yr":0,"twentyeight_day_prev_yr":0,"twentyeight_day_pct_change":null,"ytd_curr_yr":0,"ytd_prev_yr":1,"ytd_pct_change":-100,"two_year_pct_change":-100,"six_year_pct_change":-100,"twentytwo_year_pct_change":-100},{"crime":"Shooting Inc.","wtd_curr_yr":0,"wtd_prev_yr":0,"wtd_pct_change":null,"twentyeight_day_curr_yr":0,"twentyeight_day_prev_yr":0,"twentyeight_day_pct_change":null,"ytd_curr_yr":0,"ytd_prev_yr":1,"ytd_pct_change":-100,"two_year_pct_change":-100,"six_year_pct_change":-100,"twentytwo_year_pct_change":-100}],"historical":[{"yr_1990":14,"yr_1993":8,"yr_1998":5,"yr_2001":4,"yr_2013":1,"pct_change_13vs01":-75,"pct_change_13vs98":-80,"pct_change_13vs93":-87.5,"pct_change_13vs90":-92.9,"crime":"Murder"},{"yr_1990":24,"yr_1993":32,"yr_1998":30,"yr_2001":15,"yr_2013":7,"pct_change_13vs01":-53.3,"pct_change_13vs98":-76.7,"pct_change_13vs93":-78.1,"pct_change_13vs90":-70.8,"crime":"Rape"},{"yr_1990":1039,"yr_1993":514,"yr_1998":375,"yr_2001":242,"yr_2013":-35.5,"pct_change_13vs01":-52.9,"pct_change_13vs98":-76.7,"pct_change_13vs93":-72.9,"pct_change_13vs90":null,"crime":"Robbery 893"},{"yr_1990":260,"yr_1993":239,"yr_1998":226,"yr_2001":153,"yr_2013":138,"pct_change_13vs01":-9.8,"pct_change_13vs98":-38.9,"pct_change_13vs93":-42.3,"pct_change_13vs90":-46.9,"crime":"Fel. Assault"},{"yr_1990":2152,"yr_1993":1425,"yr_1998":862,"yr_2001":632,"yr_2013":244,"pct_change_13vs01":-61.4,"pct_change_13vs98":-71.7,"pct_change_13vs93":-82.9,"pct_change_13vs90":-88.7,"crime":"Burglary"},{"yr_1990":805,"yr_1993":616,"yr_1998":614,"yr_2001":572,"yr_2013":517,"pct_change_13vs01":-9.6,"pct_change_13vs98":-15.8,"pct_change_13vs93":-16.1,"pct_change_13vs90":-35.8,"crime":"Gr. Larceny"},{"yr_1990":5535,"yr_1993":4902,"yr_1998":1560,"yr_2001":802,"yr_2013":149,"pct_change_13vs01":-81.4,"pct_change_13vs98":-90.4,"pct_change_13vs93":-97,"pct_change_13vs90":-97.3,"crime":"G.L.A."},{"yr_1990":9683,"yr_1993":8261,"yr_1998":3811,"yr_2001":2553,"yr_2013":1298,"pct_change_13vs01":-49.16,"pct_change_13vs98":-65.94,"pct_change_13vs93":-84.29,"pct_change_13vs90":-86.6,"crime":"TOTAL"}]}