{"mayor":"Bill de Blasio","commissioner":"William J. Bratton","volume":21,"number":6,"precinct":"102nd","startDate":"2014-02-03T05:00:00.000Z","endDate":"2014-02-09T05:00:00.000Z","crimes":[{"crime":"Murder","wtd_curr_yr":0,"wtd_prev_yr":0,"wtd_pct_change":null,"twentyeight_day_curr_yr":0,"twentyeight_day_prev_yr":0,"twentyeight_day_pct_change":null,"ytd_curr_yr":0,"ytd_prev_yr":1,"ytd_pct_change":-100,"two_year_pct_change":-100,"six_year_pct_change":-100,"twentytwo_year_pct_change":-100},{"crime":"Rape","wtd_curr_yr":1,"wtd_prev_yr":1,"wtd_pct_change":0,"twentyeight_day_curr_yr":2,"twentyeight_day_prev_yr":2,"twentyeight_day_pct_change":0,"ytd_curr_yr":3,"ytd_prev_yr":2,"ytd_pct_change":50,"two_year_pct_change":0,"six_year_pct_change":null,"twentytwo_year_pct_change":50},{"crime":"Robbery","wtd_curr_yr":3,"wtd_prev_yr":9,"wtd_pct_change":-66.7,"twentyeight_day_curr_yr":23,"twentyeight_day_prev_yr":29,"twentyeight_day_pct_change":-20.7,"ytd_curr_yr":31,"ytd_prev_yr":37,"ytd_pct_change":-16.2,"two_year_pct_change":3.3,"six_year_pct_change":-3.1,"twentytwo_year_pct_change":-79.2},{"crime":"Fel. Assault","wtd_curr_yr":8,"wtd_prev_yr":9,"wtd_pct_change":-11.1,"twentyeight_day_curr_yr":22,"twentyeight_day_prev_yr":23,"twentyeight_day_pct_change":-4.3,"ytd_curr_yr":28,"ytd_prev_yr":33,"ytd_pct_change":-15.2,"two_year_pct_change":-3.4,"six_year_pct_change":33.3,"twentytwo_year_pct_change":-9.7},{"crime":"Burglary","wtd_curr_yr":2,"wtd_prev_yr":12,"wtd_pct_change":-83.3,"twentyeight_day_curr_yr":31,"twentyeight_day_prev_yr":24,"twentyeight_day_pct_change":29.2,"ytd_curr_yr":43,"ytd_prev_yr":37,"ytd_pct_change":16.2,"two_year_pct_change":38.7,"six_year_pct_change":-30.6,"twentytwo_year_pct_change":-75},{"crime":"Gr. Larceny","wtd_curr_yr":4,"wtd_prev_yr":5,"wtd_pct_change":-20,"twentyeight_day_curr_yr":46,"twentyeight_day_prev_yr":17,"twentyeight_day_pct_change":170.6,"ytd_curr_yr":66,"ytd_prev_yr":26,"ytd_pct_change":153.8,"two_year_pct_change":69.2,"six_year_pct_change":34.7,"twentytwo_year_pct_change":-5.7},{"crime":"G.L.A.","wtd_curr_yr":9,"wtd_prev_yr":2,"wtd_pct_change":350,"twentyeight_day_curr_yr":25,"twentyeight_day_prev_yr":15,"twentyeight_day_pct_change":66.7,"ytd_curr_yr":31,"ytd_prev_yr":19,"ytd_pct_change":63.2,"two_year_pct_change":14.8,"six_year_pct_change":-68.7,"twentytwo_year_pct_change":-93.7},{"crime":"TOTAL","wtd_curr_yr":27,"wtd_prev_yr":38,"wtd_pct_change":-28.95,"twentyeight_day_curr_yr":149,"twentyeight_day_prev_yr":110,"twentyeight_day_pct_change":35.45,"ytd_curr_yr":202,"ytd_prev_yr":155,"ytd_pct_change":30.32,"two_year_pct_change":26.25,"six_year_pct_change":-23.48,"twentytwo_year_pct_change":-77.95},{"crime":"Petit Larceny","wtd_curr_yr":19,"wtd_prev_yr":10,"wtd_pct_change":90,"twentyeight_day_curr_yr":81,"twentyeight_day_prev_yr":47,"twentyeight_day_pct_change":72.3,"ytd_curr_yr":118,"ytd_prev_yr":70,"ytd_pct_change":68.6,"two_year_pct_change":28.3,"six_year_pct_change":null,"twentytwo_year_pct_change":null},{"crime":"Misd. Assault","wtd_curr_yr":8,"wtd_prev_yr":5,"wtd_pct_change":60,"twentyeight_day_curr_yr":47,"twentyeight_day_prev_yr":39,"twentyeight_day_pct_change":20.5,"ytd_curr_yr":62,"ytd_prev_yr":53,"ytd_pct_change":17,"two_year_pct_change":-24.4,"six_year_pct_change":null,"twentytwo_year_pct_change":null},{"crime":"Misd. Sex Crimes","wtd_curr_yr":3,"wtd_prev_yr":1,"wtd_pct_change":200,"twentyeight_day_curr_yr":5,"twentyeight_day_prev_yr":2,"twentyeight_day_pct_change":150,"ytd_curr_yr":6,"ytd_prev_yr":2,"ytd_pct_change":200,"two_year_pct_change":100,"six_year_pct_change":null,"twentytwo_year_pct_change":null},{"crime":"Shooting Vic.","wtd_curr_yr":1,"wtd_prev_yr":0,"wtd_pct_change":null,"twentyeight_day_curr_yr":1,"twentyeight_day_prev_yr":0,"twentyeight_day_pct_change":null,"ytd_curr_yr":1,"ytd_prev_yr":1,"ytd_pct_change":0,"two_year_pct_change":null,"six_year_pct_change":null,"twentytwo_year_pct_change":-87.5},{"crime":"Shooting Inc.","wtd_curr_yr":1,"wtd_prev_yr":0,"wtd_pct_change":null,"twentyeight_day_curr_yr":1,"twentyeight_day_prev_yr":0,"twentyeight_day_pct_change":null,"ytd_curr_yr":1,"ytd_prev_yr":1,"ytd_pct_change":0,"two_year_pct_change":null,"six_year_pct_change":null,"twentytwo_year_pct_change":-87.5}],"historical":[{"yr_1990":6,"yr_1993":12,"yr_1998":3,"yr_2001":2,"yr_2013":7,"pct_change_13vs01":250,"pct_change_13vs98":133.3,"pct_change_13vs93":-41.7,"pct_change_13vs90":16.7,"crime":"Murder"},{"yr_1990":29,"yr_1993":34,"yr_1998":23,"yr_2001":21,"yr_2013":24,"pct_change_13vs01":14.3,"pct_change_13vs98":4.3,"pct_change_13vs93":-29.4,"pct_change_13vs90":-17.2,"crime":"Rape"},{"yr_1990":1067,"yr_1993":1238,"yr_1998":672,"yr_2001":459,"yr_2013":311,"pct_change_13vs01":-32.2,"pct_change_13vs98":-53.7,"pct_change_13vs93":-74.9,"pct_change_13vs90":-70.9,"crime":"Robbery"},{"yr_1990":345,"yr_1993":362,"yr_1998":440,"yr_2001":309,"yr_2013":327,"pct_change_13vs01":5.8,"pct_change_13vs98":-25.7,"pct_change_13vs93":-9.7,"pct_change_13vs90":-5.2,"crime":"Fel. Assault"},{"yr_1990":1847,"yr_1993":1503,"yr_1998":965,"yr_2001":622,"yr_2013":288,"pct_change_13vs01":-53.7,"pct_change_13vs98":-70.2,"pct_change_13vs93":-80.8,"pct_change_13vs90":-84.4,"crime":"Burglary"},{"yr_1990":721,"yr_1993":583,"yr_1998":538,"yr_2001":378,"yr_2013":490,"pct_change_13vs01":29.6,"pct_change_13vs98":-8.9,"pct_change_13vs93":-16,"pct_change_13vs90":-32,"crime":"Gr. Larceny"},{"yr_1990":4145,"yr_1993":3495,"yr_1998":1303,"yr_2001":803,"yr_2013":252,"pct_change_13vs01":-68.6,"pct_change_13vs98":-80.7,"pct_change_13vs93":-92.8,"pct_change_13vs90":-93.9,"crime":"G.L.A."},{"yr_1990":8160,"yr_1993":7227,"yr_1998":3944,"yr_2001":2594,"yr_2013":1699,"pct_change_13vs01":-34.5,"pct_change_13vs98":-56.92,"pct_change_13vs93":-76.49,"pct_change_13vs90":-79.18,"crime":"TOTAL"}]}