{"mayor":"Bill de Blasio","commissioner":"William J. Bratton","volume":21,"number":27,"precinct":"102nd","startDate":"2014-06-30T04:00:00.000Z","endDate":"2014-07-06T04:00:00.000Z","crimes":[{"crime":"Murder","wtd_curr_yr":0,"wtd_prev_yr":0,"wtd_pct_change":null,"twentyeight_day_curr_yr":0,"twentyeight_day_prev_yr":0,"twentyeight_day_pct_change":null,"ytd_curr_yr":1,"ytd_prev_yr":5,"ytd_pct_change":-80,"two_year_pct_change":0,"six_year_pct_change":-75,"twentytwo_year_pct_change":-75},{"crime":"Rape","wtd_curr_yr":0,"wtd_prev_yr":1,"wtd_pct_change":-100,"twentyeight_day_curr_yr":1,"twentyeight_day_prev_yr":2,"twentyeight_day_pct_change":-50,"ytd_curr_yr":12,"ytd_prev_yr":14,"ytd_pct_change":-14.3,"two_year_pct_change":-7.7,"six_year_pct_change":0,"twentytwo_year_pct_change":-33.3},{"crime":"Robbery","wtd_curr_yr":6,"wtd_prev_yr":6,"wtd_pct_change":0,"twentyeight_day_curr_yr":14,"twentyeight_day_prev_yr":23,"twentyeight_day_pct_change":-39.1,"ytd_curr_yr":126,"ytd_prev_yr":144,"ytd_pct_change":-12.5,"two_year_pct_change":-6.7,"six_year_pct_change":-0.8,"twentytwo_year_pct_change":-77.9},{"crime":"Fel. Assault","wtd_curr_yr":8,"wtd_prev_yr":8,"wtd_pct_change":0,"twentyeight_day_curr_yr":22,"twentyeight_day_prev_yr":29,"twentyeight_day_pct_change":-24.1,"ytd_curr_yr":129,"ytd_prev_yr":151,"ytd_pct_change":-14.6,"two_year_pct_change":10.3,"six_year_pct_change":24,"twentytwo_year_pct_change":-28.3},{"crime":"Burglary","wtd_curr_yr":7,"wtd_prev_yr":8,"wtd_pct_change":-12.5,"twentyeight_day_curr_yr":27,"twentyeight_day_prev_yr":23,"twentyeight_day_pct_change":17.4,"ytd_curr_yr":159,"ytd_prev_yr":138,"ytd_pct_change":15.2,"two_year_pct_change":10.4,"six_year_pct_change":7.4,"twentytwo_year_pct_change":-77.3},{"crime":"Gr. Larceny","wtd_curr_yr":6,"wtd_prev_yr":13,"wtd_pct_change":-53.8,"twentyeight_day_curr_yr":36,"twentyeight_day_prev_yr":41,"twentyeight_day_pct_change":-12.2,"ytd_curr_yr":280,"ytd_prev_yr":214,"ytd_pct_change":30.8,"two_year_pct_change":32.7,"six_year_pct_change":25,"twentytwo_year_pct_change":3.7},{"crime":"G.L.A.","wtd_curr_yr":4,"wtd_prev_yr":7,"wtd_pct_change":-42.9,"twentyeight_day_curr_yr":14,"twentyeight_day_prev_yr":25,"twentyeight_day_pct_change":-44,"ytd_curr_yr":111,"ytd_prev_yr":119,"ytd_pct_change":-6.7,"two_year_pct_change":4.7,"six_year_pct_change":-0.9,"twentytwo_year_pct_change":-93.9},{"crime":"TOTAL","wtd_curr_yr":31,"wtd_prev_yr":43,"wtd_pct_change":-27.91,"twentyeight_day_curr_yr":114,"twentyeight_day_prev_yr":143,"twentyeight_day_pct_change":-20.28,"ytd_curr_yr":818,"ytd_prev_yr":785,"ytd_pct_change":4.2,"two_year_pct_change":12.52,"six_year_pct_change":11.9,"twentytwo_year_pct_change":-76.96},{"crime":"Transit","wtd_curr_yr":0,"wtd_prev_yr":1,"wtd_pct_change":-100,"twentyeight_day_curr_yr":0,"twentyeight_day_prev_yr":1,"twentyeight_day_pct_change":-100,"ytd_curr_yr":11,"ytd_prev_yr":6,"ytd_pct_change":83.3,"two_year_pct_change":0,"six_year_pct_change":-8.3,"twentytwo_year_pct_change":null},{"crime":"Housing","wtd_curr_yr":0,"wtd_prev_yr":0,"wtd_pct_change":null,"twentyeight_day_curr_yr":0,"twentyeight_day_prev_yr":0,"twentyeight_day_pct_change":null,"ytd_curr_yr":0,"ytd_prev_yr":0,"ytd_pct_change":null,"two_year_pct_change":null,"six_year_pct_change":null,"twentytwo_year_pct_change":null},{"crime":"Petit Larceny","wtd_curr_yr":25,"wtd_prev_yr":23,"wtd_pct_change":8.7,"twentyeight_day_curr_yr":92,"twentyeight_day_prev_yr":65,"twentyeight_day_pct_change":41.5,"ytd_curr_yr":537,"ytd_prev_yr":436,"ytd_pct_change":23.2,"two_year_pct_change":17.2,"six_year_pct_change":25.5,"twentytwo_year_pct_change":null},{"crime":"Misd. Assault","wtd_curr_yr":13,"wtd_prev_yr":12,"wtd_pct_change":8.3,"twentyeight_day_curr_yr":53,"twentyeight_day_prev_yr":44,"twentyeight_day_pct_change":20.5,"ytd_curr_yr":294,"ytd_prev_yr":277,"ytd_pct_change":6.1,"two_year_pct_change":-9.5,"six_year_pct_change":-6.7,"twentytwo_year_pct_change":null},{"crime":"Misd. Sex Crimes","wtd_curr_yr":1,"wtd_prev_yr":2,"wtd_pct_change":-50,"twentyeight_day_curr_yr":4,"twentyeight_day_prev_yr":4,"twentyeight_day_pct_change":0,"ytd_curr_yr":17,"ytd_prev_yr":10,"ytd_pct_change":70,"two_year_pct_change":88.9,"six_year_pct_change":6.2,"twentytwo_year_pct_change":null},{"crime":"Shooting Vic.","wtd_curr_yr":0,"wtd_prev_yr":0,"wtd_pct_change":null,"twentyeight_day_curr_yr":0,"twentyeight_day_prev_yr":1,"twentyeight_day_pct_change":-100,"ytd_curr_yr":4,"ytd_prev_yr":6,"ytd_pct_change":-33.3,"two_year_pct_change":100,"six_year_pct_change":-42.9,"twentytwo_year_pct_change":-75},{"crime":"Shooting Inc.","wtd_curr_yr":0,"wtd_prev_yr":0,"wtd_pct_change":null,"twentyeight_day_curr_yr":0,"twentyeight_day_prev_yr":1,"twentyeight_day_pct_change":-100,"ytd_curr_yr":4,"ytd_prev_yr":6,"ytd_pct_change":-33.3,"two_year_pct_change":100,"six_year_pct_change":-42.9,"twentytwo_year_pct_change":-66.7}],"historical":[{"yr_1990":6,"yr_1993":12,"yr_1998":3,"yr_2001":2,"yr_2013":7,"pct_change_13vs01":250,"pct_change_13vs98":133.3,"pct_change_13vs93":-41.7,"pct_change_13vs90":16.7,"crime":"Murder"},{"yr_1990":29,"yr_1993":34,"yr_1998":23,"yr_2001":21,"yr_2013":24,"pct_change_13vs01":14.3,"pct_change_13vs98":4.3,"pct_change_13vs93":-29.4,"pct_change_13vs90":-17.2,"crime":"Rape"},{"yr_1990":1067,"yr_1993":1238,"yr_1998":672,"yr_2001":459,"yr_2013":311,"pct_change_13vs01":-32.2,"pct_change_13vs98":-53.7,"pct_change_13vs93":-74.9,"pct_change_13vs90":-70.9,"crime":"Robbery"},{"yr_1990":345,"yr_1993":362,"yr_1998":440,"yr_2001":309,"yr_2013":327,"pct_change_13vs01":5.8,"pct_change_13vs98":-25.7,"pct_change_13vs93":-9.7,"pct_change_13vs90":-5.2,"crime":"Fel. Assault"},{"yr_1990":1847,"yr_1993":1503,"yr_1998":965,"yr_2001":622,"yr_2013":288,"pct_change_13vs01":-53.7,"pct_change_13vs98":-70.2,"pct_change_13vs93":-80.8,"pct_change_13vs90":-84.4,"crime":"Burglary"},{"yr_1990":721,"yr_1993":583,"yr_1998":538,"yr_2001":378,"yr_2013":490,"pct_change_13vs01":29.6,"pct_change_13vs98":-8.9,"pct_change_13vs93":-16,"pct_change_13vs90":-32,"crime":"Gr. Larceny"},{"yr_1990":4145,"yr_1993":3495,"yr_1998":1303,"yr_2001":803,"yr_2013":252,"pct_change_13vs01":-68.6,"pct_change_13vs98":-80.7,"pct_change_13vs93":-92.8,"pct_change_13vs90":-93.9,"crime":"G.L.A."},{"yr_1990":8160,"yr_1993":7227,"yr_1998":3944,"yr_2001":2594,"yr_2013":1699,"pct_change_13vs01":-34.5,"pct_change_13vs98":-56.92,"pct_change_13vs93":-76.49,"pct_change_13vs90":-79.18,"crime":"TOTAL"}]}