{"mayor":"Bill de Blasio","commissioner":"William J. Bratton","volume":21,"number":42,"precinct":"105th","startDate":"2014-10-13T04:00:00.000Z","endDate":"2014-10-19T04:00:00.000Z","crimes":[{"crime":"Murder","wtd_curr_yr":0,"wtd_prev_yr":0,"wtd_pct_change":null,"twentyeight_day_curr_yr":0,"twentyeight_day_prev_yr":0,"twentyeight_day_pct_change":null,"ytd_curr_yr":5,"ytd_prev_yr":3,"ytd_pct_change":66.7,"two_year_pct_change":-28.6,"six_year_pct_change":-16.7,"twentytwo_year_pct_change":-75},{"crime":"Rape","wtd_curr_yr":1,"wtd_prev_yr":1,"wtd_pct_change":0,"twentyeight_day_curr_yr":3,"twentyeight_day_prev_yr":1,"twentyeight_day_pct_change":200,"ytd_curr_yr":18,"ytd_prev_yr":14,"ytd_pct_change":28.6,"two_year_pct_change":-41.9,"six_year_pct_change":-35.7,"twentytwo_year_pct_change":-45.5},{"crime":"Robbery","wtd_curr_yr":5,"wtd_prev_yr":5,"wtd_pct_change":0,"twentyeight_day_curr_yr":15,"twentyeight_day_prev_yr":24,"twentyeight_day_pct_change":-37.5,"ytd_curr_yr":164,"ytd_prev_yr":273,"ytd_pct_change":-39.9,"two_year_pct_change":-39,"six_year_pct_change":-36.4,"twentytwo_year_pct_change":-80.1},{"crime":"Fel. Assault","wtd_curr_yr":8,"wtd_prev_yr":5,"wtd_pct_change":60,"twentyeight_day_curr_yr":24,"twentyeight_day_prev_yr":33,"twentyeight_day_pct_change":-27.3,"ytd_curr_yr":270,"ytd_prev_yr":247,"ytd_pct_change":9.3,"two_year_pct_change":7.6,"six_year_pct_change":34.3,"twentytwo_year_pct_change":-18.4},{"crime":"Burglary","wtd_curr_yr":9,"wtd_prev_yr":7,"wtd_pct_change":28.6,"twentyeight_day_curr_yr":26,"twentyeight_day_prev_yr":38,"twentyeight_day_pct_change":-31.6,"ytd_curr_yr":252,"ytd_prev_yr":377,"ytd_pct_change":-33.2,"two_year_pct_change":-40.1,"six_year_pct_change":-23.9,"twentytwo_year_pct_change":-80.5},{"crime":"Gr. Larceny","wtd_curr_yr":20,"wtd_prev_yr":7,"wtd_pct_change":185.7,"twentyeight_day_curr_yr":70,"twentyeight_day_prev_yr":35,"twentyeight_day_pct_change":100,"ytd_curr_yr":428,"ytd_prev_yr":403,"ytd_pct_change":6.2,"two_year_pct_change":8.4,"six_year_pct_change":13.2,"twentytwo_year_pct_change":-13},{"crime":"G.L.A.","wtd_curr_yr":8,"wtd_prev_yr":5,"wtd_pct_change":60,"twentyeight_day_curr_yr":22,"twentyeight_day_prev_yr":27,"twentyeight_day_pct_change":-18.5,"ytd_curr_yr":197,"ytd_prev_yr":210,"ytd_pct_change":-6.2,"two_year_pct_change":-25.7,"six_year_pct_change":-24.5,"twentytwo_year_pct_change":-92.7},{"crime":"TOTAL","wtd_curr_yr":51,"wtd_prev_yr":30,"wtd_pct_change":70,"twentyeight_day_curr_yr":160,"twentyeight_day_prev_yr":158,"twentyeight_day_pct_change":1.27,"ytd_curr_yr":1334,"ytd_prev_yr":1527,"ytd_pct_change":-12.64,"two_year_pct_change":-18.61,"six_year_pct_change":-8.82,"twentytwo_year_pct_change":-76.6},{"crime":"Transit","wtd_curr_yr":0,"wtd_prev_yr":0,"wtd_pct_change":null,"twentyeight_day_curr_yr":0,"twentyeight_day_prev_yr":0,"twentyeight_day_pct_change":null,"ytd_curr_yr":0,"ytd_prev_yr":0,"ytd_pct_change":null,"two_year_pct_change":null,"six_year_pct_change":null,"twentytwo_year_pct_change":null},{"crime":"Housing","wtd_curr_yr":0,"wtd_prev_yr":0,"wtd_pct_change":null,"twentyeight_day_curr_yr":0,"twentyeight_day_prev_yr":0,"twentyeight_day_pct_change":null,"ytd_curr_yr":0,"ytd_prev_yr":0,"ytd_pct_change":null,"two_year_pct_change":null,"six_year_pct_change":null,"twentytwo_year_pct_change":null},{"crime":"Petit Larceny","wtd_curr_yr":16,"wtd_prev_yr":10,"wtd_pct_change":60,"twentyeight_day_curr_yr":53,"twentyeight_day_prev_yr":54,"twentyeight_day_pct_change":-1.9,"ytd_curr_yr":613,"ytd_prev_yr":561,"ytd_pct_change":9.3,"two_year_pct_change":-2.7,"six_year_pct_change":-18.6,"twentytwo_year_pct_change":null},{"crime":"Misd. Assault","wtd_curr_yr":9,"wtd_prev_yr":9,"wtd_pct_change":0,"twentyeight_day_curr_yr":50,"twentyeight_day_prev_yr":57,"twentyeight_day_pct_change":-12.3,"ytd_curr_yr":542,"ytd_prev_yr":507,"ytd_pct_change":6.9,"two_year_pct_change":11.3,"six_year_pct_change":-8.3,"twentytwo_year_pct_change":null},{"crime":"Misd. Sex Crimes","wtd_curr_yr":1,"wtd_prev_yr":0,"wtd_pct_change":null,"twentyeight_day_curr_yr":4,"twentyeight_day_prev_yr":0,"twentyeight_day_pct_change":null,"ytd_curr_yr":19,"ytd_prev_yr":31,"ytd_pct_change":-38.7,"two_year_pct_change":-36.7,"six_year_pct_change":-38.7,"twentytwo_year_pct_change":null},{"crime":"Shooting Vic.","wtd_curr_yr":1,"wtd_prev_yr":0,"wtd_pct_change":null,"twentyeight_day_curr_yr":1,"twentyeight_day_prev_yr":0,"twentyeight_day_pct_change":null,"ytd_curr_yr":10,"ytd_prev_yr":10,"ytd_pct_change":0,"two_year_pct_change":-61.5,"six_year_pct_change":-50,"twentytwo_year_pct_change":-83.9},{"crime":"Shooting Inc.","wtd_curr_yr":1,"wtd_prev_yr":0,"wtd_pct_change":null,"twentyeight_day_curr_yr":1,"twentyeight_day_prev_yr":0,"twentyeight_day_pct_change":null,"ytd_curr_yr":9,"ytd_prev_yr":9,"ytd_pct_change":0,"two_year_pct_change":-59.1,"six_year_pct_change":-50,"twentytwo_year_pct_change":-83.6}],"historical":[{"yr_1990":30,"yr_1993":23,"yr_1998":7,"yr_2001":18,"yr_2013":3,"pct_change_13vs01":-83.3,"pct_change_13vs98":-57.1,"pct_change_13vs93":-87,"pct_change_13vs90":-90,"crime":"Murder"},{"yr_1990":56,"yr_1993":41,"yr_1998":52,"yr_2001":35,"yr_2013":18,"pct_change_13vs01":-48.6,"pct_change_13vs98":-65.4,"pct_change_13vs93":-56.1,"pct_change_13vs90":-67.9,"crime":"Rape"},{"yr_1990":1066,"yr_1993":1082,"yr_1998":557,"yr_2001":395,"yr_2013":331,"pct_change_13vs01":-16.2,"pct_change_13vs98":-40.6,"pct_change_13vs93":-69.4,"pct_change_13vs90":-68.9,"crime":"Robbery"},{"yr_1990":459,"yr_1993":409,"yr_1998":400,"yr_2001":329,"yr_2013":313,"pct_change_13vs01":-4.9,"pct_change_13vs98":-21.8,"pct_change_13vs93":-23.5,"pct_change_13vs90":-31.8,"crime":"Fel. Assault"},{"yr_1990":2199,"yr_1993":1640,"yr_1998":854,"yr_2001":630,"yr_2013":469,"pct_change_13vs01":-25.6,"pct_change_13vs98":-45.1,"pct_change_13vs93":-71.4,"pct_change_13vs90":-78.7,"crime":"Burglary"},{"yr_1990":699,"yr_1993":593,"yr_1998":444,"yr_2001":456,"yr_2013":520,"pct_change_13vs01":14,"pct_change_13vs98":17.1,"pct_change_13vs93":-12.3,"pct_change_13vs90":-25.6,"crime":"Gr. Larceny"},{"yr_1990":3534,"yr_1993":3476,"yr_1998":1360,"yr_2001":913,"yr_2013":263,"pct_change_13vs01":-71.2,"pct_change_13vs98":-80.7,"pct_change_13vs93":-92.4,"pct_change_13vs90":-92.6,"crime":"G.L.A."},{"yr_1990":8043,"yr_1993":7264,"yr_1998":3674,"yr_2001":2776,"yr_2013":1917,"pct_change_13vs01":-30.94,"pct_change_13vs98":-47.82,"pct_change_13vs93":-73.61,"pct_change_13vs90":-76.17,"crime":"TOTAL"}]}