{"mayor":"Bill de Blasio","commissioner":"William J. Bratton","volume":21,"number":28,"precinct":"100th","startDate":"2014-07-07T04:00:00.000Z","endDate":"2014-07-13T04:00:00.000Z","crimes":[{"crime":"Murder","wtd_curr_yr":0,"wtd_prev_yr":0,"wtd_pct_change":null,"twentyeight_day_curr_yr":0,"twentyeight_day_prev_yr":0,"twentyeight_day_pct_change":null,"ytd_curr_yr":1,"ytd_prev_yr":1,"ytd_pct_change":0,"two_year_pct_change":0,"six_year_pct_change":-50,"twentytwo_year_pct_change":-75},{"crime":"Rape","wtd_curr_yr":0,"wtd_prev_yr":0,"wtd_pct_change":null,"twentyeight_day_curr_yr":0,"twentyeight_day_prev_yr":0,"twentyeight_day_pct_change":null,"ytd_curr_yr":2,"ytd_prev_yr":1,"ytd_pct_change":100,"two_year_pct_change":-33.3,"six_year_pct_change":-33.3,"twentytwo_year_pct_change":-71.4},{"crime":"Robbery","wtd_curr_yr":0,"wtd_prev_yr":1,"wtd_pct_change":-100,"twentyeight_day_curr_yr":1,"twentyeight_day_prev_yr":3,"twentyeight_day_pct_change":-66.7,"ytd_curr_yr":29,"ytd_prev_yr":30,"ytd_pct_change":-3.3,"two_year_pct_change":0,"six_year_pct_change":3.6,"twentytwo_year_pct_change":-80.3},{"crime":"Fel. Assault","wtd_curr_yr":6,"wtd_prev_yr":4,"wtd_pct_change":50,"twentyeight_day_curr_yr":20,"twentyeight_day_prev_yr":18,"twentyeight_day_pct_change":11.1,"ytd_curr_yr":71,"ytd_prev_yr":87,"ytd_pct_change":-18.4,"two_year_pct_change":12.7,"six_year_pct_change":61.4,"twentytwo_year_pct_change":-36},{"crime":"Burglary","wtd_curr_yr":3,"wtd_prev_yr":6,"wtd_pct_change":-50,"twentyeight_day_curr_yr":21,"twentyeight_day_prev_yr":17,"twentyeight_day_pct_change":23.5,"ytd_curr_yr":66,"ytd_prev_yr":94,"ytd_pct_change":-29.8,"two_year_pct_change":13.8,"six_year_pct_change":135.7,"twentytwo_year_pct_change":-73.5},{"crime":"Gr. Larceny","wtd_curr_yr":6,"wtd_prev_yr":11,"wtd_pct_change":-45.5,"twentyeight_day_curr_yr":28,"twentyeight_day_prev_yr":24,"twentyeight_day_pct_change":16.7,"ytd_curr_yr":103,"ytd_prev_yr":73,"ytd_pct_change":41.1,"two_year_pct_change":8.4,"six_year_pct_change":134.1,"twentytwo_year_pct_change":-1},{"crime":"G.L.A.","wtd_curr_yr":1,"wtd_prev_yr":0,"wtd_pct_change":null,"twentyeight_day_curr_yr":2,"twentyeight_day_prev_yr":0,"twentyeight_day_pct_change":null,"ytd_curr_yr":19,"ytd_prev_yr":6,"ytd_pct_change":216.7,"two_year_pct_change":26.7,"six_year_pct_change":90,"twentytwo_year_pct_change":-89.7},{"crime":"TOTAL","wtd_curr_yr":16,"wtd_prev_yr":22,"wtd_pct_change":-27.27,"twentyeight_day_curr_yr":72,"twentyeight_day_prev_yr":62,"twentyeight_day_pct_change":16.13,"ytd_curr_yr":291,"ytd_prev_yr":292,"ytd_pct_change":-0.34,"two_year_pct_change":10.23,"six_year_pct_change":83.02,"twentytwo_year_pct_change":-63.9},{"crime":"Transit","wtd_curr_yr":0,"wtd_prev_yr":0,"wtd_pct_change":null,"twentyeight_day_curr_yr":0,"twentyeight_day_prev_yr":0,"twentyeight_day_pct_change":null,"ytd_curr_yr":5,"ytd_prev_yr":4,"ytd_pct_change":25,"two_year_pct_change":-28.6,"six_year_pct_change":-58.3,"twentytwo_year_pct_change":null},{"crime":"Housing","wtd_curr_yr":1,"wtd_prev_yr":1,"wtd_pct_change":0,"twentyeight_day_curr_yr":1,"twentyeight_day_prev_yr":4,"twentyeight_day_pct_change":-75,"ytd_curr_yr":14,"ytd_prev_yr":23,"ytd_pct_change":-39.1,"two_year_pct_change":-6.7,"six_year_pct_change":40,"twentytwo_year_pct_change":null},{"crime":"Petit Larceny","wtd_curr_yr":12,"wtd_prev_yr":10,"wtd_pct_change":20,"twentyeight_day_curr_yr":46,"twentyeight_day_prev_yr":35,"twentyeight_day_pct_change":31.4,"ytd_curr_yr":210,"ytd_prev_yr":153,"ytd_pct_change":37.3,"two_year_pct_change":18,"six_year_pct_change":61.5,"twentytwo_year_pct_change":null},{"crime":"Misd. Assault","wtd_curr_yr":1,"wtd_prev_yr":5,"wtd_pct_change":-80,"twentyeight_day_curr_yr":17,"twentyeight_day_prev_yr":17,"twentyeight_day_pct_change":0,"ytd_curr_yr":141,"ytd_prev_yr":138,"ytd_pct_change":2.2,"two_year_pct_change":6.8,"six_year_pct_change":-11.9,"twentytwo_year_pct_change":null},{"crime":"Misd. Sex Crimes","wtd_curr_yr":0,"wtd_prev_yr":0,"wtd_pct_change":null,"twentyeight_day_curr_yr":1,"twentyeight_day_prev_yr":0,"twentyeight_day_pct_change":null,"ytd_curr_yr":4,"ytd_prev_yr":2,"ytd_pct_change":100,"two_year_pct_change":-50,"six_year_pct_change":-42.9,"twentytwo_year_pct_change":null},{"crime":"Shooting Vic.","wtd_curr_yr":1,"wtd_prev_yr":0,"wtd_pct_change":null,"twentyeight_day_curr_yr":1,"twentyeight_day_prev_yr":0,"twentyeight_day_pct_change":null,"ytd_curr_yr":6,"ytd_prev_yr":6,"ytd_pct_change":0,"two_year_pct_change":0,"six_year_pct_change":-14.3,"twentytwo_year_pct_change":20},{"crime":"Shooting Inc.","wtd_curr_yr":1,"wtd_prev_yr":0,"wtd_pct_change":null,"twentyeight_day_curr_yr":1,"twentyeight_day_prev_yr":0,"twentyeight_day_pct_change":null,"ytd_curr_yr":6,"ytd_prev_yr":5,"ytd_pct_change":20,"two_year_pct_change":20,"six_year_pct_change":-14.3,"twentytwo_year_pct_change":50}],"historical":[{"yr_2012":2,"yr_1993":5,"yr_1998":0,"yr_2001":1,"yr_2013":3,"pct_change_13vs01":200,"pct_change_13vs98":null,"pct_change_13vs93":-40,"pct_change_13vs12":50,"crime":"Murder"},{"yr_2012":4,"yr_1993":13,"yr_1998":11,"yr_2001":10,"yr_2013":3,"pct_change_13vs01":-70,"pct_change_13vs98":-72.7,"pct_change_13vs93":-76.9,"pct_change_13vs12":-25,"crime":"Rape"},{"yr_2012":53,"yr_1993":278,"yr_1998":133,"yr_2001":63,"yr_2013":61,"pct_change_13vs01":-3.2,"pct_change_13vs98":-54.1,"pct_change_13vs93":-78.1,"pct_change_13vs12":15.1,"crime":"Robbery"},{"yr_2012":133,"yr_1993":212,"yr_1998":142,"yr_2001":93,"yr_2013":147,"pct_change_13vs01":58.1,"pct_change_13vs98":3.5,"pct_change_13vs93":-30.7,"pct_change_13vs12":10.5,"crime":"Fel. Assault"},{"yr_2012":207,"yr_1993":432,"yr_1998":177,"yr_2001":115,"yr_2013":151,"pct_change_13vs01":31.3,"pct_change_13vs98":-14.7,"pct_change_13vs93":-65,"pct_change_13vs12":-27.1,"crime":"Burglary"},{"yr_2012":184,"yr_1993":194,"yr_1998":115,"yr_2001":94,"yr_2013":173,"pct_change_13vs01":84,"pct_change_13vs98":50.4,"pct_change_13vs93":-10.8,"pct_change_13vs12":-6,"crime":"Gr. Larceny"},{"yr_2012":30,"yr_1993":310,"yr_1998":88,"yr_2001":71,"yr_2013":20,"pct_change_13vs01":-71.8,"pct_change_13vs98":-77.3,"pct_change_13vs93":-93.5,"pct_change_13vs12":-33.3,"crime":"G.L.A."},{"yr_2012":1444,"yr_1993":666,"yr_1998":447,"yr_2001":558,"yr_2013":24.83,"pct_change_13vs01":-16.22,"pct_change_13vs98":-61.36,"pct_change_13vs93":-8.97,"pct_change_13vs12":null,"crime":"TOTAL 613"}]}