{"mayor":"Bill de Blasio","commissioner":"William J. Bratton","volume":21,"number":11,"precinct":"103rd","startDate":"2014-03-10T04:00:00.000Z","endDate":"2014-03-16T04:00:00.000Z","crimes":[{"crime":"Murder","wtd_curr_yr":1,"wtd_prev_yr":0,"wtd_pct_change":null,"twentyeight_day_curr_yr":1,"twentyeight_day_prev_yr":0,"twentyeight_day_pct_change":null,"ytd_curr_yr":4,"ytd_prev_yr":1,"ytd_pct_change":300,"two_year_pct_change":100,"six_year_pct_change":33.3,"twentytwo_year_pct_change":0},{"crime":"Rape","wtd_curr_yr":2,"wtd_prev_yr":0,"wtd_pct_change":null,"twentyeight_day_curr_yr":3,"twentyeight_day_prev_yr":6,"twentyeight_day_pct_change":-50,"ytd_curr_yr":4,"ytd_prev_yr":8,"ytd_pct_change":-50,"two_year_pct_change":-50,"six_year_pct_change":-33.3,"twentytwo_year_pct_change":-63.6},{"crime":"Robbery","wtd_curr_yr":4,"wtd_prev_yr":6,"wtd_pct_change":-33.3,"twentyeight_day_curr_yr":17,"twentyeight_day_prev_yr":32,"twentyeight_day_pct_change":-46.9,"ytd_curr_yr":59,"ytd_prev_yr":107,"ytd_pct_change":-44.9,"two_year_pct_change":-21.3,"six_year_pct_change":-42.2,"twentytwo_year_pct_change":-81.7},{"crime":"Fel. Assault","wtd_curr_yr":7,"wtd_prev_yr":17,"wtd_pct_change":-58.8,"twentyeight_day_curr_yr":22,"twentyeight_day_prev_yr":40,"twentyeight_day_pct_change":-45,"ytd_curr_yr":61,"ytd_prev_yr":77,"ytd_pct_change":-20.8,"two_year_pct_change":-15.3,"six_year_pct_change":-28.2,"twentytwo_year_pct_change":-62.6},{"crime":"Burglary","wtd_curr_yr":2,"wtd_prev_yr":8,"wtd_pct_change":-75,"twentyeight_day_curr_yr":14,"twentyeight_day_prev_yr":22,"twentyeight_day_pct_change":-36.4,"ytd_curr_yr":36,"ytd_prev_yr":55,"ytd_pct_change":-34.5,"two_year_pct_change":-34.5,"six_year_pct_change":-62.5,"twentytwo_year_pct_change":-84.5},{"crime":"Gr. Larceny","wtd_curr_yr":8,"wtd_prev_yr":6,"wtd_pct_change":33.3,"twentyeight_day_curr_yr":27,"twentyeight_day_prev_yr":20,"twentyeight_day_pct_change":35,"ytd_curr_yr":78,"ytd_prev_yr":65,"ytd_pct_change":20,"two_year_pct_change":-30.4,"six_year_pct_change":-44.7,"twentytwo_year_pct_change":-63.2},{"crime":"G.L.A.","wtd_curr_yr":4,"wtd_prev_yr":3,"wtd_pct_change":33.3,"twentyeight_day_curr_yr":11,"twentyeight_day_prev_yr":17,"twentyeight_day_pct_change":-35.3,"ytd_curr_yr":26,"ytd_prev_yr":45,"ytd_pct_change":-42.2,"two_year_pct_change":-16.1,"six_year_pct_change":-71.4,"twentytwo_year_pct_change":-90.3},{"crime":"TOTAL","wtd_curr_yr":28,"wtd_prev_yr":40,"wtd_pct_change":-30,"twentyeight_day_curr_yr":95,"twentyeight_day_prev_yr":137,"twentyeight_day_pct_change":-30.66,"ytd_curr_yr":268,"ytd_prev_yr":358,"ytd_pct_change":-25.14,"two_year_pct_change":-24.51,"six_year_pct_change":-48.85,"twentytwo_year_pct_change":-77.91},{"crime":"Transit","wtd_curr_yr":1,"wtd_prev_yr":1,"wtd_pct_change":0,"twentyeight_day_curr_yr":3,"twentyeight_day_prev_yr":3,"twentyeight_day_pct_change":0,"ytd_curr_yr":6,"ytd_prev_yr":11,"ytd_pct_change":-45.5,"two_year_pct_change":50,"six_year_pct_change":100,"twentytwo_year_pct_change":null},{"crime":"Housing","wtd_curr_yr":1,"wtd_prev_yr":1,"wtd_pct_change":0,"twentyeight_day_curr_yr":4,"twentyeight_day_prev_yr":3,"twentyeight_day_pct_change":33.3,"ytd_curr_yr":5,"ytd_prev_yr":9,"ytd_pct_change":-44.4,"two_year_pct_change":-64.3,"six_year_pct_change":0,"twentytwo_year_pct_change":null},{"crime":"Petit Larceny","wtd_curr_yr":14,"wtd_prev_yr":11,"wtd_pct_change":27.3,"twentyeight_day_curr_yr":77,"twentyeight_day_prev_yr":63,"twentyeight_day_pct_change":22.2,"ytd_curr_yr":209,"ytd_prev_yr":167,"ytd_pct_change":25.1,"two_year_pct_change":-0.9,"six_year_pct_change":null,"twentytwo_year_pct_change":null},{"crime":"Misd. Assault","wtd_curr_yr":26,"wtd_prev_yr":25,"wtd_pct_change":4,"twentyeight_day_curr_yr":74,"twentyeight_day_prev_yr":76,"twentyeight_day_pct_change":-2.6,"ytd_curr_yr":179,"ytd_prev_yr":198,"ytd_pct_change":-9.6,"two_year_pct_change":16.2,"six_year_pct_change":null,"twentytwo_year_pct_change":null},{"crime":"Misd. Sex Crimes","wtd_curr_yr":0,"wtd_prev_yr":2,"wtd_pct_change":-100,"twentyeight_day_curr_yr":3,"twentyeight_day_prev_yr":3,"twentyeight_day_pct_change":0,"ytd_curr_yr":8,"ytd_prev_yr":5,"ytd_pct_change":60,"two_year_pct_change":14.3,"six_year_pct_change":null,"twentytwo_year_pct_change":null},{"crime":"Shooting Vic.","wtd_curr_yr":2,"wtd_prev_yr":1,"wtd_pct_change":100,"twentyeight_day_curr_yr":2,"twentyeight_day_prev_yr":1,"twentyeight_day_pct_change":100,"ytd_curr_yr":4,"ytd_prev_yr":5,"ytd_pct_change":-20,"two_year_pct_change":-60,"six_year_pct_change":0,"twentytwo_year_pct_change":-78.9},{"crime":"Shooting Inc.","wtd_curr_yr":2,"wtd_prev_yr":1,"wtd_pct_change":100,"twentyeight_day_curr_yr":2,"twentyeight_day_prev_yr":1,"twentyeight_day_pct_change":100,"ytd_curr_yr":4,"ytd_prev_yr":4,"ytd_pct_change":0,"two_year_pct_change":-50,"six_year_pct_change":0,"twentytwo_year_pct_change":-77.8}],"historical":[{"yr_1990":38,"yr_1993":28,"yr_1998":16,"yr_2001":10,"yr_2013":8,"pct_change_13vs01":-20,"pct_change_13vs98":-50,"pct_change_13vs93":-71.4,"pct_change_13vs90":-78.9,"crime":"Murder"},{"yr_1990":60,"yr_1993":74,"yr_1998":45,"yr_2001":27,"yr_2013":37,"pct_change_13vs01":37,"pct_change_13vs98":-17.8,"pct_change_13vs93":-50,"pct_change_13vs90":-38.3,"crime":"Rape"},{"yr_1990":1846,"yr_1993":1742,"yr_1998":751,"yr_2001":530,"yr_2013":438,"pct_change_13vs01":-17.4,"pct_change_13vs98":-41.7,"pct_change_13vs93":-74.9,"pct_change_13vs90":-76.3,"crime":"Robbery"},{"yr_1990":958,"yr_1993":853,"yr_1998":611,"yr_2001":406,"yr_2013":369,"pct_change_13vs01":-9.1,"pct_change_13vs98":-39.6,"pct_change_13vs93":-56.7,"pct_change_13vs90":-61.5,"crime":"Fel. Assault"},{"yr_1990":1592,"yr_1993":1166,"yr_1998":598,"yr_2001":449,"yr_2013":300,"pct_change_13vs01":-33.2,"pct_change_13vs98":-49.8,"pct_change_13vs93":-74.3,"pct_change_13vs90":-81.2,"crime":"Burglary"},{"yr_1990":1277,"yr_1993":1214,"yr_1998":578,"yr_2001":587,"yr_2013":487,"pct_change_13vs01":-17,"pct_change_13vs98":-15.7,"pct_change_13vs93":-59.9,"pct_change_13vs90":-61.9,"crime":"Gr. Larceny"},{"yr_1990":1889,"yr_1993":1591,"yr_1998":602,"yr_2001":472,"yr_2013":172,"pct_change_13vs01":-63.6,"pct_change_13vs98":-71.4,"pct_change_13vs93":-89.2,"pct_change_13vs90":-90.9,"crime":"G.L.A."},{"yr_1990":7660,"yr_1993":6668,"yr_1998":3201,"yr_2001":2481,"yr_2013":1811,"pct_change_13vs01":-27.01,"pct_change_13vs98":-43.42,"pct_change_13vs93":-72.84,"pct_change_13vs90":-76.36,"crime":"TOTAL"}]}