{"mayor":"Bill de Blasio","commissioner":"William J. Bratton","volume":21,"number":43,"precinct":"103rd","startDate":"2014-10-20T04:00:00.000Z","endDate":"2014-10-26T04:00:00.000Z","crimes":[{"crime":"Murder","wtd_curr_yr":0,"wtd_prev_yr":0,"wtd_pct_change":null,"twentyeight_day_curr_yr":1,"twentyeight_day_prev_yr":0,"twentyeight_day_pct_change":null,"ytd_curr_yr":8,"ytd_prev_yr":7,"ytd_pct_change":14.3,"two_year_pct_change":-20,"six_year_pct_change":-20,"twentytwo_year_pct_change":-66.7},{"crime":"Rape","wtd_curr_yr":1,"wtd_prev_yr":0,"wtd_pct_change":null,"twentyeight_day_curr_yr":3,"twentyeight_day_prev_yr":3,"twentyeight_day_pct_change":0,"ytd_curr_yr":17,"ytd_prev_yr":36,"ytd_pct_change":-52.8,"two_year_pct_change":-41.4,"six_year_pct_change":-37,"twentytwo_year_pct_change":-72.1},{"crime":"Robbery","wtd_curr_yr":2,"wtd_prev_yr":4,"wtd_pct_change":-50,"twentyeight_day_curr_yr":29,"twentyeight_day_prev_yr":25,"twentyeight_day_pct_change":16,"ytd_curr_yr":313,"ytd_prev_yr":364,"ytd_pct_change":-14,"two_year_pct_change":-11.3,"six_year_pct_change":19.5,"twentytwo_year_pct_change":-77.2},{"crime":"Fel. Assault","wtd_curr_yr":11,"wtd_prev_yr":9,"wtd_pct_change":22.2,"twentyeight_day_curr_yr":43,"twentyeight_day_prev_yr":34,"twentyeight_day_pct_change":26.5,"ytd_curr_yr":363,"ytd_prev_yr":306,"ytd_pct_change":18.6,"two_year_pct_change":11.7,"six_year_pct_change":15.2,"twentytwo_year_pct_change":-48.7},{"crime":"Burglary","wtd_curr_yr":3,"wtd_prev_yr":6,"wtd_pct_change":-50,"twentyeight_day_curr_yr":19,"twentyeight_day_prev_yr":24,"twentyeight_day_pct_change":-20.8,"ytd_curr_yr":205,"ytd_prev_yr":244,"ytd_pct_change":-16,"two_year_pct_change":-22.6,"six_year_pct_change":-15.6,"twentytwo_year_pct_change":-78.3},{"crime":"Gr. Larceny","wtd_curr_yr":12,"wtd_prev_yr":9,"wtd_pct_change":33.3,"twentyeight_day_curr_yr":46,"twentyeight_day_prev_yr":45,"twentyeight_day_pct_change":2.2,"ytd_curr_yr":408,"ytd_prev_yr":384,"ytd_pct_change":6.2,"two_year_pct_change":2.8,"six_year_pct_change":10.6,"twentytwo_year_pct_change":-58.7},{"crime":"G.L.A.","wtd_curr_yr":2,"wtd_prev_yr":2,"wtd_pct_change":0,"twentyeight_day_curr_yr":7,"twentyeight_day_prev_yr":10,"twentyeight_day_pct_change":-30,"ytd_curr_yr":110,"ytd_prev_yr":139,"ytd_pct_change":-20.9,"two_year_pct_change":-23.6,"six_year_pct_change":-22.5,"twentytwo_year_pct_change":-91.4},{"crime":"TOTAL","wtd_curr_yr":31,"wtd_prev_yr":30,"wtd_pct_change":3.33,"twentyeight_day_curr_yr":148,"twentyeight_day_prev_yr":141,"twentyeight_day_pct_change":4.96,"ytd_curr_yr":1424,"ytd_prev_yr":1480,"ytd_pct_change":-3.78,"two_year_pct_change":-6.5,"six_year_pct_change":4.09,"twentytwo_year_pct_change":-73.5},{"crime":"Transit","wtd_curr_yr":1,"wtd_prev_yr":0,"wtd_pct_change":null,"twentyeight_day_curr_yr":3,"twentyeight_day_prev_yr":4,"twentyeight_day_pct_change":-25,"ytd_curr_yr":21,"ytd_prev_yr":32,"ytd_pct_change":-34.4,"two_year_pct_change":-16,"six_year_pct_change":133.3,"twentytwo_year_pct_change":null},{"crime":"Housing","wtd_curr_yr":0,"wtd_prev_yr":2,"wtd_pct_change":-100,"twentyeight_day_curr_yr":1,"twentyeight_day_prev_yr":3,"twentyeight_day_pct_change":-66.7,"ytd_curr_yr":24,"ytd_prev_yr":32,"ytd_pct_change":-25,"two_year_pct_change":-35.1,"six_year_pct_change":9.1,"twentytwo_year_pct_change":null},{"crime":"Petit Larceny","wtd_curr_yr":31,"wtd_prev_yr":34,"wtd_pct_change":-8.8,"twentyeight_day_curr_yr":101,"twentyeight_day_prev_yr":109,"twentyeight_day_pct_change":-7.3,"ytd_curr_yr":1000,"ytd_prev_yr":935,"ytd_pct_change":7,"two_year_pct_change":18.1,"six_year_pct_change":18.2,"twentytwo_year_pct_change":null},{"crime":"Misd. Assault","wtd_curr_yr":12,"wtd_prev_yr":11,"wtd_pct_change":9.1,"twentyeight_day_curr_yr":56,"twentyeight_day_prev_yr":70,"twentyeight_day_pct_change":-20,"ytd_curr_yr":721,"ytd_prev_yr":782,"ytd_pct_change":-7.8,"two_year_pct_change":5.6,"six_year_pct_change":20.6,"twentytwo_year_pct_change":null},{"crime":"Misd. Sex Crimes","wtd_curr_yr":0,"wtd_prev_yr":0,"wtd_pct_change":null,"twentyeight_day_curr_yr":3,"twentyeight_day_prev_yr":2,"twentyeight_day_pct_change":50,"ytd_curr_yr":28,"ytd_prev_yr":24,"ytd_pct_change":16.7,"two_year_pct_change":-28.2,"six_year_pct_change":-3.4,"twentytwo_year_pct_change":null},{"crime":"Shooting Vic.","wtd_curr_yr":1,"wtd_prev_yr":1,"wtd_pct_change":0,"twentyeight_day_curr_yr":3,"twentyeight_day_prev_yr":2,"twentyeight_day_pct_change":50,"ytd_curr_yr":21,"ytd_prev_yr":30,"ytd_pct_change":-30,"two_year_pct_change":-47.5,"six_year_pct_change":-44.7,"twentytwo_year_pct_change":-83.5},{"crime":"Shooting Inc.","wtd_curr_yr":1,"wtd_prev_yr":1,"wtd_pct_change":0,"twentyeight_day_curr_yr":3,"twentyeight_day_prev_yr":2,"twentyeight_day_pct_change":50,"ytd_curr_yr":17,"ytd_prev_yr":27,"ytd_pct_change":-37,"two_year_pct_change":-52.8,"six_year_pct_change":-45.2,"twentytwo_year_pct_change":-85.5}],"historical":[{"yr_1990":38,"yr_1993":28,"yr_1998":16,"yr_2001":10,"yr_2013":8,"pct_change_13vs01":-20,"pct_change_13vs98":-50,"pct_change_13vs93":-71.4,"pct_change_13vs90":-78.9,"crime":"Murder"},{"yr_1990":60,"yr_1993":74,"yr_1998":45,"yr_2001":27,"yr_2013":37,"pct_change_13vs01":37,"pct_change_13vs98":-17.8,"pct_change_13vs93":-50,"pct_change_13vs90":-38.3,"crime":"Rape"},{"yr_1990":1846,"yr_1993":1742,"yr_1998":751,"yr_2001":530,"yr_2013":438,"pct_change_13vs01":-17.4,"pct_change_13vs98":-41.7,"pct_change_13vs93":-74.9,"pct_change_13vs90":-76.3,"crime":"Robbery"},{"yr_1990":958,"yr_1993":853,"yr_1998":611,"yr_2001":406,"yr_2013":369,"pct_change_13vs01":-9.1,"pct_change_13vs98":-39.6,"pct_change_13vs93":-56.7,"pct_change_13vs90":-61.5,"crime":"Fel. Assault"},{"yr_1990":1592,"yr_1993":1166,"yr_1998":598,"yr_2001":449,"yr_2013":300,"pct_change_13vs01":-33.2,"pct_change_13vs98":-49.8,"pct_change_13vs93":-74.3,"pct_change_13vs90":-81.2,"crime":"Burglary"},{"yr_1990":1277,"yr_1993":1214,"yr_1998":578,"yr_2001":587,"yr_2013":487,"pct_change_13vs01":-17,"pct_change_13vs98":-15.7,"pct_change_13vs93":-59.9,"pct_change_13vs90":-61.9,"crime":"Gr. Larceny"},{"yr_1990":1889,"yr_1993":1591,"yr_1998":602,"yr_2001":472,"yr_2013":172,"pct_change_13vs01":-63.6,"pct_change_13vs98":-71.4,"pct_change_13vs93":-89.2,"pct_change_13vs90":-90.9,"crime":"G.L.A."},{"yr_1990":7660,"yr_1993":6668,"yr_1998":3201,"yr_2001":2481,"yr_2013":1811,"pct_change_13vs01":-27.01,"pct_change_13vs98":-43.42,"pct_change_13vs93":-72.84,"pct_change_13vs90":-76.36,"crime":"TOTAL"}]}