{"mayor":"Bill de Blasio","commissioner":"William J. Bratton","volume":21,"number":49,"precinct":"108th","startDate":"2014-12-01T05:00:00.000Z","endDate":"2014-12-07T05:00:00.000Z","crimes":[{"crime":"Murder","wtd_curr_yr":0,"wtd_prev_yr":0,"wtd_pct_change":null,"twentyeight_day_curr_yr":0,"twentyeight_day_prev_yr":0,"twentyeight_day_pct_change":null,"ytd_curr_yr":2,"ytd_prev_yr":4,"ytd_pct_change":-50,"two_year_pct_change":-33.3,"six_year_pct_change":0,"twentytwo_year_pct_change":-80},{"crime":"Rape","wtd_curr_yr":0,"wtd_prev_yr":0,"wtd_pct_change":null,"twentyeight_day_curr_yr":0,"twentyeight_day_prev_yr":0,"twentyeight_day_pct_change":null,"ytd_curr_yr":14,"ytd_prev_yr":14,"ytd_pct_change":0,"two_year_pct_change":-6.7,"six_year_pct_change":27.3,"twentytwo_year_pct_change":16.7},{"crime":"Robbery","wtd_curr_yr":3,"wtd_prev_yr":4,"wtd_pct_change":-25,"twentyeight_day_curr_yr":10,"twentyeight_day_prev_yr":16,"twentyeight_day_pct_change":-37.5,"ytd_curr_yr":147,"ytd_prev_yr":146,"ytd_pct_change":0.7,"two_year_pct_change":-18.3,"six_year_pct_change":0.7,"twentytwo_year_pct_change":-84.6},{"crime":"Fel. Assault","wtd_curr_yr":1,"wtd_prev_yr":2,"wtd_pct_change":-50,"twentyeight_day_curr_yr":11,"twentyeight_day_prev_yr":11,"twentyeight_day_pct_change":0,"ytd_curr_yr":155,"ytd_prev_yr":158,"ytd_pct_change":-1.9,"two_year_pct_change":22,"six_year_pct_change":70.3,"twentytwo_year_pct_change":-48.2},{"crime":"Burglary","wtd_curr_yr":4,"wtd_prev_yr":2,"wtd_pct_change":100,"twentyeight_day_curr_yr":14,"twentyeight_day_prev_yr":14,"twentyeight_day_pct_change":0,"ytd_curr_yr":220,"ytd_prev_yr":208,"ytd_pct_change":5.8,"two_year_pct_change":-3.9,"six_year_pct_change":-9.8,"twentytwo_year_pct_change":-84.9},{"crime":"Gr. Larceny","wtd_curr_yr":9,"wtd_prev_yr":11,"wtd_pct_change":-18.2,"twentyeight_day_curr_yr":36,"twentyeight_day_prev_yr":39,"twentyeight_day_pct_change":-7.7,"ytd_curr_yr":525,"ytd_prev_yr":533,"ytd_pct_change":-1.5,"two_year_pct_change":22.1,"six_year_pct_change":14.9,"twentytwo_year_pct_change":-39.4},{"crime":"G.L.A.","wtd_curr_yr":0,"wtd_prev_yr":2,"wtd_pct_change":-100,"twentyeight_day_curr_yr":4,"twentyeight_day_prev_yr":14,"twentyeight_day_pct_change":-71.4,"ytd_curr_yr":137,"ytd_prev_yr":160,"ytd_pct_change":-14.4,"two_year_pct_change":4.6,"six_year_pct_change":-21.3,"twentytwo_year_pct_change":-93},{"crime":"TOTAL","wtd_curr_yr":17,"wtd_prev_yr":21,"wtd_pct_change":-19.05,"twentyeight_day_curr_yr":75,"twentyeight_day_prev_yr":94,"twentyeight_day_pct_change":-20.21,"ytd_curr_yr":1200,"ytd_prev_yr":1223,"ytd_pct_change":-1.88,"two_year_pct_change":7.62,"six_year_pct_change":6.67,"twentytwo_year_pct_change":-78.44},{"crime":"Transit","wtd_curr_yr":0,"wtd_prev_yr":1,"wtd_pct_change":-100,"twentyeight_day_curr_yr":4,"twentyeight_day_prev_yr":7,"twentyeight_day_pct_change":-42.9,"ytd_curr_yr":63,"ytd_prev_yr":72,"ytd_pct_change":-12.5,"two_year_pct_change":-3.1,"six_year_pct_change":70.3,"twentytwo_year_pct_change":null},{"crime":"Housing","wtd_curr_yr":0,"wtd_prev_yr":0,"wtd_pct_change":null,"twentyeight_day_curr_yr":0,"twentyeight_day_prev_yr":0,"twentyeight_day_pct_change":null,"ytd_curr_yr":0,"ytd_prev_yr":0,"ytd_pct_change":null,"two_year_pct_change":null,"six_year_pct_change":null,"twentytwo_year_pct_change":null},{"crime":"Petit Larceny","wtd_curr_yr":11,"wtd_prev_yr":17,"wtd_pct_change":-35.3,"twentyeight_day_curr_yr":41,"twentyeight_day_prev_yr":70,"twentyeight_day_pct_change":-41.4,"ytd_curr_yr":790,"ytd_prev_yr":933,"ytd_pct_change":-15.3,"two_year_pct_change":-0.8,"six_year_pct_change":-7.3,"twentytwo_year_pct_change":null},{"crime":"Misd. Assault","wtd_curr_yr":9,"wtd_prev_yr":4,"wtd_pct_change":125,"twentyeight_day_curr_yr":28,"twentyeight_day_prev_yr":28,"twentyeight_day_pct_change":0,"ytd_curr_yr":407,"ytd_prev_yr":437,"ytd_pct_change":-6.9,"two_year_pct_change":-3.3,"six_year_pct_change":-8.5,"twentytwo_year_pct_change":null},{"crime":"Misd. Sex Crimes","wtd_curr_yr":2,"wtd_prev_yr":0,"wtd_pct_change":null,"twentyeight_day_curr_yr":9,"twentyeight_day_prev_yr":2,"twentyeight_day_pct_change":350,"ytd_curr_yr":51,"ytd_prev_yr":53,"ytd_pct_change":-3.8,"two_year_pct_change":-1.9,"six_year_pct_change":-17.7,"twentytwo_year_pct_change":null},{"crime":"Shooting Vic.","wtd_curr_yr":0,"wtd_prev_yr":0,"wtd_pct_change":null,"twentyeight_day_curr_yr":0,"twentyeight_day_prev_yr":0,"twentyeight_day_pct_change":null,"ytd_curr_yr":5,"ytd_prev_yr":5,"ytd_pct_change":0,"two_year_pct_change":400,"six_year_pct_change":150,"twentytwo_year_pct_change":-64.3},{"crime":"Shooting Inc.","wtd_curr_yr":0,"wtd_prev_yr":0,"wtd_pct_change":null,"twentyeight_day_curr_yr":0,"twentyeight_day_prev_yr":0,"twentyeight_day_pct_change":null,"ytd_curr_yr":2,"ytd_prev_yr":4,"ytd_pct_change":-50,"two_year_pct_change":100,"six_year_pct_change":100,"twentytwo_year_pct_change":-85.7}],"historical":[{"yr_1990":16,"yr_1993":10,"yr_1998":5,"yr_2001":3,"yr_2013":4,"pct_change_13vs01":33.3,"pct_change_13vs98":-20,"pct_change_13vs93":-60,"pct_change_13vs90":-75,"crime":"Murder"},{"yr_1990":22,"yr_1993":12,"yr_1998":24,"yr_2001":18,"yr_2013":15,"pct_change_13vs01":-16.7,"pct_change_13vs98":-37.5,"pct_change_13vs93":25,"pct_change_13vs90":-31.8,"crime":"Rape"},{"yr_1990":1372,"yr_1993":1026,"yr_1998":464,"yr_2001":313,"yr_2013":160,"pct_change_13vs01":-48.9,"pct_change_13vs98":-65.5,"pct_change_13vs93":-84.4,"pct_change_13vs90":-88.3,"crime":"Robbery"},{"yr_1990":290,"yr_1993":317,"yr_1998":248,"yr_2001":147,"yr_2013":171,"pct_change_13vs01":16.3,"pct_change_13vs98":-31,"pct_change_13vs93":-46.1,"pct_change_13vs90":-41,"crime":"Fel. Assault"},{"yr_1990":2062,"yr_1993":1563,"yr_1998":971,"yr_2001":564,"yr_2013":244,"pct_change_13vs01":-56.7,"pct_change_13vs98":-74.9,"pct_change_13vs93":-84.4,"pct_change_13vs90":-88.2,"crime":"Burglary"},{"yr_1990":1150,"yr_1993":914,"yr_1998":605,"yr_2001":570,"yr_2013":572,"pct_change_13vs01":0.4,"pct_change_13vs98":-5.5,"pct_change_13vs93":-37.4,"pct_change_13vs90":-50.3,"crime":"Gr. Larceny"},{"yr_1990":2945,"yr_1993":2123,"yr_1998":942,"yr_2001":704,"yr_2013":166,"pct_change_13vs01":-76.4,"pct_change_13vs98":-82.4,"pct_change_13vs93":-92.2,"pct_change_13vs90":-94.4,"crime":"G.L.A."},{"yr_1990":7857,"yr_1993":5965,"yr_1998":3259,"yr_2001":2319,"yr_2013":1332,"pct_change_13vs01":-42.56,"pct_change_13vs98":-59.13,"pct_change_13vs93":-77.67,"pct_change_13vs90":-83.05,"crime":"TOTAL"}]}