{"mayor":"Bill de Blasio","commissioner":"William J. Bratton","volume":21,"number":41,"precinct":"101st","startDate":"2014-10-06T04:00:00.000Z","endDate":"2014-10-12T04:00:00.000Z","crimes":[{"crime":"Murder","wtd_curr_yr":0,"wtd_prev_yr":0,"wtd_pct_change":null,"twentyeight_day_curr_yr":0,"twentyeight_day_prev_yr":0,"twentyeight_day_pct_change":null,"ytd_curr_yr":4,"ytd_prev_yr":2,"ytd_pct_change":100,"two_year_pct_change":33.3,"six_year_pct_change":-33.3,"twentytwo_year_pct_change":-71.4},{"crime":"Rape","wtd_curr_yr":0,"wtd_prev_yr":0,"wtd_pct_change":null,"twentyeight_day_curr_yr":1,"twentyeight_day_prev_yr":1,"twentyeight_day_pct_change":0,"ytd_curr_yr":12,"ytd_prev_yr":13,"ytd_pct_change":-7.7,"two_year_pct_change":-7.7,"six_year_pct_change":-25,"twentytwo_year_pct_change":-65.7},{"crime":"Robbery","wtd_curr_yr":0,"wtd_prev_yr":0,"wtd_pct_change":null,"twentyeight_day_curr_yr":8,"twentyeight_day_prev_yr":12,"twentyeight_day_pct_change":-33.3,"ytd_curr_yr":100,"ytd_prev_yr":107,"ytd_pct_change":-6.5,"two_year_pct_change":-16,"six_year_pct_change":8.7,"twentytwo_year_pct_change":-81.1},{"crime":"Fel. Assault","wtd_curr_yr":3,"wtd_prev_yr":8,"wtd_pct_change":-62.5,"twentyeight_day_curr_yr":22,"twentyeight_day_prev_yr":19,"twentyeight_day_pct_change":15.8,"ytd_curr_yr":221,"ytd_prev_yr":175,"ytd_pct_change":26.3,"two_year_pct_change":10,"six_year_pct_change":63.7,"twentytwo_year_pct_change":-46.2},{"crime":"Burglary","wtd_curr_yr":0,"wtd_prev_yr":4,"wtd_pct_change":-100,"twentyeight_day_curr_yr":9,"twentyeight_day_prev_yr":15,"twentyeight_day_pct_change":-40,"ytd_curr_yr":124,"ytd_prev_yr":187,"ytd_pct_change":-33.7,"two_year_pct_change":-11.4,"six_year_pct_change":63.2,"twentytwo_year_pct_change":-80.4},{"crime":"Gr. Larceny","wtd_curr_yr":3,"wtd_prev_yr":2,"wtd_pct_change":50,"twentyeight_day_curr_yr":23,"twentyeight_day_prev_yr":14,"twentyeight_day_pct_change":64.3,"ytd_curr_yr":154,"ytd_prev_yr":126,"ytd_pct_change":22.2,"two_year_pct_change":-14,"six_year_pct_change":33.9,"twentytwo_year_pct_change":-36.9},{"crime":"G.L.A.","wtd_curr_yr":0,"wtd_prev_yr":1,"wtd_pct_change":-100,"twentyeight_day_curr_yr":1,"twentyeight_day_prev_yr":4,"twentyeight_day_pct_change":-75,"ytd_curr_yr":61,"ytd_prev_yr":45,"ytd_pct_change":35.6,"two_year_pct_change":41.9,"six_year_pct_change":24.5,"twentytwo_year_pct_change":-83.4},{"crime":"TOTAL","wtd_curr_yr":6,"wtd_prev_yr":15,"wtd_pct_change":-60,"twentyeight_day_curr_yr":64,"twentyeight_day_prev_yr":65,"twentyeight_day_pct_change":-1.54,"ytd_curr_yr":676,"ytd_prev_yr":655,"ytd_pct_change":3.21,"two_year_pct_change":-3.15,"six_year_pct_change":38.24,"twentytwo_year_pct_change":-69.74},{"crime":"Transit","wtd_curr_yr":0,"wtd_prev_yr":0,"wtd_pct_change":null,"twentyeight_day_curr_yr":0,"twentyeight_day_prev_yr":1,"twentyeight_day_pct_change":-100,"ytd_curr_yr":8,"ytd_prev_yr":8,"ytd_pct_change":0,"two_year_pct_change":-55.6,"six_year_pct_change":-33.3,"twentytwo_year_pct_change":null},{"crime":"Housing","wtd_curr_yr":0,"wtd_prev_yr":1,"wtd_pct_change":-100,"twentyeight_day_curr_yr":7,"twentyeight_day_prev_yr":1,"twentyeight_day_pct_change":600,"ytd_curr_yr":80,"ytd_prev_yr":69,"ytd_pct_change":15.9,"two_year_pct_change":14.3,"six_year_pct_change":33.3,"twentytwo_year_pct_change":null},{"crime":"Petit Larceny","wtd_curr_yr":9,"wtd_prev_yr":14,"wtd_pct_change":-35.7,"twentyeight_day_curr_yr":34,"twentyeight_day_prev_yr":38,"twentyeight_day_pct_change":-10.5,"ytd_curr_yr":416,"ytd_prev_yr":415,"ytd_pct_change":0.2,"two_year_pct_change":10.9,"six_year_pct_change":27.6,"twentytwo_year_pct_change":null},{"crime":"Misd. Assault","wtd_curr_yr":11,"wtd_prev_yr":8,"wtd_pct_change":37.5,"twentyeight_day_curr_yr":39,"twentyeight_day_prev_yr":48,"twentyeight_day_pct_change":-18.8,"ytd_curr_yr":370,"ytd_prev_yr":388,"ytd_pct_change":-4.6,"two_year_pct_change":3.9,"six_year_pct_change":22.9,"twentytwo_year_pct_change":null},{"crime":"Misd. Sex Crimes","wtd_curr_yr":0,"wtd_prev_yr":2,"wtd_pct_change":-100,"twentyeight_day_curr_yr":0,"twentyeight_day_prev_yr":3,"twentyeight_day_pct_change":-100,"ytd_curr_yr":12,"ytd_prev_yr":13,"ytd_pct_change":-7.7,"two_year_pct_change":-36.8,"six_year_pct_change":-45.5,"twentytwo_year_pct_change":null},{"crime":"Shooting Vic.","wtd_curr_yr":0,"wtd_prev_yr":0,"wtd_pct_change":null,"twentyeight_day_curr_yr":1,"twentyeight_day_prev_yr":1,"twentyeight_day_pct_change":0,"ytd_curr_yr":24,"ytd_prev_yr":14,"ytd_pct_change":71.4,"two_year_pct_change":-14.3,"six_year_pct_change":-7.7,"twentytwo_year_pct_change":-35.1},{"crime":"Shooting Inc.","wtd_curr_yr":0,"wtd_prev_yr":0,"wtd_pct_change":null,"twentyeight_day_curr_yr":1,"twentyeight_day_prev_yr":1,"twentyeight_day_pct_change":0,"ytd_curr_yr":23,"ytd_prev_yr":12,"ytd_pct_change":91.7,"two_year_pct_change":-11.5,"six_year_pct_change":0,"twentytwo_year_pct_change":-34.3}],"historical":[{"yr_1990":14,"yr_1993":16,"yr_1998":9,"yr_2001":6,"yr_2013":3,"pct_change_13vs01":-50,"pct_change_13vs98":-66.7,"pct_change_13vs93":-81.2,"pct_change_13vs90":-78.6,"crime":"Murder"},{"yr_1990":67,"yr_1993":42,"yr_1998":32,"yr_2001":17,"yr_2013":19,"pct_change_13vs01":11.8,"pct_change_13vs98":-40.6,"pct_change_13vs93":-54.8,"pct_change_13vs90":-71.6,"crime":"Rape"},{"yr_1990":826,"yr_1993":710,"yr_1998":413,"yr_2001":247,"yr_2013":148,"pct_change_13vs01":-40.1,"pct_change_13vs98":-64.2,"pct_change_13vs93":-79.2,"pct_change_13vs90":-82.1,"crime":"Robbery"},{"yr_1990":588,"yr_1993":524,"yr_1998":418,"yr_2001":301,"yr_2013":212,"pct_change_13vs01":-29.6,"pct_change_13vs98":-49.3,"pct_change_13vs93":-59.5,"pct_change_13vs90":-63.9,"crime":"Fel. Assault"},{"yr_1990":825,"yr_1993":768,"yr_1998":370,"yr_2001":216,"yr_2013":227,"pct_change_13vs01":5.1,"pct_change_13vs98":-38.6,"pct_change_13vs93":-70.4,"pct_change_13vs90":-72.5,"crime":"Burglary"},{"yr_1990":362,"yr_1993":330,"yr_1998":203,"yr_2001":189,"yr_2013":182,"pct_change_13vs01":-3.7,"pct_change_13vs98":-10.3,"pct_change_13vs93":-44.8,"pct_change_13vs90":-49.7,"crime":"Gr. Larceny"},{"yr_1990":719,"yr_1993":460,"yr_1998":184,"yr_2001":158,"yr_2013":61,"pct_change_13vs01":-61.4,"pct_change_13vs98":-66.8,"pct_change_13vs93":-86.7,"pct_change_13vs90":-91.5,"crime":"G.L.A."},{"yr_1990":3401,"yr_1993":2850,"yr_1998":1629,"yr_2001":1134,"yr_2013":852,"pct_change_13vs01":-24.87,"pct_change_13vs98":-47.7,"pct_change_13vs93":-70.11,"pct_change_13vs90":-74.95,"crime":"TOTAL"}]}