{"mayor":"Bill de Blasio","commissioner":"William J. Bratton","volume":21,"number":14,"precinct":"105th","startDate":"2014-03-31T04:00:00.000Z","endDate":"2014-04-06T04:00:00.000Z","crimes":[{"crime":"Murder","wtd_curr_yr":0,"wtd_prev_yr":0,"wtd_pct_change":null,"twentyeight_day_curr_yr":1,"twentyeight_day_prev_yr":1,"twentyeight_day_pct_change":0,"ytd_curr_yr":2,"ytd_prev_yr":1,"ytd_pct_change":100,"two_year_pct_change":-33.3,"six_year_pct_change":100,"twentytwo_year_pct_change":-60},{"crime":"Rape","wtd_curr_yr":0,"wtd_prev_yr":1,"wtd_pct_change":-100,"twentyeight_day_curr_yr":2,"twentyeight_day_prev_yr":3,"twentyeight_day_pct_change":-33.3,"ytd_curr_yr":7,"ytd_prev_yr":5,"ytd_pct_change":40,"two_year_pct_change":-12.5,"six_year_pct_change":-36.4,"twentytwo_year_pct_change":-41.7},{"crime":"Robbery","wtd_curr_yr":2,"wtd_prev_yr":3,"wtd_pct_change":-33.3,"twentyeight_day_curr_yr":10,"twentyeight_day_prev_yr":25,"twentyeight_day_pct_change":-60,"ytd_curr_yr":54,"ytd_prev_yr":104,"ytd_pct_change":-48.1,"two_year_pct_change":-49.1,"six_year_pct_change":-50.5,"twentytwo_year_pct_change":-79.1},{"crime":"Fel. Assault","wtd_curr_yr":4,"wtd_prev_yr":2,"wtd_pct_change":100,"twentyeight_day_curr_yr":23,"twentyeight_day_prev_yr":17,"twentyeight_day_pct_change":35.3,"ytd_curr_yr":76,"ytd_prev_yr":67,"ytd_pct_change":13.4,"two_year_pct_change":1.3,"six_year_pct_change":18.8,"twentytwo_year_pct_change":-11.6},{"crime":"Burglary","wtd_curr_yr":5,"wtd_prev_yr":4,"wtd_pct_change":25,"twentyeight_day_curr_yr":17,"twentyeight_day_prev_yr":33,"twentyeight_day_pct_change":-48.5,"ytd_curr_yr":66,"ytd_prev_yr":141,"ytd_pct_change":-53.2,"two_year_pct_change":-45,"six_year_pct_change":-44.1,"twentytwo_year_pct_change":-82.5},{"crime":"Gr. Larceny","wtd_curr_yr":5,"wtd_prev_yr":5,"wtd_pct_change":0,"twentyeight_day_curr_yr":36,"twentyeight_day_prev_yr":29,"twentyeight_day_pct_change":24.1,"ytd_curr_yr":118,"ytd_prev_yr":146,"ytd_pct_change":-19.2,"two_year_pct_change":-15.1,"six_year_pct_change":0.9,"twentytwo_year_pct_change":-15.7},{"crime":"G.L.A.","wtd_curr_yr":7,"wtd_prev_yr":4,"wtd_pct_change":75,"twentyeight_day_curr_yr":16,"twentyeight_day_prev_yr":15,"twentyeight_day_pct_change":6.7,"ytd_curr_yr":52,"ytd_prev_yr":61,"ytd_pct_change":-14.8,"two_year_pct_change":-38.8,"six_year_pct_change":-29.7,"twentytwo_year_pct_change":-94.2},{"crime":"TOTAL","wtd_curr_yr":23,"wtd_prev_yr":19,"wtd_pct_change":21.05,"twentyeight_day_curr_yr":105,"twentyeight_day_prev_yr":123,"twentyeight_day_pct_change":-14.63,"ytd_curr_yr":375,"ytd_prev_yr":525,"ytd_pct_change":-28.57,"two_year_pct_change":-30.04,"six_year_pct_change":-24.09,"twentytwo_year_pct_change":-78.9},{"crime":"Transit","wtd_curr_yr":0,"wtd_prev_yr":0,"wtd_pct_change":null,"twentyeight_day_curr_yr":0,"twentyeight_day_prev_yr":0,"twentyeight_day_pct_change":null,"ytd_curr_yr":0,"ytd_prev_yr":0,"ytd_pct_change":null,"two_year_pct_change":null,"six_year_pct_change":null,"twentytwo_year_pct_change":null},{"crime":"Housing","wtd_curr_yr":0,"wtd_prev_yr":0,"wtd_pct_change":null,"twentyeight_day_curr_yr":0,"twentyeight_day_prev_yr":0,"twentyeight_day_pct_change":null,"ytd_curr_yr":0,"ytd_prev_yr":0,"ytd_pct_change":null,"two_year_pct_change":null,"six_year_pct_change":null,"twentytwo_year_pct_change":null},{"crime":"Petit Larceny","wtd_curr_yr":9,"wtd_prev_yr":14,"wtd_pct_change":-35.7,"twentyeight_day_curr_yr":46,"twentyeight_day_prev_yr":52,"twentyeight_day_pct_change":-11.5,"ytd_curr_yr":177,"ytd_prev_yr":185,"ytd_pct_change":-4.3,"two_year_pct_change":-6.3,"six_year_pct_change":-19.5,"twentytwo_year_pct_change":null},{"crime":"Misd. Assault","wtd_curr_yr":12,"wtd_prev_yr":16,"wtd_pct_change":-25,"twentyeight_day_curr_yr":46,"twentyeight_day_prev_yr":48,"twentyeight_day_pct_change":-4.2,"ytd_curr_yr":147,"ytd_prev_yr":138,"ytd_pct_change":6.5,"two_year_pct_change":-3.3,"six_year_pct_change":-22.6,"twentytwo_year_pct_change":null},{"crime":"Misd. Sex Crimes","wtd_curr_yr":1,"wtd_prev_yr":0,"wtd_pct_change":null,"twentyeight_day_curr_yr":1,"twentyeight_day_prev_yr":3,"twentyeight_day_pct_change":-66.7,"ytd_curr_yr":6,"ytd_prev_yr":11,"ytd_pct_change":-45.5,"two_year_pct_change":-40,"six_year_pct_change":-33.3,"twentytwo_year_pct_change":null},{"crime":"Shooting Vic.","wtd_curr_yr":0,"wtd_prev_yr":0,"wtd_pct_change":null,"twentyeight_day_curr_yr":1,"twentyeight_day_prev_yr":0,"twentyeight_day_pct_change":null,"ytd_curr_yr":3,"ytd_prev_yr":6,"ytd_pct_change":-50,"two_year_pct_change":-75,"six_year_pct_change":-25,"twentytwo_year_pct_change":-78.6},{"crime":"Shooting Inc.","wtd_curr_yr":0,"wtd_prev_yr":0,"wtd_pct_change":null,"twentyeight_day_curr_yr":1,"twentyeight_day_prev_yr":0,"twentyeight_day_pct_change":null,"ytd_curr_yr":3,"ytd_prev_yr":5,"ytd_pct_change":-40,"two_year_pct_change":-70,"six_year_pct_change":-25,"twentytwo_year_pct_change":-76.9}],"historical":[{"yr_1990":30,"yr_1993":23,"yr_1995":19,"yr_2001":18,"yr_2013":3,"pct_change_13vs01":-83.3,"pct_change_13vs95":-84.2,"pct_change_13vs93":-87,"pct_change_13vs90":-90,"crime":"Murder"},{"yr_1990":56,"yr_1993":41,"yr_1995":48,"yr_2001":35,"yr_2013":18,"pct_change_13vs01":-48.6,"pct_change_13vs95":-62.5,"pct_change_13vs93":-56.1,"pct_change_13vs90":-67.9,"crime":"Rape"},{"yr_1990":1066,"yr_1993":1082,"yr_1995":824,"yr_2001":395,"yr_2013":331,"pct_change_13vs01":-16.2,"pct_change_13vs95":-59.8,"pct_change_13vs93":-69.4,"pct_change_13vs90":-68.9,"crime":"Robbery"},{"yr_1990":459,"yr_1993":409,"yr_1995":406,"yr_2001":329,"yr_2013":313,"pct_change_13vs01":-4.9,"pct_change_13vs95":-22.9,"pct_change_13vs93":-23.5,"pct_change_13vs90":-31.8,"crime":"Fel. Assault"},{"yr_1990":2199,"yr_1993":1640,"yr_1995":1485,"yr_2001":630,"yr_2013":469,"pct_change_13vs01":-25.6,"pct_change_13vs95":-68.4,"pct_change_13vs93":-71.4,"pct_change_13vs90":-78.7,"crime":"Burglary"},{"yr_1990":699,"yr_1993":593,"yr_1995":642,"yr_2001":456,"yr_2013":520,"pct_change_13vs01":14,"pct_change_13vs95":-19,"pct_change_13vs93":-12.3,"pct_change_13vs90":-25.6,"crime":"Gr. Larceny"},{"yr_1990":3534,"yr_1993":3476,"yr_1995":2423,"yr_2001":913,"yr_2013":263,"pct_change_13vs01":-71.2,"pct_change_13vs95":-89.1,"pct_change_13vs93":-92.4,"pct_change_13vs90":-92.6,"crime":"G.L.A."},{"yr_1990":8043,"yr_1993":7264,"yr_1995":5847,"yr_2001":2776,"yr_2013":1917,"pct_change_13vs01":-30.94,"pct_change_13vs95":-67.21,"pct_change_13vs93":-73.61,"pct_change_13vs90":-76.17,"crime":"TOTAL"}]}