{"mayor":"Bill de Blasio","commissioner":"William J. Bratton","volume":21,"number":30,"precinct":"107th","startDate":"2014-07-21T04:00:00.000Z","endDate":"2014-07-27T04:00:00.000Z","crimes":[{"crime":"Murder","wtd_curr_yr":0,"wtd_prev_yr":0,"wtd_pct_change":null,"twentyeight_day_curr_yr":0,"twentyeight_day_prev_yr":0,"twentyeight_day_pct_change":null,"ytd_curr_yr":0,"ytd_prev_yr":1,"ytd_pct_change":-100,"two_year_pct_change":null,"six_year_pct_change":-100,"twentytwo_year_pct_change":-100},{"crime":"Rape","wtd_curr_yr":0,"wtd_prev_yr":0,"wtd_pct_change":null,"twentyeight_day_curr_yr":1,"twentyeight_day_prev_yr":0,"twentyeight_day_pct_change":null,"ytd_curr_yr":14,"ytd_prev_yr":6,"ytd_pct_change":133.3,"two_year_pct_change":180,"six_year_pct_change":250,"twentytwo_year_pct_change":-33.3},{"crime":"Robbery","wtd_curr_yr":5,"wtd_prev_yr":5,"wtd_pct_change":0,"twentyeight_day_curr_yr":11,"twentyeight_day_prev_yr":13,"twentyeight_day_pct_change":-15.4,"ytd_curr_yr":106,"ytd_prev_yr":125,"ytd_pct_change":-15.2,"two_year_pct_change":-25.4,"six_year_pct_change":-23.7,"twentytwo_year_pct_change":-79.8},{"crime":"Fel. Assault","wtd_curr_yr":0,"wtd_prev_yr":1,"wtd_pct_change":-100,"twentyeight_day_curr_yr":6,"twentyeight_day_prev_yr":13,"twentyeight_day_pct_change":-53.8,"ytd_curr_yr":57,"ytd_prev_yr":81,"ytd_pct_change":-29.6,"two_year_pct_change":-25,"six_year_pct_change":11.8,"twentytwo_year_pct_change":-58.1},{"crime":"Burglary","wtd_curr_yr":2,"wtd_prev_yr":4,"wtd_pct_change":-50,"twentyeight_day_curr_yr":13,"twentyeight_day_prev_yr":17,"twentyeight_day_pct_change":-23.5,"ytd_curr_yr":97,"ytd_prev_yr":147,"ytd_pct_change":-34,"two_year_pct_change":-36.2,"six_year_pct_change":-38.2,"twentytwo_year_pct_change":-88.7},{"crime":"Gr. Larceny","wtd_curr_yr":3,"wtd_prev_yr":13,"wtd_pct_change":-76.9,"twentyeight_day_curr_yr":32,"twentyeight_day_prev_yr":49,"twentyeight_day_pct_change":-34.7,"ytd_curr_yr":239,"ytd_prev_yr":263,"ytd_pct_change":-9.1,"two_year_pct_change":-7.7,"six_year_pct_change":-8.4,"twentytwo_year_pct_change":-32.3},{"crime":"G.L.A.","wtd_curr_yr":6,"wtd_prev_yr":2,"wtd_pct_change":200,"twentyeight_day_curr_yr":21,"twentyeight_day_prev_yr":10,"twentyeight_day_pct_change":110,"ytd_curr_yr":81,"ytd_prev_yr":75,"ytd_pct_change":8,"two_year_pct_change":-8,"six_year_pct_change":-29.6,"twentytwo_year_pct_change":-97.1},{"crime":"TOTAL","wtd_curr_yr":16,"wtd_prev_yr":25,"wtd_pct_change":-36,"twentyeight_day_curr_yr":84,"twentyeight_day_prev_yr":102,"twentyeight_day_pct_change":-17.65,"ytd_curr_yr":594,"ytd_prev_yr":698,"ytd_pct_change":-14.9,"two_year_pct_change":-17.73,"six_year_pct_change":-18.52,"twentytwo_year_pct_change":-87.32},{"crime":"Transit","wtd_curr_yr":1,"wtd_prev_yr":1,"wtd_pct_change":0,"twentyeight_day_curr_yr":3,"twentyeight_day_prev_yr":1,"twentyeight_day_pct_change":200,"ytd_curr_yr":13,"ytd_prev_yr":17,"ytd_pct_change":-23.5,"two_year_pct_change":-7.1,"six_year_pct_change":8.3,"twentytwo_year_pct_change":null},{"crime":"Housing","wtd_curr_yr":0,"wtd_prev_yr":1,"wtd_pct_change":-100,"twentyeight_day_curr_yr":2,"twentyeight_day_prev_yr":2,"twentyeight_day_pct_change":0,"ytd_curr_yr":29,"ytd_prev_yr":29,"ytd_pct_change":0,"two_year_pct_change":-6.5,"six_year_pct_change":70.6,"twentytwo_year_pct_change":null},{"crime":"Petit Larceny","wtd_curr_yr":22,"wtd_prev_yr":20,"wtd_pct_change":10,"twentyeight_day_curr_yr":57,"twentyeight_day_prev_yr":74,"twentyeight_day_pct_change":-23,"ytd_curr_yr":411,"ytd_prev_yr":455,"ytd_pct_change":-9.7,"two_year_pct_change":-5.3,"six_year_pct_change":-19.6,"twentytwo_year_pct_change":null},{"crime":"Misd. Assault","wtd_curr_yr":10,"wtd_prev_yr":3,"wtd_pct_change":233.3,"twentyeight_day_curr_yr":26,"twentyeight_day_prev_yr":32,"twentyeight_day_pct_change":-18.8,"ytd_curr_yr":201,"ytd_prev_yr":202,"ytd_pct_change":-0.5,"two_year_pct_change":-6.1,"six_year_pct_change":-23.6,"twentytwo_year_pct_change":null},{"crime":"Misd. Sex Crimes","wtd_curr_yr":0,"wtd_prev_yr":0,"wtd_pct_change":null,"twentyeight_day_curr_yr":1,"twentyeight_day_prev_yr":1,"twentyeight_day_pct_change":0,"ytd_curr_yr":14,"ytd_prev_yr":17,"ytd_pct_change":-17.6,"two_year_pct_change":-6.7,"six_year_pct_change":-17.6,"twentytwo_year_pct_change":null},{"crime":"Shooting Vic.","wtd_curr_yr":0,"wtd_prev_yr":0,"wtd_pct_change":null,"twentyeight_day_curr_yr":0,"twentyeight_day_prev_yr":0,"twentyeight_day_pct_change":null,"ytd_curr_yr":3,"ytd_prev_yr":2,"ytd_pct_change":50,"two_year_pct_change":200,"six_year_pct_change":0,"twentytwo_year_pct_change":-70},{"crime":"Shooting Inc.","wtd_curr_yr":0,"wtd_prev_yr":0,"wtd_pct_change":null,"twentyeight_day_curr_yr":0,"twentyeight_day_prev_yr":0,"twentyeight_day_pct_change":null,"ytd_curr_yr":3,"ytd_prev_yr":2,"ytd_pct_change":50,"two_year_pct_change":200,"six_year_pct_change":0,"twentytwo_year_pct_change":-70}],"historical":[{"yr_1990":14,"yr_1993":8,"yr_1998":5,"yr_2001":4,"yr_2013":1,"pct_change_13vs01":-75,"pct_change_13vs98":-80,"pct_change_13vs93":-87.5,"pct_change_13vs90":-92.9,"crime":"Murder"},{"yr_1990":24,"yr_1993":32,"yr_1998":30,"yr_2001":15,"yr_2013":7,"pct_change_13vs01":-53.3,"pct_change_13vs98":-76.7,"pct_change_13vs93":-78.1,"pct_change_13vs90":-70.8,"crime":"Rape"},{"yr_1990":1039,"yr_1993":514,"yr_1998":375,"yr_2001":242,"yr_2013":-35.5,"pct_change_13vs01":-52.9,"pct_change_13vs98":-76.7,"pct_change_13vs93":-72.9,"pct_change_13vs90":null,"crime":"Robbery 893"},{"yr_1990":260,"yr_1993":239,"yr_1998":226,"yr_2001":153,"yr_2013":138,"pct_change_13vs01":-9.8,"pct_change_13vs98":-38.9,"pct_change_13vs93":-42.3,"pct_change_13vs90":-46.9,"crime":"Fel. Assault"},{"yr_1990":2152,"yr_1993":1425,"yr_1998":862,"yr_2001":632,"yr_2013":244,"pct_change_13vs01":-61.4,"pct_change_13vs98":-71.7,"pct_change_13vs93":-82.9,"pct_change_13vs90":-88.7,"crime":"Burglary"},{"yr_1990":805,"yr_1993":616,"yr_1998":614,"yr_2001":572,"yr_2013":517,"pct_change_13vs01":-9.6,"pct_change_13vs98":-15.8,"pct_change_13vs93":-16.1,"pct_change_13vs90":-35.8,"crime":"Gr. Larceny"},{"yr_1990":5535,"yr_1993":4902,"yr_1998":1560,"yr_2001":802,"yr_2013":149,"pct_change_13vs01":-81.4,"pct_change_13vs98":-90.4,"pct_change_13vs93":-97,"pct_change_13vs90":-97.3,"crime":"G.L.A."},{"yr_1990":9683,"yr_1993":8261,"yr_1998":3811,"yr_2001":2553,"yr_2013":1298,"pct_change_13vs01":-49.16,"pct_change_13vs98":-65.94,"pct_change_13vs93":-84.29,"pct_change_13vs90":-86.6,"crime":"TOTAL"}]}