{"mayor":"Bill de Blasio","commissioner":"William J. Bratton","volume":22,"number":3,"precinct":"107th","startDate":"2015-01-12T05:00:00.000Z","endDate":"2015-01-18T05:00:00.000Z","crimes":[{"crime":"Murder","wtd_curr_yr":0,"wtd_prev_yr":0,"wtd_pct_change":null,"twentyeight_day_curr_yr":1,"twentyeight_day_prev_yr":0,"twentyeight_day_pct_change":null,"ytd_curr_yr":1,"ytd_prev_yr":0,"ytd_pct_change":null,"two_year_pct_change":0,"six_year_pct_change":null,"twentytwo_year_pct_change":null},{"crime":"Rape","wtd_curr_yr":0,"wtd_prev_yr":1,"wtd_pct_change":-100,"twentyeight_day_curr_yr":0,"twentyeight_day_prev_yr":1,"twentyeight_day_pct_change":-100,"ytd_curr_yr":0,"ytd_prev_yr":1,"ytd_pct_change":-100,"two_year_pct_change":null,"six_year_pct_change":-100,"twentytwo_year_pct_change":-100},{"crime":"Robbery","wtd_curr_yr":5,"wtd_prev_yr":3,"wtd_pct_change":66.7,"twentyeight_day_curr_yr":8,"twentyeight_day_prev_yr":10,"twentyeight_day_pct_change":-20,"ytd_curr_yr":7,"ytd_prev_yr":5,"ytd_pct_change":40,"two_year_pct_change":-12.5,"six_year_pct_change":-50,"twentytwo_year_pct_change":-86.5},{"crime":"Fel. Assault","wtd_curr_yr":0,"wtd_prev_yr":1,"wtd_pct_change":-100,"twentyeight_day_curr_yr":4,"twentyeight_day_prev_yr":10,"twentyeight_day_pct_change":-60,"ytd_curr_yr":1,"ytd_prev_yr":4,"ytd_pct_change":-75,"two_year_pct_change":-83.3,"six_year_pct_change":-66.7,"twentytwo_year_pct_change":-95},{"crime":"Burglary","wtd_curr_yr":8,"wtd_prev_yr":3,"wtd_pct_change":166.7,"twentyeight_day_curr_yr":14,"twentyeight_day_prev_yr":15,"twentyeight_day_pct_change":-6.7,"ytd_curr_yr":11,"ytd_prev_yr":9,"ytd_pct_change":22.2,"two_year_pct_change":10,"six_year_pct_change":-31.2,"twentytwo_year_pct_change":-88.4},{"crime":"Gr. Larceny","wtd_curr_yr":11,"wtd_prev_yr":7,"wtd_pct_change":57.1,"twentyeight_day_curr_yr":40,"twentyeight_day_prev_yr":33,"twentyeight_day_pct_change":21.2,"ytd_curr_yr":25,"ytd_prev_yr":20,"ytd_pct_change":25,"two_year_pct_change":0,"six_year_pct_change":19,"twentytwo_year_pct_change":56.2},{"crime":"G.L.A.","wtd_curr_yr":6,"wtd_prev_yr":2,"wtd_pct_change":200,"twentyeight_day_curr_yr":14,"twentyeight_day_prev_yr":5,"twentyeight_day_pct_change":180,"ytd_curr_yr":9,"ytd_prev_yr":3,"ytd_pct_change":200,"two_year_pct_change":80,"six_year_pct_change":-10,"twentytwo_year_pct_change":-95.9},{"crime":"TOTAL","wtd_curr_yr":30,"wtd_prev_yr":17,"wtd_pct_change":76.47,"twentyeight_day_curr_yr":81,"twentyeight_day_prev_yr":74,"twentyeight_day_pct_change":9.46,"ytd_curr_yr":54,"ytd_prev_yr":42,"ytd_pct_change":28.57,"two_year_pct_change":-1.82,"six_year_pct_change":-16.92,"twentytwo_year_pct_change":-86.6},{"crime":"Transit","wtd_curr_yr":0,"wtd_prev_yr":0,"wtd_pct_change":null,"twentyeight_day_curr_yr":0,"twentyeight_day_prev_yr":0,"twentyeight_day_pct_change":null,"ytd_curr_yr":0,"ytd_prev_yr":0,"ytd_pct_change":null,"two_year_pct_change":null,"six_year_pct_change":-100,"twentytwo_year_pct_change":null},{"crime":"Housing","wtd_curr_yr":1,"wtd_prev_yr":0,"wtd_pct_change":null,"twentyeight_day_curr_yr":4,"twentyeight_day_prev_yr":5,"twentyeight_day_pct_change":-20,"ytd_curr_yr":3,"ytd_prev_yr":2,"ytd_pct_change":50,"two_year_pct_change":200,"six_year_pct_change":0,"twentytwo_year_pct_change":null},{"crime":"Petit Larceny","wtd_curr_yr":15,"wtd_prev_yr":20,"wtd_pct_change":-25,"twentyeight_day_curr_yr":51,"twentyeight_day_prev_yr":59,"twentyeight_day_pct_change":-13.6,"ytd_curr_yr":40,"ytd_prev_yr":40,"ytd_pct_change":0,"two_year_pct_change":8.1,"six_year_pct_change":-9.1,"twentytwo_year_pct_change":null},{"crime":"Misd. Assault","wtd_curr_yr":5,"wtd_prev_yr":4,"wtd_pct_change":25,"twentyeight_day_curr_yr":12,"twentyeight_day_prev_yr":34,"twentyeight_day_pct_change":-64.7,"ytd_curr_yr":11,"ytd_prev_yr":15,"ytd_pct_change":-26.7,"two_year_pct_change":-50,"six_year_pct_change":-35.3,"twentytwo_year_pct_change":null},{"crime":"Misd. Sex Crimes","wtd_curr_yr":0,"wtd_prev_yr":0,"wtd_pct_change":null,"twentyeight_day_curr_yr":2,"twentyeight_day_prev_yr":2,"twentyeight_day_pct_change":0,"ytd_curr_yr":1,"ytd_prev_yr":1,"ytd_pct_change":0,"two_year_pct_change":0,"six_year_pct_change":null,"twentytwo_year_pct_change":null},{"crime":"Shooting Vic.","wtd_curr_yr":0,"wtd_prev_yr":0,"wtd_pct_change":null,"twentyeight_day_curr_yr":1,"twentyeight_day_prev_yr":0,"twentyeight_day_pct_change":null,"ytd_curr_yr":1,"ytd_prev_yr":0,"ytd_pct_change":null,"two_year_pct_change":0,"six_year_pct_change":null,"twentytwo_year_pct_change":-66.7},{"crime":"Shooting Inc.","wtd_curr_yr":0,"wtd_prev_yr":0,"wtd_pct_change":null,"twentyeight_day_curr_yr":1,"twentyeight_day_prev_yr":0,"twentyeight_day_pct_change":null,"ytd_curr_yr":1,"ytd_prev_yr":0,"ytd_pct_change":null,"two_year_pct_change":0,"six_year_pct_change":null,"twentytwo_year_pct_change":-66.7}],"historical":[{"yr_1990":14,"yr_1993":8,"yr_1998":5,"yr_2001":4,"yr_2014":1,"pct_change_14vs01":-75,"pct_change_14vs98":-80,"pct_change_14vs93":-87.5,"pct_change_14vs90":-92.9,"crime":"Murder"},{"yr_1990":24,"yr_1993":32,"yr_1998":30,"yr_2001":15,"yr_2014":24,"pct_change_14vs01":60,"pct_change_14vs98":-20,"pct_change_14vs93":-25,"pct_change_14vs90":0,"crime":"Rape"},{"yr_1990":1039,"yr_1993":514,"yr_1998":375,"yr_2001":192,"yr_2014":-48.8,"pct_change_14vs01":-62.6,"pct_change_14vs98":-81.5,"pct_change_14vs93":-78.5,"pct_change_14vs90":null,"crime":"Robbery 893"},{"yr_1990":260,"yr_1993":239,"yr_1998":226,"yr_2001":153,"yr_2014":118,"pct_change_14vs01":-22.9,"pct_change_14vs98":-47.8,"pct_change_14vs93":-50.6,"pct_change_14vs90":-54.6,"crime":"Fel. Assault"},{"yr_1990":2152,"yr_1993":1425,"yr_1998":862,"yr_2001":632,"yr_2014":172,"pct_change_14vs01":-72.8,"pct_change_14vs98":-80,"pct_change_14vs93":-87.9,"pct_change_14vs90":-92,"crime":"Burglary"},{"yr_1990":805,"yr_1993":616,"yr_1998":614,"yr_2001":572,"yr_2014":457,"pct_change_14vs01":-20.1,"pct_change_14vs98":-25.6,"pct_change_14vs93":-25.8,"pct_change_14vs90":-43.2,"crime":"Gr. Larceny"},{"yr_1990":5535,"yr_1993":4902,"yr_1998":1560,"yr_2001":802,"yr_2014":146,"pct_change_14vs01":-81.8,"pct_change_14vs98":-90.6,"pct_change_14vs93":-97,"pct_change_14vs90":-97.4,"crime":"G.L.A."},{"yr_1990":9683,"yr_1993":8261,"yr_1998":3811,"yr_2001":2553,"yr_2014":1110,"pct_change_14vs01":-56.52,"pct_change_14vs98":-70.87,"pct_change_14vs93":-86.56,"pct_change_14vs90":-88.54,"crime":"TOTAL"}]}