{"mayor":"Bill de Blasio","commissioner":"William J. Bratton","volume":22,"number":3,"precinct":"104th","startDate":"2015-01-12T05:00:00.000Z","endDate":"2015-01-18T05:00:00.000Z","crimes":[{"crime":"Murder","wtd_curr_yr":0,"wtd_prev_yr":1,"wtd_pct_change":-100,"twentyeight_day_curr_yr":0,"twentyeight_day_prev_yr":1,"twentyeight_day_pct_change":-100,"ytd_curr_yr":0,"ytd_prev_yr":1,"ytd_pct_change":-100,"two_year_pct_change":null,"six_year_pct_change":null,"twentytwo_year_pct_change":-100},{"crime":"Rape","wtd_curr_yr":0,"wtd_prev_yr":0,"wtd_pct_change":null,"twentyeight_day_curr_yr":0,"twentyeight_day_prev_yr":2,"twentyeight_day_pct_change":-100,"ytd_curr_yr":0,"ytd_prev_yr":2,"ytd_pct_change":-100,"two_year_pct_change":-100,"six_year_pct_change":null,"twentytwo_year_pct_change":-100},{"crime":"Robbery","wtd_curr_yr":2,"wtd_prev_yr":6,"wtd_pct_change":-66.7,"twentyeight_day_curr_yr":11,"twentyeight_day_prev_yr":16,"twentyeight_day_pct_change":-31.2,"ytd_curr_yr":7,"ytd_prev_yr":13,"ytd_pct_change":-46.2,"two_year_pct_change":-46.2,"six_year_pct_change":0,"twentytwo_year_pct_change":-89.4},{"crime":"Fel. Assault","wtd_curr_yr":2,"wtd_prev_yr":6,"wtd_pct_change":-66.7,"twentyeight_day_curr_yr":13,"twentyeight_day_prev_yr":16,"twentyeight_day_pct_change":-18.8,"ytd_curr_yr":5,"ytd_prev_yr":12,"ytd_pct_change":-58.3,"two_year_pct_change":-58.3,"six_year_pct_change":-44.4,"twentytwo_year_pct_change":-58.3},{"crime":"Burglary","wtd_curr_yr":7,"wtd_prev_yr":4,"wtd_pct_change":75,"twentyeight_day_curr_yr":23,"twentyeight_day_prev_yr":29,"twentyeight_day_pct_change":-20.7,"ytd_curr_yr":13,"ytd_prev_yr":19,"ytd_pct_change":-31.6,"two_year_pct_change":-50,"six_year_pct_change":-64.9,"twentytwo_year_pct_change":-88.8},{"crime":"Gr. Larceny","wtd_curr_yr":12,"wtd_prev_yr":6,"wtd_pct_change":100,"twentyeight_day_curr_yr":35,"twentyeight_day_prev_yr":44,"twentyeight_day_pct_change":-20.5,"ytd_curr_yr":22,"ytd_prev_yr":24,"ytd_pct_change":-8.3,"two_year_pct_change":10,"six_year_pct_change":29.4,"twentytwo_year_pct_change":-21.4},{"crime":"G.L.A.","wtd_curr_yr":4,"wtd_prev_yr":5,"wtd_pct_change":-20,"twentyeight_day_curr_yr":16,"twentyeight_day_prev_yr":17,"twentyeight_day_pct_change":-5.9,"ytd_curr_yr":7,"ytd_prev_yr":9,"ytd_pct_change":-22.2,"two_year_pct_change":-12.5,"six_year_pct_change":-65,"twentytwo_year_pct_change":-95.6},{"crime":"TOTAL","wtd_curr_yr":27,"wtd_prev_yr":28,"wtd_pct_change":-3.57,"twentyeight_day_curr_yr":98,"twentyeight_day_prev_yr":125,"twentyeight_day_pct_change":-21.6,"ytd_curr_yr":54,"ytd_prev_yr":80,"ytd_pct_change":-32.5,"two_year_pct_change":-33.33,"six_year_pct_change":-40,"twentytwo_year_pct_change":-85.9},{"crime":"Transit","wtd_curr_yr":0,"wtd_prev_yr":1,"wtd_pct_change":-100,"twentyeight_day_curr_yr":2,"twentyeight_day_prev_yr":1,"twentyeight_day_pct_change":100,"ytd_curr_yr":1,"ytd_prev_yr":1,"ytd_pct_change":0,"two_year_pct_change":null,"six_year_pct_change":null,"twentytwo_year_pct_change":null},{"crime":"Housing","wtd_curr_yr":0,"wtd_prev_yr":0,"wtd_pct_change":null,"twentyeight_day_curr_yr":0,"twentyeight_day_prev_yr":0,"twentyeight_day_pct_change":null,"ytd_curr_yr":0,"ytd_prev_yr":0,"ytd_pct_change":null,"two_year_pct_change":null,"six_year_pct_change":null,"twentytwo_year_pct_change":null},{"crime":"Petit Larceny","wtd_curr_yr":12,"wtd_prev_yr":23,"wtd_pct_change":-47.8,"twentyeight_day_curr_yr":60,"twentyeight_day_prev_yr":83,"twentyeight_day_pct_change":-27.7,"ytd_curr_yr":35,"ytd_prev_yr":51,"ytd_pct_change":-31.4,"two_year_pct_change":-43.5,"six_year_pct_change":-27.1,"twentytwo_year_pct_change":null},{"crime":"Misd. Assault","wtd_curr_yr":7,"wtd_prev_yr":14,"wtd_pct_change":-50,"twentyeight_day_curr_yr":32,"twentyeight_day_prev_yr":58,"twentyeight_day_pct_change":-44.8,"ytd_curr_yr":22,"ytd_prev_yr":36,"ytd_pct_change":-38.9,"two_year_pct_change":0,"six_year_pct_change":-12,"twentytwo_year_pct_change":null},{"crime":"Misd. Sex Crimes","wtd_curr_yr":0,"wtd_prev_yr":0,"wtd_pct_change":null,"twentyeight_day_curr_yr":1,"twentyeight_day_prev_yr":0,"twentyeight_day_pct_change":null,"ytd_curr_yr":0,"ytd_prev_yr":0,"ytd_pct_change":null,"two_year_pct_change":-100,"six_year_pct_change":null,"twentytwo_year_pct_change":null},{"crime":"Shooting Vic.","wtd_curr_yr":0,"wtd_prev_yr":0,"wtd_pct_change":null,"twentyeight_day_curr_yr":0,"twentyeight_day_prev_yr":0,"twentyeight_day_pct_change":null,"ytd_curr_yr":0,"ytd_prev_yr":0,"ytd_pct_change":null,"two_year_pct_change":null,"six_year_pct_change":null,"twentytwo_year_pct_change":-100},{"crime":"Shooting Inc.","wtd_curr_yr":0,"wtd_prev_yr":0,"wtd_pct_change":null,"twentyeight_day_curr_yr":0,"twentyeight_day_prev_yr":0,"twentyeight_day_pct_change":null,"ytd_curr_yr":0,"ytd_prev_yr":0,"ytd_pct_change":null,"two_year_pct_change":null,"six_year_pct_change":null,"twentytwo_year_pct_change":-100}],"historical":[{"yr_1990":11,"yr_1993":19,"yr_1998":7,"yr_2001":5,"yr_2014":3,"pct_change_14vs01":-40,"pct_change_14vs98":-57.1,"pct_change_14vs93":-84.2,"pct_change_14vs90":-72.7,"crime":"Murder"},{"yr_1990":21,"yr_1993":21,"yr_1998":24,"yr_2001":15,"yr_2014":18,"pct_change_14vs01":20,"pct_change_14vs98":-25,"pct_change_14vs93":-14.3,"pct_change_14vs90":-14.3,"crime":"Rape"},{"yr_1990":1307,"yr_1993":1027,"yr_1998":490,"yr_2001":359,"yr_2014":180,"pct_change_14vs01":-49.9,"pct_change_14vs98":-63.3,"pct_change_14vs93":-82.5,"pct_change_14vs90":-86.2,"crime":"Robbery"},{"yr_1990":279,"yr_1993":305,"yr_1998":261,"yr_2001":262,"yr_2014":215,"pct_change_14vs01":-17.9,"pct_change_14vs98":-17.6,"pct_change_14vs93":-29.5,"pct_change_14vs90":-22.9,"crime":"Fel. Assault"},{"yr_1990":2562,"yr_1993":1955,"yr_1998":1024,"yr_2001":790,"yr_2014":292,"pct_change_14vs01":-63,"pct_change_14vs98":-71.5,"pct_change_14vs93":-85.1,"pct_change_14vs90":-88.6,"crime":"Burglary"},{"yr_1990":884,"yr_1993":678,"yr_1998":485,"yr_2001":551,"yr_2014":575,"pct_change_14vs01":4.4,"pct_change_14vs98":18.6,"pct_change_14vs93":-15.2,"pct_change_14vs90":-35,"crime":"Gr. Larceny"},{"yr_1990":4443,"yr_1993":3418,"yr_1998":1374,"yr_2001":892,"yr_2014":227,"pct_change_14vs01":-74.6,"pct_change_14vs98":-83.5,"pct_change_14vs93":-93.4,"pct_change_14vs90":-94.9,"crime":"G.L.A."},{"yr_1990":9507,"yr_1993":7423,"yr_1998":3665,"yr_2001":2874,"yr_2014":1510,"pct_change_14vs01":-47.46,"pct_change_14vs98":-58.8,"pct_change_14vs93":-79.66,"pct_change_14vs90":-84.12,"crime":"TOTAL"}]}