{"mayor":"Bill de Blasio","commissioner":"William J. Bratton","volume":22,"number":1,"precinct":"101st","startDate":"2014-12-28T05:00:00.000Z","endDate":"2015-01-04T05:00:00.000Z","crimes":[{"crime":"Murder","wtd_curr_yr":0,"wtd_prev_yr":0,"wtd_pct_change":null,"twentyeight_day_curr_yr":0,"twentyeight_day_prev_yr":1,"twentyeight_day_pct_change":-100,"ytd_curr_yr":0,"ytd_prev_yr":0,"ytd_pct_change":null,"two_year_pct_change":null,"six_year_pct_change":null,"twentytwo_year_pct_change":null},{"crime":"Rape","wtd_curr_yr":0,"wtd_prev_yr":0,"wtd_pct_change":null,"twentyeight_day_curr_yr":0,"twentyeight_day_prev_yr":0,"twentyeight_day_pct_change":null,"ytd_curr_yr":0,"ytd_prev_yr":0,"ytd_pct_change":null,"two_year_pct_change":null,"six_year_pct_change":null,"twentytwo_year_pct_change":null},{"crime":"Robbery","wtd_curr_yr":6,"wtd_prev_yr":1,"wtd_pct_change":500,"twentyeight_day_curr_yr":20,"twentyeight_day_prev_yr":10,"twentyeight_day_pct_change":100,"ytd_curr_yr":5,"ytd_prev_yr":1,"ytd_pct_change":400,"two_year_pct_change":400,"six_year_pct_change":150,"twentytwo_year_pct_change":25},{"crime":"Fel. Assault","wtd_curr_yr":7,"wtd_prev_yr":4,"wtd_pct_change":75,"twentyeight_day_curr_yr":21,"twentyeight_day_prev_yr":16,"twentyeight_day_pct_change":31.2,"ytd_curr_yr":4,"ytd_prev_yr":3,"ytd_pct_change":33.3,"two_year_pct_change":0,"six_year_pct_change":null,"twentytwo_year_pct_change":0},{"crime":"Burglary","wtd_curr_yr":3,"wtd_prev_yr":3,"wtd_pct_change":0,"twentyeight_day_curr_yr":8,"twentyeight_day_prev_yr":11,"twentyeight_day_pct_change":-27.3,"ytd_curr_yr":0,"ytd_prev_yr":2,"ytd_pct_change":-100,"two_year_pct_change":-100,"six_year_pct_change":null,"twentytwo_year_pct_change":-100},{"crime":"Gr. Larceny","wtd_curr_yr":3,"wtd_prev_yr":5,"wtd_pct_change":-40,"twentyeight_day_curr_yr":12,"twentyeight_day_prev_yr":20,"twentyeight_day_pct_change":-40,"ytd_curr_yr":1,"ytd_prev_yr":3,"ytd_pct_change":-66.7,"two_year_pct_change":0,"six_year_pct_change":0,"twentytwo_year_pct_change":-66.7},{"crime":"G.L.A.","wtd_curr_yr":2,"wtd_prev_yr":1,"wtd_pct_change":100,"twentyeight_day_curr_yr":5,"twentyeight_day_prev_yr":6,"twentyeight_day_pct_change":-16.7,"ytd_curr_yr":1,"ytd_prev_yr":0,"ytd_pct_change":null,"two_year_pct_change":0,"six_year_pct_change":0,"twentytwo_year_pct_change":-85.7},{"crime":"TOTAL","wtd_curr_yr":21,"wtd_prev_yr":14,"wtd_pct_change":50,"twentyeight_day_curr_yr":66,"twentyeight_day_prev_yr":64,"twentyeight_day_pct_change":3.12,"ytd_curr_yr":11,"ytd_prev_yr":9,"ytd_pct_change":22.22,"two_year_pct_change":-26.67,"six_year_pct_change":175,"twentytwo_year_pct_change":-56},{"crime":"Transit","wtd_curr_yr":0,"wtd_prev_yr":0,"wtd_pct_change":null,"twentyeight_day_curr_yr":1,"twentyeight_day_prev_yr":2,"twentyeight_day_pct_change":-50,"ytd_curr_yr":0,"ytd_prev_yr":0,"ytd_pct_change":null,"two_year_pct_change":null,"six_year_pct_change":null,"twentytwo_year_pct_change":null},{"crime":"Housing","wtd_curr_yr":1,"wtd_prev_yr":0,"wtd_pct_change":null,"twentyeight_day_curr_yr":6,"twentyeight_day_prev_yr":7,"twentyeight_day_pct_change":-14.3,"ytd_curr_yr":0,"ytd_prev_yr":0,"ytd_pct_change":null,"two_year_pct_change":-100,"six_year_pct_change":null,"twentytwo_year_pct_change":null},{"crime":"Petit Larceny","wtd_curr_yr":11,"wtd_prev_yr":21,"wtd_pct_change":-47.6,"twentyeight_day_curr_yr":45,"twentyeight_day_prev_yr":45,"twentyeight_day_pct_change":0,"ytd_curr_yr":2,"ytd_prev_yr":10,"ytd_pct_change":-80,"two_year_pct_change":0,"six_year_pct_change":0,"twentytwo_year_pct_change":null},{"crime":"Misd. Assault","wtd_curr_yr":6,"wtd_prev_yr":6,"wtd_pct_change":0,"twentyeight_day_curr_yr":21,"twentyeight_day_prev_yr":31,"twentyeight_day_pct_change":-32.3,"ytd_curr_yr":3,"ytd_prev_yr":6,"ytd_pct_change":-50,"two_year_pct_change":-50,"six_year_pct_change":-62.5,"twentytwo_year_pct_change":null},{"crime":"Misd. Sex Crimes","wtd_curr_yr":0,"wtd_prev_yr":0,"wtd_pct_change":null,"twentyeight_day_curr_yr":1,"twentyeight_day_prev_yr":0,"twentyeight_day_pct_change":null,"ytd_curr_yr":0,"ytd_prev_yr":0,"ytd_pct_change":null,"two_year_pct_change":null,"six_year_pct_change":null,"twentytwo_year_pct_change":null},{"crime":"Shooting Vic.","wtd_curr_yr":2,"wtd_prev_yr":0,"wtd_pct_change":null,"twentyeight_day_curr_yr":3,"twentyeight_day_prev_yr":5,"twentyeight_day_pct_change":-40,"ytd_curr_yr":1,"ytd_prev_yr":0,"ytd_pct_change":null,"two_year_pct_change":null,"six_year_pct_change":null,"twentytwo_year_pct_change":null},{"crime":"Shooting Inc.","wtd_curr_yr":2,"wtd_prev_yr":0,"wtd_pct_change":null,"twentyeight_day_curr_yr":3,"twentyeight_day_prev_yr":4,"twentyeight_day_pct_change":-25,"ytd_curr_yr":1,"ytd_prev_yr":0,"ytd_pct_change":null,"two_year_pct_change":null,"six_year_pct_change":null,"twentytwo_year_pct_change":null}],"historical":[{"yr_1990":14,"yr_1993":16,"yr_1998":9,"yr_2001":6,"yr_2014":5,"pct_change_14vs01":-16.7,"pct_change_14vs98":-44.4,"pct_change_14vs93":-68.8,"pct_change_14vs90":-64.3,"crime":"Murder"},{"yr_1990":67,"yr_1993":42,"yr_1998":32,"yr_2001":17,"yr_2014":12,"pct_change_14vs01":-29.4,"pct_change_14vs98":-62.5,"pct_change_14vs93":-71.4,"pct_change_14vs90":-82.1,"crime":"Rape"},{"yr_1990":826,"yr_1993":710,"yr_1998":413,"yr_2001":247,"yr_2014":145,"pct_change_14vs01":-41.3,"pct_change_14vs98":-64.9,"pct_change_14vs93":-79.6,"pct_change_14vs90":-82.4,"crime":"Robbery"},{"yr_1990":588,"yr_1993":524,"yr_1998":418,"yr_2001":301,"yr_2014":278,"pct_change_14vs01":-7.6,"pct_change_14vs98":-33.5,"pct_change_14vs93":-46.9,"pct_change_14vs90":-52.7,"crime":"Fel. Assault"},{"yr_1990":825,"yr_1993":768,"yr_1998":370,"yr_2001":216,"yr_2014":152,"pct_change_14vs01":-29.6,"pct_change_14vs98":-58.9,"pct_change_14vs93":-80.2,"pct_change_14vs90":-81.6,"crime":"Burglary"},{"yr_1990":362,"yr_1993":330,"yr_1998":203,"yr_2001":189,"yr_2014":196,"pct_change_14vs01":3.7,"pct_change_14vs98":-3.4,"pct_change_14vs93":-40.6,"pct_change_14vs90":-45.9,"crime":"Gr. Larceny"},{"yr_1990":719,"yr_1993":460,"yr_1998":184,"yr_2001":158,"yr_2014":73,"pct_change_14vs01":-53.8,"pct_change_14vs98":-60.3,"pct_change_14vs93":-84.1,"pct_change_14vs90":-89.8,"crime":"G.L.A."},{"yr_1990":3401,"yr_1993":2850,"yr_1998":1629,"yr_2001":1134,"yr_2014":861,"pct_change_14vs01":-24.07,"pct_change_14vs98":-47.15,"pct_change_14vs93":-69.79,"pct_change_14vs90":-74.68,"crime":"TOTAL"}]}