{"mayor":"Bill de Blasio","commissioner":"William J. Bratton","volume":21,"number":29,"precinct":"103rd","startDate":"2014-07-14T04:00:00.000Z","endDate":"2014-07-20T04:00:00.000Z","crimes":[{"crime":"Murder","wtd_curr_yr":0,"wtd_prev_yr":0,"wtd_pct_change":null,"twentyeight_day_curr_yr":0,"twentyeight_day_prev_yr":0,"twentyeight_day_pct_change":null,"ytd_curr_yr":7,"ytd_prev_yr":4,"ytd_pct_change":75,"two_year_pct_change":-30,"six_year_pct_change":-22.2,"twentytwo_year_pct_change":-50},{"crime":"Rape","wtd_curr_yr":1,"wtd_prev_yr":0,"wtd_pct_change":null,"twentyeight_day_curr_yr":1,"twentyeight_day_prev_yr":2,"twentyeight_day_pct_change":-50,"ytd_curr_yr":9,"ytd_prev_yr":20,"ytd_pct_change":-55,"two_year_pct_change":-50,"six_year_pct_change":-30.8,"twentytwo_year_pct_change":-79.1},{"crime":"Robbery","wtd_curr_yr":3,"wtd_prev_yr":10,"wtd_pct_change":-70,"twentyeight_day_curr_yr":26,"twentyeight_day_prev_yr":31,"twentyeight_day_pct_change":-16.1,"ytd_curr_yr":172,"ytd_prev_yr":243,"ytd_pct_change":-29.2,"two_year_pct_change":-24.6,"six_year_pct_change":5.5,"twentytwo_year_pct_change":-80.8},{"crime":"Fel. Assault","wtd_curr_yr":6,"wtd_prev_yr":9,"wtd_pct_change":-33.3,"twentyeight_day_curr_yr":36,"twentyeight_day_prev_yr":35,"twentyeight_day_pct_change":2.9,"ytd_curr_yr":220,"ytd_prev_yr":208,"ytd_pct_change":5.8,"two_year_pct_change":5.3,"six_year_pct_change":7.8,"twentytwo_year_pct_change":-53.3},{"crime":"Burglary","wtd_curr_yr":4,"wtd_prev_yr":9,"wtd_pct_change":-55.6,"twentyeight_day_curr_yr":13,"twentyeight_day_prev_yr":29,"twentyeight_day_pct_change":-55.2,"ytd_curr_yr":115,"ytd_prev_yr":165,"ytd_pct_change":-30.3,"two_year_pct_change":-35.8,"six_year_pct_change":-22.8,"twentytwo_year_pct_change":-81.8},{"crime":"Gr. Larceny","wtd_curr_yr":16,"wtd_prev_yr":7,"wtd_pct_change":128.6,"twentyeight_day_curr_yr":50,"twentyeight_day_prev_yr":37,"twentyeight_day_pct_change":35.1,"ytd_curr_yr":263,"ytd_prev_yr":238,"ytd_pct_change":10.5,"two_year_pct_change":-1.9,"six_year_pct_change":11,"twentytwo_year_pct_change":-58.7},{"crime":"G.L.A.","wtd_curr_yr":3,"wtd_prev_yr":1,"wtd_pct_change":200,"twentyeight_day_curr_yr":9,"twentyeight_day_prev_yr":10,"twentyeight_day_pct_change":-10,"ytd_curr_yr":80,"ytd_prev_yr":91,"ytd_pct_change":-12.1,"two_year_pct_change":-10.1,"six_year_pct_change":-17.5,"twentytwo_year_pct_change":-90.1},{"crime":"TOTAL","wtd_curr_yr":33,"wtd_prev_yr":36,"wtd_pct_change":-8.33,"twentyeight_day_curr_yr":135,"twentyeight_day_prev_yr":144,"twentyeight_day_pct_change":-6.25,"ytd_curr_yr":866,"ytd_prev_yr":969,"ytd_pct_change":-10.63,"two_year_pct_change":-13.49,"six_year_pct_change":-0.69,"twentytwo_year_pct_change":-75.28},{"crime":"Transit","wtd_curr_yr":0,"wtd_prev_yr":0,"wtd_pct_change":null,"twentyeight_day_curr_yr":0,"twentyeight_day_prev_yr":0,"twentyeight_day_pct_change":null,"ytd_curr_yr":12,"ytd_prev_yr":18,"ytd_pct_change":-33.3,"two_year_pct_change":-14.3,"six_year_pct_change":140,"twentytwo_year_pct_change":null},{"crime":"Housing","wtd_curr_yr":1,"wtd_prev_yr":1,"wtd_pct_change":0,"twentyeight_day_curr_yr":3,"twentyeight_day_prev_yr":4,"twentyeight_day_pct_change":-25,"ytd_curr_yr":15,"ytd_prev_yr":21,"ytd_pct_change":-28.6,"two_year_pct_change":-44.4,"six_year_pct_change":-16.7,"twentytwo_year_pct_change":null},{"crime":"Petit Larceny","wtd_curr_yr":17,"wtd_prev_yr":18,"wtd_pct_change":-5.6,"twentyeight_day_curr_yr":78,"twentyeight_day_prev_yr":88,"twentyeight_day_pct_change":-11.4,"ytd_curr_yr":627,"ytd_prev_yr":569,"ytd_pct_change":10.2,"two_year_pct_change":11.4,"six_year_pct_change":17.9,"twentytwo_year_pct_change":null},{"crime":"Misd. Assault","wtd_curr_yr":12,"wtd_prev_yr":18,"wtd_pct_change":-33.3,"twentyeight_day_curr_yr":63,"twentyeight_day_prev_yr":86,"twentyeight_day_pct_change":-26.7,"ytd_curr_yr":506,"ytd_prev_yr":537,"ytd_pct_change":-5.8,"two_year_pct_change":15.8,"six_year_pct_change":29.7,"twentytwo_year_pct_change":null},{"crime":"Misd. Sex Crimes","wtd_curr_yr":3,"wtd_prev_yr":1,"wtd_pct_change":200,"twentyeight_day_curr_yr":5,"twentyeight_day_prev_yr":2,"twentyeight_day_pct_change":150,"ytd_curr_yr":22,"ytd_prev_yr":17,"ytd_pct_change":29.4,"two_year_pct_change":-15.4,"six_year_pct_change":15.8,"twentytwo_year_pct_change":null},{"crime":"Shooting Vic.","wtd_curr_yr":0,"wtd_prev_yr":1,"wtd_pct_change":-100,"twentyeight_day_curr_yr":0,"twentyeight_day_prev_yr":3,"twentyeight_day_pct_change":-100,"ytd_curr_yr":13,"ytd_prev_yr":15,"ytd_pct_change":-13.3,"two_year_pct_change":-56.7,"six_year_pct_change":-38.1,"twentytwo_year_pct_change":-84},{"crime":"Shooting Inc.","wtd_curr_yr":0,"wtd_prev_yr":1,"wtd_pct_change":-100,"twentyeight_day_curr_yr":0,"twentyeight_day_prev_yr":3,"twentyeight_day_pct_change":-100,"ytd_curr_yr":9,"ytd_prev_yr":14,"ytd_pct_change":-35.7,"two_year_pct_change":-66.7,"six_year_pct_change":-40,"twentytwo_year_pct_change":-88.2}],"historical":[{"yr_1990":38,"yr_1993":28,"yr_1998":16,"yr_2001":10,"yr_2013":8,"pct_change_13vs01":-20,"pct_change_13vs98":-50,"pct_change_13vs93":-71.4,"pct_change_13vs90":-78.9,"crime":"Murder"},{"yr_1990":60,"yr_1993":74,"yr_1998":45,"yr_2001":27,"yr_2013":37,"pct_change_13vs01":37,"pct_change_13vs98":-17.8,"pct_change_13vs93":-50,"pct_change_13vs90":-38.3,"crime":"Rape"},{"yr_1990":1846,"yr_1993":1742,"yr_1998":751,"yr_2001":530,"yr_2013":438,"pct_change_13vs01":-17.4,"pct_change_13vs98":-41.7,"pct_change_13vs93":-74.9,"pct_change_13vs90":-76.3,"crime":"Robbery"},{"yr_1990":958,"yr_1993":853,"yr_1998":611,"yr_2001":406,"yr_2013":369,"pct_change_13vs01":-9.1,"pct_change_13vs98":-39.6,"pct_change_13vs93":-56.7,"pct_change_13vs90":-61.5,"crime":"Fel. Assault"},{"yr_1990":1592,"yr_1993":1166,"yr_1998":598,"yr_2001":449,"yr_2013":300,"pct_change_13vs01":-33.2,"pct_change_13vs98":-49.8,"pct_change_13vs93":-74.3,"pct_change_13vs90":-81.2,"crime":"Burglary"},{"yr_1990":1277,"yr_1993":1214,"yr_1998":578,"yr_2001":587,"yr_2013":487,"pct_change_13vs01":-17,"pct_change_13vs98":-15.7,"pct_change_13vs93":-59.9,"pct_change_13vs90":-61.9,"crime":"Gr. Larceny"},{"yr_1990":1889,"yr_1993":1591,"yr_1998":602,"yr_2001":472,"yr_2013":172,"pct_change_13vs01":-63.6,"pct_change_13vs98":-71.4,"pct_change_13vs93":-89.2,"pct_change_13vs90":-90.9,"crime":"G.L.A."},{"yr_1990":7660,"yr_1993":6668,"yr_1998":3201,"yr_2001":2481,"yr_2013":1811,"pct_change_13vs01":-27.01,"pct_change_13vs98":-43.42,"pct_change_13vs93":-72.84,"pct_change_13vs90":-76.36,"crime":"TOTAL"}]}