{"mayor":"Bill de Blasio","commissioner":"William J. Bratton","volume":21,"number":21,"precinct":"105th","startDate":"2014-05-19T04:00:00.000Z","endDate":"2014-05-25T04:00:00.000Z","crimes":[{"crime":"Murder","wtd_curr_yr":0,"wtd_prev_yr":0,"wtd_pct_change":null,"twentyeight_day_curr_yr":0,"twentyeight_day_prev_yr":0,"twentyeight_day_pct_change":null,"ytd_curr_yr":2,"ytd_prev_yr":2,"ytd_pct_change":0,"two_year_pct_change":-33.3,"six_year_pct_change":0,"twentytwo_year_pct_change":-71.4},{"crime":"Rape","wtd_curr_yr":0,"wtd_prev_yr":0,"wtd_pct_change":null,"twentyeight_day_curr_yr":0,"twentyeight_day_prev_yr":1,"twentyeight_day_pct_change":-100,"ytd_curr_yr":9,"ytd_prev_yr":8,"ytd_pct_change":12.5,"two_year_pct_change":-18.2,"six_year_pct_change":-43.8,"twentytwo_year_pct_change":-55},{"crime":"Robbery","wtd_curr_yr":5,"wtd_prev_yr":7,"wtd_pct_change":-28.6,"twentyeight_day_curr_yr":22,"twentyeight_day_prev_yr":25,"twentyeight_day_pct_change":-12,"ytd_curr_yr":80,"ytd_prev_yr":149,"ytd_pct_change":-46.3,"two_year_pct_change":-44.4,"six_year_pct_change":-46.7,"twentytwo_year_pct_change":-79.3},{"crime":"Fel. Assault","wtd_curr_yr":13,"wtd_prev_yr":4,"wtd_pct_change":225,"twentyeight_day_curr_yr":30,"twentyeight_day_prev_yr":24,"twentyeight_day_pct_change":25,"ytd_curr_yr":120,"ytd_prev_yr":109,"ytd_pct_change":10.1,"two_year_pct_change":-3.2,"six_year_pct_change":17.6,"twentytwo_year_pct_change":-14.3},{"crime":"Burglary","wtd_curr_yr":9,"wtd_prev_yr":8,"wtd_pct_change":12.5,"twentyeight_day_curr_yr":21,"twentyeight_day_prev_yr":29,"twentyeight_day_pct_change":-27.6,"ytd_curr_yr":108,"ytd_prev_yr":199,"ytd_pct_change":-45.7,"two_year_pct_change":-43.2,"six_year_pct_change":-36.1,"twentytwo_year_pct_change":-83.3},{"crime":"Gr. Larceny","wtd_curr_yr":7,"wtd_prev_yr":8,"wtd_pct_change":-12.5,"twentyeight_day_curr_yr":31,"twentyeight_day_prev_yr":40,"twentyeight_day_pct_change":-22.5,"ytd_curr_yr":186,"ytd_prev_yr":216,"ytd_pct_change":-13.9,"two_year_pct_change":-8.4,"six_year_pct_change":2.8,"twentytwo_year_pct_change":-15.5},{"crime":"G.L.A.","wtd_curr_yr":8,"wtd_prev_yr":9,"wtd_pct_change":-11.1,"twentyeight_day_curr_yr":24,"twentyeight_day_prev_yr":21,"twentyeight_day_pct_change":14.3,"ytd_curr_yr":94,"ytd_prev_yr":99,"ytd_pct_change":-5.1,"two_year_pct_change":-28.2,"six_year_pct_change":-23.6,"twentytwo_year_pct_change":-93},{"crime":"TOTAL","wtd_curr_yr":42,"wtd_prev_yr":36,"wtd_pct_change":16.67,"twentyeight_day_curr_yr":128,"twentyeight_day_prev_yr":140,"twentyeight_day_pct_change":-8.57,"ytd_curr_yr":599,"ytd_prev_yr":782,"ytd_pct_change":-23.4,"two_year_pct_change":-25.68,"six_year_pct_change":-19.38,"twentytwo_year_pct_change":-78.29},{"crime":"Transit","wtd_curr_yr":0,"wtd_prev_yr":0,"wtd_pct_change":null,"twentyeight_day_curr_yr":0,"twentyeight_day_prev_yr":0,"twentyeight_day_pct_change":null,"ytd_curr_yr":0,"ytd_prev_yr":0,"ytd_pct_change":null,"two_year_pct_change":null,"six_year_pct_change":null,"twentytwo_year_pct_change":null},{"crime":"Housing","wtd_curr_yr":0,"wtd_prev_yr":0,"wtd_pct_change":null,"twentyeight_day_curr_yr":0,"twentyeight_day_prev_yr":0,"twentyeight_day_pct_change":null,"ytd_curr_yr":0,"ytd_prev_yr":0,"ytd_pct_change":null,"two_year_pct_change":null,"six_year_pct_change":null,"twentytwo_year_pct_change":null},{"crime":"Petit Larceny","wtd_curr_yr":23,"wtd_prev_yr":11,"wtd_pct_change":109.1,"twentyeight_day_curr_yr":56,"twentyeight_day_prev_yr":54,"twentyeight_day_pct_change":3.7,"ytd_curr_yr":284,"ytd_prev_yr":283,"ytd_pct_change":0.4,"two_year_pct_change":-8.1,"six_year_pct_change":-21.5,"twentytwo_year_pct_change":null},{"crime":"Misd. Assault","wtd_curr_yr":17,"wtd_prev_yr":9,"wtd_pct_change":88.9,"twentyeight_day_curr_yr":67,"twentyeight_day_prev_yr":50,"twentyeight_day_pct_change":34,"ytd_curr_yr":252,"ytd_prev_yr":219,"ytd_pct_change":15.1,"two_year_pct_change":1.2,"six_year_pct_change":-11.6,"twentytwo_year_pct_change":null},{"crime":"Misd. Sex Crimes","wtd_curr_yr":1,"wtd_prev_yr":1,"wtd_pct_change":0,"twentyeight_day_curr_yr":2,"twentyeight_day_prev_yr":1,"twentyeight_day_pct_change":100,"ytd_curr_yr":10,"ytd_prev_yr":17,"ytd_pct_change":-41.2,"two_year_pct_change":-23.1,"six_year_pct_change":-33.3,"twentytwo_year_pct_change":null},{"crime":"Shooting Vic.","wtd_curr_yr":0,"wtd_prev_yr":0,"wtd_pct_change":null,"twentyeight_day_curr_yr":0,"twentyeight_day_prev_yr":0,"twentyeight_day_pct_change":null,"ytd_curr_yr":3,"ytd_prev_yr":8,"ytd_pct_change":-62.5,"two_year_pct_change":-81.2,"six_year_pct_change":-66.7,"twentytwo_year_pct_change":-86.4},{"crime":"Shooting Inc.","wtd_curr_yr":0,"wtd_prev_yr":0,"wtd_pct_change":null,"twentyeight_day_curr_yr":0,"twentyeight_day_prev_yr":0,"twentyeight_day_pct_change":null,"ytd_curr_yr":3,"ytd_prev_yr":7,"ytd_pct_change":-57.1,"two_year_pct_change":-78.6,"six_year_pct_change":-62.5,"twentytwo_year_pct_change":-85.7}],"historical":[{"yr_1990":30,"yr_1993":23,"yr_1998":7,"yr_2001":18,"yr_2013":3,"pct_change_13vs01":-83.3,"pct_change_13vs98":-57.1,"pct_change_13vs93":-87,"pct_change_13vs90":-90,"crime":"Murder"},{"yr_1990":56,"yr_1993":41,"yr_1998":52,"yr_2001":35,"yr_2013":18,"pct_change_13vs01":-48.6,"pct_change_13vs98":-65.4,"pct_change_13vs93":-56.1,"pct_change_13vs90":-67.9,"crime":"Rape"},{"yr_1990":1066,"yr_1993":1082,"yr_1998":557,"yr_2001":395,"yr_2013":331,"pct_change_13vs01":-16.2,"pct_change_13vs98":-40.6,"pct_change_13vs93":-69.4,"pct_change_13vs90":-68.9,"crime":"Robbery"},{"yr_1990":459,"yr_1993":409,"yr_1998":400,"yr_2001":329,"yr_2013":313,"pct_change_13vs01":-4.9,"pct_change_13vs98":-21.8,"pct_change_13vs93":-23.5,"pct_change_13vs90":-31.8,"crime":"Fel. Assault"},{"yr_1990":2199,"yr_1993":1640,"yr_1998":854,"yr_2001":630,"yr_2013":469,"pct_change_13vs01":-25.6,"pct_change_13vs98":-45.1,"pct_change_13vs93":-71.4,"pct_change_13vs90":-78.7,"crime":"Burglary"},{"yr_1990":699,"yr_1993":593,"yr_1998":444,"yr_2001":456,"yr_2013":520,"pct_change_13vs01":14,"pct_change_13vs98":17.1,"pct_change_13vs93":-12.3,"pct_change_13vs90":-25.6,"crime":"Gr. Larceny"},{"yr_1990":3534,"yr_1993":3476,"yr_1998":1360,"yr_2001":913,"yr_2013":263,"pct_change_13vs01":-71.2,"pct_change_13vs98":-80.7,"pct_change_13vs93":-92.4,"pct_change_13vs90":-92.6,"crime":"G.L.A."},{"yr_1990":8043,"yr_1993":7264,"yr_1998":3674,"yr_2001":2776,"yr_2013":1917,"pct_change_13vs01":-30.94,"pct_change_13vs98":-47.82,"pct_change_13vs93":-73.61,"pct_change_13vs90":-76.17,"crime":"TOTAL"}]}