{"mayor":"Bill de Blasio","commissioner":"William J. Bratton","volume":21,"number":33,"precinct":"101st","startDate":"2014-08-11T04:00:00.000Z","endDate":"2014-08-17T04:00:00.000Z","crimes":[{"crime":"Murder","wtd_curr_yr":0,"wtd_prev_yr":0,"wtd_pct_change":null,"twentyeight_day_curr_yr":1,"twentyeight_day_prev_yr":0,"twentyeight_day_pct_change":null,"ytd_curr_yr":4,"ytd_prev_yr":2,"ytd_pct_change":100,"two_year_pct_change":33.3,"six_year_pct_change":100,"twentytwo_year_pct_change":-69.2},{"crime":"Rape","wtd_curr_yr":0,"wtd_prev_yr":0,"wtd_pct_change":null,"twentyeight_day_curr_yr":1,"twentyeight_day_prev_yr":1,"twentyeight_day_pct_change":0,"ytd_curr_yr":7,"ytd_prev_yr":10,"ytd_pct_change":-30,"two_year_pct_change":-46.2,"six_year_pct_change":-50,"twentytwo_year_pct_change":-70.8},{"crime":"Robbery","wtd_curr_yr":2,"wtd_prev_yr":5,"wtd_pct_change":-60,"twentyeight_day_curr_yr":8,"twentyeight_day_prev_yr":13,"twentyeight_day_pct_change":-38.5,"ytd_curr_yr":74,"ytd_prev_yr":81,"ytd_pct_change":-8.6,"two_year_pct_change":-18.7,"six_year_pct_change":-1.3,"twentytwo_year_pct_change":-81.5},{"crime":"Fel. Assault","wtd_curr_yr":3,"wtd_prev_yr":9,"wtd_pct_change":-66.7,"twentyeight_day_curr_yr":22,"twentyeight_day_prev_yr":19,"twentyeight_day_pct_change":15.8,"ytd_curr_yr":171,"ytd_prev_yr":143,"ytd_pct_change":19.6,"two_year_pct_change":7.5,"six_year_pct_change":61.3,"twentytwo_year_pct_change":-47.2},{"crime":"Burglary","wtd_curr_yr":4,"wtd_prev_yr":5,"wtd_pct_change":-20,"twentyeight_day_curr_yr":16,"twentyeight_day_prev_yr":26,"twentyeight_day_pct_change":-38.5,"ytd_curr_yr":104,"ytd_prev_yr":156,"ytd_pct_change":-33.3,"two_year_pct_change":1,"six_year_pct_change":85.7,"twentytwo_year_pct_change":-79.6},{"crime":"Gr. Larceny","wtd_curr_yr":3,"wtd_prev_yr":10,"wtd_pct_change":-70,"twentyeight_day_curr_yr":14,"twentyeight_day_prev_yr":22,"twentyeight_day_pct_change":-36.4,"ytd_curr_yr":113,"ytd_prev_yr":97,"ytd_pct_change":16.5,"two_year_pct_change":-22.6,"six_year_pct_change":37.8,"twentytwo_year_pct_change":-44.6},{"crime":"G.L.A.","wtd_curr_yr":2,"wtd_prev_yr":0,"wtd_pct_change":null,"twentyeight_day_curr_yr":6,"twentyeight_day_prev_yr":7,"twentyeight_day_pct_change":-14.3,"ytd_curr_yr":52,"ytd_prev_yr":35,"ytd_pct_change":48.6,"two_year_pct_change":44.4,"six_year_pct_change":57.6,"twentytwo_year_pct_change":-82.4},{"crime":"TOTAL","wtd_curr_yr":14,"wtd_prev_yr":29,"wtd_pct_change":-51.72,"twentyeight_day_curr_yr":68,"twentyeight_day_prev_yr":88,"twentyeight_day_pct_change":-22.73,"ytd_curr_yr":525,"ytd_prev_yr":524,"ytd_pct_change":0.19,"two_year_pct_change":-4.72,"six_year_pct_change":42.66,"twentytwo_year_pct_change":-70.34},{"crime":"Transit","wtd_curr_yr":0,"wtd_prev_yr":0,"wtd_pct_change":null,"twentyeight_day_curr_yr":1,"twentyeight_day_prev_yr":0,"twentyeight_day_pct_change":null,"ytd_curr_yr":5,"ytd_prev_yr":6,"ytd_pct_change":-16.7,"two_year_pct_change":-58.3,"six_year_pct_change":-50,"twentytwo_year_pct_change":null},{"crime":"Housing","wtd_curr_yr":0,"wtd_prev_yr":3,"wtd_pct_change":-100,"twentyeight_day_curr_yr":11,"twentyeight_day_prev_yr":9,"twentyeight_day_pct_change":22.2,"ytd_curr_yr":71,"ytd_prev_yr":56,"ytd_pct_change":26.8,"two_year_pct_change":31.5,"six_year_pct_change":65.1,"twentytwo_year_pct_change":null},{"crime":"Petit Larceny","wtd_curr_yr":9,"wtd_prev_yr":6,"wtd_pct_change":50,"twentyeight_day_curr_yr":49,"twentyeight_day_prev_yr":52,"twentyeight_day_pct_change":-5.8,"ytd_curr_yr":348,"ytd_prev_yr":323,"ytd_pct_change":7.7,"two_year_pct_change":20.4,"six_year_pct_change":39.2,"twentytwo_year_pct_change":null},{"crime":"Misd. Assault","wtd_curr_yr":14,"wtd_prev_yr":13,"wtd_pct_change":7.7,"twentyeight_day_curr_yr":51,"twentyeight_day_prev_yr":43,"twentyeight_day_pct_change":18.6,"ytd_curr_yr":304,"ytd_prev_yr":308,"ytd_pct_change":-1.3,"two_year_pct_change":6.3,"six_year_pct_change":29.9,"twentytwo_year_pct_change":null},{"crime":"Misd. Sex Crimes","wtd_curr_yr":2,"wtd_prev_yr":0,"wtd_pct_change":null,"twentyeight_day_curr_yr":2,"twentyeight_day_prev_yr":1,"twentyeight_day_pct_change":100,"ytd_curr_yr":12,"ytd_prev_yr":7,"ytd_pct_change":71.4,"two_year_pct_change":-20,"six_year_pct_change":-36.8,"twentytwo_year_pct_change":null},{"crime":"Shooting Vic.","wtd_curr_yr":0,"wtd_prev_yr":0,"wtd_pct_change":null,"twentyeight_day_curr_yr":6,"twentyeight_day_prev_yr":1,"twentyeight_day_pct_change":500,"ytd_curr_yr":21,"ytd_prev_yr":13,"ytd_pct_change":61.5,"two_year_pct_change":5,"six_year_pct_change":40,"twentytwo_year_pct_change":-27.6},{"crime":"Shooting Inc.","wtd_curr_yr":0,"wtd_prev_yr":0,"wtd_pct_change":null,"twentyeight_day_curr_yr":5,"twentyeight_day_prev_yr":1,"twentyeight_day_pct_change":400,"ytd_curr_yr":20,"ytd_prev_yr":11,"ytd_pct_change":81.8,"two_year_pct_change":11.1,"six_year_pct_change":42.9,"twentytwo_year_pct_change":-31}],"historical":[{"yr_1990":14,"yr_1993":16,"yr_1998":9,"yr_2001":6,"yr_2013":3,"pct_change_13vs01":-50,"pct_change_13vs98":-66.7,"pct_change_13vs93":-81.2,"pct_change_13vs90":-78.6,"crime":"Murder"},{"yr_1990":67,"yr_1993":42,"yr_1998":32,"yr_2001":17,"yr_2013":19,"pct_change_13vs01":11.8,"pct_change_13vs98":-40.6,"pct_change_13vs93":-54.8,"pct_change_13vs90":-71.6,"crime":"Rape"},{"yr_1990":826,"yr_1993":710,"yr_1998":413,"yr_2001":247,"yr_2013":148,"pct_change_13vs01":-40.1,"pct_change_13vs98":-64.2,"pct_change_13vs93":-79.2,"pct_change_13vs90":-82.1,"crime":"Robbery"},{"yr_1990":588,"yr_1993":524,"yr_1998":418,"yr_2001":301,"yr_2013":212,"pct_change_13vs01":-29.6,"pct_change_13vs98":-49.3,"pct_change_13vs93":-59.5,"pct_change_13vs90":-63.9,"crime":"Fel. Assault"},{"yr_1990":825,"yr_1993":768,"yr_1998":370,"yr_2001":216,"yr_2013":227,"pct_change_13vs01":5.1,"pct_change_13vs98":-38.6,"pct_change_13vs93":-70.4,"pct_change_13vs90":-72.5,"crime":"Burglary"},{"yr_1990":362,"yr_1993":330,"yr_1998":203,"yr_2001":189,"yr_2013":182,"pct_change_13vs01":-3.7,"pct_change_13vs98":-10.3,"pct_change_13vs93":-44.8,"pct_change_13vs90":-49.7,"crime":"Gr. Larceny"},{"yr_1990":719,"yr_1993":460,"yr_1998":184,"yr_2001":158,"yr_2013":61,"pct_change_13vs01":-61.4,"pct_change_13vs98":-66.8,"pct_change_13vs93":-86.7,"pct_change_13vs90":-91.5,"crime":"G.L.A."},{"yr_1990":3401,"yr_1993":2850,"yr_1998":1629,"yr_2001":1134,"yr_2013":852,"pct_change_13vs01":-24.87,"pct_change_13vs98":-47.7,"pct_change_13vs93":-70.11,"pct_change_13vs90":-74.95,"crime":"TOTAL"}]}