{"mayor":"Bill de Blasio","commissioner":"William J. Bratton","volume":21,"number":52,"precinct":"101st","startDate":"2014-12-22T05:00:00.000Z","endDate":"2014-12-28T05:00:00.000Z","crimes":[{"crime":"Murder","wtd_curr_yr":0,"wtd_prev_yr":1,"wtd_pct_change":-100,"twentyeight_day_curr_yr":0,"twentyeight_day_prev_yr":1,"twentyeight_day_pct_change":-100,"ytd_curr_yr":5,"ytd_prev_yr":3,"ytd_pct_change":66.7,"two_year_pct_change":-16.7,"six_year_pct_change":-37.5,"twentytwo_year_pct_change":-68.8},{"crime":"Rape","wtd_curr_yr":0,"wtd_prev_yr":0,"wtd_pct_change":null,"twentyeight_day_curr_yr":0,"twentyeight_day_prev_yr":2,"twentyeight_day_pct_change":-100,"ytd_curr_yr":12,"ytd_prev_yr":19,"ytd_pct_change":-36.8,"two_year_pct_change":-20,"six_year_pct_change":-40,"twentytwo_year_pct_change":-71.4},{"crime":"Robbery","wtd_curr_yr":3,"wtd_prev_yr":2,"wtd_pct_change":50,"twentyeight_day_curr_yr":18,"twentyeight_day_prev_yr":13,"twentyeight_day_pct_change":38.5,"ytd_curr_yr":143,"ytd_prev_yr":146,"ytd_pct_change":-2.1,"two_year_pct_change":0.7,"six_year_pct_change":11.7,"twentytwo_year_pct_change":-79.7},{"crime":"Fel. Assault","wtd_curr_yr":4,"wtd_prev_yr":5,"wtd_pct_change":-20,"twentyeight_day_curr_yr":21,"twentyeight_day_prev_yr":18,"twentyeight_day_pct_change":16.7,"ytd_curr_yr":278,"ytd_prev_yr":212,"ytd_pct_change":31.1,"two_year_pct_change":14.9,"six_year_pct_change":62.6,"twentytwo_year_pct_change":-46.6},{"crime":"Burglary","wtd_curr_yr":0,"wtd_prev_yr":5,"wtd_pct_change":-100,"twentyeight_day_curr_yr":9,"twentyeight_day_prev_yr":11,"twentyeight_day_pct_change":-18.2,"ytd_curr_yr":149,"ytd_prev_yr":226,"ytd_pct_change":-34.1,"two_year_pct_change":-36.6,"six_year_pct_change":34.2,"twentytwo_year_pct_change":-80.5},{"crime":"Gr. Larceny","wtd_curr_yr":1,"wtd_prev_yr":2,"wtd_pct_change":-50,"twentyeight_day_curr_yr":16,"twentyeight_day_prev_yr":22,"twentyeight_day_pct_change":-27.3,"ytd_curr_yr":195,"ytd_prev_yr":182,"ytd_pct_change":7.1,"two_year_pct_change":-1,"six_year_pct_change":30.9,"twentytwo_year_pct_change":-40.2},{"crime":"G.L.A.","wtd_curr_yr":3,"wtd_prev_yr":1,"wtd_pct_change":200,"twentyeight_day_curr_yr":4,"twentyeight_day_prev_yr":6,"twentyeight_day_pct_change":-33.3,"ytd_curr_yr":72,"ytd_prev_yr":60,"ytd_pct_change":20,"two_year_pct_change":33.3,"six_year_pct_change":7.5,"twentytwo_year_pct_change":-84.3},{"crime":"TOTAL","wtd_curr_yr":11,"wtd_prev_yr":16,"wtd_pct_change":-31.25,"twentyeight_day_curr_yr":68,"twentyeight_day_prev_yr":73,"twentyeight_day_pct_change":-6.85,"ytd_curr_yr":854,"ytd_prev_yr":848,"ytd_pct_change":0.71,"two_year_pct_change":-4.15,"six_year_pct_change":30.58,"twentytwo_year_pct_change":-69.83},{"crime":"Transit","wtd_curr_yr":1,"wtd_prev_yr":0,"wtd_pct_change":null,"twentyeight_day_curr_yr":2,"twentyeight_day_prev_yr":2,"twentyeight_day_pct_change":0,"ytd_curr_yr":11,"ytd_prev_yr":10,"ytd_pct_change":10,"two_year_pct_change":-45,"six_year_pct_change":-15.4,"twentytwo_year_pct_change":null},{"crime":"Housing","wtd_curr_yr":1,"wtd_prev_yr":2,"wtd_pct_change":-50,"twentyeight_day_curr_yr":8,"twentyeight_day_prev_yr":11,"twentyeight_day_pct_change":-27.3,"ytd_curr_yr":100,"ytd_prev_yr":90,"ytd_pct_change":11.1,"two_year_pct_change":11.1,"six_year_pct_change":25,"twentytwo_year_pct_change":null},{"crime":"Petit Larceny","wtd_curr_yr":16,"wtd_prev_yr":8,"wtd_pct_change":100,"twentyeight_day_curr_yr":41,"twentyeight_day_prev_yr":46,"twentyeight_day_pct_change":-10.9,"ytd_curr_yr":514,"ytd_prev_yr":541,"ytd_pct_change":-5,"two_year_pct_change":7.3,"six_year_pct_change":24.8,"twentytwo_year_pct_change":null},{"crime":"Misd. Assault","wtd_curr_yr":7,"wtd_prev_yr":9,"wtd_pct_change":-22.2,"twentyeight_day_curr_yr":20,"twentyeight_day_prev_yr":27,"twentyeight_day_pct_change":-25.9,"ytd_curr_yr":438,"ytd_prev_yr":488,"ytd_pct_change":-10.2,"two_year_pct_change":-2,"six_year_pct_change":13.2,"twentytwo_year_pct_change":null},{"crime":"Misd. Sex Crimes","wtd_curr_yr":2,"wtd_prev_yr":0,"wtd_pct_change":null,"twentyeight_day_curr_yr":2,"twentyeight_day_prev_yr":0,"twentyeight_day_pct_change":null,"ytd_curr_yr":16,"ytd_prev_yr":16,"ytd_pct_change":0,"two_year_pct_change":-23.8,"six_year_pct_change":-36,"twentytwo_year_pct_change":null},{"crime":"Shooting Vic.","wtd_curr_yr":0,"wtd_prev_yr":4,"wtd_pct_change":-100,"twentyeight_day_curr_yr":2,"twentyeight_day_prev_yr":5,"twentyeight_day_pct_change":-60,"ytd_curr_yr":30,"ytd_prev_yr":20,"ytd_pct_change":50,"two_year_pct_change":-16.7,"six_year_pct_change":-6.2,"twentytwo_year_pct_change":-31.8},{"crime":"Shooting Inc.","wtd_curr_yr":0,"wtd_prev_yr":3,"wtd_pct_change":-100,"twentyeight_day_curr_yr":2,"twentyeight_day_prev_yr":4,"twentyeight_day_pct_change":-50,"ytd_curr_yr":29,"ytd_prev_yr":17,"ytd_pct_change":70.6,"two_year_pct_change":-12.1,"six_year_pct_change":3.6,"twentytwo_year_pct_change":-31}],"historical":[{"yr_1990":14,"yr_1993":16,"yr_1998":9,"yr_2001":6,"yr_2013":3,"pct_change_13vs01":-50,"pct_change_13vs98":-66.7,"pct_change_13vs93":-81.2,"pct_change_13vs90":-78.6,"crime":"Murder"},{"yr_1990":67,"yr_1993":42,"yr_1998":32,"yr_2001":17,"yr_2013":19,"pct_change_13vs01":11.8,"pct_change_13vs98":-40.6,"pct_change_13vs93":-54.8,"pct_change_13vs90":-71.6,"crime":"Rape"},{"yr_1990":826,"yr_1993":710,"yr_1998":413,"yr_2001":247,"yr_2013":148,"pct_change_13vs01":-40.1,"pct_change_13vs98":-64.2,"pct_change_13vs93":-79.2,"pct_change_13vs90":-82.1,"crime":"Robbery"},{"yr_1990":588,"yr_1993":524,"yr_1998":418,"yr_2001":301,"yr_2013":212,"pct_change_13vs01":-29.6,"pct_change_13vs98":-49.3,"pct_change_13vs93":-59.5,"pct_change_13vs90":-63.9,"crime":"Fel. Assault"},{"yr_1990":825,"yr_1993":768,"yr_1998":370,"yr_2001":216,"yr_2013":227,"pct_change_13vs01":5.1,"pct_change_13vs98":-38.6,"pct_change_13vs93":-70.4,"pct_change_13vs90":-72.5,"crime":"Burglary"},{"yr_1990":362,"yr_1993":330,"yr_1998":203,"yr_2001":189,"yr_2013":182,"pct_change_13vs01":-3.7,"pct_change_13vs98":-10.3,"pct_change_13vs93":-44.8,"pct_change_13vs90":-49.7,"crime":"Gr. Larceny"},{"yr_1990":719,"yr_1993":460,"yr_1998":184,"yr_2001":158,"yr_2013":61,"pct_change_13vs01":-61.4,"pct_change_13vs98":-66.8,"pct_change_13vs93":-86.7,"pct_change_13vs90":-91.5,"crime":"G.L.A."},{"yr_1990":3401,"yr_1993":2850,"yr_1998":1629,"yr_2001":1134,"yr_2013":852,"pct_change_13vs01":-24.87,"pct_change_13vs98":-47.7,"pct_change_13vs93":-70.11,"pct_change_13vs90":-74.95,"crime":"TOTAL"}]}