{"mayor":"Bill de Blasio","commissioner":"William J. Bratton","volume":21,"number":14,"precinct":"107th","startDate":"2014-03-31T04:00:00.000Z","endDate":"2014-04-06T04:00:00.000Z","crimes":[{"crime":"Murder","wtd_curr_yr":0,"wtd_prev_yr":0,"wtd_pct_change":null,"twentyeight_day_curr_yr":0,"twentyeight_day_prev_yr":0,"twentyeight_day_pct_change":null,"ytd_curr_yr":0,"ytd_prev_yr":1,"ytd_pct_change":-100,"two_year_pct_change":null,"six_year_pct_change":null,"twentytwo_year_pct_change":-100},{"crime":"Rape","wtd_curr_yr":0,"wtd_prev_yr":0,"wtd_pct_change":null,"twentyeight_day_curr_yr":0,"twentyeight_day_prev_yr":2,"twentyeight_day_pct_change":-100,"ytd_curr_yr":6,"ytd_prev_yr":4,"ytd_pct_change":50,"two_year_pct_change":500,"six_year_pct_change":200,"twentytwo_year_pct_change":-40},{"crime":"Robbery","wtd_curr_yr":3,"wtd_prev_yr":2,"wtd_pct_change":50,"twentyeight_day_curr_yr":9,"twentyeight_day_prev_yr":15,"twentyeight_day_pct_change":-40,"ytd_curr_yr":52,"ytd_prev_yr":62,"ytd_pct_change":-16.1,"two_year_pct_change":-18.8,"six_year_pct_change":-25.7,"twentytwo_year_pct_change":-79.6},{"crime":"Fel. Assault","wtd_curr_yr":0,"wtd_prev_yr":3,"wtd_pct_change":-100,"twentyeight_day_curr_yr":2,"twentyeight_day_prev_yr":8,"twentyeight_day_pct_change":-75,"ytd_curr_yr":16,"ytd_prev_yr":28,"ytd_pct_change":-42.9,"two_year_pct_change":-48.4,"six_year_pct_change":14.3,"twentytwo_year_pct_change":-73.3},{"crime":"Burglary","wtd_curr_yr":3,"wtd_prev_yr":9,"wtd_pct_change":-66.7,"twentyeight_day_curr_yr":13,"twentyeight_day_prev_yr":26,"twentyeight_day_pct_change":-50,"ytd_curr_yr":43,"ytd_prev_yr":64,"ytd_pct_change":-32.8,"two_year_pct_change":-20.4,"six_year_pct_change":-44.9,"twentytwo_year_pct_change":-89.4},{"crime":"Gr. Larceny","wtd_curr_yr":7,"wtd_prev_yr":4,"wtd_pct_change":75,"twentyeight_day_curr_yr":35,"twentyeight_day_prev_yr":25,"twentyeight_day_pct_change":40,"ytd_curr_yr":104,"ytd_prev_yr":91,"ytd_pct_change":14.3,"two_year_pct_change":-13.3,"six_year_pct_change":-10.3,"twentytwo_year_pct_change":-24.6},{"crime":"G.L.A.","wtd_curr_yr":2,"wtd_prev_yr":5,"wtd_pct_change":-60,"twentyeight_day_curr_yr":11,"twentyeight_day_prev_yr":17,"twentyeight_day_pct_change":-35.3,"ytd_curr_yr":24,"ytd_prev_yr":32,"ytd_pct_change":-25,"two_year_pct_change":-36.8,"six_year_pct_change":-52.9,"twentytwo_year_pct_change":-98.1},{"crime":"TOTAL","wtd_curr_yr":15,"wtd_prev_yr":23,"wtd_pct_change":-34.78,"twentyeight_day_curr_yr":70,"twentyeight_day_prev_yr":93,"twentyeight_day_pct_change":-24.73,"ytd_curr_yr":245,"ytd_prev_yr":282,"ytd_pct_change":-13.12,"two_year_pct_change":-20.45,"six_year_pct_change":-25.98,"twentytwo_year_pct_change":-88.57},{"crime":"Transit","wtd_curr_yr":0,"wtd_prev_yr":0,"wtd_pct_change":null,"twentyeight_day_curr_yr":0,"twentyeight_day_prev_yr":0,"twentyeight_day_pct_change":null,"ytd_curr_yr":6,"ytd_prev_yr":3,"ytd_pct_change":100,"two_year_pct_change":100,"six_year_pct_change":0,"twentytwo_year_pct_change":null},{"crime":"Housing","wtd_curr_yr":1,"wtd_prev_yr":1,"wtd_pct_change":0,"twentyeight_day_curr_yr":1,"twentyeight_day_prev_yr":2,"twentyeight_day_pct_change":-50,"ytd_curr_yr":12,"ytd_prev_yr":9,"ytd_pct_change":33.3,"two_year_pct_change":20,"six_year_pct_change":71.4,"twentytwo_year_pct_change":null},{"crime":"Petit Larceny","wtd_curr_yr":16,"wtd_prev_yr":18,"wtd_pct_change":-11.1,"twentyeight_day_curr_yr":63,"twentyeight_day_prev_yr":58,"twentyeight_day_pct_change":8.6,"ytd_curr_yr":170,"ytd_prev_yr":184,"ytd_pct_change":-7.6,"two_year_pct_change":-19,"six_year_pct_change":-25.4,"twentytwo_year_pct_change":null},{"crime":"Misd. Assault","wtd_curr_yr":6,"wtd_prev_yr":6,"wtd_pct_change":0,"twentyeight_day_curr_yr":30,"twentyeight_day_prev_yr":28,"twentyeight_day_pct_change":7.1,"ytd_curr_yr":87,"ytd_prev_yr":93,"ytd_pct_change":-6.5,"two_year_pct_change":-2.2,"six_year_pct_change":-26.9,"twentytwo_year_pct_change":null},{"crime":"Misd. Sex Crimes","wtd_curr_yr":0,"wtd_prev_yr":0,"wtd_pct_change":null,"twentyeight_day_curr_yr":3,"twentyeight_day_prev_yr":4,"twentyeight_day_pct_change":-25,"ytd_curr_yr":5,"ytd_prev_yr":9,"ytd_pct_change":-44.4,"two_year_pct_change":-16.7,"six_year_pct_change":-28.6,"twentytwo_year_pct_change":null},{"crime":"Shooting Vic.","wtd_curr_yr":0,"wtd_prev_yr":0,"wtd_pct_change":null,"twentyeight_day_curr_yr":0,"twentyeight_day_prev_yr":0,"twentyeight_day_pct_change":null,"ytd_curr_yr":0,"ytd_prev_yr":1,"ytd_pct_change":-100,"two_year_pct_change":null,"six_year_pct_change":-100,"twentytwo_year_pct_change":-100},{"crime":"Shooting Inc.","wtd_curr_yr":0,"wtd_prev_yr":0,"wtd_pct_change":null,"twentyeight_day_curr_yr":0,"twentyeight_day_prev_yr":0,"twentyeight_day_pct_change":null,"ytd_curr_yr":0,"ytd_prev_yr":1,"ytd_pct_change":-100,"two_year_pct_change":null,"six_year_pct_change":-100,"twentytwo_year_pct_change":-100}],"historical":[{"yr_1990":14,"yr_1993":8,"yr_1995":4,"yr_2001":4,"yr_2013":1,"pct_change_13vs01":-75,"pct_change_13vs95":-75,"pct_change_13vs93":-87.5,"pct_change_13vs90":-92.9,"crime":"Murder"},{"yr_1990":24,"yr_1993":32,"yr_1995":27,"yr_2001":15,"yr_2013":7,"pct_change_13vs01":-53.3,"pct_change_13vs95":-74.1,"pct_change_13vs93":-78.1,"pct_change_13vs90":-70.8,"crime":"Rape"},{"yr_1990":1039,"yr_1993":732,"yr_1995":375,"yr_2001":242,"yr_2013":-35.5,"pct_change_13vs01":-66.9,"pct_change_13vs95":-76.7,"pct_change_13vs93":-72.9,"pct_change_13vs90":null,"crime":"Robbery 893"},{"yr_1990":260,"yr_1993":239,"yr_1995":241,"yr_2001":153,"yr_2013":138,"pct_change_13vs01":-9.8,"pct_change_13vs95":-42.7,"pct_change_13vs93":-42.3,"pct_change_13vs90":-46.9,"crime":"Fel. Assault"},{"yr_1990":2152,"yr_1993":1425,"yr_1995":1187,"yr_2001":632,"yr_2013":244,"pct_change_13vs01":-61.4,"pct_change_13vs95":-79.4,"pct_change_13vs93":-82.9,"pct_change_13vs90":-88.7,"crime":"Burglary"},{"yr_1990":805,"yr_1993":616,"yr_1995":591,"yr_2001":572,"yr_2013":517,"pct_change_13vs01":-9.6,"pct_change_13vs95":-12.5,"pct_change_13vs93":-16.1,"pct_change_13vs90":-35.8,"crime":"Gr. Larceny"},{"yr_1990":5535,"yr_1993":4902,"yr_1995":2527,"yr_2001":802,"yr_2013":149,"pct_change_13vs01":-81.4,"pct_change_13vs95":-94.1,"pct_change_13vs93":-97,"pct_change_13vs90":-97.3,"crime":"G.L.A."},{"yr_1990":9683,"yr_1993":8261,"yr_1995":5309,"yr_2001":2553,"yr_2013":1298,"pct_change_13vs01":-49.16,"pct_change_13vs95":-75.55,"pct_change_13vs93":-84.29,"pct_change_13vs90":-86.6,"crime":"TOTAL"}]}