{"mayor":"Bill de Blasio","commissioner":"William J. Bratton","volume":21,"number":35,"precinct":"106th","startDate":"2014-08-25T04:00:00.000Z","endDate":"2014-08-31T04:00:00.000Z","crimes":[{"crime":"Murder","wtd_curr_yr":0,"wtd_prev_yr":0,"wtd_pct_change":null,"twentyeight_day_curr_yr":0,"twentyeight_day_prev_yr":0,"twentyeight_day_pct_change":null,"ytd_curr_yr":1,"ytd_prev_yr":4,"ytd_pct_change":-75,"two_year_pct_change":-50,"six_year_pct_change":-50,"twentytwo_year_pct_change":-93.3},{"crime":"Rape","wtd_curr_yr":0,"wtd_prev_yr":0,"wtd_pct_change":null,"twentyeight_day_curr_yr":1,"twentyeight_day_prev_yr":0,"twentyeight_day_pct_change":null,"ytd_curr_yr":16,"ytd_prev_yr":13,"ytd_pct_change":23.1,"two_year_pct_change":45.5,"six_year_pct_change":220,"twentytwo_year_pct_change":-36},{"crime":"Robbery","wtd_curr_yr":3,"wtd_prev_yr":5,"wtd_pct_change":-40,"twentyeight_day_curr_yr":18,"twentyeight_day_prev_yr":25,"twentyeight_day_pct_change":-28,"ytd_curr_yr":171,"ytd_prev_yr":181,"ytd_pct_change":-5.5,"two_year_pct_change":-12.3,"six_year_pct_change":11.8,"twentytwo_year_pct_change":-69.7},{"crime":"Fel. Assault","wtd_curr_yr":3,"wtd_prev_yr":5,"wtd_pct_change":-40,"twentyeight_day_curr_yr":19,"twentyeight_day_prev_yr":20,"twentyeight_day_pct_change":-5,"ytd_curr_yr":157,"ytd_prev_yr":168,"ytd_pct_change":-6.5,"two_year_pct_change":20.8,"six_year_pct_change":29.8,"twentytwo_year_pct_change":-41.9},{"crime":"Burglary","wtd_curr_yr":4,"wtd_prev_yr":7,"wtd_pct_change":-42.9,"twentyeight_day_curr_yr":15,"twentyeight_day_prev_yr":19,"twentyeight_day_pct_change":-21.1,"ytd_curr_yr":173,"ytd_prev_yr":246,"ytd_pct_change":-29.7,"two_year_pct_change":-24.5,"six_year_pct_change":-11.7,"twentytwo_year_pct_change":-77.8},{"crime":"Gr. Larceny","wtd_curr_yr":10,"wtd_prev_yr":16,"wtd_pct_change":-37.5,"twentyeight_day_curr_yr":45,"twentyeight_day_prev_yr":41,"twentyeight_day_pct_change":9.8,"ytd_curr_yr":331,"ytd_prev_yr":309,"ytd_pct_change":7.1,"two_year_pct_change":3.4,"six_year_pct_change":32.9,"twentytwo_year_pct_change":-12.9},{"crime":"G.L.A.","wtd_curr_yr":5,"wtd_prev_yr":3,"wtd_pct_change":66.7,"twentyeight_day_curr_yr":21,"twentyeight_day_prev_yr":14,"twentyeight_day_pct_change":50,"ytd_curr_yr":155,"ytd_prev_yr":111,"ytd_pct_change":39.6,"two_year_pct_change":4.7,"six_year_pct_change":-14.4,"twentytwo_year_pct_change":-92.7},{"crime":"TOTAL","wtd_curr_yr":25,"wtd_prev_yr":36,"wtd_pct_change":-30.56,"twentyeight_day_curr_yr":119,"twentyeight_day_prev_yr":119,"twentyeight_day_pct_change":0,"ytd_curr_yr":1004,"ytd_prev_yr":1032,"ytd_pct_change":-2.71,"two_year_pct_change":-3,"six_year_pct_change":10.69,"twentytwo_year_pct_change":-75.89},{"crime":"Transit","wtd_curr_yr":0,"wtd_prev_yr":0,"wtd_pct_change":null,"twentyeight_day_curr_yr":3,"twentyeight_day_prev_yr":0,"twentyeight_day_pct_change":null,"ytd_curr_yr":20,"ytd_prev_yr":24,"ytd_pct_change":-16.7,"two_year_pct_change":-28.6,"six_year_pct_change":66.7,"twentytwo_year_pct_change":null},{"crime":"Housing","wtd_curr_yr":0,"wtd_prev_yr":0,"wtd_pct_change":null,"twentyeight_day_curr_yr":0,"twentyeight_day_prev_yr":0,"twentyeight_day_pct_change":null,"ytd_curr_yr":0,"ytd_prev_yr":0,"ytd_pct_change":null,"two_year_pct_change":null,"six_year_pct_change":null,"twentytwo_year_pct_change":null},{"crime":"Petit Larceny","wtd_curr_yr":23,"wtd_prev_yr":14,"wtd_pct_change":64.3,"twentyeight_day_curr_yr":78,"twentyeight_day_prev_yr":54,"twentyeight_day_pct_change":44.4,"ytd_curr_yr":601,"ytd_prev_yr":448,"ytd_pct_change":34.2,"two_year_pct_change":-6.1,"six_year_pct_change":10.5,"twentytwo_year_pct_change":null},{"crime":"Misd. Assault","wtd_curr_yr":14,"wtd_prev_yr":6,"wtd_pct_change":133.3,"twentyeight_day_curr_yr":43,"twentyeight_day_prev_yr":41,"twentyeight_day_pct_change":4.9,"ytd_curr_yr":343,"ytd_prev_yr":300,"ytd_pct_change":14.3,"two_year_pct_change":1.2,"six_year_pct_change":10.3,"twentytwo_year_pct_change":null},{"crime":"Misd. Sex Crimes","wtd_curr_yr":3,"wtd_prev_yr":0,"wtd_pct_change":null,"twentyeight_day_curr_yr":3,"twentyeight_day_prev_yr":4,"twentyeight_day_pct_change":-25,"ytd_curr_yr":12,"ytd_prev_yr":18,"ytd_pct_change":-33.3,"two_year_pct_change":-20,"six_year_pct_change":-20,"twentytwo_year_pct_change":null},{"crime":"Shooting Vic.","wtd_curr_yr":0,"wtd_prev_yr":1,"wtd_pct_change":-100,"twentyeight_day_curr_yr":0,"twentyeight_day_prev_yr":2,"twentyeight_day_pct_change":-100,"ytd_curr_yr":2,"ytd_prev_yr":7,"ytd_pct_change":-71.4,"two_year_pct_change":-66.7,"six_year_pct_change":-77.8,"twentytwo_year_pct_change":-90.9},{"crime":"Shooting Inc.","wtd_curr_yr":0,"wtd_prev_yr":1,"wtd_pct_change":-100,"twentyeight_day_curr_yr":0,"twentyeight_day_prev_yr":2,"twentyeight_day_pct_change":-100,"ytd_curr_yr":2,"ytd_prev_yr":6,"ytd_pct_change":-66.7,"two_year_pct_change":-60,"six_year_pct_change":-75,"twentytwo_year_pct_change":-90.9}],"historical":[{"yr_1990":15,"yr_1993":21,"yr_1998":7,"yr_2001":4,"yr_2013":6,"pct_change_13vs01":50,"pct_change_13vs98":-14.3,"pct_change_13vs93":-71.4,"pct_change_13vs90":-60,"crime":"Murder"},{"yr_1990":31,"yr_1993":33,"yr_1998":40,"yr_2001":19,"yr_2013":19,"pct_change_13vs01":0,"pct_change_13vs98":-52.5,"pct_change_13vs93":-42.4,"pct_change_13vs90":-38.7,"crime":"Rape"},{"yr_1990":832,"yr_1993":891,"yr_1998":545,"yr_2001":344,"yr_2013":328,"pct_change_13vs01":-4.7,"pct_change_13vs98":-39.8,"pct_change_13vs93":-63.2,"pct_change_13vs90":-60.6,"crime":"Robbery"},{"yr_1990":329,"yr_1993":408,"yr_1998":297,"yr_2001":241,"yr_2013":253,"pct_change_13vs01":5,"pct_change_13vs98":-14.8,"pct_change_13vs93":-38,"pct_change_13vs90":-23.1,"crime":"Fel. Assault"},{"yr_1990":1348,"yr_1993":1230,"yr_1998":662,"yr_2001":417,"yr_2013":346,"pct_change_13vs01":-17,"pct_change_13vs98":-47.7,"pct_change_13vs93":-71.9,"pct_change_13vs90":-74.3,"crime":"Burglary"},{"yr_1990":715,"yr_1993":595,"yr_1998":440,"yr_2001":381,"yr_2013":522,"pct_change_13vs01":37,"pct_change_13vs98":18.6,"pct_change_13vs93":-12.3,"pct_change_13vs90":-27,"crime":"Gr. Larceny"},{"yr_1990":3071,"yr_1993":3304,"yr_1998":1370,"yr_2001":778,"yr_2013":191,"pct_change_13vs01":-75.4,"pct_change_13vs98":-86.1,"pct_change_13vs93":-94.2,"pct_change_13vs90":-93.8,"crime":"G.L.A."},{"yr_1990":6341,"yr_1993":6482,"yr_1998":3361,"yr_2001":2184,"yr_2013":1665,"pct_change_13vs01":-23.76,"pct_change_13vs98":-50.46,"pct_change_13vs93":-74.31,"pct_change_13vs90":-73.74,"crime":"TOTAL"}]}