{"mayor":"Bill de Blasio","commissioner":"William J. Bratton","volume":21,"number":46,"precinct":"107th","startDate":"2014-11-10T05:00:00.000Z","endDate":"2014-11-16T05:00:00.000Z","crimes":[{"crime":"Murder","wtd_curr_yr":0,"wtd_prev_yr":0,"wtd_pct_change":null,"twentyeight_day_curr_yr":1,"twentyeight_day_prev_yr":0,"twentyeight_day_pct_change":null,"ytd_curr_yr":1,"ytd_prev_yr":1,"ytd_pct_change":0,"two_year_pct_change":0,"six_year_pct_change":-66.7,"twentytwo_year_pct_change":-83.3},{"crime":"Rape","wtd_curr_yr":1,"wtd_prev_yr":0,"wtd_pct_change":null,"twentyeight_day_curr_yr":1,"twentyeight_day_prev_yr":1,"twentyeight_day_pct_change":0,"ytd_curr_yr":21,"ytd_prev_yr":7,"ytd_pct_change":200,"two_year_pct_change":133.3,"six_year_pct_change":162.5,"twentytwo_year_pct_change":-27.6},{"crime":"Robbery","wtd_curr_yr":10,"wtd_prev_yr":5,"wtd_pct_change":100,"twentyeight_day_curr_yr":19,"twentyeight_day_prev_yr":18,"twentyeight_day_pct_change":5.6,"ytd_curr_yr":169,"ytd_prev_yr":205,"ytd_pct_change":-17.6,"two_year_pct_change":-19.5,"six_year_pct_change":-22.8,"twentytwo_year_pct_change":-81.2},{"crime":"Fel. Assault","wtd_curr_yr":3,"wtd_prev_yr":3,"wtd_pct_change":0,"twentyeight_day_curr_yr":15,"twentyeight_day_prev_yr":10,"twentyeight_day_pct_change":50,"ytd_curr_yr":100,"ytd_prev_yr":120,"ytd_pct_change":-16.7,"two_year_pct_change":-17.4,"six_year_pct_change":31.6,"twentytwo_year_pct_change":-54.1},{"crime":"Burglary","wtd_curr_yr":4,"wtd_prev_yr":7,"wtd_pct_change":-42.9,"twentyeight_day_curr_yr":15,"twentyeight_day_prev_yr":19,"twentyeight_day_pct_change":-21.1,"ytd_curr_yr":146,"ytd_prev_yr":221,"ytd_pct_change":-33.9,"two_year_pct_change":-38.1,"six_year_pct_change":-42.5,"twentytwo_year_pct_change":-88.6},{"crime":"Gr. Larceny","wtd_curr_yr":11,"wtd_prev_yr":15,"wtd_pct_change":-26.7,"twentyeight_day_curr_yr":44,"twentyeight_day_prev_yr":40,"twentyeight_day_pct_change":10,"ytd_curr_yr":397,"ytd_prev_yr":428,"ytd_pct_change":-7.2,"two_year_pct_change":0.8,"six_year_pct_change":-5.9,"twentytwo_year_pct_change":-26.8},{"crime":"G.L.A.","wtd_curr_yr":2,"wtd_prev_yr":3,"wtd_pct_change":-33.3,"twentyeight_day_curr_yr":10,"twentyeight_day_prev_yr":9,"twentyeight_day_pct_change":11.1,"ytd_curr_yr":129,"ytd_prev_yr":131,"ytd_pct_change":-1.5,"two_year_pct_change":-9.2,"six_year_pct_change":-32.5,"twentytwo_year_pct_change":-97},{"crime":"TOTAL","wtd_curr_yr":31,"wtd_prev_yr":33,"wtd_pct_change":-6.06,"twentyeight_day_curr_yr":105,"twentyeight_day_prev_yr":97,"twentyeight_day_pct_change":8.25,"ytd_curr_yr":963,"ytd_prev_yr":1113,"ytd_pct_change":-13.48,"two_year_pct_change":-13.48,"six_year_pct_change":-17.9,"twentytwo_year_pct_change":-86.83},{"crime":"Transit","wtd_curr_yr":1,"wtd_prev_yr":0,"wtd_pct_change":null,"twentyeight_day_curr_yr":5,"twentyeight_day_prev_yr":1,"twentyeight_day_pct_change":400,"ytd_curr_yr":26,"ytd_prev_yr":22,"ytd_pct_change":18.2,"two_year_pct_change":-7.1,"six_year_pct_change":18.2,"twentytwo_year_pct_change":null},{"crime":"Housing","wtd_curr_yr":1,"wtd_prev_yr":0,"wtd_pct_change":null,"twentyeight_day_curr_yr":5,"twentyeight_day_prev_yr":2,"twentyeight_day_pct_change":150,"ytd_curr_yr":46,"ytd_prev_yr":45,"ytd_pct_change":2.2,"two_year_pct_change":-4.2,"six_year_pct_change":48.4,"twentytwo_year_pct_change":null},{"crime":"Petit Larceny","wtd_curr_yr":21,"wtd_prev_yr":15,"wtd_pct_change":40,"twentyeight_day_curr_yr":68,"twentyeight_day_prev_yr":84,"twentyeight_day_pct_change":-19,"ytd_curr_yr":709,"ytd_prev_yr":748,"ytd_pct_change":-5.2,"two_year_pct_change":6.5,"six_year_pct_change":-18.4,"twentytwo_year_pct_change":null},{"crime":"Misd. Assault","wtd_curr_yr":5,"wtd_prev_yr":7,"wtd_pct_change":-28.6,"twentyeight_day_curr_yr":34,"twentyeight_day_prev_yr":28,"twentyeight_day_pct_change":21.4,"ytd_curr_yr":321,"ytd_prev_yr":326,"ytd_pct_change":-1.5,"two_year_pct_change":2.9,"six_year_pct_change":-21.3,"twentytwo_year_pct_change":null},{"crime":"Misd. Sex Crimes","wtd_curr_yr":1,"wtd_prev_yr":0,"wtd_pct_change":null,"twentyeight_day_curr_yr":3,"twentyeight_day_prev_yr":2,"twentyeight_day_pct_change":50,"ytd_curr_yr":22,"ytd_prev_yr":23,"ytd_pct_change":-4.3,"two_year_pct_change":-24.1,"six_year_pct_change":-12,"twentytwo_year_pct_change":null},{"crime":"Shooting Vic.","wtd_curr_yr":0,"wtd_prev_yr":0,"wtd_pct_change":null,"twentyeight_day_curr_yr":0,"twentyeight_day_prev_yr":0,"twentyeight_day_pct_change":null,"ytd_curr_yr":3,"ytd_prev_yr":2,"ytd_pct_change":50,"two_year_pct_change":-25,"six_year_pct_change":-40,"twentytwo_year_pct_change":-70},{"crime":"Shooting Inc.","wtd_curr_yr":0,"wtd_prev_yr":0,"wtd_pct_change":null,"twentyeight_day_curr_yr":0,"twentyeight_day_prev_yr":0,"twentyeight_day_pct_change":null,"ytd_curr_yr":3,"ytd_prev_yr":2,"ytd_pct_change":50,"two_year_pct_change":0,"six_year_pct_change":-40,"twentytwo_year_pct_change":-70}],"historical":[{"yr_1990":14,"yr_1993":8,"yr_1998":5,"yr_2001":4,"yr_2013":1,"pct_change_13vs01":-75,"pct_change_13vs98":-80,"pct_change_13vs93":-87.5,"pct_change_13vs90":-92.9,"crime":"Murder"},{"yr_1990":24,"yr_1993":32,"yr_1998":30,"yr_2001":15,"yr_2013":7,"pct_change_13vs01":-53.3,"pct_change_13vs98":-76.7,"pct_change_13vs93":-78.1,"pct_change_13vs90":-70.8,"crime":"Rape"},{"yr_1990":1039,"yr_1993":514,"yr_1998":375,"yr_2001":242,"yr_2013":-35.5,"pct_change_13vs01":-52.9,"pct_change_13vs98":-76.7,"pct_change_13vs93":-72.9,"pct_change_13vs90":null,"crime":"Robbery 893"},{"yr_1990":260,"yr_1993":239,"yr_1998":226,"yr_2001":153,"yr_2013":138,"pct_change_13vs01":-9.8,"pct_change_13vs98":-38.9,"pct_change_13vs93":-42.3,"pct_change_13vs90":-46.9,"crime":"Fel. Assault"},{"yr_1990":2152,"yr_1993":1425,"yr_1998":862,"yr_2001":632,"yr_2013":244,"pct_change_13vs01":-61.4,"pct_change_13vs98":-71.7,"pct_change_13vs93":-82.9,"pct_change_13vs90":-88.7,"crime":"Burglary"},{"yr_1990":805,"yr_1993":616,"yr_1998":614,"yr_2001":572,"yr_2013":517,"pct_change_13vs01":-9.6,"pct_change_13vs98":-15.8,"pct_change_13vs93":-16.1,"pct_change_13vs90":-35.8,"crime":"Gr. Larceny"},{"yr_1990":5535,"yr_1993":4902,"yr_1998":1560,"yr_2001":802,"yr_2013":149,"pct_change_13vs01":-81.4,"pct_change_13vs98":-90.4,"pct_change_13vs93":-97,"pct_change_13vs90":-97.3,"crime":"G.L.A."},{"yr_1990":9683,"yr_1993":8261,"yr_1998":3811,"yr_2001":2553,"yr_2013":1298,"pct_change_13vs01":-49.16,"pct_change_13vs98":-65.94,"pct_change_13vs93":-84.29,"pct_change_13vs90":-86.6,"crime":"TOTAL"}]}