{"mayor":"Bill de Blasio","commissioner":"William J. Bratton","volume":22,"number":1,"precinct":"107th","startDate":"2014-12-28T05:00:00.000Z","endDate":"2015-01-04T05:00:00.000Z","crimes":[{"crime":"Murder","wtd_curr_yr":1,"wtd_prev_yr":0,"wtd_pct_change":null,"twentyeight_day_curr_yr":1,"twentyeight_day_prev_yr":0,"twentyeight_day_pct_change":null,"ytd_curr_yr":1,"ytd_prev_yr":0,"ytd_pct_change":null,"two_year_pct_change":null,"six_year_pct_change":null,"twentytwo_year_pct_change":null},{"crime":"Rape","wtd_curr_yr":0,"wtd_prev_yr":0,"wtd_pct_change":null,"twentyeight_day_curr_yr":2,"twentyeight_day_prev_yr":0,"twentyeight_day_pct_change":null,"ytd_curr_yr":0,"ytd_prev_yr":0,"ytd_pct_change":null,"two_year_pct_change":null,"six_year_pct_change":-100,"twentytwo_year_pct_change":null},{"crime":"Robbery","wtd_curr_yr":2,"wtd_prev_yr":1,"wtd_pct_change":100,"twentyeight_day_curr_yr":13,"twentyeight_day_prev_yr":14,"twentyeight_day_pct_change":-7.1,"ytd_curr_yr":2,"ytd_prev_yr":0,"ytd_pct_change":null,"two_year_pct_change":100,"six_year_pct_change":-33.3,"twentytwo_year_pct_change":-77.8},{"crime":"Fel. Assault","wtd_curr_yr":1,"wtd_prev_yr":1,"wtd_pct_change":0,"twentyeight_day_curr_yr":9,"twentyeight_day_prev_yr":11,"twentyeight_day_pct_change":-18.2,"ytd_curr_yr":0,"ytd_prev_yr":1,"ytd_pct_change":-100,"two_year_pct_change":null,"six_year_pct_change":null,"twentytwo_year_pct_change":-100},{"crime":"Burglary","wtd_curr_yr":2,"wtd_prev_yr":5,"wtd_pct_change":-60,"twentyeight_day_curr_yr":10,"twentyeight_day_prev_yr":14,"twentyeight_day_pct_change":-28.6,"ytd_curr_yr":1,"ytd_prev_yr":2,"ytd_pct_change":-50,"two_year_pct_change":-75,"six_year_pct_change":-50,"twentytwo_year_pct_change":-95},{"crime":"Gr. Larceny","wtd_curr_yr":4,"wtd_prev_yr":10,"wtd_pct_change":-60,"twentyeight_day_curr_yr":33,"twentyeight_day_prev_yr":50,"twentyeight_day_pct_change":-34,"ytd_curr_yr":2,"ytd_prev_yr":5,"ytd_pct_change":-60,"two_year_pct_change":-75,"six_year_pct_change":-33.3,"twentytwo_year_pct_change":-33.3},{"crime":"G.L.A.","wtd_curr_yr":5,"wtd_prev_yr":2,"wtd_pct_change":150,"twentyeight_day_curr_yr":15,"twentyeight_day_prev_yr":8,"twentyeight_day_pct_change":87.5,"ytd_curr_yr":2,"ytd_prev_yr":0,"ytd_pct_change":null,"two_year_pct_change":0,"six_year_pct_change":100,"twentytwo_year_pct_change":-94.6},{"crime":"TOTAL","wtd_curr_yr":15,"wtd_prev_yr":19,"wtd_pct_change":-21.05,"twentyeight_day_curr_yr":83,"twentyeight_day_prev_yr":97,"twentyeight_day_pct_change":-14.43,"ytd_curr_yr":8,"ytd_prev_yr":8,"ytd_pct_change":0,"two_year_pct_change":-46.67,"six_year_pct_change":-20,"twentytwo_year_pct_change":-89.47},{"crime":"Transit","wtd_curr_yr":0,"wtd_prev_yr":0,"wtd_pct_change":null,"twentyeight_day_curr_yr":2,"twentyeight_day_prev_yr":1,"twentyeight_day_pct_change":100,"ytd_curr_yr":0,"ytd_prev_yr":0,"ytd_pct_change":null,"two_year_pct_change":null,"six_year_pct_change":null,"twentytwo_year_pct_change":null},{"crime":"Housing","wtd_curr_yr":2,"wtd_prev_yr":1,"wtd_pct_change":100,"twentyeight_day_curr_yr":3,"twentyeight_day_prev_yr":5,"twentyeight_day_pct_change":-40,"ytd_curr_yr":2,"ytd_prev_yr":1,"ytd_pct_change":100,"two_year_pct_change":null,"six_year_pct_change":100,"twentytwo_year_pct_change":null},{"crime":"Petit Larceny","wtd_curr_yr":11,"wtd_prev_yr":16,"wtd_pct_change":-31.2,"twentyeight_day_curr_yr":47,"twentyeight_day_prev_yr":68,"twentyeight_day_pct_change":-30.9,"ytd_curr_yr":5,"ytd_prev_yr":8,"ytd_pct_change":-37.5,"two_year_pct_change":-37.5,"six_year_pct_change":0,"twentytwo_year_pct_change":null},{"crime":"Misd. Assault","wtd_curr_yr":4,"wtd_prev_yr":12,"wtd_pct_change":-66.7,"twentyeight_day_curr_yr":21,"twentyeight_day_prev_yr":37,"twentyeight_day_pct_change":-43.2,"ytd_curr_yr":3,"ytd_prev_yr":4,"ytd_pct_change":-25,"two_year_pct_change":-40,"six_year_pct_change":-25,"twentytwo_year_pct_change":null},{"crime":"Misd. Sex Crimes","wtd_curr_yr":1,"wtd_prev_yr":0,"wtd_pct_change":null,"twentyeight_day_curr_yr":4,"twentyeight_day_prev_yr":2,"twentyeight_day_pct_change":100,"ytd_curr_yr":1,"ytd_prev_yr":0,"ytd_pct_change":null,"two_year_pct_change":null,"six_year_pct_change":null,"twentytwo_year_pct_change":null},{"crime":"Shooting Vic.","wtd_curr_yr":1,"wtd_prev_yr":0,"wtd_pct_change":null,"twentyeight_day_curr_yr":2,"twentyeight_day_prev_yr":0,"twentyeight_day_pct_change":null,"ytd_curr_yr":1,"ytd_prev_yr":0,"ytd_pct_change":null,"two_year_pct_change":null,"six_year_pct_change":null,"twentytwo_year_pct_change":0},{"crime":"Shooting Inc.","wtd_curr_yr":1,"wtd_prev_yr":0,"wtd_pct_change":null,"twentyeight_day_curr_yr":2,"twentyeight_day_prev_yr":0,"twentyeight_day_pct_change":null,"ytd_curr_yr":1,"ytd_prev_yr":0,"ytd_pct_change":null,"two_year_pct_change":null,"six_year_pct_change":null,"twentytwo_year_pct_change":0}],"historical":[{"yr_1990":14,"yr_1993":8,"yr_1998":5,"yr_2001":4,"yr_2014":1,"pct_change_14vs01":-75,"pct_change_14vs98":-80,"pct_change_14vs93":-87.5,"pct_change_14vs90":-92.9,"crime":"Murder"},{"yr_1990":24,"yr_1993":32,"yr_1998":30,"yr_2001":15,"yr_2014":24,"pct_change_14vs01":60,"pct_change_14vs98":-20,"pct_change_14vs93":-25,"pct_change_14vs90":0,"crime":"Rape"},{"yr_1990":1039,"yr_1993":514,"yr_1998":375,"yr_2001":192,"yr_2014":-48.8,"pct_change_14vs01":-62.6,"pct_change_14vs98":-81.5,"pct_change_14vs93":-78.5,"pct_change_14vs90":null,"crime":"Robbery 893"},{"yr_1990":260,"yr_1993":239,"yr_1998":226,"yr_2001":153,"yr_2014":117,"pct_change_14vs01":-23.5,"pct_change_14vs98":-48.2,"pct_change_14vs93":-51,"pct_change_14vs90":-55,"crime":"Fel. Assault"},{"yr_1990":2152,"yr_1993":1425,"yr_1998":862,"yr_2001":632,"yr_2014":171,"pct_change_14vs01":-72.9,"pct_change_14vs98":-80.2,"pct_change_14vs93":-88,"pct_change_14vs90":-92.1,"crime":"Burglary"},{"yr_1990":805,"yr_1993":616,"yr_1998":614,"yr_2001":572,"yr_2014":457,"pct_change_14vs01":-20.1,"pct_change_14vs98":-25.6,"pct_change_14vs93":-25.8,"pct_change_14vs90":-43.2,"crime":"Gr. Larceny"},{"yr_1990":5535,"yr_1993":4902,"yr_1998":1560,"yr_2001":802,"yr_2014":146,"pct_change_14vs01":-81.8,"pct_change_14vs98":-90.6,"pct_change_14vs93":-97,"pct_change_14vs90":-97.4,"crime":"G.L.A."},{"yr_1990":9683,"yr_1993":8261,"yr_1998":3811,"yr_2001":2553,"yr_2014":1108,"pct_change_14vs01":-56.6,"pct_change_14vs98":-70.93,"pct_change_14vs93":-86.59,"pct_change_14vs90":-88.56,"crime":"TOTAL"}]}