{"mayor":"Bill de Blasio","commissioner":"William J. Bratton","volume":21,"number":8,"precinct":"101st","startDate":"2014-02-17T05:00:00.000Z","endDate":"2014-02-23T05:00:00.000Z","crimes":[{"crime":"Murder","wtd_curr_yr":0,"wtd_prev_yr":0,"wtd_pct_change":null,"twentyeight_day_curr_yr":1,"twentyeight_day_prev_yr":0,"twentyeight_day_pct_change":null,"ytd_curr_yr":1,"ytd_prev_yr":1,"ytd_pct_change":0,"two_year_pct_change":0,"six_year_pct_change":0,"twentytwo_year_pct_change":-66.7},{"crime":"Rape","wtd_curr_yr":0,"wtd_prev_yr":0,"wtd_pct_change":null,"twentyeight_day_curr_yr":2,"twentyeight_day_prev_yr":1,"twentyeight_day_pct_change":100,"ytd_curr_yr":2,"ytd_prev_yr":2,"ytd_pct_change":0,"two_year_pct_change":-60,"six_year_pct_change":100,"twentytwo_year_pct_change":-50},{"crime":"Robbery","wtd_curr_yr":3,"wtd_prev_yr":3,"wtd_pct_change":0,"twentyeight_day_curr_yr":10,"twentyeight_day_prev_yr":9,"twentyeight_day_pct_change":11.1,"ytd_curr_yr":19,"ytd_prev_yr":21,"ytd_pct_change":-9.5,"two_year_pct_change":18.8,"six_year_pct_change":-52.5,"twentytwo_year_pct_change":-75.9},{"crime":"Fel. Assault","wtd_curr_yr":1,"wtd_prev_yr":5,"wtd_pct_change":-80,"twentyeight_day_curr_yr":19,"twentyeight_day_prev_yr":12,"twentyeight_day_pct_change":58.3,"ytd_curr_yr":33,"ytd_prev_yr":21,"ytd_pct_change":57.1,"two_year_pct_change":120,"six_year_pct_change":-8.3,"twentytwo_year_pct_change":-44.1},{"crime":"Burglary","wtd_curr_yr":1,"wtd_prev_yr":9,"wtd_pct_change":-88.9,"twentyeight_day_curr_yr":7,"twentyeight_day_prev_yr":22,"twentyeight_day_pct_change":-68.2,"ytd_curr_yr":23,"ytd_prev_yr":51,"ytd_pct_change":-54.9,"two_year_pct_change":43.8,"six_year_pct_change":-46.5,"twentytwo_year_pct_change":-68.5},{"crime":"Gr. Larceny","wtd_curr_yr":1,"wtd_prev_yr":3,"wtd_pct_change":-66.7,"twentyeight_day_curr_yr":14,"twentyeight_day_prev_yr":7,"twentyeight_day_pct_change":100,"ytd_curr_yr":27,"ytd_prev_yr":14,"ytd_pct_change":92.9,"two_year_pct_change":35,"six_year_pct_change":-3.6,"twentytwo_year_pct_change":-35.7},{"crime":"G.L.A.","wtd_curr_yr":3,"wtd_prev_yr":0,"wtd_pct_change":null,"twentyeight_day_curr_yr":5,"twentyeight_day_prev_yr":2,"twentyeight_day_pct_change":150,"ytd_curr_yr":14,"ytd_prev_yr":4,"ytd_pct_change":250,"two_year_pct_change":366.7,"six_year_pct_change":-26.3,"twentytwo_year_pct_change":-79.4},{"crime":"TOTAL","wtd_curr_yr":9,"wtd_prev_yr":20,"wtd_pct_change":-55,"twentyeight_day_curr_yr":58,"twentyeight_day_prev_yr":53,"twentyeight_day_pct_change":9.43,"ytd_curr_yr":119,"ytd_prev_yr":114,"ytd_pct_change":4.39,"two_year_pct_change":56.58,"six_year_pct_change":-29.17,"twentytwo_year_pct_change":-63.72},{"crime":"Petit Larceny","wtd_curr_yr":7,"wtd_prev_yr":12,"wtd_pct_change":-41.7,"twentyeight_day_curr_yr":39,"twentyeight_day_prev_yr":35,"twentyeight_day_pct_change":11.4,"ytd_curr_yr":87,"ytd_prev_yr":63,"ytd_pct_change":38.1,"two_year_pct_change":70.6,"six_year_pct_change":null,"twentytwo_year_pct_change":null},{"crime":"Misd. Assault","wtd_curr_yr":3,"wtd_prev_yr":10,"wtd_pct_change":-70,"twentyeight_day_curr_yr":27,"twentyeight_day_prev_yr":24,"twentyeight_day_pct_change":12.5,"ytd_curr_yr":55,"ytd_prev_yr":60,"ytd_pct_change":-8.3,"two_year_pct_change":1.9,"six_year_pct_change":null,"twentytwo_year_pct_change":null},{"crime":"Misd. Sex Crimes","wtd_curr_yr":0,"wtd_prev_yr":0,"wtd_pct_change":null,"twentyeight_day_curr_yr":0,"twentyeight_day_prev_yr":0,"twentyeight_day_pct_change":null,"ytd_curr_yr":1,"ytd_prev_yr":1,"ytd_pct_change":0,"two_year_pct_change":0,"six_year_pct_change":null,"twentytwo_year_pct_change":null},{"crime":"Shooting Vic.","wtd_curr_yr":1,"wtd_prev_yr":0,"wtd_pct_change":null,"twentyeight_day_curr_yr":1,"twentyeight_day_prev_yr":0,"twentyeight_day_pct_change":null,"ytd_curr_yr":1,"ytd_prev_yr":1,"ytd_pct_change":0,"two_year_pct_change":-66.7,"six_year_pct_change":0,"twentytwo_year_pct_change":-88.9},{"crime":"Shooting Inc.","wtd_curr_yr":1,"wtd_prev_yr":0,"wtd_pct_change":null,"twentyeight_day_curr_yr":1,"twentyeight_day_prev_yr":0,"twentyeight_day_pct_change":null,"ytd_curr_yr":1,"ytd_prev_yr":1,"ytd_pct_change":0,"two_year_pct_change":-66.7,"six_year_pct_change":0,"twentytwo_year_pct_change":-88.9}],"historical":[{"yr_1990":14,"yr_1993":16,"yr_1998":9,"yr_2001":6,"yr_2013":3,"pct_change_13vs01":-50,"pct_change_13vs98":-66.7,"pct_change_13vs93":-81.2,"pct_change_13vs90":-78.6,"crime":"Murder"},{"yr_1990":67,"yr_1993":42,"yr_1998":32,"yr_2001":17,"yr_2013":19,"pct_change_13vs01":11.8,"pct_change_13vs98":-40.6,"pct_change_13vs93":-54.8,"pct_change_13vs90":-71.6,"crime":"Rape"},{"yr_1990":826,"yr_1993":710,"yr_1998":413,"yr_2001":247,"yr_2013":148,"pct_change_13vs01":-40.1,"pct_change_13vs98":-64.2,"pct_change_13vs93":-79.2,"pct_change_13vs90":-82.1,"crime":"Robbery"},{"yr_1990":588,"yr_1993":524,"yr_1998":418,"yr_2001":301,"yr_2013":212,"pct_change_13vs01":-29.6,"pct_change_13vs98":-49.3,"pct_change_13vs93":-59.5,"pct_change_13vs90":-63.9,"crime":"Fel. Assault"},{"yr_1990":825,"yr_1993":768,"yr_1998":370,"yr_2001":216,"yr_2013":227,"pct_change_13vs01":5.1,"pct_change_13vs98":-38.6,"pct_change_13vs93":-70.4,"pct_change_13vs90":-72.5,"crime":"Burglary"},{"yr_1990":362,"yr_1993":330,"yr_1998":203,"yr_2001":189,"yr_2013":182,"pct_change_13vs01":-3.7,"pct_change_13vs98":-10.3,"pct_change_13vs93":-44.8,"pct_change_13vs90":-49.7,"crime":"Gr. Larceny"},{"yr_1990":719,"yr_1993":460,"yr_1998":184,"yr_2001":158,"yr_2013":61,"pct_change_13vs01":-61.4,"pct_change_13vs98":-66.8,"pct_change_13vs93":-86.7,"pct_change_13vs90":-91.5,"crime":"G.L.A."},{"yr_1990":3401,"yr_1993":2850,"yr_1998":1629,"yr_2001":1134,"yr_2013":852,"pct_change_13vs01":-24.87,"pct_change_13vs98":-47.7,"pct_change_13vs93":-70.11,"pct_change_13vs90":-74.95,"crime":"TOTAL"}]}