{"mayor":"Bill de Blasio","commissioner":"William J. Bratton","volume":21,"number":38,"precinct":"102nd","startDate":"2014-09-15T04:00:00.000Z","endDate":"2014-09-21T04:00:00.000Z","crimes":[{"crime":"Murder","wtd_curr_yr":0,"wtd_prev_yr":0,"wtd_pct_change":null,"twentyeight_day_curr_yr":0,"twentyeight_day_prev_yr":0,"twentyeight_day_pct_change":null,"ytd_curr_yr":2,"ytd_prev_yr":5,"ytd_pct_change":-60,"two_year_pct_change":-60,"six_year_pct_change":-50,"twentytwo_year_pct_change":-50},{"crime":"Rape","wtd_curr_yr":0,"wtd_prev_yr":0,"wtd_pct_change":null,"twentyeight_day_curr_yr":1,"twentyeight_day_prev_yr":4,"twentyeight_day_pct_change":-75,"ytd_curr_yr":12,"ytd_prev_yr":21,"ytd_pct_change":-42.9,"two_year_pct_change":-40,"six_year_pct_change":-20,"twentytwo_year_pct_change":-47.8},{"crime":"Robbery","wtd_curr_yr":2,"wtd_prev_yr":8,"wtd_pct_change":-75,"twentyeight_day_curr_yr":13,"twentyeight_day_prev_yr":23,"twentyeight_day_pct_change":-43.5,"ytd_curr_yr":163,"ytd_prev_yr":210,"ytd_pct_change":-22.4,"two_year_pct_change":-23.5,"six_year_pct_change":-11.9,"twentytwo_year_pct_change":-80.6},{"crime":"Fel. Assault","wtd_curr_yr":1,"wtd_prev_yr":4,"wtd_pct_change":-75,"twentyeight_day_curr_yr":7,"twentyeight_day_prev_yr":27,"twentyeight_day_pct_change":-74.1,"ytd_curr_yr":173,"ytd_prev_yr":230,"ytd_pct_change":-24.8,"two_year_pct_change":-1.7,"six_year_pct_change":-1.1,"twentytwo_year_pct_change":-33.2},{"crime":"Burglary","wtd_curr_yr":2,"wtd_prev_yr":10,"wtd_pct_change":-80,"twentyeight_day_curr_yr":19,"twentyeight_day_prev_yr":34,"twentyeight_day_pct_change":-44.1,"ytd_curr_yr":213,"ytd_prev_yr":215,"ytd_pct_change":-0.9,"two_year_pct_change":-7,"six_year_pct_change":-13.8,"twentytwo_year_pct_change":-79.4},{"crime":"Gr. Larceny","wtd_curr_yr":7,"wtd_prev_yr":10,"wtd_pct_change":-30,"twentyeight_day_curr_yr":28,"twentyeight_day_prev_yr":37,"twentyeight_day_pct_change":-24.3,"ytd_curr_yr":365,"ytd_prev_yr":324,"ytd_pct_change":12.7,"two_year_pct_change":10.9,"six_year_pct_change":15.1,"twentytwo_year_pct_change":-11},{"crime":"G.L.A.","wtd_curr_yr":8,"wtd_prev_yr":1,"wtd_pct_change":700,"twentyeight_day_curr_yr":22,"twentyeight_day_prev_yr":19,"twentyeight_day_pct_change":15.8,"ytd_curr_yr":171,"ytd_prev_yr":177,"ytd_pct_change":-3.4,"two_year_pct_change":2.4,"six_year_pct_change":-0.6,"twentytwo_year_pct_change":-93.2},{"crime":"TOTAL","wtd_curr_yr":20,"wtd_prev_yr":33,"wtd_pct_change":-39.39,"twentyeight_day_curr_yr":90,"twentyeight_day_prev_yr":144,"twentyeight_day_pct_change":-37.5,"ytd_curr_yr":1099,"ytd_prev_yr":1182,"ytd_pct_change":-7.02,"two_year_pct_change":-3.51,"six_year_pct_change":-1.43,"twentytwo_year_pct_change":-78.33},{"crime":"Transit","wtd_curr_yr":1,"wtd_prev_yr":2,"wtd_pct_change":-50,"twentyeight_day_curr_yr":1,"twentyeight_day_prev_yr":3,"twentyeight_day_pct_change":-66.7,"ytd_curr_yr":13,"ytd_prev_yr":12,"ytd_pct_change":8.3,"two_year_pct_change":-31.6,"six_year_pct_change":-7.1,"twentytwo_year_pct_change":null},{"crime":"Housing","wtd_curr_yr":0,"wtd_prev_yr":0,"wtd_pct_change":null,"twentyeight_day_curr_yr":0,"twentyeight_day_prev_yr":0,"twentyeight_day_pct_change":null,"ytd_curr_yr":0,"ytd_prev_yr":0,"ytd_pct_change":null,"two_year_pct_change":null,"six_year_pct_change":null,"twentytwo_year_pct_change":null},{"crime":"Petit Larceny","wtd_curr_yr":14,"wtd_prev_yr":26,"wtd_pct_change":-46.2,"twentyeight_day_curr_yr":70,"twentyeight_day_prev_yr":82,"twentyeight_day_pct_change":-14.6,"ytd_curr_yr":759,"ytd_prev_yr":655,"ytd_pct_change":15.9,"two_year_pct_change":8.3,"six_year_pct_change":22,"twentytwo_year_pct_change":null},{"crime":"Misd. Assault","wtd_curr_yr":16,"wtd_prev_yr":11,"wtd_pct_change":45.5,"twentyeight_day_curr_yr":51,"twentyeight_day_prev_yr":45,"twentyeight_day_pct_change":13.3,"ytd_curr_yr":429,"ytd_prev_yr":414,"ytd_pct_change":3.6,"two_year_pct_change":-11.2,"six_year_pct_change":-6.1,"twentytwo_year_pct_change":null},{"crime":"Misd. Sex Crimes","wtd_curr_yr":0,"wtd_prev_yr":0,"wtd_pct_change":null,"twentyeight_day_curr_yr":2,"twentyeight_day_prev_yr":2,"twentyeight_day_pct_change":0,"ytd_curr_yr":22,"ytd_prev_yr":19,"ytd_pct_change":15.8,"two_year_pct_change":46.7,"six_year_pct_change":-15.4,"twentytwo_year_pct_change":null},{"crime":"Shooting Vic.","wtd_curr_yr":0,"wtd_prev_yr":0,"wtd_pct_change":null,"twentyeight_day_curr_yr":0,"twentyeight_day_prev_yr":0,"twentyeight_day_pct_change":null,"ytd_curr_yr":5,"ytd_prev_yr":6,"ytd_pct_change":-16.7,"two_year_pct_change":-16.7,"six_year_pct_change":-54.5,"twentytwo_year_pct_change":-78.3},{"crime":"Shooting Inc.","wtd_curr_yr":0,"wtd_prev_yr":0,"wtd_pct_change":null,"twentyeight_day_curr_yr":0,"twentyeight_day_prev_yr":0,"twentyeight_day_pct_change":null,"ytd_curr_yr":5,"ytd_prev_yr":6,"ytd_pct_change":-16.7,"two_year_pct_change":-16.7,"six_year_pct_change":-50,"twentytwo_year_pct_change":-73.7}],"historical":[{"yr_1990":6,"yr_1993":12,"yr_1998":3,"yr_2001":2,"yr_2013":7,"pct_change_13vs01":250,"pct_change_13vs98":133.3,"pct_change_13vs93":-41.7,"pct_change_13vs90":16.7,"crime":"Murder"},{"yr_1990":29,"yr_1993":34,"yr_1998":23,"yr_2001":21,"yr_2013":24,"pct_change_13vs01":14.3,"pct_change_13vs98":4.3,"pct_change_13vs93":-29.4,"pct_change_13vs90":-17.2,"crime":"Rape"},{"yr_1990":1067,"yr_1993":1238,"yr_1998":672,"yr_2001":459,"yr_2013":311,"pct_change_13vs01":-32.2,"pct_change_13vs98":-53.7,"pct_change_13vs93":-74.9,"pct_change_13vs90":-70.9,"crime":"Robbery"},{"yr_1990":345,"yr_1993":362,"yr_1998":440,"yr_2001":309,"yr_2013":323,"pct_change_13vs01":4.5,"pct_change_13vs98":-26.6,"pct_change_13vs93":-10.8,"pct_change_13vs90":-6.4,"crime":"Fel. Assault"},{"yr_1990":1847,"yr_1993":1503,"yr_1998":965,"yr_2001":622,"yr_2013":288,"pct_change_13vs01":-53.7,"pct_change_13vs98":-70.2,"pct_change_13vs93":-80.8,"pct_change_13vs90":-84.4,"crime":"Burglary"},{"yr_1990":721,"yr_1993":583,"yr_1998":538,"yr_2001":378,"yr_2013":490,"pct_change_13vs01":29.6,"pct_change_13vs98":-8.9,"pct_change_13vs93":-16,"pct_change_13vs90":-32,"crime":"Gr. Larceny"},{"yr_1990":4145,"yr_1993":3495,"yr_1998":1303,"yr_2001":803,"yr_2013":252,"pct_change_13vs01":-68.6,"pct_change_13vs98":-80.7,"pct_change_13vs93":-92.8,"pct_change_13vs90":-93.9,"crime":"G.L.A."},{"yr_1990":8160,"yr_1993":7227,"yr_1998":3944,"yr_2001":2594,"yr_2013":1695,"pct_change_13vs01":-34.66,"pct_change_13vs98":-57.02,"pct_change_13vs93":-76.55,"pct_change_13vs90":-79.23,"crime":"TOTAL"}]}