{"mayor":"Bill de Blasio","commissioner":"William J. Bratton","volume":21,"number":38,"precinct":"103rd","startDate":"2014-09-15T04:00:00.000Z","endDate":"2014-09-21T04:00:00.000Z","crimes":[{"crime":"Murder","wtd_curr_yr":0,"wtd_prev_yr":0,"wtd_pct_change":null,"twentyeight_day_curr_yr":0,"twentyeight_day_prev_yr":0,"twentyeight_day_pct_change":null,"ytd_curr_yr":7,"ytd_prev_yr":7,"ytd_pct_change":0,"two_year_pct_change":-30,"six_year_pct_change":-22.2,"twentytwo_year_pct_change":-68.2},{"crime":"Rape","wtd_curr_yr":0,"wtd_prev_yr":1,"wtd_pct_change":-100,"twentyeight_day_curr_yr":2,"twentyeight_day_prev_yr":6,"twentyeight_day_pct_change":-66.7,"ytd_curr_yr":13,"ytd_prev_yr":30,"ytd_pct_change":-56.7,"two_year_pct_change":-48,"six_year_pct_change":-40.9,"twentytwo_year_pct_change":-75},{"crime":"Robbery","wtd_curr_yr":8,"wtd_prev_yr":10,"wtd_pct_change":-20,"twentyeight_day_curr_yr":37,"twentyeight_day_prev_yr":36,"twentyeight_day_pct_change":2.8,"ytd_curr_yr":255,"ytd_prev_yr":333,"ytd_pct_change":-23.4,"two_year_pct_change":-18,"six_year_pct_change":9.4,"twentytwo_year_pct_change":-78.4},{"crime":"Fel. Assault","wtd_curr_yr":7,"wtd_prev_yr":2,"wtd_pct_change":250,"twentyeight_day_curr_yr":31,"twentyeight_day_prev_yr":24,"twentyeight_day_pct_change":29.2,"ytd_curr_yr":294,"ytd_prev_yr":263,"ytd_pct_change":11.8,"two_year_pct_change":-1,"six_year_pct_change":7.7,"twentytwo_year_pct_change":-53.4},{"crime":"Burglary","wtd_curr_yr":7,"wtd_prev_yr":5,"wtd_pct_change":40,"twentyeight_day_curr_yr":19,"twentyeight_day_prev_yr":18,"twentyeight_day_pct_change":5.6,"ytd_curr_yr":168,"ytd_prev_yr":212,"ytd_pct_change":-20.8,"two_year_pct_change":-28.5,"six_year_pct_change":-20,"twentytwo_year_pct_change":-80.1},{"crime":"Gr. Larceny","wtd_curr_yr":8,"wtd_prev_yr":9,"wtd_pct_change":-11.1,"twentyeight_day_curr_yr":30,"twentyeight_day_prev_yr":45,"twentyeight_day_pct_change":-33.3,"ytd_curr_yr":347,"ytd_prev_yr":331,"ytd_pct_change":4.8,"two_year_pct_change":0.9,"six_year_pct_change":7.1,"twentytwo_year_pct_change":-60.1},{"crime":"G.L.A.","wtd_curr_yr":0,"wtd_prev_yr":5,"wtd_pct_change":-100,"twentyeight_day_curr_yr":7,"twentyeight_day_prev_yr":23,"twentyeight_day_pct_change":-69.6,"ytd_curr_yr":99,"ytd_prev_yr":125,"ytd_pct_change":-20.8,"two_year_pct_change":-20.8,"six_year_pct_change":-23.8,"twentytwo_year_pct_change":-91.1},{"crime":"TOTAL","wtd_curr_yr":30,"wtd_prev_yr":32,"wtd_pct_change":-6.25,"twentyeight_day_curr_yr":126,"twentyeight_day_prev_yr":152,"twentyeight_day_pct_change":-17.11,"ytd_curr_yr":1183,"ytd_prev_yr":1301,"ytd_pct_change":-9.07,"two_year_pct_change":-12.18,"six_year_pct_change":-1.5,"twentytwo_year_pct_change":-74.89},{"crime":"Transit","wtd_curr_yr":0,"wtd_prev_yr":1,"wtd_pct_change":-100,"twentyeight_day_curr_yr":1,"twentyeight_day_prev_yr":5,"twentyeight_day_pct_change":-80,"ytd_curr_yr":18,"ytd_prev_yr":27,"ytd_pct_change":-33.3,"two_year_pct_change":-25,"six_year_pct_change":200,"twentytwo_year_pct_change":null},{"crime":"Housing","wtd_curr_yr":0,"wtd_prev_yr":0,"wtd_pct_change":null,"twentyeight_day_curr_yr":3,"twentyeight_day_prev_yr":2,"twentyeight_day_pct_change":50,"ytd_curr_yr":21,"ytd_prev_yr":28,"ytd_pct_change":-25,"two_year_pct_change":-40,"six_year_pct_change":5,"twentytwo_year_pct_change":null},{"crime":"Petit Larceny","wtd_curr_yr":20,"wtd_prev_yr":18,"wtd_pct_change":11.1,"twentyeight_day_curr_yr":88,"twentyeight_day_prev_yr":97,"twentyeight_day_pct_change":-9.3,"ytd_curr_yr":867,"ytd_prev_yr":801,"ytd_pct_change":8.2,"two_year_pct_change":15.8,"six_year_pct_change":15.9,"twentytwo_year_pct_change":null},{"crime":"Misd. Assault","wtd_curr_yr":22,"wtd_prev_yr":14,"wtd_pct_change":57.1,"twentyeight_day_curr_yr":75,"twentyeight_day_prev_yr":66,"twentyeight_day_pct_change":13.6,"ytd_curr_yr":672,"ytd_prev_yr":699,"ytd_pct_change":-3.9,"two_year_pct_change":13.5,"six_year_pct_change":27.8,"twentytwo_year_pct_change":null},{"crime":"Misd. Sex Crimes","wtd_curr_yr":0,"wtd_prev_yr":0,"wtd_pct_change":null,"twentyeight_day_curr_yr":1,"twentyeight_day_prev_yr":1,"twentyeight_day_pct_change":0,"ytd_curr_yr":26,"ytd_prev_yr":21,"ytd_pct_change":23.8,"two_year_pct_change":-18.8,"six_year_pct_change":-10.3,"twentytwo_year_pct_change":null},{"crime":"Shooting Vic.","wtd_curr_yr":0,"wtd_prev_yr":0,"wtd_pct_change":null,"twentyeight_day_curr_yr":0,"twentyeight_day_prev_yr":5,"twentyeight_day_pct_change":-100,"ytd_curr_yr":17,"ytd_prev_yr":25,"ytd_pct_change":-32,"two_year_pct_change":-54.1,"six_year_pct_change":-46.9,"twentytwo_year_pct_change":-84.7},{"crime":"Shooting Inc.","wtd_curr_yr":0,"wtd_prev_yr":0,"wtd_pct_change":null,"twentyeight_day_curr_yr":0,"twentyeight_day_prev_yr":5,"twentyeight_day_pct_change":-100,"ytd_curr_yr":13,"ytd_prev_yr":23,"ytd_pct_change":-43.5,"two_year_pct_change":-60.6,"six_year_pct_change":-48,"twentytwo_year_pct_change":-87.3}],"historical":[{"yr_1990":38,"yr_1993":28,"yr_1998":16,"yr_2001":10,"yr_2013":8,"pct_change_13vs01":-20,"pct_change_13vs98":-50,"pct_change_13vs93":-71.4,"pct_change_13vs90":-78.9,"crime":"Murder"},{"yr_1990":60,"yr_1993":74,"yr_1998":45,"yr_2001":27,"yr_2013":37,"pct_change_13vs01":37,"pct_change_13vs98":-17.8,"pct_change_13vs93":-50,"pct_change_13vs90":-38.3,"crime":"Rape"},{"yr_1990":1846,"yr_1993":1742,"yr_1998":751,"yr_2001":530,"yr_2013":438,"pct_change_13vs01":-17.4,"pct_change_13vs98":-41.7,"pct_change_13vs93":-74.9,"pct_change_13vs90":-76.3,"crime":"Robbery"},{"yr_1990":958,"yr_1993":853,"yr_1998":611,"yr_2001":406,"yr_2013":369,"pct_change_13vs01":-9.1,"pct_change_13vs98":-39.6,"pct_change_13vs93":-56.7,"pct_change_13vs90":-61.5,"crime":"Fel. Assault"},{"yr_1990":1592,"yr_1993":1166,"yr_1998":598,"yr_2001":449,"yr_2013":300,"pct_change_13vs01":-33.2,"pct_change_13vs98":-49.8,"pct_change_13vs93":-74.3,"pct_change_13vs90":-81.2,"crime":"Burglary"},{"yr_1990":1277,"yr_1993":1214,"yr_1998":578,"yr_2001":587,"yr_2013":487,"pct_change_13vs01":-17,"pct_change_13vs98":-15.7,"pct_change_13vs93":-59.9,"pct_change_13vs90":-61.9,"crime":"Gr. Larceny"},{"yr_1990":1889,"yr_1993":1591,"yr_1998":602,"yr_2001":472,"yr_2013":172,"pct_change_13vs01":-63.6,"pct_change_13vs98":-71.4,"pct_change_13vs93":-89.2,"pct_change_13vs90":-90.9,"crime":"G.L.A."},{"yr_1990":7660,"yr_1993":6668,"yr_1998":3201,"yr_2001":2481,"yr_2013":1811,"pct_change_13vs01":-27.01,"pct_change_13vs98":-43.42,"pct_change_13vs93":-72.84,"pct_change_13vs90":-76.36,"crime":"TOTAL"}]}