{"mayor":"Bill de Blasio","commissioner":"William J. Bratton","volume":21,"number":36,"precinct":"103rd","startDate":"2014-09-01T04:00:00.000Z","endDate":"2014-09-07T04:00:00.000Z","crimes":[{"crime":"Murder","wtd_curr_yr":0,"wtd_prev_yr":0,"wtd_pct_change":null,"twentyeight_day_curr_yr":0,"twentyeight_day_prev_yr":0,"twentyeight_day_pct_change":null,"ytd_curr_yr":7,"ytd_prev_yr":7,"ytd_pct_change":0,"two_year_pct_change":-30,"six_year_pct_change":-22.2,"twentytwo_year_pct_change":-65},{"crime":"Rape","wtd_curr_yr":2,"wtd_prev_yr":2,"wtd_pct_change":0,"twentyeight_day_curr_yr":2,"twentyeight_day_prev_yr":4,"twentyeight_day_pct_change":-50,"ytd_curr_yr":13,"ytd_prev_yr":27,"ytd_pct_change":-51.9,"two_year_pct_change":-38.1,"six_year_pct_change":-35,"twentytwo_year_pct_change":-74},{"crime":"Robbery","wtd_curr_yr":11,"wtd_prev_yr":12,"wtd_pct_change":-8.3,"twentyeight_day_curr_yr":30,"twentyeight_day_prev_yr":40,"twentyeight_day_pct_change":-25,"ytd_curr_yr":239,"ytd_prev_yr":316,"ytd_pct_change":-24.4,"two_year_pct_change":-20.3,"six_year_pct_change":10.1,"twentytwo_year_pct_change":-78.6},{"crime":"Fel. Assault","wtd_curr_yr":10,"wtd_prev_yr":6,"wtd_pct_change":66.7,"twentyeight_day_curr_yr":39,"twentyeight_day_prev_yr":29,"twentyeight_day_pct_change":34.5,"ytd_curr_yr":279,"ytd_prev_yr":254,"ytd_pct_change":9.8,"two_year_pct_change":1.8,"six_year_pct_change":10.3,"twentytwo_year_pct_change":-52.6},{"crime":"Burglary","wtd_curr_yr":3,"wtd_prev_yr":1,"wtd_pct_change":200,"twentyeight_day_curr_yr":20,"twentyeight_day_prev_yr":20,"twentyeight_day_pct_change":0,"ytd_curr_yr":157,"ytd_prev_yr":202,"ytd_pct_change":-22.3,"two_year_pct_change":-30.2,"six_year_pct_change":-21.1,"twentytwo_year_pct_change":-80.3},{"crime":"Gr. Larceny","wtd_curr_yr":6,"wtd_prev_yr":11,"wtd_pct_change":-45.5,"twentyeight_day_curr_yr":35,"twentyeight_day_prev_yr":38,"twentyeight_day_pct_change":-7.9,"ytd_curr_yr":335,"ytd_prev_yr":309,"ytd_pct_change":8.4,"two_year_pct_change":3.1,"six_year_pct_change":6.7,"twentytwo_year_pct_change":-59.3},{"crime":"G.L.A.","wtd_curr_yr":2,"wtd_prev_yr":6,"wtd_pct_change":-66.7,"twentyeight_day_curr_yr":11,"twentyeight_day_prev_yr":18,"twentyeight_day_pct_change":-38.9,"ytd_curr_yr":97,"ytd_prev_yr":115,"ytd_pct_change":-15.7,"two_year_pct_change":-19.8,"six_year_pct_change":-20.5,"twentytwo_year_pct_change":-90.7},{"crime":"TOTAL","wtd_curr_yr":34,"wtd_prev_yr":38,"wtd_pct_change":-10.53,"twentyeight_day_curr_yr":137,"twentyeight_day_prev_yr":149,"twentyeight_day_pct_change":-8.05,"ytd_curr_yr":1127,"ytd_prev_yr":1230,"ytd_pct_change":-8.37,"two_year_pct_change":-11.68,"six_year_pct_change":-0.62,"twentytwo_year_pct_change":-74.63},{"crime":"Transit","wtd_curr_yr":0,"wtd_prev_yr":1,"wtd_pct_change":-100,"twentyeight_day_curr_yr":1,"twentyeight_day_prev_yr":3,"twentyeight_day_pct_change":-66.7,"ytd_curr_yr":17,"ytd_prev_yr":24,"ytd_pct_change":-29.2,"two_year_pct_change":-15,"six_year_pct_change":183.3,"twentytwo_year_pct_change":null},{"crime":"Housing","wtd_curr_yr":1,"wtd_prev_yr":1,"wtd_pct_change":0,"twentyeight_day_curr_yr":3,"twentyeight_day_prev_yr":5,"twentyeight_day_pct_change":-40,"ytd_curr_yr":20,"ytd_prev_yr":27,"ytd_pct_change":-25.9,"two_year_pct_change":-41.2,"six_year_pct_change":11.1,"twentytwo_year_pct_change":null},{"crime":"Petit Larceny","wtd_curr_yr":25,"wtd_prev_yr":18,"wtd_pct_change":38.9,"twentyeight_day_curr_yr":98,"twentyeight_day_prev_yr":109,"twentyeight_day_pct_change":-10.1,"ytd_curr_yr":822,"ytd_prev_yr":748,"ytd_pct_change":9.9,"two_year_pct_change":15.1,"six_year_pct_change":17.1,"twentytwo_year_pct_change":null},{"crime":"Misd. Assault","wtd_curr_yr":20,"wtd_prev_yr":19,"wtd_pct_change":5.3,"twentyeight_day_curr_yr":71,"twentyeight_day_prev_yr":70,"twentyeight_day_pct_change":1.4,"ytd_curr_yr":631,"ytd_prev_yr":670,"ytd_pct_change":-5.8,"two_year_pct_change":13.3,"six_year_pct_change":28.8,"twentytwo_year_pct_change":null},{"crime":"Misd. Sex Crimes","wtd_curr_yr":1,"wtd_prev_yr":0,"wtd_pct_change":null,"twentyeight_day_curr_yr":3,"twentyeight_day_prev_yr":1,"twentyeight_day_pct_change":200,"ytd_curr_yr":26,"ytd_prev_yr":20,"ytd_pct_change":30,"two_year_pct_change":-10.3,"six_year_pct_change":-7.1,"twentytwo_year_pct_change":null},{"crime":"Shooting Vic.","wtd_curr_yr":0,"wtd_prev_yr":1,"wtd_pct_change":-100,"twentyeight_day_curr_yr":3,"twentyeight_day_prev_yr":4,"twentyeight_day_pct_change":-25,"ytd_curr_yr":17,"ytd_prev_yr":23,"ytd_pct_change":-26.1,"two_year_pct_change":-50,"six_year_pct_change":-39.3,"twentytwo_year_pct_change":-84},{"crime":"Shooting Inc.","wtd_curr_yr":0,"wtd_prev_yr":1,"wtd_pct_change":-100,"twentyeight_day_curr_yr":3,"twentyeight_day_prev_yr":4,"twentyeight_day_pct_change":-25,"ytd_curr_yr":13,"ytd_prev_yr":21,"ytd_pct_change":-38.1,"two_year_pct_change":-58.1,"six_year_pct_change":-38.1,"twentytwo_year_pct_change":-86.7}],"historical":[{"yr_1990":38,"yr_1993":28,"yr_1998":16,"yr_2001":10,"yr_2013":8,"pct_change_13vs01":-20,"pct_change_13vs98":-50,"pct_change_13vs93":-71.4,"pct_change_13vs90":-78.9,"crime":"Murder"},{"yr_1990":60,"yr_1993":74,"yr_1998":45,"yr_2001":27,"yr_2013":37,"pct_change_13vs01":37,"pct_change_13vs98":-17.8,"pct_change_13vs93":-50,"pct_change_13vs90":-38.3,"crime":"Rape"},{"yr_1990":1846,"yr_1993":1742,"yr_1998":751,"yr_2001":530,"yr_2013":438,"pct_change_13vs01":-17.4,"pct_change_13vs98":-41.7,"pct_change_13vs93":-74.9,"pct_change_13vs90":-76.3,"crime":"Robbery"},{"yr_1990":958,"yr_1993":853,"yr_1998":611,"yr_2001":406,"yr_2013":369,"pct_change_13vs01":-9.1,"pct_change_13vs98":-39.6,"pct_change_13vs93":-56.7,"pct_change_13vs90":-61.5,"crime":"Fel. Assault"},{"yr_1990":1592,"yr_1993":1166,"yr_1998":598,"yr_2001":449,"yr_2013":300,"pct_change_13vs01":-33.2,"pct_change_13vs98":-49.8,"pct_change_13vs93":-74.3,"pct_change_13vs90":-81.2,"crime":"Burglary"},{"yr_1990":1277,"yr_1993":1214,"yr_1998":578,"yr_2001":587,"yr_2013":487,"pct_change_13vs01":-17,"pct_change_13vs98":-15.7,"pct_change_13vs93":-59.9,"pct_change_13vs90":-61.9,"crime":"Gr. Larceny"},{"yr_1990":1889,"yr_1993":1591,"yr_1998":602,"yr_2001":472,"yr_2013":172,"pct_change_13vs01":-63.6,"pct_change_13vs98":-71.4,"pct_change_13vs93":-89.2,"pct_change_13vs90":-90.9,"crime":"G.L.A."},{"yr_1990":7660,"yr_1993":6668,"yr_1998":3201,"yr_2001":2481,"yr_2013":1811,"pct_change_13vs01":-27.01,"pct_change_13vs98":-43.42,"pct_change_13vs93":-72.84,"pct_change_13vs90":-76.36,"crime":"TOTAL"}]}