{"mayor":"Bill de Blasio","commissioner":"William J. Bratton","volume":21,"number":41,"precinct":"106th","startDate":"2014-10-06T04:00:00.000Z","endDate":"2014-10-12T04:00:00.000Z","crimes":[{"crime":"Murder","wtd_curr_yr":0,"wtd_prev_yr":0,"wtd_pct_change":null,"twentyeight_day_curr_yr":1,"twentyeight_day_prev_yr":0,"twentyeight_day_pct_change":null,"ytd_curr_yr":2,"ytd_prev_yr":4,"ytd_pct_change":-50,"two_year_pct_change":0,"six_year_pct_change":-33.3,"twentytwo_year_pct_change":-88.2},{"crime":"Rape","wtd_curr_yr":2,"wtd_prev_yr":1,"wtd_pct_change":100,"twentyeight_day_curr_yr":4,"twentyeight_day_prev_yr":1,"twentyeight_day_pct_change":300,"ytd_curr_yr":21,"ytd_prev_yr":14,"ytd_pct_change":50,"two_year_pct_change":61.5,"six_year_pct_change":320,"twentytwo_year_pct_change":-22.2},{"crime":"Robbery","wtd_curr_yr":7,"wtd_prev_yr":7,"wtd_pct_change":0,"twentyeight_day_curr_yr":17,"twentyeight_day_prev_yr":25,"twentyeight_day_pct_change":-32,"ytd_curr_yr":200,"ytd_prev_yr":219,"ytd_pct_change":-8.7,"two_year_pct_change":-20.6,"six_year_pct_change":12.4,"twentytwo_year_pct_change":-70.5},{"crime":"Fel. Assault","wtd_curr_yr":2,"wtd_prev_yr":2,"wtd_pct_change":0,"twentyeight_day_curr_yr":15,"twentyeight_day_prev_yr":14,"twentyeight_day_pct_change":7.1,"ytd_curr_yr":182,"ytd_prev_yr":188,"ytd_pct_change":-3.2,"two_year_pct_change":16.7,"six_year_pct_change":24.7,"twentytwo_year_pct_change":-44.7},{"crime":"Burglary","wtd_curr_yr":2,"wtd_prev_yr":8,"wtd_pct_change":-75,"twentyeight_day_curr_yr":15,"twentyeight_day_prev_yr":30,"twentyeight_day_pct_change":-50,"ytd_curr_yr":194,"ytd_prev_yr":283,"ytd_pct_change":-31.4,"two_year_pct_change":-31.4,"six_year_pct_change":-19.8,"twentytwo_year_pct_change":-78.5},{"crime":"Gr. Larceny","wtd_curr_yr":11,"wtd_prev_yr":19,"wtd_pct_change":-42.1,"twentyeight_day_curr_yr":46,"twentyeight_day_prev_yr":52,"twentyeight_day_pct_change":-11.5,"ytd_curr_yr":394,"ytd_prev_yr":383,"ytd_pct_change":2.9,"two_year_pct_change":5.6,"six_year_pct_change":33.6,"twentytwo_year_pct_change":-13.2},{"crime":"G.L.A.","wtd_curr_yr":3,"wtd_prev_yr":4,"wtd_pct_change":-25,"twentyeight_day_curr_yr":20,"twentyeight_day_prev_yr":25,"twentyeight_day_pct_change":-20,"ytd_curr_yr":184,"ytd_prev_yr":141,"ytd_pct_change":30.5,"two_year_pct_change":5.7,"six_year_pct_change":-11.5,"twentytwo_year_pct_change":-92.8},{"crime":"TOTAL","wtd_curr_yr":27,"wtd_prev_yr":41,"wtd_pct_change":-34.15,"twentyeight_day_curr_yr":118,"twentyeight_day_prev_yr":147,"twentyeight_day_pct_change":-19.73,"ytd_curr_yr":1177,"ytd_prev_yr":1232,"ytd_pct_change":-4.46,"two_year_pct_change":-6.07,"six_year_pct_change":9.29,"twentytwo_year_pct_change":-76.22},{"crime":"Transit","wtd_curr_yr":1,"wtd_prev_yr":0,"wtd_pct_change":null,"twentyeight_day_curr_yr":1,"twentyeight_day_prev_yr":3,"twentyeight_day_pct_change":-66.7,"ytd_curr_yr":22,"ytd_prev_yr":29,"ytd_pct_change":-24.1,"two_year_pct_change":-31.2,"six_year_pct_change":69.2,"twentytwo_year_pct_change":null},{"crime":"Housing","wtd_curr_yr":0,"wtd_prev_yr":0,"wtd_pct_change":null,"twentyeight_day_curr_yr":0,"twentyeight_day_prev_yr":0,"twentyeight_day_pct_change":null,"ytd_curr_yr":0,"ytd_prev_yr":0,"ytd_pct_change":null,"two_year_pct_change":null,"six_year_pct_change":null,"twentytwo_year_pct_change":null},{"crime":"Petit Larceny","wtd_curr_yr":17,"wtd_prev_yr":26,"wtd_pct_change":-34.6,"twentyeight_day_curr_yr":67,"twentyeight_day_prev_yr":91,"twentyeight_day_pct_change":-26.4,"ytd_curr_yr":706,"ytd_prev_yr":579,"ytd_pct_change":21.9,"two_year_pct_change":-7.5,"six_year_pct_change":9.6,"twentytwo_year_pct_change":null},{"crime":"Misd. Assault","wtd_curr_yr":6,"wtd_prev_yr":7,"wtd_pct_change":-14.3,"twentyeight_day_curr_yr":36,"twentyeight_day_prev_yr":30,"twentyeight_day_pct_change":20,"ytd_curr_yr":391,"ytd_prev_yr":359,"ytd_pct_change":8.9,"two_year_pct_change":-1.8,"six_year_pct_change":6,"twentytwo_year_pct_change":null},{"crime":"Misd. Sex Crimes","wtd_curr_yr":0,"wtd_prev_yr":0,"wtd_pct_change":null,"twentyeight_day_curr_yr":2,"twentyeight_day_prev_yr":0,"twentyeight_day_pct_change":null,"ytd_curr_yr":15,"ytd_prev_yr":18,"ytd_pct_change":-16.7,"two_year_pct_change":-21.1,"six_year_pct_change":-21.1,"twentytwo_year_pct_change":null},{"crime":"Shooting Vic.","wtd_curr_yr":0,"wtd_prev_yr":0,"wtd_pct_change":null,"twentyeight_day_curr_yr":1,"twentyeight_day_prev_yr":1,"twentyeight_day_pct_change":0,"ytd_curr_yr":3,"ytd_prev_yr":9,"ytd_pct_change":-66.7,"two_year_pct_change":-57.1,"six_year_pct_change":-72.7,"twentytwo_year_pct_change":-86.4},{"crime":"Shooting Inc.","wtd_curr_yr":0,"wtd_prev_yr":0,"wtd_pct_change":null,"twentyeight_day_curr_yr":1,"twentyeight_day_prev_yr":1,"twentyeight_day_pct_change":0,"ytd_curr_yr":3,"ytd_prev_yr":8,"ytd_pct_change":-62.5,"two_year_pct_change":-50,"six_year_pct_change":-70,"twentytwo_year_pct_change":-86.4}],"historical":[{"yr_1990":15,"yr_1993":21,"yr_1998":7,"yr_2001":4,"yr_2013":6,"pct_change_13vs01":50,"pct_change_13vs98":-14.3,"pct_change_13vs93":-71.4,"pct_change_13vs90":-60,"crime":"Murder"},{"yr_1990":31,"yr_1993":33,"yr_1998":40,"yr_2001":19,"yr_2013":19,"pct_change_13vs01":0,"pct_change_13vs98":-52.5,"pct_change_13vs93":-42.4,"pct_change_13vs90":-38.7,"crime":"Rape"},{"yr_1990":832,"yr_1993":891,"yr_1998":545,"yr_2001":344,"yr_2013":328,"pct_change_13vs01":-4.7,"pct_change_13vs98":-39.8,"pct_change_13vs93":-63.2,"pct_change_13vs90":-60.6,"crime":"Robbery"},{"yr_1990":329,"yr_1993":408,"yr_1998":297,"yr_2001":241,"yr_2013":253,"pct_change_13vs01":5,"pct_change_13vs98":-14.8,"pct_change_13vs93":-38,"pct_change_13vs90":-23.1,"crime":"Fel. Assault"},{"yr_1990":1348,"yr_1993":1230,"yr_1998":662,"yr_2001":417,"yr_2013":346,"pct_change_13vs01":-17,"pct_change_13vs98":-47.7,"pct_change_13vs93":-71.9,"pct_change_13vs90":-74.3,"crime":"Burglary"},{"yr_1990":715,"yr_1993":595,"yr_1998":440,"yr_2001":381,"yr_2013":522,"pct_change_13vs01":37,"pct_change_13vs98":18.6,"pct_change_13vs93":-12.3,"pct_change_13vs90":-27,"crime":"Gr. Larceny"},{"yr_1990":3071,"yr_1993":3304,"yr_1998":1370,"yr_2001":778,"yr_2013":191,"pct_change_13vs01":-75.4,"pct_change_13vs98":-86.1,"pct_change_13vs93":-94.2,"pct_change_13vs90":-93.8,"crime":"G.L.A."},{"yr_1990":6341,"yr_1993":6482,"yr_1998":3361,"yr_2001":2184,"yr_2013":1665,"pct_change_13vs01":-23.76,"pct_change_13vs98":-50.46,"pct_change_13vs93":-74.31,"pct_change_13vs90":-73.74,"crime":"TOTAL"}]}