{"mayor":"Bill de Blasio","commissioner":"William J. Bratton","volume":21,"number":22,"precinct":"104th","startDate":"2014-05-26T04:00:00.000Z","endDate":"2014-06-01T04:00:00.000Z","crimes":[{"crime":"Murder","wtd_curr_yr":0,"wtd_prev_yr":0,"wtd_pct_change":null,"twentyeight_day_curr_yr":0,"twentyeight_day_prev_yr":0,"twentyeight_day_pct_change":null,"ytd_curr_yr":3,"ytd_prev_yr":1,"ytd_pct_change":200,"two_year_pct_change":null,"six_year_pct_change":200,"twentytwo_year_pct_change":-62.5},{"crime":"Rape","wtd_curr_yr":0,"wtd_prev_yr":0,"wtd_pct_change":null,"twentyeight_day_curr_yr":2,"twentyeight_day_prev_yr":1,"twentyeight_day_pct_change":100,"ytd_curr_yr":9,"ytd_prev_yr":8,"ytd_pct_change":12.5,"two_year_pct_change":28.6,"six_year_pct_change":50,"twentytwo_year_pct_change":-35.7},{"crime":"Robbery","wtd_curr_yr":4,"wtd_prev_yr":3,"wtd_pct_change":33.3,"twentyeight_day_curr_yr":17,"twentyeight_day_prev_yr":18,"twentyeight_day_pct_change":-5.6,"ytd_curr_yr":75,"ytd_prev_yr":87,"ytd_pct_change":-13.8,"two_year_pct_change":-31.2,"six_year_pct_change":-17.6,"twentytwo_year_pct_change":-81.3},{"crime":"Fel. Assault","wtd_curr_yr":2,"wtd_prev_yr":6,"wtd_pct_change":-66.7,"twentyeight_day_curr_yr":18,"twentyeight_day_prev_yr":31,"twentyeight_day_pct_change":-41.9,"ytd_curr_yr":82,"ytd_prev_yr":113,"ytd_pct_change":-27.4,"two_year_pct_change":-18,"six_year_pct_change":17.1,"twentytwo_year_pct_change":-29.9},{"crime":"Burglary","wtd_curr_yr":7,"wtd_prev_yr":7,"wtd_pct_change":0,"twentyeight_day_curr_yr":21,"twentyeight_day_prev_yr":27,"twentyeight_day_pct_change":-22.2,"ytd_curr_yr":126,"ytd_prev_yr":139,"ytd_pct_change":-9.4,"two_year_pct_change":-20.3,"six_year_pct_change":-28.4,"twentytwo_year_pct_change":-84.8},{"crime":"Gr. Larceny","wtd_curr_yr":10,"wtd_prev_yr":13,"wtd_pct_change":-23.1,"twentyeight_day_curr_yr":38,"twentyeight_day_prev_yr":41,"twentyeight_day_pct_change":-7.3,"ytd_curr_yr":229,"ytd_prev_yr":200,"ytd_pct_change":14.5,"two_year_pct_change":12.3,"six_year_pct_change":15.7,"twentytwo_year_pct_change":-6.5},{"crime":"G.L.A.","wtd_curr_yr":5,"wtd_prev_yr":1,"wtd_pct_change":400,"twentyeight_day_curr_yr":18,"twentyeight_day_prev_yr":15,"twentyeight_day_pct_change":20,"ytd_curr_yr":88,"ytd_prev_yr":54,"ytd_pct_change":63,"two_year_pct_change":11.4,"six_year_pct_change":-26.1,"twentytwo_year_pct_change":-94.3},{"crime":"TOTAL","wtd_curr_yr":28,"wtd_prev_yr":30,"wtd_pct_change":-6.67,"twentyeight_day_curr_yr":114,"twentyeight_day_prev_yr":133,"twentyeight_day_pct_change":-14.29,"ytd_curr_yr":612,"ytd_prev_yr":602,"ytd_pct_change":1.66,"two_year_pct_change":-6.85,"six_year_pct_change":-7.41,"twentytwo_year_pct_change":-80.7},{"crime":"Transit","wtd_curr_yr":0,"wtd_prev_yr":0,"wtd_pct_change":null,"twentyeight_day_curr_yr":0,"twentyeight_day_prev_yr":2,"twentyeight_day_pct_change":-100,"ytd_curr_yr":5,"ytd_prev_yr":7,"ytd_pct_change":-28.6,"two_year_pct_change":-58.3,"six_year_pct_change":400,"twentytwo_year_pct_change":null},{"crime":"Housing","wtd_curr_yr":0,"wtd_prev_yr":0,"wtd_pct_change":null,"twentyeight_day_curr_yr":0,"twentyeight_day_prev_yr":0,"twentyeight_day_pct_change":null,"ytd_curr_yr":0,"ytd_prev_yr":0,"ytd_pct_change":null,"two_year_pct_change":null,"six_year_pct_change":null,"twentytwo_year_pct_change":null},{"crime":"Petit Larceny","wtd_curr_yr":14,"wtd_prev_yr":18,"wtd_pct_change":-22.2,"twentyeight_day_curr_yr":83,"twentyeight_day_prev_yr":65,"twentyeight_day_pct_change":27.7,"ytd_curr_yr":473,"ytd_prev_yr":413,"ytd_pct_change":14.5,"two_year_pct_change":10.5,"six_year_pct_change":2.4,"twentytwo_year_pct_change":null},{"crime":"Misd. Assault","wtd_curr_yr":10,"wtd_prev_yr":5,"wtd_pct_change":100,"twentyeight_day_curr_yr":49,"twentyeight_day_prev_yr":38,"twentyeight_day_pct_change":28.9,"ytd_curr_yr":252,"ytd_prev_yr":198,"ytd_pct_change":27.3,"two_year_pct_change":-11.6,"six_year_pct_change":-9.7,"twentytwo_year_pct_change":null},{"crime":"Misd. Sex Crimes","wtd_curr_yr":0,"wtd_prev_yr":1,"wtd_pct_change":-100,"twentyeight_day_curr_yr":1,"twentyeight_day_prev_yr":3,"twentyeight_day_pct_change":-66.7,"ytd_curr_yr":6,"ytd_prev_yr":9,"ytd_pct_change":-33.3,"two_year_pct_change":-40,"six_year_pct_change":-57.1,"twentytwo_year_pct_change":null},{"crime":"Shooting Vic.","wtd_curr_yr":0,"wtd_prev_yr":0,"wtd_pct_change":null,"twentyeight_day_curr_yr":1,"twentyeight_day_prev_yr":0,"twentyeight_day_pct_change":null,"ytd_curr_yr":4,"ytd_prev_yr":1,"ytd_pct_change":300,"two_year_pct_change":100,"six_year_pct_change":300,"twentytwo_year_pct_change":-55.6},{"crime":"Shooting Inc.","wtd_curr_yr":0,"wtd_prev_yr":0,"wtd_pct_change":null,"twentyeight_day_curr_yr":1,"twentyeight_day_prev_yr":0,"twentyeight_day_pct_change":null,"ytd_curr_yr":3,"ytd_prev_yr":1,"ytd_pct_change":200,"two_year_pct_change":50,"six_year_pct_change":200,"twentytwo_year_pct_change":-62.5}],"historical":[{"yr_1990":11,"yr_1993":19,"yr_1998":7,"yr_2001":5,"yr_2013":3,"pct_change_13vs01":-40,"pct_change_13vs98":-57.1,"pct_change_13vs93":-84.2,"pct_change_13vs90":-72.7,"crime":"Murder"},{"yr_1990":21,"yr_1993":21,"yr_1998":24,"yr_2001":15,"yr_2013":15,"pct_change_13vs01":0,"pct_change_13vs98":-37.5,"pct_change_13vs93":-28.6,"pct_change_13vs90":-28.6,"crime":"Rape"},{"yr_1990":1307,"yr_1993":1027,"yr_1998":490,"yr_2001":359,"yr_2013":256,"pct_change_13vs01":-28.7,"pct_change_13vs98":-47.8,"pct_change_13vs93":-75.1,"pct_change_13vs90":-80.4,"crime":"Robbery"},{"yr_1990":279,"yr_1993":305,"yr_1998":261,"yr_2001":262,"yr_2013":241,"pct_change_13vs01":-8,"pct_change_13vs98":-7.7,"pct_change_13vs93":-21,"pct_change_13vs90":-13.6,"crime":"Fel. Assault"},{"yr_1990":2562,"yr_1993":1955,"yr_1998":1024,"yr_2001":790,"yr_2013":339,"pct_change_13vs01":-57.1,"pct_change_13vs98":-66.9,"pct_change_13vs93":-82.7,"pct_change_13vs90":-86.8,"crime":"Burglary"},{"yr_1990":884,"yr_1993":678,"yr_1998":485,"yr_2001":551,"yr_2013":572,"pct_change_13vs01":3.8,"pct_change_13vs98":17.9,"pct_change_13vs93":-15.6,"pct_change_13vs90":-35.3,"crime":"Gr. Larceny"},{"yr_1990":4443,"yr_1993":3418,"yr_1998":1374,"yr_2001":892,"yr_2013":181,"pct_change_13vs01":-79.7,"pct_change_13vs98":-86.8,"pct_change_13vs93":-94.7,"pct_change_13vs90":-95.9,"crime":"G.L.A."},{"yr_1990":9507,"yr_1993":7423,"yr_1998":3665,"yr_2001":2874,"yr_2013":1607,"pct_change_13vs01":-44.08,"pct_change_13vs98":-56.15,"pct_change_13vs93":-78.35,"pct_change_13vs90":-83.1,"crime":"TOTAL"}]}