{"mayor":"Bill de Blasio","commissioner":"William J. Bratton","volume":21,"number":31,"precinct":"103rd","startDate":"2014-07-28T04:00:00.000Z","endDate":"2014-08-03T04:00:00.000Z","crimes":[{"crime":"Murder","wtd_curr_yr":0,"wtd_prev_yr":2,"wtd_pct_change":-100,"twentyeight_day_curr_yr":0,"twentyeight_day_prev_yr":3,"twentyeight_day_pct_change":-100,"ytd_curr_yr":7,"ytd_prev_yr":7,"ytd_pct_change":0,"two_year_pct_change":-30,"six_year_pct_change":-22.2,"twentytwo_year_pct_change":-50},{"crime":"Rape","wtd_curr_yr":0,"wtd_prev_yr":1,"wtd_pct_change":-100,"twentyeight_day_curr_yr":2,"twentyeight_day_prev_yr":1,"twentyeight_day_pct_change":100,"ytd_curr_yr":10,"ytd_prev_yr":21,"ytd_pct_change":-52.4,"two_year_pct_change":-44.4,"six_year_pct_change":-37.5,"twentytwo_year_pct_change":-77.3},{"crime":"Robbery","wtd_curr_yr":13,"wtd_prev_yr":13,"wtd_pct_change":0,"twentyeight_day_curr_yr":36,"twentyeight_day_prev_yr":43,"twentyeight_day_pct_change":-16.3,"ytd_curr_yr":198,"ytd_prev_yr":268,"ytd_pct_change":-26.1,"two_year_pct_change":-21.4,"six_year_pct_change":11.9,"twentytwo_year_pct_change":-79.5},{"crime":"Fel. Assault","wtd_curr_yr":6,"wtd_prev_yr":5,"wtd_pct_change":20,"twentyeight_day_curr_yr":33,"twentyeight_day_prev_yr":30,"twentyeight_day_pct_change":10,"ytd_curr_yr":234,"ytd_prev_yr":219,"ytd_pct_change":6.8,"two_year_pct_change":6.4,"six_year_pct_change":8.3,"twentytwo_year_pct_change":-54},{"crime":"Burglary","wtd_curr_yr":9,"wtd_prev_yr":4,"wtd_pct_change":125,"twentyeight_day_curr_yr":21,"twentyeight_day_prev_yr":26,"twentyeight_day_pct_change":-19.2,"ytd_curr_yr":131,"ytd_prev_yr":178,"ytd_pct_change":-26.4,"two_year_pct_change":-32.5,"six_year_pct_change":-21.6,"twentytwo_year_pct_change":-80.7},{"crime":"Gr. Larceny","wtd_curr_yr":18,"wtd_prev_yr":13,"wtd_pct_change":38.5,"twentyeight_day_curr_yr":54,"twentyeight_day_prev_yr":35,"twentyeight_day_pct_change":54.3,"ytd_curr_yr":291,"ytd_prev_yr":257,"ytd_pct_change":13.2,"two_year_pct_change":-0.7,"six_year_pct_change":15.9,"twentytwo_year_pct_change":-57.5},{"crime":"G.L.A.","wtd_curr_yr":4,"wtd_prev_yr":2,"wtd_pct_change":100,"twentyeight_day_curr_yr":10,"twentyeight_day_prev_yr":12,"twentyeight_day_pct_change":-16.7,"ytd_curr_yr":84,"ytd_prev_yr":96,"ytd_pct_change":-12.5,"two_year_pct_change":-17.6,"six_year_pct_change":-16.8,"twentytwo_year_pct_change":-90.3},{"crime":"TOTAL","wtd_curr_yr":50,"wtd_prev_yr":40,"wtd_pct_change":25,"twentyeight_day_curr_yr":156,"twentyeight_day_prev_yr":150,"twentyeight_day_pct_change":4,"ytd_curr_yr":955,"ytd_prev_yr":1046,"ytd_pct_change":-8.7,"two_year_pct_change":-12.3,"six_year_pct_change":1.92,"twentytwo_year_pct_change":-74.63},{"crime":"Transit","wtd_curr_yr":1,"wtd_prev_yr":1,"wtd_pct_change":0,"twentyeight_day_curr_yr":2,"twentyeight_day_prev_yr":1,"twentyeight_day_pct_change":100,"ytd_curr_yr":14,"ytd_prev_yr":19,"ytd_pct_change":-26.3,"two_year_pct_change":-12.5,"six_year_pct_change":180,"twentytwo_year_pct_change":null},{"crime":"Housing","wtd_curr_yr":1,"wtd_prev_yr":1,"wtd_pct_change":0,"twentyeight_day_curr_yr":3,"twentyeight_day_prev_yr":3,"twentyeight_day_pct_change":0,"ytd_curr_yr":16,"ytd_prev_yr":22,"ytd_pct_change":-27.3,"two_year_pct_change":-42.9,"six_year_pct_change":-11.1,"twentytwo_year_pct_change":null},{"crime":"Petit Larceny","wtd_curr_yr":30,"wtd_prev_yr":23,"wtd_pct_change":30.4,"twentyeight_day_curr_yr":102,"twentyeight_day_prev_yr":81,"twentyeight_day_pct_change":25.9,"ytd_curr_yr":694,"ytd_prev_yr":615,"ytd_pct_change":12.8,"two_year_pct_change":11.2,"six_year_pct_change":22.2,"twentytwo_year_pct_change":null},{"crime":"Misd. Assault","wtd_curr_yr":23,"wtd_prev_yr":19,"wtd_pct_change":21.1,"twentyeight_day_curr_yr":74,"twentyeight_day_prev_yr":82,"twentyeight_day_pct_change":-9.8,"ytd_curr_yr":545,"ytd_prev_yr":575,"ytd_pct_change":-5.2,"two_year_pct_change":20,"six_year_pct_change":31.6,"twentytwo_year_pct_change":null},{"crime":"Misd. Sex Crimes","wtd_curr_yr":3,"wtd_prev_yr":1,"wtd_pct_change":200,"twentyeight_day_curr_yr":7,"twentyeight_day_prev_yr":2,"twentyeight_day_pct_change":250,"ytd_curr_yr":24,"ytd_prev_yr":18,"ytd_pct_change":33.3,"two_year_pct_change":-11.1,"six_year_pct_change":-4,"twentytwo_year_pct_change":null},{"crime":"Shooting Vic.","wtd_curr_yr":0,"wtd_prev_yr":2,"wtd_pct_change":-100,"twentyeight_day_curr_yr":1,"twentyeight_day_prev_yr":6,"twentyeight_day_pct_change":-83.3,"ytd_curr_yr":14,"ytd_prev_yr":19,"ytd_pct_change":-26.3,"two_year_pct_change":-53.3,"six_year_pct_change":-39.1,"twentytwo_year_pct_change":-83.7},{"crime":"Shooting Inc.","wtd_curr_yr":0,"wtd_prev_yr":1,"wtd_pct_change":-100,"twentyeight_day_curr_yr":1,"twentyeight_day_prev_yr":5,"twentyeight_day_pct_change":-80,"ytd_curr_yr":10,"ytd_prev_yr":17,"ytd_pct_change":-41.2,"two_year_pct_change":-63,"six_year_pct_change":-41.2,"twentytwo_year_pct_change":-87.7}],"historical":[{"yr_1990":38,"yr_1993":28,"yr_1998":16,"yr_2001":10,"yr_2013":8,"pct_change_13vs01":-20,"pct_change_13vs98":-50,"pct_change_13vs93":-71.4,"pct_change_13vs90":-78.9,"crime":"Murder"},{"yr_1990":60,"yr_1993":74,"yr_1998":45,"yr_2001":27,"yr_2013":37,"pct_change_13vs01":37,"pct_change_13vs98":-17.8,"pct_change_13vs93":-50,"pct_change_13vs90":-38.3,"crime":"Rape"},{"yr_1990":1846,"yr_1993":1742,"yr_1998":751,"yr_2001":530,"yr_2013":438,"pct_change_13vs01":-17.4,"pct_change_13vs98":-41.7,"pct_change_13vs93":-74.9,"pct_change_13vs90":-76.3,"crime":"Robbery"},{"yr_1990":958,"yr_1993":853,"yr_1998":611,"yr_2001":406,"yr_2013":369,"pct_change_13vs01":-9.1,"pct_change_13vs98":-39.6,"pct_change_13vs93":-56.7,"pct_change_13vs90":-61.5,"crime":"Fel. Assault"},{"yr_1990":1592,"yr_1993":1166,"yr_1998":598,"yr_2001":449,"yr_2013":300,"pct_change_13vs01":-33.2,"pct_change_13vs98":-49.8,"pct_change_13vs93":-74.3,"pct_change_13vs90":-81.2,"crime":"Burglary"},{"yr_1990":1277,"yr_1993":1214,"yr_1998":578,"yr_2001":587,"yr_2013":487,"pct_change_13vs01":-17,"pct_change_13vs98":-15.7,"pct_change_13vs93":-59.9,"pct_change_13vs90":-61.9,"crime":"Gr. Larceny"},{"yr_1990":1889,"yr_1993":1591,"yr_1998":602,"yr_2001":472,"yr_2013":172,"pct_change_13vs01":-63.6,"pct_change_13vs98":-71.4,"pct_change_13vs93":-89.2,"pct_change_13vs90":-90.9,"crime":"G.L.A."},{"yr_1990":7660,"yr_1993":6668,"yr_1998":3201,"yr_2001":2481,"yr_2013":1811,"pct_change_13vs01":-27.01,"pct_change_13vs98":-43.42,"pct_change_13vs93":-72.84,"pct_change_13vs90":-76.36,"crime":"TOTAL"}]}