{"mayor":"Bill de Blasio","commissioner":"William J. Bratton","volume":21,"number":44,"precinct":"105th","startDate":"2014-10-27T04:00:00.000Z","endDate":"2014-11-02T04:00:00.000Z","crimes":[{"crime":"Murder","wtd_curr_yr":0,"wtd_prev_yr":0,"wtd_pct_change":null,"twentyeight_day_curr_yr":1,"twentyeight_day_prev_yr":0,"twentyeight_day_pct_change":null,"ytd_curr_yr":6,"ytd_prev_yr":3,"ytd_pct_change":100,"two_year_pct_change":-14.3,"six_year_pct_change":-14.3,"twentytwo_year_pct_change":-70},{"crime":"Rape","wtd_curr_yr":0,"wtd_prev_yr":0,"wtd_pct_change":null,"twentyeight_day_curr_yr":3,"twentyeight_day_prev_yr":2,"twentyeight_day_pct_change":50,"ytd_curr_yr":19,"ytd_prev_yr":15,"ytd_pct_change":26.7,"two_year_pct_change":-38.7,"six_year_pct_change":-32.1,"twentytwo_year_pct_change":-42.4},{"crime":"Robbery","wtd_curr_yr":8,"wtd_prev_yr":5,"wtd_pct_change":60,"twentyeight_day_curr_yr":21,"twentyeight_day_prev_yr":17,"twentyeight_day_pct_change":23.5,"ytd_curr_yr":175,"ytd_prev_yr":283,"ytd_pct_change":-38.2,"two_year_pct_change":-37.7,"six_year_pct_change":-35.7,"twentytwo_year_pct_change":-79.8},{"crime":"Fel. Assault","wtd_curr_yr":3,"wtd_prev_yr":9,"wtd_pct_change":-66.7,"twentyeight_day_curr_yr":24,"twentyeight_day_prev_yr":19,"twentyeight_day_pct_change":26.3,"ytd_curr_yr":282,"ytd_prev_yr":257,"ytd_pct_change":9.7,"two_year_pct_change":10.2,"six_year_pct_change":34.9,"twentytwo_year_pct_change":-20.1},{"crime":"Burglary","wtd_curr_yr":7,"wtd_prev_yr":13,"wtd_pct_change":-46.2,"twentyeight_day_curr_yr":31,"twentyeight_day_prev_yr":43,"twentyeight_day_pct_change":-27.9,"ytd_curr_yr":267,"ytd_prev_yr":398,"ytd_pct_change":-32.9,"two_year_pct_change":-39.2,"six_year_pct_change":-24.8,"twentytwo_year_pct_change":-80.3},{"crime":"Gr. Larceny","wtd_curr_yr":10,"wtd_prev_yr":10,"wtd_pct_change":0,"twentyeight_day_curr_yr":61,"twentyeight_day_prev_yr":34,"twentyeight_day_pct_change":79.4,"ytd_curr_yr":454,"ytd_prev_yr":423,"ytd_pct_change":7.3,"two_year_pct_change":11.3,"six_year_pct_change":14.6,"twentytwo_year_pct_change":-10.1},{"crime":"G.L.A.","wtd_curr_yr":3,"wtd_prev_yr":8,"wtd_pct_change":-62.5,"twentyeight_day_curr_yr":18,"twentyeight_day_prev_yr":23,"twentyeight_day_pct_change":-21.7,"ytd_curr_yr":202,"ytd_prev_yr":223,"ytd_pct_change":-9.4,"two_year_pct_change":-27.3,"six_year_pct_change":-26.8,"twentytwo_year_pct_change":-92.9},{"crime":"TOTAL","wtd_curr_yr":31,"wtd_prev_yr":45,"wtd_pct_change":-31.11,"twentyeight_day_curr_yr":159,"twentyeight_day_prev_yr":138,"twentyeight_day_pct_change":15.22,"ytd_curr_yr":1405,"ytd_prev_yr":1602,"ytd_pct_change":-12.3,"two_year_pct_change":-17.35,"six_year_pct_change":-8.94,"twentytwo_year_pct_change":-76.56},{"crime":"Transit","wtd_curr_yr":0,"wtd_prev_yr":0,"wtd_pct_change":null,"twentyeight_day_curr_yr":0,"twentyeight_day_prev_yr":0,"twentyeight_day_pct_change":null,"ytd_curr_yr":0,"ytd_prev_yr":0,"ytd_pct_change":null,"two_year_pct_change":null,"six_year_pct_change":null,"twentytwo_year_pct_change":null},{"crime":"Housing","wtd_curr_yr":0,"wtd_prev_yr":0,"wtd_pct_change":null,"twentyeight_day_curr_yr":0,"twentyeight_day_prev_yr":0,"twentyeight_day_pct_change":null,"ytd_curr_yr":0,"ytd_prev_yr":0,"ytd_pct_change":null,"two_year_pct_change":null,"six_year_pct_change":null,"twentytwo_year_pct_change":null},{"crime":"Petit Larceny","wtd_curr_yr":16,"wtd_prev_yr":19,"wtd_pct_change":-15.8,"twentyeight_day_curr_yr":74,"twentyeight_day_prev_yr":55,"twentyeight_day_pct_change":34.5,"ytd_curr_yr":651,"ytd_prev_yr":592,"ytd_pct_change":10,"two_year_pct_change":-1.7,"six_year_pct_change":-17.2,"twentytwo_year_pct_change":null},{"crime":"Misd. Assault","wtd_curr_yr":16,"wtd_prev_yr":17,"wtd_pct_change":-5.9,"twentyeight_day_curr_yr":53,"twentyeight_day_prev_yr":51,"twentyeight_day_pct_change":3.9,"ytd_curr_yr":577,"ytd_prev_yr":534,"ytd_pct_change":8.1,"two_year_pct_change":14.7,"six_year_pct_change":-7.1,"twentytwo_year_pct_change":null},{"crime":"Misd. Sex Crimes","wtd_curr_yr":2,"wtd_prev_yr":0,"wtd_pct_change":null,"twentyeight_day_curr_yr":3,"twentyeight_day_prev_yr":0,"twentyeight_day_pct_change":null,"ytd_curr_yr":21,"ytd_prev_yr":31,"ytd_pct_change":-32.3,"two_year_pct_change":-32.3,"six_year_pct_change":-34.4,"twentytwo_year_pct_change":null},{"crime":"Shooting Vic.","wtd_curr_yr":0,"wtd_prev_yr":0,"wtd_pct_change":null,"twentyeight_day_curr_yr":1,"twentyeight_day_prev_yr":0,"twentyeight_day_pct_change":null,"ytd_curr_yr":10,"ytd_prev_yr":10,"ytd_pct_change":0,"two_year_pct_change":-63,"six_year_pct_change":-52.4,"twentytwo_year_pct_change":-85.3},{"crime":"Shooting Inc.","wtd_curr_yr":0,"wtd_prev_yr":0,"wtd_pct_change":null,"twentyeight_day_curr_yr":1,"twentyeight_day_prev_yr":0,"twentyeight_day_pct_change":null,"ytd_curr_yr":9,"ytd_prev_yr":9,"ytd_pct_change":0,"two_year_pct_change":-60.9,"six_year_pct_change":-52.6,"twentytwo_year_pct_change":-85}],"historical":[{"yr_1990":30,"yr_1993":23,"yr_1998":7,"yr_2001":18,"yr_2013":3,"pct_change_13vs01":-83.3,"pct_change_13vs98":-57.1,"pct_change_13vs93":-87,"pct_change_13vs90":-90,"crime":"Murder"},{"yr_1990":56,"yr_1993":41,"yr_1998":52,"yr_2001":35,"yr_2013":18,"pct_change_13vs01":-48.6,"pct_change_13vs98":-65.4,"pct_change_13vs93":-56.1,"pct_change_13vs90":-67.9,"crime":"Rape"},{"yr_1990":1066,"yr_1993":1082,"yr_1998":557,"yr_2001":395,"yr_2013":331,"pct_change_13vs01":-16.2,"pct_change_13vs98":-40.6,"pct_change_13vs93":-69.4,"pct_change_13vs90":-68.9,"crime":"Robbery"},{"yr_1990":459,"yr_1993":409,"yr_1998":400,"yr_2001":329,"yr_2013":313,"pct_change_13vs01":-4.9,"pct_change_13vs98":-21.8,"pct_change_13vs93":-23.5,"pct_change_13vs90":-31.8,"crime":"Fel. Assault"},{"yr_1990":2199,"yr_1993":1640,"yr_1998":854,"yr_2001":630,"yr_2013":469,"pct_change_13vs01":-25.6,"pct_change_13vs98":-45.1,"pct_change_13vs93":-71.4,"pct_change_13vs90":-78.7,"crime":"Burglary"},{"yr_1990":699,"yr_1993":593,"yr_1998":444,"yr_2001":456,"yr_2013":520,"pct_change_13vs01":14,"pct_change_13vs98":17.1,"pct_change_13vs93":-12.3,"pct_change_13vs90":-25.6,"crime":"Gr. Larceny"},{"yr_1990":3534,"yr_1993":3476,"yr_1998":1360,"yr_2001":913,"yr_2013":263,"pct_change_13vs01":-71.2,"pct_change_13vs98":-80.7,"pct_change_13vs93":-92.4,"pct_change_13vs90":-92.6,"crime":"G.L.A."},{"yr_1990":8043,"yr_1993":7264,"yr_1998":3674,"yr_2001":2776,"yr_2013":1917,"pct_change_13vs01":-30.94,"pct_change_13vs98":-47.82,"pct_change_13vs93":-73.61,"pct_change_13vs90":-76.17,"crime":"TOTAL"}]}