{"mayor":"Bill de Blasio","commissioner":"William J. Bratton","volume":21,"number":14,"precinct":"104th","startDate":"2014-03-31T04:00:00.000Z","endDate":"2014-04-06T04:00:00.000Z","crimes":[{"crime":"Murder","wtd_curr_yr":0,"wtd_prev_yr":0,"wtd_pct_change":null,"twentyeight_day_curr_yr":2,"twentyeight_day_prev_yr":0,"twentyeight_day_pct_change":null,"ytd_curr_yr":3,"ytd_prev_yr":0,"ytd_pct_change":null,"two_year_pct_change":null,"six_year_pct_change":200,"twentytwo_year_pct_change":-40},{"crime":"Rape","wtd_curr_yr":0,"wtd_prev_yr":3,"wtd_pct_change":-100,"twentyeight_day_curr_yr":0,"twentyeight_day_prev_yr":3,"twentyeight_day_pct_change":-100,"ytd_curr_yr":5,"ytd_prev_yr":7,"ytd_pct_change":-28.6,"two_year_pct_change":0,"six_year_pct_change":25,"twentytwo_year_pct_change":-37.5},{"crime":"Robbery","wtd_curr_yr":4,"wtd_prev_yr":1,"wtd_pct_change":300,"twentyeight_day_curr_yr":11,"twentyeight_day_prev_yr":14,"twentyeight_day_pct_change":-21.4,"ytd_curr_yr":52,"ytd_prev_yr":52,"ytd_pct_change":0,"two_year_pct_change":-26.8,"six_year_pct_change":-18.8,"twentytwo_year_pct_change":-80.6},{"crime":"Fel. Assault","wtd_curr_yr":1,"wtd_prev_yr":6,"wtd_pct_change":-83.3,"twentyeight_day_curr_yr":15,"twentyeight_day_prev_yr":30,"twentyeight_day_pct_change":-50,"ytd_curr_yr":48,"ytd_prev_yr":68,"ytd_pct_change":-29.4,"two_year_pct_change":-9.4,"six_year_pct_change":-2,"twentytwo_year_pct_change":-21.3},{"crime":"Burglary","wtd_curr_yr":3,"wtd_prev_yr":11,"wtd_pct_change":-72.7,"twentyeight_day_curr_yr":13,"twentyeight_day_prev_yr":23,"twentyeight_day_pct_change":-43.5,"ytd_curr_yr":83,"ytd_prev_yr":99,"ytd_pct_change":-16.2,"two_year_pct_change":-3.5,"six_year_pct_change":-26.5,"twentytwo_year_pct_change":-84.1},{"crime":"Gr. Larceny","wtd_curr_yr":11,"wtd_prev_yr":15,"wtd_pct_change":-26.7,"twentyeight_day_curr_yr":49,"twentyeight_day_prev_yr":36,"twentyeight_day_pct_change":36.1,"ytd_curr_yr":143,"ytd_prev_yr":123,"ytd_pct_change":16.3,"two_year_pct_change":21.2,"six_year_pct_change":24.3,"twentytwo_year_pct_change":-5.3},{"crime":"G.L.A.","wtd_curr_yr":4,"wtd_prev_yr":3,"wtd_pct_change":33.3,"twentyeight_day_curr_yr":18,"twentyeight_day_prev_yr":10,"twentyeight_day_pct_change":80,"ytd_curr_yr":51,"ytd_prev_yr":31,"ytd_pct_change":64.5,"two_year_pct_change":-1.9,"six_year_pct_change":-39.3,"twentytwo_year_pct_change":-94.7},{"crime":"TOTAL","wtd_curr_yr":23,"wtd_prev_yr":39,"wtd_pct_change":-41.03,"twentyeight_day_curr_yr":108,"twentyeight_day_prev_yr":116,"twentyeight_day_pct_change":-6.9,"ytd_curr_yr":385,"ytd_prev_yr":380,"ytd_pct_change":1.32,"two_year_pct_change":0,"six_year_pct_change":-10.47,"twentytwo_year_pct_change":-80.48},{"crime":"Transit","wtd_curr_yr":1,"wtd_prev_yr":1,"wtd_pct_change":0,"twentyeight_day_curr_yr":1,"twentyeight_day_prev_yr":2,"twentyeight_day_pct_change":-50,"ytd_curr_yr":5,"ytd_prev_yr":5,"ytd_pct_change":0,"two_year_pct_change":0,"six_year_pct_change":null,"twentytwo_year_pct_change":null},{"crime":"Housing","wtd_curr_yr":0,"wtd_prev_yr":0,"wtd_pct_change":null,"twentyeight_day_curr_yr":0,"twentyeight_day_prev_yr":0,"twentyeight_day_pct_change":null,"ytd_curr_yr":0,"ytd_prev_yr":0,"ytd_pct_change":null,"two_year_pct_change":null,"six_year_pct_change":null,"twentytwo_year_pct_change":null},{"crime":"Petit Larceny","wtd_curr_yr":22,"wtd_prev_yr":18,"wtd_pct_change":22.2,"twentyeight_day_curr_yr":101,"twentyeight_day_prev_yr":81,"twentyeight_day_pct_change":24.7,"ytd_curr_yr":303,"ytd_prev_yr":273,"ytd_pct_change":11,"two_year_pct_change":14.3,"six_year_pct_change":0.7,"twentytwo_year_pct_change":null},{"crime":"Misd. Assault","wtd_curr_yr":20,"wtd_prev_yr":8,"wtd_pct_change":150,"twentyeight_day_curr_yr":44,"twentyeight_day_prev_yr":36,"twentyeight_day_pct_change":22.2,"ytd_curr_yr":160,"ytd_prev_yr":125,"ytd_pct_change":28,"two_year_pct_change":-8,"six_year_pct_change":2.6,"twentytwo_year_pct_change":null},{"crime":"Misd. Sex Crimes","wtd_curr_yr":0,"wtd_prev_yr":0,"wtd_pct_change":null,"twentyeight_day_curr_yr":3,"twentyeight_day_prev_yr":1,"twentyeight_day_pct_change":200,"ytd_curr_yr":6,"ytd_prev_yr":5,"ytd_pct_change":20,"two_year_pct_change":0,"six_year_pct_change":-50,"twentytwo_year_pct_change":null},{"crime":"Shooting Vic.","wtd_curr_yr":0,"wtd_prev_yr":0,"wtd_pct_change":null,"twentyeight_day_curr_yr":2,"twentyeight_day_prev_yr":1,"twentyeight_day_pct_change":100,"ytd_curr_yr":2,"ytd_prev_yr":1,"ytd_pct_change":100,"two_year_pct_change":100,"six_year_pct_change":100,"twentytwo_year_pct_change":-50},{"crime":"Shooting Inc.","wtd_curr_yr":0,"wtd_prev_yr":0,"wtd_pct_change":null,"twentyeight_day_curr_yr":1,"twentyeight_day_prev_yr":1,"twentyeight_day_pct_change":0,"ytd_curr_yr":1,"ytd_prev_yr":1,"ytd_pct_change":0,"two_year_pct_change":0,"six_year_pct_change":0,"twentytwo_year_pct_change":-75}],"historical":[{"yr_1990":11,"yr_1993":19,"yr_1995":6,"yr_2001":5,"yr_2013":3,"pct_change_13vs01":-40,"pct_change_13vs95":-50,"pct_change_13vs93":-84.2,"pct_change_13vs90":-72.7,"crime":"Murder"},{"yr_1990":21,"yr_1993":21,"yr_1995":16,"yr_2001":15,"yr_2013":15,"pct_change_13vs01":0,"pct_change_13vs95":-6.2,"pct_change_13vs93":-28.6,"pct_change_13vs90":-28.6,"crime":"Rape"},{"yr_1990":1307,"yr_1993":1027,"yr_1995":765,"yr_2001":359,"yr_2013":256,"pct_change_13vs01":-28.7,"pct_change_13vs95":-66.5,"pct_change_13vs93":-75.1,"pct_change_13vs90":-80.4,"crime":"Robbery"},{"yr_1990":279,"yr_1993":305,"yr_1995":251,"yr_2001":262,"yr_2013":241,"pct_change_13vs01":-8,"pct_change_13vs95":-4,"pct_change_13vs93":-21,"pct_change_13vs90":-13.6,"crime":"Fel. Assault"},{"yr_1990":2562,"yr_1993":1955,"yr_1995":1760,"yr_2001":790,"yr_2013":339,"pct_change_13vs01":-57.1,"pct_change_13vs95":-80.7,"pct_change_13vs93":-82.7,"pct_change_13vs90":-86.8,"crime":"Burglary"},{"yr_1990":884,"yr_1993":678,"yr_1995":620,"yr_2001":551,"yr_2013":572,"pct_change_13vs01":3.8,"pct_change_13vs95":-7.7,"pct_change_13vs93":-15.6,"pct_change_13vs90":-35.3,"crime":"Gr. Larceny"},{"yr_1990":4443,"yr_1993":3418,"yr_1995":2041,"yr_2001":892,"yr_2013":181,"pct_change_13vs01":-79.7,"pct_change_13vs95":-91.1,"pct_change_13vs93":-94.7,"pct_change_13vs90":-95.9,"crime":"G.L.A."},{"yr_1990":9507,"yr_1993":7423,"yr_1995":5459,"yr_2001":2874,"yr_2013":1607,"pct_change_13vs01":-44.08,"pct_change_13vs95":-70.56,"pct_change_13vs93":-78.35,"pct_change_13vs90":-83.1,"crime":"TOTAL"}]}