{"mayor":"Bill de Blasio","commissioner":"William J. Bratton","volume":21,"number":17,"precinct":"107th","startDate":"2014-04-21T04:00:00.000Z","endDate":"2014-04-27T04:00:00.000Z","crimes":[{"crime":"Murder","wtd_curr_yr":0,"wtd_prev_yr":0,"wtd_pct_change":null,"twentyeight_day_curr_yr":0,"twentyeight_day_prev_yr":0,"twentyeight_day_pct_change":null,"ytd_curr_yr":0,"ytd_prev_yr":1,"ytd_pct_change":-100,"two_year_pct_change":null,"six_year_pct_change":null,"twentytwo_year_pct_change":-100},{"crime":"Rape","wtd_curr_yr":0,"wtd_prev_yr":0,"wtd_pct_change":null,"twentyeight_day_curr_yr":0,"twentyeight_day_prev_yr":0,"twentyeight_day_pct_change":null,"ytd_curr_yr":6,"ytd_prev_yr":4,"ytd_pct_change":50,"two_year_pct_change":500,"six_year_pct_change":200,"twentytwo_year_pct_change":-50},{"crime":"Robbery","wtd_curr_yr":3,"wtd_prev_yr":4,"wtd_pct_change":-25,"twentyeight_day_curr_yr":14,"twentyeight_day_prev_yr":9,"twentyeight_day_pct_change":55.6,"ytd_curr_yr":64,"ytd_prev_yr":69,"ytd_pct_change":-7.2,"two_year_pct_change":-12.3,"six_year_pct_change":-22,"twentytwo_year_pct_change":-78.4},{"crime":"Fel. Assault","wtd_curr_yr":1,"wtd_prev_yr":3,"wtd_pct_change":-66.7,"twentyeight_day_curr_yr":4,"twentyeight_day_prev_yr":9,"twentyeight_day_pct_change":-55.6,"ytd_curr_yr":22,"ytd_prev_yr":34,"ytd_pct_change":-35.3,"two_year_pct_change":-51.1,"six_year_pct_change":0,"twentytwo_year_pct_change":-68.1},{"crime":"Burglary","wtd_curr_yr":0,"wtd_prev_yr":7,"wtd_pct_change":-100,"twentyeight_day_curr_yr":8,"twentyeight_day_prev_yr":27,"twentyeight_day_pct_change":-70.4,"ytd_curr_yr":47,"ytd_prev_yr":82,"ytd_pct_change":-42.7,"two_year_pct_change":-32.9,"six_year_pct_change":-45.3,"twentytwo_year_pct_change":-90.4},{"crime":"Gr. Larceny","wtd_curr_yr":10,"wtd_prev_yr":10,"wtd_pct_change":0,"twentyeight_day_curr_yr":24,"twentyeight_day_prev_yr":26,"twentyeight_day_pct_change":-7.7,"ytd_curr_yr":122,"ytd_prev_yr":113,"ytd_pct_change":8,"two_year_pct_change":-23.8,"six_year_pct_change":-12.2,"twentytwo_year_pct_change":-34.8},{"crime":"G.L.A.","wtd_curr_yr":0,"wtd_prev_yr":2,"wtd_pct_change":-100,"twentyeight_day_curr_yr":6,"twentyeight_day_prev_yr":10,"twentyeight_day_pct_change":-40,"ytd_curr_yr":28,"ytd_prev_yr":37,"ytd_pct_change":-24.3,"two_year_pct_change":-31.7,"six_year_pct_change":-56.2,"twentytwo_year_pct_change":-98.2},{"crime":"TOTAL","wtd_curr_yr":14,"wtd_prev_yr":26,"wtd_pct_change":-46.15,"twentyeight_day_curr_yr":56,"twentyeight_day_prev_yr":81,"twentyeight_day_pct_change":-30.86,"ytd_curr_yr":289,"ytd_prev_yr":340,"ytd_pct_change":-15,"two_year_pct_change":-25.9,"six_year_pct_change":-26.84,"twentytwo_year_pct_change":-88.94},{"crime":"Transit","wtd_curr_yr":0,"wtd_prev_yr":2,"wtd_pct_change":-100,"twentyeight_day_curr_yr":1,"twentyeight_day_prev_yr":3,"twentyeight_day_pct_change":-66.7,"ytd_curr_yr":7,"ytd_prev_yr":6,"ytd_pct_change":16.7,"two_year_pct_change":16.7,"six_year_pct_change":16.7,"twentytwo_year_pct_change":null},{"crime":"Housing","wtd_curr_yr":1,"wtd_prev_yr":1,"wtd_pct_change":0,"twentyeight_day_curr_yr":5,"twentyeight_day_prev_yr":3,"twentyeight_day_pct_change":66.7,"ytd_curr_yr":16,"ytd_prev_yr":11,"ytd_pct_change":45.5,"two_year_pct_change":-5.9,"six_year_pct_change":100,"twentytwo_year_pct_change":null},{"crime":"Petit Larceny","wtd_curr_yr":26,"wtd_prev_yr":21,"wtd_pct_change":23.8,"twentyeight_day_curr_yr":75,"twentyeight_day_prev_yr":68,"twentyeight_day_pct_change":10.3,"ytd_curr_yr":229,"ytd_prev_yr":234,"ytd_pct_change":-2.1,"two_year_pct_change":-13.3,"six_year_pct_change":-17.3,"twentytwo_year_pct_change":null},{"crime":"Misd. Assault","wtd_curr_yr":7,"wtd_prev_yr":3,"wtd_pct_change":133.3,"twentyeight_day_curr_yr":25,"twentyeight_day_prev_yr":22,"twentyeight_day_pct_change":13.6,"ytd_curr_yr":105,"ytd_prev_yr":109,"ytd_pct_change":-3.7,"two_year_pct_change":-3.7,"six_year_pct_change":-25.5,"twentytwo_year_pct_change":null},{"crime":"Misd. Sex Crimes","wtd_curr_yr":1,"wtd_prev_yr":2,"wtd_pct_change":-50,"twentyeight_day_curr_yr":1,"twentyeight_day_prev_yr":3,"twentyeight_day_pct_change":-66.7,"ytd_curr_yr":6,"ytd_prev_yr":12,"ytd_pct_change":-50,"two_year_pct_change":-25,"six_year_pct_change":-14.3,"twentytwo_year_pct_change":null},{"crime":"Shooting Vic.","wtd_curr_yr":0,"wtd_prev_yr":0,"wtd_pct_change":null,"twentyeight_day_curr_yr":0,"twentyeight_day_prev_yr":0,"twentyeight_day_pct_change":null,"ytd_curr_yr":0,"ytd_prev_yr":1,"ytd_pct_change":-100,"two_year_pct_change":-100,"six_year_pct_change":-100,"twentytwo_year_pct_change":-100},{"crime":"Shooting Inc.","wtd_curr_yr":0,"wtd_prev_yr":0,"wtd_pct_change":null,"twentyeight_day_curr_yr":0,"twentyeight_day_prev_yr":0,"twentyeight_day_pct_change":null,"ytd_curr_yr":0,"ytd_prev_yr":1,"ytd_pct_change":-100,"two_year_pct_change":-100,"six_year_pct_change":-100,"twentytwo_year_pct_change":-100}],"historical":[{"yr_1990":14,"yr_1993":8,"yr_1998":5,"yr_2001":4,"yr_2013":1,"pct_change_13vs01":-75,"pct_change_13vs98":-80,"pct_change_13vs93":-87.5,"pct_change_13vs90":-92.9,"crime":"Murder"},{"yr_1990":24,"yr_1993":32,"yr_1998":30,"yr_2001":15,"yr_2013":7,"pct_change_13vs01":-53.3,"pct_change_13vs98":-76.7,"pct_change_13vs93":-78.1,"pct_change_13vs90":-70.8,"crime":"Rape"},{"yr_1990":1039,"yr_1993":514,"yr_1998":375,"yr_2001":242,"yr_2013":-35.5,"pct_change_13vs01":-52.9,"pct_change_13vs98":-76.7,"pct_change_13vs93":-72.9,"pct_change_13vs90":null,"crime":"Robbery 893"},{"yr_1990":260,"yr_1993":239,"yr_1998":226,"yr_2001":153,"yr_2013":138,"pct_change_13vs01":-9.8,"pct_change_13vs98":-38.9,"pct_change_13vs93":-42.3,"pct_change_13vs90":-46.9,"crime":"Fel. Assault"},{"yr_1990":2152,"yr_1993":1425,"yr_1998":862,"yr_2001":632,"yr_2013":244,"pct_change_13vs01":-61.4,"pct_change_13vs98":-71.7,"pct_change_13vs93":-82.9,"pct_change_13vs90":-88.7,"crime":"Burglary"},{"yr_1990":805,"yr_1993":616,"yr_1998":614,"yr_2001":572,"yr_2013":517,"pct_change_13vs01":-9.6,"pct_change_13vs98":-15.8,"pct_change_13vs93":-16.1,"pct_change_13vs90":-35.8,"crime":"Gr. Larceny"},{"yr_1990":5535,"yr_1993":4902,"yr_1998":1560,"yr_2001":802,"yr_2013":149,"pct_change_13vs01":-81.4,"pct_change_13vs98":-90.4,"pct_change_13vs93":-97,"pct_change_13vs90":-97.3,"crime":"G.L.A."},{"yr_1990":9683,"yr_1993":8261,"yr_1998":3811,"yr_2001":2553,"yr_2013":1298,"pct_change_13vs01":-49.16,"pct_change_13vs98":-65.94,"pct_change_13vs93":-84.29,"pct_change_13vs90":-86.6,"crime":"TOTAL"}]}