{"mayor":"Bill de Blasio","commissioner":"William J. Bratton","volume":21,"number":14,"precinct":"101st","startDate":"2014-03-31T04:00:00.000Z","endDate":"2014-04-06T04:00:00.000Z","crimes":[{"crime":"Murder","wtd_curr_yr":0,"wtd_prev_yr":0,"wtd_pct_change":null,"twentyeight_day_curr_yr":1,"twentyeight_day_prev_yr":0,"twentyeight_day_pct_change":null,"ytd_curr_yr":3,"ytd_prev_yr":1,"ytd_pct_change":200,"two_year_pct_change":50,"six_year_pct_change":200,"twentytwo_year_pct_change":-25},{"crime":"Rape","wtd_curr_yr":1,"wtd_prev_yr":1,"wtd_pct_change":0,"twentyeight_day_curr_yr":3,"twentyeight_day_prev_yr":1,"twentyeight_day_pct_change":200,"ytd_curr_yr":4,"ytd_prev_yr":4,"ytd_pct_change":0,"two_year_pct_change":-42.9,"six_year_pct_change":-33.3,"twentytwo_year_pct_change":-33.3},{"crime":"Robbery","wtd_curr_yr":6,"wtd_prev_yr":3,"wtd_pct_change":100,"twentyeight_day_curr_yr":14,"twentyeight_day_prev_yr":10,"twentyeight_day_pct_change":40,"ytd_curr_yr":37,"ytd_prev_yr":35,"ytd_pct_change":5.7,"two_year_pct_change":37,"six_year_pct_change":68.2,"twentytwo_year_pct_change":-75.5},{"crime":"Fel. Assault","wtd_curr_yr":4,"wtd_prev_yr":0,"wtd_pct_change":null,"twentyeight_day_curr_yr":11,"twentyeight_day_prev_yr":15,"twentyeight_day_pct_change":-26.7,"ytd_curr_yr":54,"ytd_prev_yr":40,"ytd_pct_change":35,"two_year_pct_change":58.8,"six_year_pct_change":54.3,"twentytwo_year_pct_change":-46},{"crime":"Burglary","wtd_curr_yr":3,"wtd_prev_yr":4,"wtd_pct_change":-25,"twentyeight_day_curr_yr":8,"twentyeight_day_prev_yr":12,"twentyeight_day_pct_change":-33.3,"ytd_curr_yr":39,"ytd_prev_yr":70,"ytd_pct_change":-44.3,"two_year_pct_change":39.3,"six_year_pct_change":77.3,"twentytwo_year_pct_change":-75.8},{"crime":"Gr. Larceny","wtd_curr_yr":0,"wtd_prev_yr":2,"wtd_pct_change":-100,"twentyeight_day_curr_yr":12,"twentyeight_day_prev_yr":8,"twentyeight_day_pct_change":50,"ytd_curr_yr":42,"ytd_prev_yr":24,"ytd_pct_change":75,"two_year_pct_change":-10.6,"six_year_pct_change":40,"twentytwo_year_pct_change":-39.1},{"crime":"G.L.A.","wtd_curr_yr":2,"wtd_prev_yr":0,"wtd_pct_change":null,"twentyeight_day_curr_yr":7,"twentyeight_day_prev_yr":3,"twentyeight_day_pct_change":133.3,"ytd_curr_yr":25,"ytd_prev_yr":8,"ytd_pct_change":212.5,"two_year_pct_change":177.8,"six_year_pct_change":177.8,"twentytwo_year_pct_change":-81.3},{"crime":"TOTAL","wtd_curr_yr":16,"wtd_prev_yr":10,"wtd_pct_change":60,"twentyeight_day_curr_yr":56,"twentyeight_day_prev_yr":49,"twentyeight_day_pct_change":14.29,"ytd_curr_yr":204,"ytd_prev_yr":182,"ytd_pct_change":12.09,"two_year_pct_change":32.47,"six_year_pct_change":63.2,"twentytwo_year_pct_change":-67.36},{"crime":"Transit","wtd_curr_yr":0,"wtd_prev_yr":0,"wtd_pct_change":null,"twentyeight_day_curr_yr":0,"twentyeight_day_prev_yr":0,"twentyeight_day_pct_change":null,"ytd_curr_yr":1,"ytd_prev_yr":4,"ytd_pct_change":-75,"two_year_pct_change":-80,"six_year_pct_change":-50,"twentytwo_year_pct_change":null},{"crime":"Housing","wtd_curr_yr":2,"wtd_prev_yr":0,"wtd_pct_change":null,"twentyeight_day_curr_yr":4,"twentyeight_day_prev_yr":6,"twentyeight_day_pct_change":-33.3,"ytd_curr_yr":24,"ytd_prev_yr":12,"ytd_pct_change":100,"two_year_pct_change":118.2,"six_year_pct_change":100,"twentytwo_year_pct_change":null},{"crime":"Petit Larceny","wtd_curr_yr":5,"wtd_prev_yr":8,"wtd_pct_change":-37.5,"twentyeight_day_curr_yr":32,"twentyeight_day_prev_yr":36,"twentyeight_day_pct_change":-11.1,"ytd_curr_yr":141,"ytd_prev_yr":128,"ytd_pct_change":10.2,"two_year_pct_change":51.6,"six_year_pct_change":53.3,"twentytwo_year_pct_change":null},{"crime":"Misd. Assault","wtd_curr_yr":11,"wtd_prev_yr":8,"wtd_pct_change":37.5,"twentyeight_day_curr_yr":43,"twentyeight_day_prev_yr":26,"twentyeight_day_pct_change":65.4,"ytd_curr_yr":110,"ytd_prev_yr":98,"ytd_pct_change":12.2,"two_year_pct_change":7.8,"six_year_pct_change":25,"twentytwo_year_pct_change":null},{"crime":"Misd. Sex Crimes","wtd_curr_yr":1,"wtd_prev_yr":0,"wtd_pct_change":null,"twentyeight_day_curr_yr":4,"twentyeight_day_prev_yr":1,"twentyeight_day_pct_change":300,"ytd_curr_yr":6,"ytd_prev_yr":2,"ytd_pct_change":200,"two_year_pct_change":50,"six_year_pct_change":-33.3,"twentytwo_year_pct_change":null},{"crime":"Shooting Vic.","wtd_curr_yr":0,"wtd_prev_yr":0,"wtd_pct_change":null,"twentyeight_day_curr_yr":1,"twentyeight_day_prev_yr":0,"twentyeight_day_pct_change":null,"ytd_curr_yr":3,"ytd_prev_yr":1,"ytd_pct_change":200,"two_year_pct_change":0,"six_year_pct_change":200,"twentytwo_year_pct_change":-75},{"crime":"Shooting Inc.","wtd_curr_yr":0,"wtd_prev_yr":0,"wtd_pct_change":null,"twentyeight_day_curr_yr":1,"twentyeight_day_prev_yr":0,"twentyeight_day_pct_change":null,"ytd_curr_yr":3,"ytd_prev_yr":1,"ytd_pct_change":200,"two_year_pct_change":0,"six_year_pct_change":200,"twentytwo_year_pct_change":-75}],"historical":[{"yr_1990":14,"yr_1993":16,"yr_1995":14,"yr_2001":6,"yr_2013":3,"pct_change_13vs01":-50,"pct_change_13vs95":-78.6,"pct_change_13vs93":-81.2,"pct_change_13vs90":-78.6,"crime":"Murder"},{"yr_1990":67,"yr_1993":42,"yr_1995":24,"yr_2001":17,"yr_2013":19,"pct_change_13vs01":11.8,"pct_change_13vs95":-20.8,"pct_change_13vs93":-54.8,"pct_change_13vs90":-71.6,"crime":"Rape"},{"yr_1990":826,"yr_1993":710,"yr_1995":577,"yr_2001":247,"yr_2013":148,"pct_change_13vs01":-40.1,"pct_change_13vs95":-74.4,"pct_change_13vs93":-79.2,"pct_change_13vs90":-82.1,"crime":"Robbery"},{"yr_1990":588,"yr_1993":524,"yr_1995":448,"yr_2001":301,"yr_2013":212,"pct_change_13vs01":-29.6,"pct_change_13vs95":-52.7,"pct_change_13vs93":-59.5,"pct_change_13vs90":-63.9,"crime":"Fel. Assault"},{"yr_1990":825,"yr_1993":768,"yr_1995":614,"yr_2001":216,"yr_2013":227,"pct_change_13vs01":5.1,"pct_change_13vs95":-63,"pct_change_13vs93":-70.4,"pct_change_13vs90":-72.5,"crime":"Burglary"},{"yr_1990":362,"yr_1993":330,"yr_1995":291,"yr_2001":189,"yr_2013":182,"pct_change_13vs01":-3.7,"pct_change_13vs95":-37.5,"pct_change_13vs93":-44.8,"pct_change_13vs90":-49.7,"crime":"Gr. Larceny"},{"yr_1990":719,"yr_1993":460,"yr_1995":338,"yr_2001":158,"yr_2013":61,"pct_change_13vs01":-61.4,"pct_change_13vs95":-82,"pct_change_13vs93":-86.7,"pct_change_13vs90":-91.5,"crime":"G.L.A."},{"yr_1990":3401,"yr_1993":2850,"yr_1995":2306,"yr_2001":1134,"yr_2013":852,"pct_change_13vs01":-24.87,"pct_change_13vs95":-63.05,"pct_change_13vs93":-70.11,"pct_change_13vs90":-74.95,"crime":"TOTAL"}]}