{"mayor":"Bill de Blasio","commissioner":"William J. Bratton","volume":21,"number":52,"precinct":"107th","startDate":"2014-12-22T05:00:00.000Z","endDate":"2014-12-28T05:00:00.000Z","crimes":[{"crime":"Murder","wtd_curr_yr":0,"wtd_prev_yr":0,"wtd_pct_change":null,"twentyeight_day_curr_yr":0,"twentyeight_day_prev_yr":0,"twentyeight_day_pct_change":null,"ytd_curr_yr":1,"ytd_prev_yr":1,"ytd_pct_change":0,"two_year_pct_change":-50,"six_year_pct_change":-66.7,"twentytwo_year_pct_change":-87.5},{"crime":"Rape","wtd_curr_yr":0,"wtd_prev_yr":0,"wtd_pct_change":null,"twentyeight_day_curr_yr":2,"twentyeight_day_prev_yr":0,"twentyeight_day_pct_change":null,"ytd_curr_yr":24,"ytd_prev_yr":7,"ytd_pct_change":242.9,"two_year_pct_change":140,"six_year_pct_change":100,"twentytwo_year_pct_change":-25},{"crime":"Robbery","wtd_curr_yr":1,"wtd_prev_yr":4,"wtd_pct_change":-75,"twentyeight_day_curr_yr":16,"twentyeight_day_prev_yr":20,"twentyeight_day_pct_change":-20,"ytd_curr_yr":192,"ytd_prev_yr":242,"ytd_pct_change":-20.7,"two_year_pct_change":-20.7,"six_year_pct_change":-25.9,"twentytwo_year_pct_change":-81.4},{"crime":"Fel. Assault","wtd_curr_yr":2,"wtd_prev_yr":6,"wtd_pct_change":-66.7,"twentyeight_day_curr_yr":9,"twentyeight_day_prev_yr":13,"twentyeight_day_pct_change":-30.8,"ytd_curr_yr":115,"ytd_prev_yr":138,"ytd_pct_change":-16.7,"two_year_pct_change":-12.2,"six_year_pct_change":27.8,"twentytwo_year_pct_change":-51.9},{"crime":"Burglary","wtd_curr_yr":2,"wtd_prev_yr":4,"wtd_pct_change":-50,"twentyeight_day_curr_yr":14,"twentyeight_day_prev_yr":14,"twentyeight_day_pct_change":0,"ytd_curr_yr":169,"ytd_prev_yr":244,"ytd_pct_change":-30.7,"two_year_pct_change":-35.2,"six_year_pct_change":-40.3,"twentytwo_year_pct_change":-88},{"crime":"Gr. Larceny","wtd_curr_yr":14,"wtd_prev_yr":8,"wtd_pct_change":75,"twentyeight_day_curr_yr":43,"twentyeight_day_prev_yr":49,"twentyeight_day_pct_change":-12.2,"ytd_curr_yr":455,"ytd_prev_yr":514,"ytd_pct_change":-11.5,"two_year_pct_change":-1.5,"six_year_pct_change":-3.6,"twentytwo_year_pct_change":-25.2},{"crime":"G.L.A.","wtd_curr_yr":2,"wtd_prev_yr":0,"wtd_pct_change":null,"twentyeight_day_curr_yr":12,"twentyeight_day_prev_yr":9,"twentyeight_day_pct_change":33.3,"ytd_curr_yr":143,"ytd_prev_yr":147,"ytd_pct_change":-2.7,"two_year_pct_change":-16.4,"six_year_pct_change":-33.2,"twentytwo_year_pct_change":-97.1},{"crime":"TOTAL","wtd_curr_yr":21,"wtd_prev_yr":22,"wtd_pct_change":-4.55,"twentyeight_day_curr_yr":96,"twentyeight_day_prev_yr":105,"twentyeight_day_pct_change":-8.57,"ytd_curr_yr":1099,"ytd_prev_yr":1293,"ytd_pct_change":-15,"two_year_pct_change":-14.07,"six_year_pct_change":-17.55,"twentytwo_year_pct_change":-86.6},{"crime":"Transit","wtd_curr_yr":0,"wtd_prev_yr":0,"wtd_pct_change":null,"twentyeight_day_curr_yr":2,"twentyeight_day_prev_yr":1,"twentyeight_day_pct_change":100,"ytd_curr_yr":30,"ytd_prev_yr":26,"ytd_pct_change":15.4,"two_year_pct_change":-6.2,"six_year_pct_change":20,"twentytwo_year_pct_change":null},{"crime":"Housing","wtd_curr_yr":1,"wtd_prev_yr":3,"wtd_pct_change":-66.7,"twentyeight_day_curr_yr":1,"twentyeight_day_prev_yr":6,"twentyeight_day_pct_change":-83.3,"ytd_curr_yr":49,"ytd_prev_yr":54,"ytd_pct_change":-9.3,"two_year_pct_change":-18.3,"six_year_pct_change":36.1,"twentytwo_year_pct_change":null},{"crime":"Petit Larceny","wtd_curr_yr":5,"wtd_prev_yr":14,"wtd_pct_change":-64.3,"twentyeight_day_curr_yr":51,"twentyeight_day_prev_yr":73,"twentyeight_day_pct_change":-30.1,"ytd_curr_yr":794,"ytd_prev_yr":860,"ytd_pct_change":-7.7,"two_year_pct_change":6.7,"six_year_pct_change":-19.1,"twentytwo_year_pct_change":null},{"crime":"Misd. Assault","wtd_curr_yr":0,"wtd_prev_yr":13,"wtd_pct_change":-100,"twentyeight_day_curr_yr":24,"twentyeight_day_prev_yr":34,"twentyeight_day_pct_change":-29.4,"ytd_curr_yr":361,"ytd_prev_yr":380,"ytd_pct_change":-5,"two_year_pct_change":2.3,"six_year_pct_change":-20.5,"twentytwo_year_pct_change":null},{"crime":"Misd. Sex Crimes","wtd_curr_yr":1,"wtd_prev_yr":1,"wtd_pct_change":0,"twentyeight_day_curr_yr":3,"twentyeight_day_prev_yr":2,"twentyeight_day_pct_change":50,"ytd_curr_yr":27,"ytd_prev_yr":25,"ytd_pct_change":8,"two_year_pct_change":-28.9,"six_year_pct_change":0,"twentytwo_year_pct_change":null},{"crime":"Shooting Vic.","wtd_curr_yr":0,"wtd_prev_yr":0,"wtd_pct_change":null,"twentyeight_day_curr_yr":1,"twentyeight_day_prev_yr":0,"twentyeight_day_pct_change":null,"ytd_curr_yr":4,"ytd_prev_yr":2,"ytd_pct_change":100,"two_year_pct_change":-33.3,"six_year_pct_change":-20,"twentytwo_year_pct_change":-60},{"crime":"Shooting Inc.","wtd_curr_yr":0,"wtd_prev_yr":0,"wtd_pct_change":null,"twentyeight_day_curr_yr":1,"twentyeight_day_prev_yr":0,"twentyeight_day_pct_change":null,"ytd_curr_yr":4,"ytd_prev_yr":2,"ytd_pct_change":100,"two_year_pct_change":0,"six_year_pct_change":-20,"twentytwo_year_pct_change":-60}],"historical":[{"yr_1990":14,"yr_1993":8,"yr_1998":5,"yr_2001":4,"yr_2013":1,"pct_change_13vs01":-75,"pct_change_13vs98":-80,"pct_change_13vs93":-87.5,"pct_change_13vs90":-92.9,"crime":"Murder"},{"yr_1990":24,"yr_1993":32,"yr_1998":30,"yr_2001":15,"yr_2013":7,"pct_change_13vs01":-53.3,"pct_change_13vs98":-76.7,"pct_change_13vs93":-78.1,"pct_change_13vs90":-70.8,"crime":"Rape"},{"yr_1990":1039,"yr_1993":514,"yr_1998":375,"yr_2001":242,"yr_2013":-35.5,"pct_change_13vs01":-52.9,"pct_change_13vs98":-76.7,"pct_change_13vs93":-72.9,"pct_change_13vs90":null,"crime":"Robbery 893"},{"yr_1990":260,"yr_1993":239,"yr_1998":226,"yr_2001":153,"yr_2013":138,"pct_change_13vs01":-9.8,"pct_change_13vs98":-38.9,"pct_change_13vs93":-42.3,"pct_change_13vs90":-46.9,"crime":"Fel. Assault"},{"yr_1990":2152,"yr_1993":1425,"yr_1998":862,"yr_2001":632,"yr_2013":244,"pct_change_13vs01":-61.4,"pct_change_13vs98":-71.7,"pct_change_13vs93":-82.9,"pct_change_13vs90":-88.7,"crime":"Burglary"},{"yr_1990":805,"yr_1993":616,"yr_1998":614,"yr_2001":572,"yr_2013":517,"pct_change_13vs01":-9.6,"pct_change_13vs98":-15.8,"pct_change_13vs93":-16.1,"pct_change_13vs90":-35.8,"crime":"Gr. Larceny"},{"yr_1990":5535,"yr_1993":4902,"yr_1998":1560,"yr_2001":802,"yr_2013":149,"pct_change_13vs01":-81.4,"pct_change_13vs98":-90.4,"pct_change_13vs93":-97,"pct_change_13vs90":-97.3,"crime":"G.L.A."},{"yr_1990":9683,"yr_1993":8261,"yr_1998":3811,"yr_2001":2553,"yr_2013":1298,"pct_change_13vs01":-49.16,"pct_change_13vs98":-65.94,"pct_change_13vs93":-84.29,"pct_change_13vs90":-86.6,"crime":"TOTAL"}]}