{"mayor":"Bill de Blasio","commissioner":"William J. Bratton","volume":21,"number":18,"precinct":"101st","startDate":"2014-04-28T04:00:00.000Z","endDate":"2014-05-04T04:00:00.000Z","crimes":[{"crime":"Murder","wtd_curr_yr":0,"wtd_prev_yr":1,"wtd_pct_change":-100,"twentyeight_day_curr_yr":0,"twentyeight_day_prev_yr":1,"twentyeight_day_pct_change":-100,"ytd_curr_yr":3,"ytd_prev_yr":2,"ytd_pct_change":50,"two_year_pct_change":50,"six_year_pct_change":200,"twentytwo_year_pct_change":-40},{"crime":"Rape","wtd_curr_yr":1,"wtd_prev_yr":0,"wtd_pct_change":null,"twentyeight_day_curr_yr":2,"twentyeight_day_prev_yr":2,"twentyeight_day_pct_change":0,"ytd_curr_yr":6,"ytd_prev_yr":6,"ytd_pct_change":0,"two_year_pct_change":-33.3,"six_year_pct_change":-25,"twentytwo_year_pct_change":-14.3},{"crime":"Robbery","wtd_curr_yr":0,"wtd_prev_yr":0,"wtd_pct_change":null,"twentyeight_day_curr_yr":4,"twentyeight_day_prev_yr":11,"twentyeight_day_pct_change":-63.6,"ytd_curr_yr":39,"ytd_prev_yr":46,"ytd_pct_change":-15.2,"two_year_pct_change":-2.5,"six_year_pct_change":18.2,"twentytwo_year_pct_change":-79.5},{"crime":"Fel. Assault","wtd_curr_yr":12,"wtd_prev_yr":7,"wtd_pct_change":71.4,"twentyeight_day_curr_yr":26,"twentyeight_day_prev_yr":14,"twentyeight_day_pct_change":85.7,"ytd_curr_yr":80,"ytd_prev_yr":54,"ytd_pct_change":48.1,"two_year_pct_change":23.1,"six_year_pct_change":63.3,"twentytwo_year_pct_change":-38.5},{"crime":"Burglary","wtd_curr_yr":3,"wtd_prev_yr":9,"wtd_pct_change":-66.7,"twentyeight_day_curr_yr":9,"twentyeight_day_prev_yr":23,"twentyeight_day_pct_change":-60.9,"ytd_curr_yr":47,"ytd_prev_yr":93,"ytd_pct_change":-49.5,"two_year_pct_change":4.4,"six_year_pct_change":51.6,"twentytwo_year_pct_change":-79.9},{"crime":"Gr. Larceny","wtd_curr_yr":0,"wtd_prev_yr":1,"wtd_pct_change":-100,"twentyeight_day_curr_yr":9,"twentyeight_day_prev_yr":9,"twentyeight_day_pct_change":0,"ytd_curr_yr":52,"ytd_prev_yr":33,"ytd_pct_change":57.6,"two_year_pct_change":-14.8,"six_year_pct_change":30,"twentytwo_year_pct_change":-44.1},{"crime":"G.L.A.","wtd_curr_yr":3,"wtd_prev_yr":0,"wtd_pct_change":null,"twentyeight_day_curr_yr":4,"twentyeight_day_prev_yr":2,"twentyeight_day_pct_change":100,"ytd_curr_yr":29,"ytd_prev_yr":10,"ytd_pct_change":190,"two_year_pct_change":123.1,"six_year_pct_change":141.7,"twentytwo_year_pct_change":-84.5},{"crime":"TOTAL","wtd_curr_yr":19,"wtd_prev_yr":18,"wtd_pct_change":5.56,"twentyeight_day_curr_yr":54,"twentyeight_day_prev_yr":62,"twentyeight_day_pct_change":-12.9,"ytd_curr_yr":256,"ytd_prev_yr":244,"ytd_pct_change":4.92,"two_year_pct_change":8.94,"six_year_pct_change":47.13,"twentytwo_year_pct_change":-69.74},{"crime":"Transit","wtd_curr_yr":0,"wtd_prev_yr":0,"wtd_pct_change":null,"twentyeight_day_curr_yr":0,"twentyeight_day_prev_yr":0,"twentyeight_day_pct_change":null,"ytd_curr_yr":1,"ytd_prev_yr":4,"ytd_pct_change":-75,"two_year_pct_change":-83.3,"six_year_pct_change":-75,"twentytwo_year_pct_change":null},{"crime":"Housing","wtd_curr_yr":3,"wtd_prev_yr":3,"wtd_pct_change":0,"twentyeight_day_curr_yr":7,"twentyeight_day_prev_yr":7,"twentyeight_day_pct_change":0,"ytd_curr_yr":31,"ytd_prev_yr":19,"ytd_pct_change":63.2,"two_year_pct_change":29.2,"six_year_pct_change":47.6,"twentytwo_year_pct_change":null},{"crime":"Petit Larceny","wtd_curr_yr":10,"wtd_prev_yr":11,"wtd_pct_change":-9.1,"twentyeight_day_curr_yr":27,"twentyeight_day_prev_yr":39,"twentyeight_day_pct_change":-30.8,"ytd_curr_yr":169,"ytd_prev_yr":167,"ytd_pct_change":1.2,"two_year_pct_change":43.2,"six_year_pct_change":39.7,"twentytwo_year_pct_change":null},{"crime":"Misd. Assault","wtd_curr_yr":7,"wtd_prev_yr":10,"wtd_pct_change":-30,"twentyeight_day_curr_yr":29,"twentyeight_day_prev_yr":42,"twentyeight_day_pct_change":-31,"ytd_curr_yr":138,"ytd_prev_yr":140,"ytd_pct_change":-1.4,"two_year_pct_change":-1.4,"six_year_pct_change":12.2,"twentytwo_year_pct_change":null},{"crime":"Misd. Sex Crimes","wtd_curr_yr":0,"wtd_prev_yr":1,"wtd_pct_change":-100,"twentyeight_day_curr_yr":2,"twentyeight_day_prev_yr":1,"twentyeight_day_pct_change":100,"ytd_curr_yr":7,"ytd_prev_yr":3,"ytd_pct_change":133.3,"two_year_pct_change":16.7,"six_year_pct_change":-30,"twentytwo_year_pct_change":null},{"crime":"Shooting Vic.","wtd_curr_yr":1,"wtd_prev_yr":2,"wtd_pct_change":-50,"twentyeight_day_curr_yr":1,"twentyeight_day_prev_yr":2,"twentyeight_day_pct_change":-50,"ytd_curr_yr":4,"ytd_prev_yr":3,"ytd_pct_change":33.3,"two_year_pct_change":-20,"six_year_pct_change":0,"twentytwo_year_pct_change":-75},{"crime":"Shooting Inc.","wtd_curr_yr":1,"wtd_prev_yr":1,"wtd_pct_change":0,"twentyeight_day_curr_yr":1,"twentyeight_day_prev_yr":1,"twentyeight_day_pct_change":0,"ytd_curr_yr":4,"ytd_prev_yr":2,"ytd_pct_change":100,"two_year_pct_change":0,"six_year_pct_change":0,"twentytwo_year_pct_change":-75}],"historical":[{"yr_1990":14,"yr_1993":16,"yr_1998":9,"yr_2001":6,"yr_2013":3,"pct_change_13vs01":-50,"pct_change_13vs98":-66.7,"pct_change_13vs93":-81.2,"pct_change_13vs90":-78.6,"crime":"Murder"},{"yr_1990":67,"yr_1993":42,"yr_1998":32,"yr_2001":17,"yr_2013":19,"pct_change_13vs01":11.8,"pct_change_13vs98":-40.6,"pct_change_13vs93":-54.8,"pct_change_13vs90":-71.6,"crime":"Rape"},{"yr_1990":826,"yr_1993":710,"yr_1998":413,"yr_2001":247,"yr_2013":148,"pct_change_13vs01":-40.1,"pct_change_13vs98":-64.2,"pct_change_13vs93":-79.2,"pct_change_13vs90":-82.1,"crime":"Robbery"},{"yr_1990":588,"yr_1993":524,"yr_1998":418,"yr_2001":301,"yr_2013":212,"pct_change_13vs01":-29.6,"pct_change_13vs98":-49.3,"pct_change_13vs93":-59.5,"pct_change_13vs90":-63.9,"crime":"Fel. Assault"},{"yr_1990":825,"yr_1993":768,"yr_1998":370,"yr_2001":216,"yr_2013":227,"pct_change_13vs01":5.1,"pct_change_13vs98":-38.6,"pct_change_13vs93":-70.4,"pct_change_13vs90":-72.5,"crime":"Burglary"},{"yr_1990":362,"yr_1993":330,"yr_1998":203,"yr_2001":189,"yr_2013":182,"pct_change_13vs01":-3.7,"pct_change_13vs98":-10.3,"pct_change_13vs93":-44.8,"pct_change_13vs90":-49.7,"crime":"Gr. Larceny"},{"yr_1990":719,"yr_1993":460,"yr_1998":184,"yr_2001":158,"yr_2013":61,"pct_change_13vs01":-61.4,"pct_change_13vs98":-66.8,"pct_change_13vs93":-86.7,"pct_change_13vs90":-91.5,"crime":"G.L.A."},{"yr_1990":3401,"yr_1993":2850,"yr_1998":1629,"yr_2001":1134,"yr_2013":852,"pct_change_13vs01":-24.87,"pct_change_13vs98":-47.7,"pct_change_13vs93":-70.11,"pct_change_13vs90":-74.95,"crime":"TOTAL"}]}