{"mayor":"Bill de Blasio","commissioner":"William J. Bratton","volume":21,"number":15,"precinct":"102nd","startDate":"2014-04-07T04:00:00.000Z","endDate":"2014-04-13T04:00:00.000Z","crimes":[{"crime":"Murder","wtd_curr_yr":0,"wtd_prev_yr":0,"wtd_pct_change":null,"twentyeight_day_curr_yr":0,"twentyeight_day_prev_yr":1,"twentyeight_day_pct_change":-100,"ytd_curr_yr":0,"ytd_prev_yr":4,"ytd_pct_change":-100,"two_year_pct_change":-100,"six_year_pct_change":-100,"twentytwo_year_pct_change":-100},{"crime":"Rape","wtd_curr_yr":0,"wtd_prev_yr":0,"wtd_pct_change":null,"twentyeight_day_curr_yr":1,"twentyeight_day_prev_yr":3,"twentyeight_day_pct_change":-66.7,"ytd_curr_yr":8,"ytd_prev_yr":8,"ytd_pct_change":0,"two_year_pct_change":33.3,"six_year_pct_change":60,"twentytwo_year_pct_change":-20},{"crime":"Robbery","wtd_curr_yr":7,"wtd_prev_yr":5,"wtd_pct_change":40,"twentyeight_day_curr_yr":17,"twentyeight_day_prev_yr":17,"twentyeight_day_pct_change":0,"ytd_curr_yr":74,"ytd_prev_yr":70,"ytd_pct_change":5.7,"two_year_pct_change":4.2,"six_year_pct_change":34.5,"twentytwo_year_pct_change":-78.3},{"crime":"Fel. Assault","wtd_curr_yr":2,"wtd_prev_yr":0,"wtd_pct_change":null,"twentyeight_day_curr_yr":13,"twentyeight_day_prev_yr":18,"twentyeight_day_pct_change":-27.8,"ytd_curr_yr":64,"ytd_prev_yr":78,"ytd_pct_change":-17.9,"two_year_pct_change":6.7,"six_year_pct_change":36.2,"twentytwo_year_pct_change":-26.4},{"crime":"Burglary","wtd_curr_yr":6,"wtd_prev_yr":6,"wtd_pct_change":0,"twentyeight_day_curr_yr":28,"twentyeight_day_prev_yr":23,"twentyeight_day_pct_change":21.7,"ytd_curr_yr":91,"ytd_prev_yr":80,"ytd_pct_change":13.8,"two_year_pct_change":26.4,"six_year_pct_change":8.3,"twentytwo_year_pct_change":-75.6},{"crime":"Gr. Larceny","wtd_curr_yr":16,"wtd_prev_yr":9,"wtd_pct_change":77.8,"twentyeight_day_curr_yr":43,"twentyeight_day_prev_yr":41,"twentyeight_day_pct_change":4.9,"ytd_curr_yr":170,"ytd_prev_yr":106,"ytd_pct_change":60.4,"two_year_pct_change":70,"six_year_pct_change":60.4,"twentytwo_year_pct_change":18.9},{"crime":"G.L.A.","wtd_curr_yr":8,"wtd_prev_yr":2,"wtd_pct_change":300,"twentyeight_day_curr_yr":20,"twentyeight_day_prev_yr":17,"twentyeight_day_pct_change":17.6,"ytd_curr_yr":65,"ytd_prev_yr":52,"ytd_pct_change":25,"two_year_pct_change":25,"six_year_pct_change":-17.7,"twentytwo_year_pct_change":-93.6},{"crime":"TOTAL","wtd_curr_yr":39,"wtd_prev_yr":22,"wtd_pct_change":77.27,"twentyeight_day_curr_yr":122,"twentyeight_day_prev_yr":120,"twentyeight_day_pct_change":1.67,"ytd_curr_yr":472,"ytd_prev_yr":398,"ytd_pct_change":18.59,"two_year_pct_change":30.39,"six_year_pct_change":25.2,"twentytwo_year_pct_change":-76.16},{"crime":"Transit","wtd_curr_yr":0,"wtd_prev_yr":0,"wtd_pct_change":null,"twentyeight_day_curr_yr":4,"twentyeight_day_prev_yr":1,"twentyeight_day_pct_change":300,"ytd_curr_yr":11,"ytd_prev_yr":4,"ytd_pct_change":175,"two_year_pct_change":57.1,"six_year_pct_change":175,"twentytwo_year_pct_change":null},{"crime":"Housing","wtd_curr_yr":0,"wtd_prev_yr":0,"wtd_pct_change":null,"twentyeight_day_curr_yr":0,"twentyeight_day_prev_yr":0,"twentyeight_day_pct_change":null,"ytd_curr_yr":0,"ytd_prev_yr":0,"ytd_pct_change":null,"two_year_pct_change":null,"six_year_pct_change":null,"twentytwo_year_pct_change":null},{"crime":"Petit Larceny","wtd_curr_yr":17,"wtd_prev_yr":8,"wtd_pct_change":112.5,"twentyeight_day_curr_yr":67,"twentyeight_day_prev_yr":64,"twentyeight_day_pct_change":4.7,"ytd_curr_yr":277,"ytd_prev_yr":229,"ytd_pct_change":21,"two_year_pct_change":22.6,"six_year_pct_change":10.8,"twentytwo_year_pct_change":null},{"crime":"Misd. Assault","wtd_curr_yr":10,"wtd_prev_yr":9,"wtd_pct_change":11.1,"twentyeight_day_curr_yr":35,"twentyeight_day_prev_yr":37,"twentyeight_day_pct_change":-5.4,"ytd_curr_yr":151,"ytd_prev_yr":135,"ytd_pct_change":11.9,"two_year_pct_change":-16.6,"six_year_pct_change":-4.4,"twentytwo_year_pct_change":null},{"crime":"Misd. Sex Crimes","wtd_curr_yr":1,"wtd_prev_yr":0,"wtd_pct_change":null,"twentyeight_day_curr_yr":2,"twentyeight_day_prev_yr":1,"twentyeight_day_pct_change":100,"ytd_curr_yr":10,"ytd_prev_yr":3,"ytd_pct_change":233.3,"two_year_pct_change":42.9,"six_year_pct_change":25,"twentytwo_year_pct_change":null},{"crime":"Shooting Vic.","wtd_curr_yr":0,"wtd_prev_yr":0,"wtd_pct_change":null,"twentyeight_day_curr_yr":1,"twentyeight_day_prev_yr":1,"twentyeight_day_pct_change":0,"ytd_curr_yr":2,"ytd_prev_yr":4,"ytd_pct_change":-50,"two_year_pct_change":0,"six_year_pct_change":0,"twentytwo_year_pct_change":-81.8},{"crime":"Shooting Inc.","wtd_curr_yr":0,"wtd_prev_yr":0,"wtd_pct_change":null,"twentyeight_day_curr_yr":1,"twentyeight_day_prev_yr":1,"twentyeight_day_pct_change":0,"ytd_curr_yr":2,"ytd_prev_yr":4,"ytd_pct_change":-50,"two_year_pct_change":0,"six_year_pct_change":0,"twentytwo_year_pct_change":-77.8}],"historical":[{"yr_1990":6,"yr_1993":12,"yr_1998":3,"yr_2001":2,"yr_2013":7,"pct_change_13vs01":250,"pct_change_13vs98":133.3,"pct_change_13vs93":-41.7,"pct_change_13vs90":16.7,"crime":"Murder"},{"yr_1990":29,"yr_1993":34,"yr_1998":23,"yr_2001":21,"yr_2013":24,"pct_change_13vs01":14.3,"pct_change_13vs98":4.3,"pct_change_13vs93":-29.4,"pct_change_13vs90":-17.2,"crime":"Rape"},{"yr_1990":1067,"yr_1993":1238,"yr_1998":672,"yr_2001":459,"yr_2013":311,"pct_change_13vs01":-32.2,"pct_change_13vs98":-53.7,"pct_change_13vs93":-74.9,"pct_change_13vs90":-70.9,"crime":"Robbery"},{"yr_1990":345,"yr_1993":362,"yr_1998":440,"yr_2001":309,"yr_2013":327,"pct_change_13vs01":5.8,"pct_change_13vs98":-25.7,"pct_change_13vs93":-9.7,"pct_change_13vs90":-5.2,"crime":"Fel. Assault"},{"yr_1990":1847,"yr_1993":1503,"yr_1998":965,"yr_2001":622,"yr_2013":288,"pct_change_13vs01":-53.7,"pct_change_13vs98":-70.2,"pct_change_13vs93":-80.8,"pct_change_13vs90":-84.4,"crime":"Burglary"},{"yr_1990":721,"yr_1993":583,"yr_1998":538,"yr_2001":378,"yr_2013":490,"pct_change_13vs01":29.6,"pct_change_13vs98":-8.9,"pct_change_13vs93":-16,"pct_change_13vs90":-32,"crime":"Gr. Larceny"},{"yr_1990":4145,"yr_1993":3495,"yr_1998":1303,"yr_2001":803,"yr_2013":252,"pct_change_13vs01":-68.6,"pct_change_13vs98":-80.7,"pct_change_13vs93":-92.8,"pct_change_13vs90":-93.9,"crime":"G.L.A."},{"yr_1990":8160,"yr_1993":7227,"yr_1998":3944,"yr_2001":2594,"yr_2013":1699,"pct_change_13vs01":-34.5,"pct_change_13vs98":-56.92,"pct_change_13vs93":-76.49,"pct_change_13vs90":-79.18,"crime":"TOTAL"}]}