{"mayor":"Bill de Blasio","commissioner":"William J. Bratton","volume":21,"number":50,"precinct":"108th","startDate":"2014-12-08T05:00:00.000Z","endDate":"2014-12-14T05:00:00.000Z","crimes":[{"crime":"Murder","wtd_curr_yr":0,"wtd_prev_yr":0,"wtd_pct_change":null,"twentyeight_day_curr_yr":0,"twentyeight_day_prev_yr":0,"twentyeight_day_pct_change":null,"ytd_curr_yr":2,"ytd_prev_yr":4,"ytd_pct_change":-50,"two_year_pct_change":-33.3,"six_year_pct_change":-33.3,"twentytwo_year_pct_change":-80},{"crime":"Rape","wtd_curr_yr":0,"wtd_prev_yr":0,"wtd_pct_change":null,"twentyeight_day_curr_yr":0,"twentyeight_day_prev_yr":0,"twentyeight_day_pct_change":null,"ytd_curr_yr":14,"ytd_prev_yr":14,"ytd_pct_change":0,"two_year_pct_change":-12.5,"six_year_pct_change":16.7,"twentytwo_year_pct_change":16.7},{"crime":"Robbery","wtd_curr_yr":4,"wtd_prev_yr":7,"wtd_pct_change":-42.9,"twentyeight_day_curr_yr":13,"twentyeight_day_prev_yr":18,"twentyeight_day_pct_change":-27.8,"ytd_curr_yr":151,"ytd_prev_yr":153,"ytd_pct_change":-1.3,"two_year_pct_change":-18.8,"six_year_pct_change":-0.7,"twentytwo_year_pct_change":-84.4},{"crime":"Fel. Assault","wtd_curr_yr":3,"wtd_prev_yr":0,"wtd_pct_change":null,"twentyeight_day_curr_yr":12,"twentyeight_day_prev_yr":7,"twentyeight_day_pct_change":71.4,"ytd_curr_yr":158,"ytd_prev_yr":158,"ytd_pct_change":0,"two_year_pct_change":16.2,"six_year_pct_change":66.3,"twentytwo_year_pct_change":-47.9},{"crime":"Burglary","wtd_curr_yr":5,"wtd_prev_yr":7,"wtd_pct_change":-28.6,"twentyeight_day_curr_yr":17,"twentyeight_day_prev_yr":16,"twentyeight_day_pct_change":6.2,"ytd_curr_yr":225,"ytd_prev_yr":215,"ytd_pct_change":4.7,"two_year_pct_change":-4.3,"six_year_pct_change":-9.6,"twentytwo_year_pct_change":-84.8},{"crime":"Gr. Larceny","wtd_curr_yr":10,"wtd_prev_yr":15,"wtd_pct_change":-33.3,"twentyeight_day_curr_yr":38,"twentyeight_day_prev_yr":47,"twentyeight_day_pct_change":-19.1,"ytd_curr_yr":535,"ytd_prev_yr":548,"ytd_pct_change":-2.4,"two_year_pct_change":21.3,"six_year_pct_change":14.8,"twentytwo_year_pct_change":-39.3},{"crime":"G.L.A.","wtd_curr_yr":0,"wtd_prev_yr":2,"wtd_pct_change":-100,"twentyeight_day_curr_yr":2,"twentyeight_day_prev_yr":10,"twentyeight_day_pct_change":-80,"ytd_curr_yr":137,"ytd_prev_yr":162,"ytd_pct_change":-15.4,"two_year_pct_change":4.6,"six_year_pct_change":-22.6,"twentytwo_year_pct_change":-93.2},{"crime":"TOTAL","wtd_curr_yr":22,"wtd_prev_yr":31,"wtd_pct_change":-29.03,"twentyeight_day_curr_yr":82,"twentyeight_day_prev_yr":98,"twentyeight_day_pct_change":-16.33,"ytd_curr_yr":1222,"ytd_prev_yr":1254,"ytd_pct_change":-2.55,"two_year_pct_change":6.45,"six_year_pct_change":5.89,"twentytwo_year_pct_change":-78.47},{"crime":"Transit","wtd_curr_yr":1,"wtd_prev_yr":0,"wtd_pct_change":null,"twentyeight_day_curr_yr":4,"twentyeight_day_prev_yr":6,"twentyeight_day_pct_change":-33.3,"ytd_curr_yr":64,"ytd_prev_yr":72,"ytd_pct_change":-11.1,"two_year_pct_change":-3,"six_year_pct_change":68.4,"twentytwo_year_pct_change":null},{"crime":"Housing","wtd_curr_yr":0,"wtd_prev_yr":0,"wtd_pct_change":null,"twentyeight_day_curr_yr":0,"twentyeight_day_prev_yr":0,"twentyeight_day_pct_change":null,"ytd_curr_yr":0,"ytd_prev_yr":0,"ytd_pct_change":null,"two_year_pct_change":null,"six_year_pct_change":null,"twentytwo_year_pct_change":null},{"crime":"Petit Larceny","wtd_curr_yr":14,"wtd_prev_yr":14,"wtd_pct_change":0,"twentyeight_day_curr_yr":45,"twentyeight_day_prev_yr":64,"twentyeight_day_pct_change":-29.7,"ytd_curr_yr":806,"ytd_prev_yr":947,"ytd_pct_change":-14.9,"two_year_pct_change":-0.4,"six_year_pct_change":-7.9,"twentytwo_year_pct_change":null},{"crime":"Misd. Assault","wtd_curr_yr":5,"wtd_prev_yr":4,"wtd_pct_change":25,"twentyeight_day_curr_yr":30,"twentyeight_day_prev_yr":24,"twentyeight_day_pct_change":25,"ytd_curr_yr":412,"ytd_prev_yr":441,"ytd_pct_change":-6.6,"two_year_pct_change":-4,"six_year_pct_change":-8.8,"twentytwo_year_pct_change":null},{"crime":"Misd. Sex Crimes","wtd_curr_yr":1,"wtd_prev_yr":0,"wtd_pct_change":null,"twentyeight_day_curr_yr":5,"twentyeight_day_prev_yr":0,"twentyeight_day_pct_change":null,"ytd_curr_yr":52,"ytd_prev_yr":53,"ytd_pct_change":-1.9,"two_year_pct_change":0,"six_year_pct_change":-20,"twentytwo_year_pct_change":null},{"crime":"Shooting Vic.","wtd_curr_yr":0,"wtd_prev_yr":0,"wtd_pct_change":null,"twentyeight_day_curr_yr":0,"twentyeight_day_prev_yr":0,"twentyeight_day_pct_change":null,"ytd_curr_yr":5,"ytd_prev_yr":5,"ytd_pct_change":0,"two_year_pct_change":400,"six_year_pct_change":150,"twentytwo_year_pct_change":-64.3},{"crime":"Shooting Inc.","wtd_curr_yr":0,"wtd_prev_yr":0,"wtd_pct_change":null,"twentyeight_day_curr_yr":0,"twentyeight_day_prev_yr":0,"twentyeight_day_pct_change":null,"ytd_curr_yr":2,"ytd_prev_yr":4,"ytd_pct_change":-50,"two_year_pct_change":100,"six_year_pct_change":100,"twentytwo_year_pct_change":-85.7}],"historical":[{"yr_1990":16,"yr_1993":10,"yr_1998":5,"yr_2001":3,"yr_2013":4,"pct_change_13vs01":33.3,"pct_change_13vs98":-20,"pct_change_13vs93":-60,"pct_change_13vs90":-75,"crime":"Murder"},{"yr_1990":22,"yr_1993":12,"yr_1998":24,"yr_2001":18,"yr_2013":15,"pct_change_13vs01":-16.7,"pct_change_13vs98":-37.5,"pct_change_13vs93":25,"pct_change_13vs90":-31.8,"crime":"Rape"},{"yr_1990":1372,"yr_1993":1026,"yr_1998":464,"yr_2001":313,"yr_2013":160,"pct_change_13vs01":-48.9,"pct_change_13vs98":-65.5,"pct_change_13vs93":-84.4,"pct_change_13vs90":-88.3,"crime":"Robbery"},{"yr_1990":290,"yr_1993":317,"yr_1998":248,"yr_2001":147,"yr_2013":171,"pct_change_13vs01":16.3,"pct_change_13vs98":-31,"pct_change_13vs93":-46.1,"pct_change_13vs90":-41,"crime":"Fel. Assault"},{"yr_1990":2062,"yr_1993":1563,"yr_1998":971,"yr_2001":564,"yr_2013":244,"pct_change_13vs01":-56.7,"pct_change_13vs98":-74.9,"pct_change_13vs93":-84.4,"pct_change_13vs90":-88.2,"crime":"Burglary"},{"yr_1990":1150,"yr_1993":914,"yr_1998":605,"yr_2001":570,"yr_2013":572,"pct_change_13vs01":0.4,"pct_change_13vs98":-5.5,"pct_change_13vs93":-37.4,"pct_change_13vs90":-50.3,"crime":"Gr. Larceny"},{"yr_1990":2945,"yr_1993":2123,"yr_1998":942,"yr_2001":704,"yr_2013":166,"pct_change_13vs01":-76.4,"pct_change_13vs98":-82.4,"pct_change_13vs93":-92.2,"pct_change_13vs90":-94.4,"crime":"G.L.A."},{"yr_1990":7857,"yr_1993":5965,"yr_1998":3259,"yr_2001":2319,"yr_2013":1332,"pct_change_13vs01":-42.56,"pct_change_13vs98":-59.13,"pct_change_13vs93":-77.67,"pct_change_13vs90":-83.05,"crime":"TOTAL"}]}