{"mayor":"Bill de Blasio","commissioner":"William J. Bratton","volume":21,"number":35,"precinct":"102nd","startDate":"2014-08-25T04:00:00.000Z","endDate":"2014-08-31T04:00:00.000Z","crimes":[{"crime":"Murder","wtd_curr_yr":0,"wtd_prev_yr":0,"wtd_pct_change":null,"twentyeight_day_curr_yr":0,"twentyeight_day_prev_yr":0,"twentyeight_day_pct_change":null,"ytd_curr_yr":2,"ytd_prev_yr":5,"ytd_pct_change":-60,"two_year_pct_change":-50,"six_year_pct_change":-50,"twentytwo_year_pct_change":-50},{"crime":"Rape","wtd_curr_yr":0,"wtd_prev_yr":3,"wtd_pct_change":-100,"twentyeight_day_curr_yr":0,"twentyeight_day_prev_yr":6,"twentyeight_day_pct_change":-100,"ytd_curr_yr":11,"ytd_prev_yr":20,"ytd_pct_change":-45,"two_year_pct_change":-42.1,"six_year_pct_change":-21.4,"twentytwo_year_pct_change":-50},{"crime":"Robbery","wtd_curr_yr":8,"wtd_prev_yr":6,"wtd_pct_change":33.3,"twentyeight_day_curr_yr":20,"twentyeight_day_prev_yr":18,"twentyeight_day_pct_change":11.1,"ytd_curr_yr":158,"ytd_prev_yr":193,"ytd_pct_change":-18.1,"two_year_pct_change":-19,"six_year_pct_change":-6,"twentytwo_year_pct_change":-79.4},{"crime":"Fel. Assault","wtd_curr_yr":1,"wtd_prev_yr":9,"wtd_pct_change":-88.9,"twentyeight_day_curr_yr":22,"twentyeight_day_prev_yr":30,"twentyeight_day_pct_change":-26.7,"ytd_curr_yr":167,"ytd_prev_yr":212,"ytd_pct_change":-21.2,"two_year_pct_change":3.7,"six_year_pct_change":3.1,"twentytwo_year_pct_change":-26.1},{"crime":"Burglary","wtd_curr_yr":5,"wtd_prev_yr":11,"wtd_pct_change":-54.5,"twentyeight_day_curr_yr":18,"twentyeight_day_prev_yr":24,"twentyeight_day_pct_change":-25,"ytd_curr_yr":199,"ytd_prev_yr":192,"ytd_pct_change":3.6,"two_year_pct_change":-0.5,"six_year_pct_change":-9.1,"twentytwo_year_pct_change":-78.9},{"crime":"Gr. Larceny","wtd_curr_yr":10,"wtd_prev_yr":5,"wtd_pct_change":100,"twentyeight_day_curr_yr":37,"twentyeight_day_prev_yr":32,"twentyeight_day_pct_change":15.6,"ytd_curr_yr":347,"ytd_prev_yr":292,"ytd_pct_change":18.8,"two_year_pct_change":16.8,"six_year_pct_change":18.8,"twentytwo_year_pct_change":-6.7},{"crime":"G.L.A.","wtd_curr_yr":5,"wtd_prev_yr":6,"wtd_pct_change":-16.7,"twentyeight_day_curr_yr":23,"twentyeight_day_prev_yr":22,"twentyeight_day_pct_change":4.5,"ytd_curr_yr":154,"ytd_prev_yr":164,"ytd_pct_change":-6.1,"two_year_pct_change":0,"six_year_pct_change":-0.6,"twentytwo_year_pct_change":-93.3},{"crime":"TOTAL","wtd_curr_yr":29,"wtd_prev_yr":40,"wtd_pct_change":-27.5,"twentyeight_day_curr_yr":120,"twentyeight_day_prev_yr":132,"twentyeight_day_pct_change":-9.09,"ytd_curr_yr":1038,"ytd_prev_yr":1078,"ytd_pct_change":-3.71,"two_year_pct_change":0.78,"six_year_pct_change":2.37,"twentytwo_year_pct_change":-77.55},{"crime":"Transit","wtd_curr_yr":0,"wtd_prev_yr":0,"wtd_pct_change":null,"twentyeight_day_curr_yr":1,"twentyeight_day_prev_yr":2,"twentyeight_day_pct_change":-50,"ytd_curr_yr":12,"ytd_prev_yr":9,"ytd_pct_change":33.3,"two_year_pct_change":-25,"six_year_pct_change":-14.3,"twentytwo_year_pct_change":null},{"crime":"Housing","wtd_curr_yr":0,"wtd_prev_yr":0,"wtd_pct_change":null,"twentyeight_day_curr_yr":0,"twentyeight_day_prev_yr":0,"twentyeight_day_pct_change":null,"ytd_curr_yr":0,"ytd_prev_yr":0,"ytd_pct_change":null,"two_year_pct_change":null,"six_year_pct_change":null,"twentytwo_year_pct_change":null},{"crime":"Petit Larceny","wtd_curr_yr":14,"wtd_prev_yr":22,"wtd_pct_change":-36.4,"twentyeight_day_curr_yr":79,"twentyeight_day_prev_yr":86,"twentyeight_day_pct_change":-8.1,"ytd_curr_yr":703,"ytd_prev_yr":595,"ytd_pct_change":18.2,"two_year_pct_change":13.9,"six_year_pct_change":22.3,"twentytwo_year_pct_change":null},{"crime":"Misd. Assault","wtd_curr_yr":12,"wtd_prev_yr":16,"wtd_pct_change":-25,"twentyeight_day_curr_yr":47,"twentyeight_day_prev_yr":53,"twentyeight_day_pct_change":-11.3,"ytd_curr_yr":390,"ytd_prev_yr":385,"ytd_pct_change":1.3,"two_year_pct_change":-12.8,"six_year_pct_change":-8.2,"twentytwo_year_pct_change":null},{"crime":"Misd. Sex Crimes","wtd_curr_yr":1,"wtd_prev_yr":0,"wtd_pct_change":null,"twentyeight_day_curr_yr":3,"twentyeight_day_prev_yr":2,"twentyeight_day_pct_change":50,"ytd_curr_yr":21,"ytd_prev_yr":17,"ytd_pct_change":23.5,"two_year_pct_change":40,"six_year_pct_change":-16,"twentytwo_year_pct_change":null},{"crime":"Shooting Vic.","wtd_curr_yr":0,"wtd_prev_yr":0,"wtd_pct_change":null,"twentyeight_day_curr_yr":0,"twentyeight_day_prev_yr":0,"twentyeight_day_pct_change":null,"ytd_curr_yr":5,"ytd_prev_yr":6,"ytd_pct_change":-16.7,"two_year_pct_change":-16.7,"six_year_pct_change":-44.4,"twentytwo_year_pct_change":-77.3},{"crime":"Shooting Inc.","wtd_curr_yr":0,"wtd_prev_yr":0,"wtd_pct_change":null,"twentyeight_day_curr_yr":0,"twentyeight_day_prev_yr":0,"twentyeight_day_pct_change":null,"ytd_curr_yr":5,"ytd_prev_yr":6,"ytd_pct_change":-16.7,"two_year_pct_change":-16.7,"six_year_pct_change":-44.4,"twentytwo_year_pct_change":-72.2}],"historical":[{"yr_1990":6,"yr_1993":12,"yr_1998":3,"yr_2001":2,"yr_2013":7,"pct_change_13vs01":250,"pct_change_13vs98":133.3,"pct_change_13vs93":-41.7,"pct_change_13vs90":16.7,"crime":"Murder"},{"yr_1990":29,"yr_1993":34,"yr_1998":23,"yr_2001":21,"yr_2013":24,"pct_change_13vs01":14.3,"pct_change_13vs98":4.3,"pct_change_13vs93":-29.4,"pct_change_13vs90":-17.2,"crime":"Rape"},{"yr_1990":1067,"yr_1993":1238,"yr_1998":672,"yr_2001":459,"yr_2013":311,"pct_change_13vs01":-32.2,"pct_change_13vs98":-53.7,"pct_change_13vs93":-74.9,"pct_change_13vs90":-70.9,"crime":"Robbery"},{"yr_1990":345,"yr_1993":362,"yr_1998":440,"yr_2001":309,"yr_2013":323,"pct_change_13vs01":4.5,"pct_change_13vs98":-26.6,"pct_change_13vs93":-10.8,"pct_change_13vs90":-6.4,"crime":"Fel. Assault"},{"yr_1990":1847,"yr_1993":1503,"yr_1998":965,"yr_2001":622,"yr_2013":288,"pct_change_13vs01":-53.7,"pct_change_13vs98":-70.2,"pct_change_13vs93":-80.8,"pct_change_13vs90":-84.4,"crime":"Burglary"},{"yr_1990":721,"yr_1993":583,"yr_1998":538,"yr_2001":378,"yr_2013":490,"pct_change_13vs01":29.6,"pct_change_13vs98":-8.9,"pct_change_13vs93":-16,"pct_change_13vs90":-32,"crime":"Gr. Larceny"},{"yr_1990":4145,"yr_1993":3495,"yr_1998":1303,"yr_2001":803,"yr_2013":252,"pct_change_13vs01":-68.6,"pct_change_13vs98":-80.7,"pct_change_13vs93":-92.8,"pct_change_13vs90":-93.9,"crime":"G.L.A."},{"yr_1990":8160,"yr_1993":7227,"yr_1998":3944,"yr_2001":2594,"yr_2013":1695,"pct_change_13vs01":-34.66,"pct_change_13vs98":-57.02,"pct_change_13vs93":-76.55,"pct_change_13vs90":-79.23,"crime":"TOTAL"}]}