{"mayor":"Bill de Blasio","commissioner":"William J. Bratton","volume":21,"number":49,"precinct":"106th","startDate":"2014-12-01T05:00:00.000Z","endDate":"2014-12-07T05:00:00.000Z","crimes":[{"crime":"Murder","wtd_curr_yr":0,"wtd_prev_yr":0,"wtd_pct_change":null,"twentyeight_day_curr_yr":0,"twentyeight_day_prev_yr":1,"twentyeight_day_pct_change":-100,"ytd_curr_yr":2,"ytd_prev_yr":5,"ytd_pct_change":-60,"two_year_pct_change":0,"six_year_pct_change":-50,"twentytwo_year_pct_change":-90.5},{"crime":"Rape","wtd_curr_yr":0,"wtd_prev_yr":1,"wtd_pct_change":-100,"twentyeight_day_curr_yr":0,"twentyeight_day_prev_yr":1,"twentyeight_day_pct_change":-100,"ytd_curr_yr":23,"ytd_prev_yr":17,"ytd_pct_change":35.3,"two_year_pct_change":53.3,"six_year_pct_change":130,"twentytwo_year_pct_change":-25.8},{"crime":"Robbery","wtd_curr_yr":4,"wtd_prev_yr":8,"wtd_pct_change":-50,"twentyeight_day_curr_yr":22,"twentyeight_day_prev_yr":46,"twentyeight_day_pct_change":-52.2,"ytd_curr_yr":247,"ytd_prev_yr":305,"ytd_pct_change":-19,"two_year_pct_change":-17.9,"six_year_pct_change":10.3,"twentytwo_year_pct_change":-70.1},{"crime":"Fel. Assault","wtd_curr_yr":7,"wtd_prev_yr":3,"wtd_pct_change":133.3,"twentyeight_day_curr_yr":20,"twentyeight_day_prev_yr":23,"twentyeight_day_pct_change":-13,"ytd_curr_yr":223,"ytd_prev_yr":236,"ytd_pct_change":-5.5,"two_year_pct_change":26,"six_year_pct_change":37.7,"twentytwo_year_pct_change":-42.8},{"crime":"Burglary","wtd_curr_yr":4,"wtd_prev_yr":10,"wtd_pct_change":-60,"twentyeight_day_curr_yr":20,"twentyeight_day_prev_yr":20,"twentyeight_day_pct_change":0,"ytd_curr_yr":238,"ytd_prev_yr":321,"ytd_pct_change":-25.9,"two_year_pct_change":-32.4,"six_year_pct_change":-19.9,"twentytwo_year_pct_change":-79.1},{"crime":"Gr. Larceny","wtd_curr_yr":10,"wtd_prev_yr":15,"wtd_pct_change":-33.3,"twentyeight_day_curr_yr":36,"twentyeight_day_prev_yr":52,"twentyeight_day_pct_change":-30.8,"ytd_curr_yr":482,"ytd_prev_yr":483,"ytd_pct_change":-0.2,"two_year_pct_change":6.2,"six_year_pct_change":34.6,"twentytwo_year_pct_change":-12.2},{"crime":"G.L.A.","wtd_curr_yr":3,"wtd_prev_yr":6,"wtd_pct_change":-50,"twentyeight_day_curr_yr":15,"twentyeight_day_prev_yr":14,"twentyeight_day_pct_change":7.1,"ytd_curr_yr":216,"ytd_prev_yr":175,"ytd_pct_change":23.4,"two_year_pct_change":4.3,"six_year_pct_change":-17.6,"twentytwo_year_pct_change":-93},{"crime":"TOTAL","wtd_curr_yr":28,"wtd_prev_yr":43,"wtd_pct_change":-34.88,"twentyeight_day_curr_yr":113,"twentyeight_day_prev_yr":157,"twentyeight_day_pct_change":-28.03,"ytd_curr_yr":1431,"ytd_prev_yr":1542,"ytd_pct_change":-7.2,"two_year_pct_change":-5.11,"six_year_pct_change":8.66,"twentytwo_year_pct_change":-76.37},{"crime":"Transit","wtd_curr_yr":0,"wtd_prev_yr":2,"wtd_pct_change":-100,"twentyeight_day_curr_yr":0,"twentyeight_day_prev_yr":4,"twentyeight_day_pct_change":-100,"ytd_curr_yr":27,"ytd_prev_yr":35,"ytd_pct_change":-22.9,"two_year_pct_change":-28.9,"six_year_pct_change":68.8,"twentytwo_year_pct_change":null},{"crime":"Housing","wtd_curr_yr":0,"wtd_prev_yr":0,"wtd_pct_change":null,"twentyeight_day_curr_yr":0,"twentyeight_day_prev_yr":0,"twentyeight_day_pct_change":null,"ytd_curr_yr":0,"ytd_prev_yr":0,"ytd_pct_change":null,"two_year_pct_change":null,"six_year_pct_change":null,"twentytwo_year_pct_change":null},{"crime":"Petit Larceny","wtd_curr_yr":23,"wtd_prev_yr":13,"wtd_pct_change":76.9,"twentyeight_day_curr_yr":67,"twentyeight_day_prev_yr":63,"twentyeight_day_pct_change":6.3,"ytd_curr_yr":863,"ytd_prev_yr":720,"ytd_pct_change":19.9,"two_year_pct_change":-2.5,"six_year_pct_change":16.9,"twentytwo_year_pct_change":null},{"crime":"Misd. Assault","wtd_curr_yr":7,"wtd_prev_yr":5,"wtd_pct_change":40,"twentyeight_day_curr_yr":25,"twentyeight_day_prev_yr":36,"twentyeight_day_pct_change":-30.6,"ytd_curr_yr":447,"ytd_prev_yr":435,"ytd_pct_change":2.8,"two_year_pct_change":-1.1,"six_year_pct_change":4.9,"twentytwo_year_pct_change":null},{"crime":"Misd. Sex Crimes","wtd_curr_yr":1,"wtd_prev_yr":0,"wtd_pct_change":null,"twentyeight_day_curr_yr":5,"twentyeight_day_prev_yr":2,"twentyeight_day_pct_change":150,"ytd_curr_yr":21,"ytd_prev_yr":22,"ytd_pct_change":-4.5,"two_year_pct_change":-12.5,"six_year_pct_change":5,"twentytwo_year_pct_change":null},{"crime":"Shooting Vic.","wtd_curr_yr":0,"wtd_prev_yr":1,"wtd_pct_change":-100,"twentyeight_day_curr_yr":0,"twentyeight_day_prev_yr":1,"twentyeight_day_pct_change":-100,"ytd_curr_yr":3,"ytd_prev_yr":10,"ytd_pct_change":-70,"two_year_pct_change":-62.5,"six_year_pct_change":-75,"twentytwo_year_pct_change":-86.4},{"crime":"Shooting Inc.","wtd_curr_yr":0,"wtd_prev_yr":1,"wtd_pct_change":-100,"twentyeight_day_curr_yr":0,"twentyeight_day_prev_yr":1,"twentyeight_day_pct_change":-100,"ytd_curr_yr":3,"ytd_prev_yr":9,"ytd_pct_change":-66.7,"two_year_pct_change":-57.1,"six_year_pct_change":-72.7,"twentytwo_year_pct_change":-86.4}],"historical":[{"yr_1990":15,"yr_1993":21,"yr_1998":7,"yr_2001":4,"yr_2013":6,"pct_change_13vs01":50,"pct_change_13vs98":-14.3,"pct_change_13vs93":-71.4,"pct_change_13vs90":-60,"crime":"Murder"},{"yr_1990":31,"yr_1993":33,"yr_1998":40,"yr_2001":19,"yr_2013":19,"pct_change_13vs01":0,"pct_change_13vs98":-52.5,"pct_change_13vs93":-42.4,"pct_change_13vs90":-38.7,"crime":"Rape"},{"yr_1990":832,"yr_1993":891,"yr_1998":545,"yr_2001":344,"yr_2013":328,"pct_change_13vs01":-4.7,"pct_change_13vs98":-39.8,"pct_change_13vs93":-63.2,"pct_change_13vs90":-60.6,"crime":"Robbery"},{"yr_1990":329,"yr_1993":408,"yr_1998":297,"yr_2001":241,"yr_2013":253,"pct_change_13vs01":5,"pct_change_13vs98":-14.8,"pct_change_13vs93":-38,"pct_change_13vs90":-23.1,"crime":"Fel. Assault"},{"yr_1990":1348,"yr_1993":1230,"yr_1998":662,"yr_2001":417,"yr_2013":346,"pct_change_13vs01":-17,"pct_change_13vs98":-47.7,"pct_change_13vs93":-71.9,"pct_change_13vs90":-74.3,"crime":"Burglary"},{"yr_1990":715,"yr_1993":595,"yr_1998":440,"yr_2001":381,"yr_2013":522,"pct_change_13vs01":37,"pct_change_13vs98":18.6,"pct_change_13vs93":-12.3,"pct_change_13vs90":-27,"crime":"Gr. Larceny"},{"yr_1990":3071,"yr_1993":3304,"yr_1998":1370,"yr_2001":778,"yr_2013":191,"pct_change_13vs01":-75.4,"pct_change_13vs98":-86.1,"pct_change_13vs93":-94.2,"pct_change_13vs90":-93.8,"crime":"G.L.A."},{"yr_1990":6341,"yr_1993":6482,"yr_1998":3361,"yr_2001":2184,"yr_2013":1665,"pct_change_13vs01":-23.76,"pct_change_13vs98":-50.46,"pct_change_13vs93":-74.31,"pct_change_13vs90":-73.74,"crime":"TOTAL"}]}