{"mayor":"Bill de Blasio","commissioner":"William J. Bratton","volume":21,"number":27,"precinct":"104th","startDate":"2014-06-30T04:00:00.000Z","endDate":"2014-07-06T04:00:00.000Z","crimes":[{"crime":"Murder","wtd_curr_yr":0,"wtd_prev_yr":0,"wtd_pct_change":null,"twentyeight_day_curr_yr":0,"twentyeight_day_prev_yr":0,"twentyeight_day_pct_change":null,"ytd_curr_yr":3,"ytd_prev_yr":3,"ytd_pct_change":0,"two_year_pct_change":null,"six_year_pct_change":200,"twentytwo_year_pct_change":-70},{"crime":"Rape","wtd_curr_yr":0,"wtd_prev_yr":0,"wtd_pct_change":null,"twentyeight_day_curr_yr":1,"twentyeight_day_prev_yr":0,"twentyeight_day_pct_change":null,"ytd_curr_yr":11,"ytd_prev_yr":8,"ytd_pct_change":37.5,"two_year_pct_change":37.5,"six_year_pct_change":83.3,"twentytwo_year_pct_change":-31.2},{"crime":"Robbery","wtd_curr_yr":2,"wtd_prev_yr":5,"wtd_pct_change":-60,"twentyeight_day_curr_yr":7,"twentyeight_day_prev_yr":15,"twentyeight_day_pct_change":-53.3,"ytd_curr_yr":85,"ytd_prev_yr":106,"ytd_pct_change":-19.8,"two_year_pct_change":-35.6,"six_year_pct_change":-34.1,"twentytwo_year_pct_change":-82.5},{"crime":"Fel. Assault","wtd_curr_yr":4,"wtd_prev_yr":4,"wtd_pct_change":0,"twentyeight_day_curr_yr":14,"twentyeight_day_prev_yr":12,"twentyeight_day_pct_change":16.7,"ytd_curr_yr":102,"ytd_prev_yr":135,"ytd_pct_change":-24.4,"two_year_pct_change":-19.7,"six_year_pct_change":15.9,"twentytwo_year_pct_change":-28.2},{"crime":"Burglary","wtd_curr_yr":4,"wtd_prev_yr":11,"wtd_pct_change":-63.6,"twentyeight_day_curr_yr":14,"twentyeight_day_prev_yr":32,"twentyeight_day_pct_change":-56.2,"ytd_curr_yr":147,"ytd_prev_yr":180,"ytd_pct_change":-18.3,"two_year_pct_change":-24.2,"six_year_pct_change":-32.9,"twentytwo_year_pct_change":-85.9},{"crime":"Gr. Larceny","wtd_curr_yr":12,"wtd_prev_yr":10,"wtd_pct_change":20,"twentyeight_day_curr_yr":46,"twentyeight_day_prev_yr":45,"twentyeight_day_pct_change":2.2,"ytd_curr_yr":288,"ytd_prev_yr":256,"ytd_pct_change":12.5,"two_year_pct_change":9.9,"six_year_pct_change":16.1,"twentytwo_year_pct_change":-7.7},{"crime":"G.L.A.","wtd_curr_yr":3,"wtd_prev_yr":3,"wtd_pct_change":0,"twentyeight_day_curr_yr":18,"twentyeight_day_prev_yr":11,"twentyeight_day_pct_change":63.6,"ytd_curr_yr":106,"ytd_prev_yr":71,"ytd_pct_change":49.3,"two_year_pct_change":-6.2,"six_year_pct_change":-24.3,"twentytwo_year_pct_change":-94.2},{"crime":"TOTAL","wtd_curr_yr":25,"wtd_prev_yr":33,"wtd_pct_change":-24.24,"twentyeight_day_curr_yr":100,"twentyeight_day_prev_yr":115,"twentyeight_day_pct_change":-13.04,"ytd_curr_yr":742,"ytd_prev_yr":759,"ytd_pct_change":-2.24,"two_year_pct_change":-11.24,"six_year_pct_change":-10.71,"twentytwo_year_pct_change":-80.7},{"crime":"Transit","wtd_curr_yr":0,"wtd_prev_yr":0,"wtd_pct_change":null,"twentyeight_day_curr_yr":1,"twentyeight_day_prev_yr":1,"twentyeight_day_pct_change":0,"ytd_curr_yr":6,"ytd_prev_yr":8,"ytd_pct_change":-25,"two_year_pct_change":-57.1,"six_year_pct_change":200,"twentytwo_year_pct_change":null},{"crime":"Housing","wtd_curr_yr":0,"wtd_prev_yr":0,"wtd_pct_change":null,"twentyeight_day_curr_yr":0,"twentyeight_day_prev_yr":0,"twentyeight_day_pct_change":null,"ytd_curr_yr":0,"ytd_prev_yr":0,"ytd_pct_change":null,"two_year_pct_change":null,"six_year_pct_change":null,"twentytwo_year_pct_change":null},{"crime":"Petit Larceny","wtd_curr_yr":21,"wtd_prev_yr":17,"wtd_pct_change":23.5,"twentyeight_day_curr_yr":81,"twentyeight_day_prev_yr":83,"twentyeight_day_pct_change":-2.4,"ytd_curr_yr":573,"ytd_prev_yr":511,"ytd_pct_change":12.1,"two_year_pct_change":8.1,"six_year_pct_change":-3.4,"twentytwo_year_pct_change":null},{"crime":"Misd. Assault","wtd_curr_yr":9,"wtd_prev_yr":19,"wtd_pct_change":-52.6,"twentyeight_day_curr_yr":52,"twentyeight_day_prev_yr":57,"twentyeight_day_pct_change":-8.8,"ytd_curr_yr":321,"ytd_prev_yr":268,"ytd_pct_change":19.8,"two_year_pct_change":-7,"six_year_pct_change":-2.7,"twentytwo_year_pct_change":null},{"crime":"Misd. Sex Crimes","wtd_curr_yr":0,"wtd_prev_yr":0,"wtd_pct_change":null,"twentyeight_day_curr_yr":0,"twentyeight_day_prev_yr":2,"twentyeight_day_pct_change":-100,"ytd_curr_yr":6,"ytd_prev_yr":11,"ytd_pct_change":-45.5,"two_year_pct_change":-57.1,"six_year_pct_change":-64.7,"twentytwo_year_pct_change":null},{"crime":"Shooting Vic.","wtd_curr_yr":0,"wtd_prev_yr":0,"wtd_pct_change":null,"twentyeight_day_curr_yr":1,"twentyeight_day_prev_yr":2,"twentyeight_day_pct_change":-50,"ytd_curr_yr":5,"ytd_prev_yr":3,"ytd_pct_change":66.7,"two_year_pct_change":66.7,"six_year_pct_change":400,"twentytwo_year_pct_change":-58.3},{"crime":"Shooting Inc.","wtd_curr_yr":0,"wtd_prev_yr":0,"wtd_pct_change":null,"twentyeight_day_curr_yr":1,"twentyeight_day_prev_yr":2,"twentyeight_day_pct_change":-50,"ytd_curr_yr":4,"ytd_prev_yr":3,"ytd_pct_change":33.3,"two_year_pct_change":33.3,"six_year_pct_change":300,"twentytwo_year_pct_change":-63.6}],"historical":[{"yr_1990":11,"yr_1993":19,"yr_1998":7,"yr_2001":5,"yr_2013":3,"pct_change_13vs01":-40,"pct_change_13vs98":-57.1,"pct_change_13vs93":-84.2,"pct_change_13vs90":-72.7,"crime":"Murder"},{"yr_1990":21,"yr_1993":21,"yr_1998":24,"yr_2001":15,"yr_2013":15,"pct_change_13vs01":0,"pct_change_13vs98":-37.5,"pct_change_13vs93":-28.6,"pct_change_13vs90":-28.6,"crime":"Rape"},{"yr_1990":1307,"yr_1993":1027,"yr_1998":490,"yr_2001":359,"yr_2013":256,"pct_change_13vs01":-28.7,"pct_change_13vs98":-47.8,"pct_change_13vs93":-75.1,"pct_change_13vs90":-80.4,"crime":"Robbery"},{"yr_1990":279,"yr_1993":305,"yr_1998":261,"yr_2001":262,"yr_2013":241,"pct_change_13vs01":-8,"pct_change_13vs98":-7.7,"pct_change_13vs93":-21,"pct_change_13vs90":-13.6,"crime":"Fel. Assault"},{"yr_1990":2562,"yr_1993":1955,"yr_1998":1024,"yr_2001":790,"yr_2013":339,"pct_change_13vs01":-57.1,"pct_change_13vs98":-66.9,"pct_change_13vs93":-82.7,"pct_change_13vs90":-86.8,"crime":"Burglary"},{"yr_1990":884,"yr_1993":678,"yr_1998":485,"yr_2001":551,"yr_2013":572,"pct_change_13vs01":3.8,"pct_change_13vs98":17.9,"pct_change_13vs93":-15.6,"pct_change_13vs90":-35.3,"crime":"Gr. Larceny"},{"yr_1990":4443,"yr_1993":3418,"yr_1998":1374,"yr_2001":892,"yr_2013":181,"pct_change_13vs01":-79.7,"pct_change_13vs98":-86.8,"pct_change_13vs93":-94.7,"pct_change_13vs90":-95.9,"crime":"G.L.A."},{"yr_1990":9507,"yr_1993":7423,"yr_1998":3665,"yr_2001":2874,"yr_2013":1607,"pct_change_13vs01":-44.08,"pct_change_13vs98":-56.15,"pct_change_13vs93":-78.35,"pct_change_13vs90":-83.1,"crime":"TOTAL"}]}