{"mayor":"Bill de Blasio","commissioner":"William J. Bratton","volume":21,"number":24,"precinct":"104th","startDate":"2014-06-09T04:00:00.000Z","endDate":"2014-06-15T04:00:00.000Z","crimes":[{"crime":"Murder","wtd_curr_yr":0,"wtd_prev_yr":0,"wtd_pct_change":null,"twentyeight_day_curr_yr":0,"twentyeight_day_prev_yr":2,"twentyeight_day_pct_change":-100,"ytd_curr_yr":3,"ytd_prev_yr":3,"ytd_pct_change":0,"two_year_pct_change":null,"six_year_pct_change":200,"twentytwo_year_pct_change":-66.7},{"crime":"Rape","wtd_curr_yr":0,"wtd_prev_yr":0,"wtd_pct_change":null,"twentyeight_day_curr_yr":1,"twentyeight_day_prev_yr":0,"twentyeight_day_pct_change":null,"ytd_curr_yr":10,"ytd_prev_yr":8,"ytd_pct_change":25,"two_year_pct_change":42.9,"six_year_pct_change":66.7,"twentytwo_year_pct_change":-28.6},{"crime":"Robbery","wtd_curr_yr":0,"wtd_prev_yr":7,"wtd_pct_change":-100,"twentyeight_day_curr_yr":11,"twentyeight_day_prev_yr":20,"twentyeight_day_pct_change":-45,"ytd_curr_yr":78,"ytd_prev_yr":98,"ytd_pct_change":-20.4,"two_year_pct_change":-32.8,"six_year_pct_change":-28.4,"twentytwo_year_pct_change":-82.2},{"crime":"Fel. Assault","wtd_curr_yr":5,"wtd_prev_yr":2,"wtd_pct_change":150,"twentyeight_day_curr_yr":16,"twentyeight_day_prev_yr":26,"twentyeight_day_pct_change":-38.5,"ytd_curr_yr":93,"ytd_prev_yr":125,"ytd_pct_change":-25.6,"two_year_pct_change":-13.9,"six_year_pct_change":24,"twentytwo_year_pct_change":-27.9},{"crime":"Burglary","wtd_curr_yr":3,"wtd_prev_yr":4,"wtd_pct_change":-25,"twentyeight_day_curr_yr":21,"twentyeight_day_prev_yr":27,"twentyeight_day_pct_change":-22.2,"ytd_curr_yr":134,"ytd_prev_yr":152,"ytd_pct_change":-11.8,"two_year_pct_change":-21.6,"six_year_pct_change":-29.8,"twentytwo_year_pct_change":-85.3},{"crime":"Gr. Larceny","wtd_curr_yr":9,"wtd_prev_yr":14,"wtd_pct_change":-35.7,"twentyeight_day_curr_yr":41,"twentyeight_day_prev_yr":49,"twentyeight_day_pct_change":-16.3,"ytd_curr_yr":255,"ytd_prev_yr":225,"ytd_pct_change":13.3,"two_year_pct_change":10.4,"six_year_pct_change":17.5,"twentytwo_year_pct_change":-5.9},{"crime":"G.L.A.","wtd_curr_yr":6,"wtd_prev_yr":4,"wtd_pct_change":50,"twentyeight_day_curr_yr":16,"twentyeight_day_prev_yr":17,"twentyeight_day_pct_change":-5.9,"ytd_curr_yr":95,"ytd_prev_yr":64,"ytd_pct_change":48.4,"two_year_pct_change":1.1,"six_year_pct_change":-26.4,"twentytwo_year_pct_change":-94.3},{"crime":"TOTAL","wtd_curr_yr":23,"wtd_prev_yr":31,"wtd_pct_change":-25.81,"twentyeight_day_curr_yr":106,"twentyeight_day_prev_yr":141,"twentyeight_day_pct_change":-24.82,"ytd_curr_yr":668,"ytd_prev_yr":675,"ytd_pct_change":-1.04,"two_year_pct_change":-8.12,"six_year_pct_change":-8.24,"twentytwo_year_pct_change":-80.58},{"crime":"Transit","wtd_curr_yr":0,"wtd_prev_yr":1,"wtd_pct_change":-100,"twentyeight_day_curr_yr":0,"twentyeight_day_prev_yr":3,"twentyeight_day_pct_change":-100,"ytd_curr_yr":5,"ytd_prev_yr":8,"ytd_pct_change":-37.5,"two_year_pct_change":-58.3,"six_year_pct_change":150,"twentytwo_year_pct_change":null},{"crime":"Housing","wtd_curr_yr":0,"wtd_prev_yr":0,"wtd_pct_change":null,"twentyeight_day_curr_yr":0,"twentyeight_day_prev_yr":0,"twentyeight_day_pct_change":null,"ytd_curr_yr":0,"ytd_prev_yr":0,"ytd_pct_change":null,"two_year_pct_change":null,"six_year_pct_change":null,"twentytwo_year_pct_change":null},{"crime":"Petit Larceny","wtd_curr_yr":24,"wtd_prev_yr":19,"wtd_pct_change":26.3,"twentyeight_day_curr_yr":82,"twentyeight_day_prev_yr":72,"twentyeight_day_pct_change":13.9,"ytd_curr_yr":517,"ytd_prev_yr":447,"ytd_pct_change":15.7,"two_year_pct_change":8.2,"six_year_pct_change":2,"twentytwo_year_pct_change":null},{"crime":"Misd. Assault","wtd_curr_yr":13,"wtd_prev_yr":6,"wtd_pct_change":116.7,"twentyeight_day_curr_yr":52,"twentyeight_day_prev_yr":33,"twentyeight_day_pct_change":57.6,"ytd_curr_yr":283,"ytd_prev_yr":217,"ytd_pct_change":30.4,"two_year_pct_change":-7.8,"six_year_pct_change":-6,"twentytwo_year_pct_change":null},{"crime":"Misd. Sex Crimes","wtd_curr_yr":0,"wtd_prev_yr":2,"wtd_pct_change":-100,"twentyeight_day_curr_yr":0,"twentyeight_day_prev_yr":5,"twentyeight_day_pct_change":-100,"ytd_curr_yr":6,"ytd_prev_yr":11,"ytd_pct_change":-45.5,"two_year_pct_change":-40,"six_year_pct_change":-57.1,"twentytwo_year_pct_change":null},{"crime":"Shooting Vic.","wtd_curr_yr":0,"wtd_prev_yr":0,"wtd_pct_change":null,"twentyeight_day_curr_yr":0,"twentyeight_day_prev_yr":0,"twentyeight_day_pct_change":null,"ytd_curr_yr":4,"ytd_prev_yr":1,"ytd_pct_change":300,"two_year_pct_change":33.3,"six_year_pct_change":300,"twentytwo_year_pct_change":-66.7},{"crime":"Shooting Inc.","wtd_curr_yr":0,"wtd_prev_yr":0,"wtd_pct_change":null,"twentyeight_day_curr_yr":0,"twentyeight_day_prev_yr":0,"twentyeight_day_pct_change":null,"ytd_curr_yr":3,"ytd_prev_yr":1,"ytd_pct_change":200,"two_year_pct_change":0,"six_year_pct_change":200,"twentytwo_year_pct_change":-72.7}],"historical":[{"yr_1990":11,"yr_1993":19,"yr_1998":7,"yr_2001":5,"yr_2013":3,"pct_change_13vs01":-40,"pct_change_13vs98":-57.1,"pct_change_13vs93":-84.2,"pct_change_13vs90":-72.7,"crime":"Murder"},{"yr_1990":21,"yr_1993":21,"yr_1998":24,"yr_2001":15,"yr_2013":15,"pct_change_13vs01":0,"pct_change_13vs98":-37.5,"pct_change_13vs93":-28.6,"pct_change_13vs90":-28.6,"crime":"Rape"},{"yr_1990":1307,"yr_1993":1027,"yr_1998":490,"yr_2001":359,"yr_2013":256,"pct_change_13vs01":-28.7,"pct_change_13vs98":-47.8,"pct_change_13vs93":-75.1,"pct_change_13vs90":-80.4,"crime":"Robbery"},{"yr_1990":279,"yr_1993":305,"yr_1998":261,"yr_2001":262,"yr_2013":241,"pct_change_13vs01":-8,"pct_change_13vs98":-7.7,"pct_change_13vs93":-21,"pct_change_13vs90":-13.6,"crime":"Fel. Assault"},{"yr_1990":2562,"yr_1993":1955,"yr_1998":1024,"yr_2001":790,"yr_2013":339,"pct_change_13vs01":-57.1,"pct_change_13vs98":-66.9,"pct_change_13vs93":-82.7,"pct_change_13vs90":-86.8,"crime":"Burglary"},{"yr_1990":884,"yr_1993":678,"yr_1998":485,"yr_2001":551,"yr_2013":572,"pct_change_13vs01":3.8,"pct_change_13vs98":17.9,"pct_change_13vs93":-15.6,"pct_change_13vs90":-35.3,"crime":"Gr. Larceny"},{"yr_1990":4443,"yr_1993":3418,"yr_1998":1374,"yr_2001":892,"yr_2013":181,"pct_change_13vs01":-79.7,"pct_change_13vs98":-86.8,"pct_change_13vs93":-94.7,"pct_change_13vs90":-95.9,"crime":"G.L.A."},{"yr_1990":9507,"yr_1993":7423,"yr_1998":3665,"yr_2001":2874,"yr_2013":1607,"pct_change_13vs01":-44.08,"pct_change_13vs98":-56.15,"pct_change_13vs93":-78.35,"pct_change_13vs90":-83.1,"crime":"TOTAL"}]}