{"mayor":"Bill de Blasio","commissioner":"William J. Bratton","volume":21,"number":26,"precinct":"101st","startDate":"2014-06-23T04:00:00.000Z","endDate":"2014-06-29T04:00:00.000Z","crimes":[{"crime":"Murder","wtd_curr_yr":0,"wtd_prev_yr":0,"wtd_pct_change":null,"twentyeight_day_curr_yr":0,"twentyeight_day_prev_yr":0,"twentyeight_day_pct_change":null,"ytd_curr_yr":3,"ytd_prev_yr":2,"ytd_pct_change":50,"two_year_pct_change":50,"six_year_pct_change":0,"twentytwo_year_pct_change":-66.7},{"crime":"Rape","wtd_curr_yr":0,"wtd_prev_yr":0,"wtd_pct_change":null,"twentyeight_day_curr_yr":1,"twentyeight_day_prev_yr":2,"twentyeight_day_pct_change":-50,"ytd_curr_yr":6,"ytd_prev_yr":9,"ytd_pct_change":-33.3,"two_year_pct_change":-50,"six_year_pct_change":-50,"twentytwo_year_pct_change":-62.5},{"crime":"Robbery","wtd_curr_yr":3,"wtd_prev_yr":5,"wtd_pct_change":-40,"twentyeight_day_curr_yr":14,"twentyeight_day_prev_yr":10,"twentyeight_day_pct_change":40,"ytd_curr_yr":58,"ytd_prev_yr":63,"ytd_pct_change":-7.9,"two_year_pct_change":-9.4,"six_year_pct_change":-52.1,"twentytwo_year_pct_change":-80.5},{"crime":"Fel. Assault","wtd_curr_yr":2,"wtd_prev_yr":1,"wtd_pct_change":100,"twentyeight_day_curr_yr":28,"twentyeight_day_prev_yr":22,"twentyeight_day_pct_change":27.3,"ytd_curr_yr":128,"ytd_prev_yr":93,"ytd_pct_change":37.6,"two_year_pct_change":14.3,"six_year_pct_change":-12.3,"twentytwo_year_pct_change":-42.9},{"crime":"Burglary","wtd_curr_yr":3,"wtd_prev_yr":7,"wtd_pct_change":-57.1,"twentyeight_day_curr_yr":11,"twentyeight_day_prev_yr":18,"twentyeight_day_pct_change":-38.9,"ytd_curr_yr":72,"ytd_prev_yr":117,"ytd_pct_change":-38.5,"two_year_pct_change":-8.9,"six_year_pct_change":-40.5,"twentytwo_year_pct_change":-80.1},{"crime":"Gr. Larceny","wtd_curr_yr":4,"wtd_prev_yr":7,"wtd_pct_change":-42.9,"twentyeight_day_curr_yr":22,"twentyeight_day_prev_yr":21,"twentyeight_day_pct_change":4.8,"ytd_curr_yr":85,"ytd_prev_yr":66,"ytd_pct_change":28.8,"two_year_pct_change":-14.1,"six_year_pct_change":-5.6,"twentytwo_year_pct_change":-38.8},{"crime":"G.L.A.","wtd_curr_yr":1,"wtd_prev_yr":1,"wtd_pct_change":0,"twentyeight_day_curr_yr":8,"twentyeight_day_prev_yr":6,"twentyeight_day_pct_change":33.3,"ytd_curr_yr":43,"ytd_prev_yr":23,"ytd_pct_change":87,"two_year_pct_change":72,"six_year_pct_change":-41.1,"twentytwo_year_pct_change":-82.4},{"crime":"TOTAL","wtd_curr_yr":13,"wtd_prev_yr":21,"wtd_pct_change":-38.1,"twentyeight_day_curr_yr":84,"twentyeight_day_prev_yr":79,"twentyeight_day_pct_change":6.33,"ytd_curr_yr":395,"ytd_prev_yr":373,"ytd_pct_change":5.9,"two_year_pct_change":0.51,"six_year_pct_change":-30.21,"twentytwo_year_pct_change":-69.4},{"crime":"Transit","wtd_curr_yr":0,"wtd_prev_yr":0,"wtd_pct_change":null,"twentyeight_day_curr_yr":2,"twentyeight_day_prev_yr":0,"twentyeight_day_pct_change":null,"ytd_curr_yr":4,"ytd_prev_yr":5,"ytd_pct_change":-20,"two_year_pct_change":-60,"six_year_pct_change":-42.9,"twentytwo_year_pct_change":null},{"crime":"Housing","wtd_curr_yr":1,"wtd_prev_yr":2,"wtd_pct_change":-50,"twentyeight_day_curr_yr":15,"twentyeight_day_prev_yr":15,"twentyeight_day_pct_change":0,"ytd_curr_yr":52,"ytd_prev_yr":40,"ytd_pct_change":30,"two_year_pct_change":26.8,"six_year_pct_change":-27.8,"twentytwo_year_pct_change":null},{"crime":"Petit Larceny","wtd_curr_yr":11,"wtd_prev_yr":11,"wtd_pct_change":0,"twentyeight_day_curr_yr":60,"twentyeight_day_prev_yr":32,"twentyeight_day_pct_change":87.5,"ytd_curr_yr":270,"ytd_prev_yr":232,"ytd_pct_change":16.4,"two_year_pct_change":40.6,"six_year_pct_change":null,"twentytwo_year_pct_change":null},{"crime":"Misd. Assault","wtd_curr_yr":16,"wtd_prev_yr":18,"wtd_pct_change":-11.1,"twentyeight_day_curr_yr":43,"twentyeight_day_prev_yr":45,"twentyeight_day_pct_change":-4.4,"ytd_curr_yr":226,"ytd_prev_yr":229,"ytd_pct_change":-1.3,"two_year_pct_change":-0.4,"six_year_pct_change":null,"twentytwo_year_pct_change":null},{"crime":"Misd. Sex Crimes","wtd_curr_yr":0,"wtd_prev_yr":0,"wtd_pct_change":null,"twentyeight_day_curr_yr":0,"twentyeight_day_prev_yr":0,"twentyeight_day_pct_change":null,"ytd_curr_yr":9,"ytd_prev_yr":6,"ytd_pct_change":50,"two_year_pct_change":0,"six_year_pct_change":null,"twentytwo_year_pct_change":null},{"crime":"Shooting Vic.","wtd_curr_yr":0,"wtd_prev_yr":1,"wtd_pct_change":-100,"twentyeight_day_curr_yr":2,"twentyeight_day_prev_yr":2,"twentyeight_day_pct_change":0,"ytd_curr_yr":8,"ytd_prev_yr":7,"ytd_pct_change":14.3,"two_year_pct_change":-38.5,"six_year_pct_change":33.3,"twentytwo_year_pct_change":-57.9},{"crime":"Shooting Inc.","wtd_curr_yr":0,"wtd_prev_yr":1,"wtd_pct_change":-100,"twentyeight_day_curr_yr":2,"twentyeight_day_prev_yr":2,"twentyeight_day_pct_change":0,"ytd_curr_yr":8,"ytd_prev_yr":6,"ytd_pct_change":33.3,"two_year_pct_change":-27.3,"six_year_pct_change":33.3,"twentytwo_year_pct_change":-57.9}],"historical":[{"yr_1990":14,"yr_1993":16,"yr_1998":9,"yr_2001":6,"yr_2013":3,"pct_change_13vs01":-50,"pct_change_13vs98":-66.7,"pct_change_13vs93":-81.2,"pct_change_13vs90":-78.6,"crime":"Murder"},{"yr_1990":67,"yr_1993":42,"yr_1998":32,"yr_2001":17,"yr_2013":19,"pct_change_13vs01":11.8,"pct_change_13vs98":-40.6,"pct_change_13vs93":-54.8,"pct_change_13vs90":-71.6,"crime":"Rape"},{"yr_1990":826,"yr_1993":710,"yr_1998":413,"yr_2001":247,"yr_2013":148,"pct_change_13vs01":-40.1,"pct_change_13vs98":-64.2,"pct_change_13vs93":-79.2,"pct_change_13vs90":-82.1,"crime":"Robbery"},{"yr_1990":588,"yr_1993":524,"yr_1998":418,"yr_2001":301,"yr_2013":212,"pct_change_13vs01":-29.6,"pct_change_13vs98":-49.3,"pct_change_13vs93":-59.5,"pct_change_13vs90":-63.9,"crime":"Fel. Assault"},{"yr_1990":825,"yr_1993":768,"yr_1998":370,"yr_2001":216,"yr_2013":227,"pct_change_13vs01":5.1,"pct_change_13vs98":-38.6,"pct_change_13vs93":-70.4,"pct_change_13vs90":-72.5,"crime":"Burglary"},{"yr_1990":362,"yr_1993":330,"yr_1998":203,"yr_2001":189,"yr_2013":182,"pct_change_13vs01":-3.7,"pct_change_13vs98":-10.3,"pct_change_13vs93":-44.8,"pct_change_13vs90":-49.7,"crime":"Gr. Larceny"},{"yr_1990":719,"yr_1993":460,"yr_1998":184,"yr_2001":158,"yr_2013":61,"pct_change_13vs01":-61.4,"pct_change_13vs98":-66.8,"pct_change_13vs93":-86.7,"pct_change_13vs90":-91.5,"crime":"G.L.A."},{"yr_1990":3401,"yr_1993":2850,"yr_1998":1629,"yr_2001":1134,"yr_2013":852,"pct_change_13vs01":-24.87,"pct_change_13vs98":-47.7,"pct_change_13vs93":-70.11,"pct_change_13vs90":-74.95,"crime":"TOTAL"}]}