{"mayor":"Bill de Blasio","commissioner":"William J. Bratton","volume":21,"number":32,"precinct":"102nd","startDate":"2014-08-04T04:00:00.000Z","endDate":"2014-08-10T04:00:00.000Z","crimes":[{"crime":"Murder","wtd_curr_yr":0,"wtd_prev_yr":0,"wtd_pct_change":null,"twentyeight_day_curr_yr":0,"twentyeight_day_prev_yr":0,"twentyeight_day_pct_change":null,"ytd_curr_yr":2,"ytd_prev_yr":5,"ytd_pct_change":-60,"two_year_pct_change":0,"six_year_pct_change":-50,"twentytwo_year_pct_change":-50},{"crime":"Rape","wtd_curr_yr":0,"wtd_prev_yr":1,"wtd_pct_change":-100,"twentyeight_day_curr_yr":0,"twentyeight_day_prev_yr":1,"twentyeight_day_pct_change":-100,"ytd_curr_yr":11,"ytd_prev_yr":15,"ytd_pct_change":-26.7,"two_year_pct_change":-31.2,"six_year_pct_change":-15.4,"twentytwo_year_pct_change":-42.1},{"crime":"Robbery","wtd_curr_yr":3,"wtd_prev_yr":2,"wtd_pct_change":50,"twentyeight_day_curr_yr":12,"twentyeight_day_prev_yr":23,"twentyeight_day_pct_change":-47.8,"ytd_curr_yr":141,"ytd_prev_yr":177,"ytd_pct_change":-20.3,"two_year_pct_change":-19,"six_year_pct_change":-5.4,"twentytwo_year_pct_change":-79.4},{"crime":"Fel. Assault","wtd_curr_yr":6,"wtd_prev_yr":4,"wtd_pct_change":50,"twentyeight_day_curr_yr":18,"twentyeight_day_prev_yr":30,"twentyeight_day_pct_change":-40,"ytd_curr_yr":151,"ytd_prev_yr":186,"ytd_pct_change":-18.8,"two_year_pct_change":1.3,"six_year_pct_change":5.6,"twentytwo_year_pct_change":-28.8},{"crime":"Burglary","wtd_curr_yr":6,"wtd_prev_yr":7,"wtd_pct_change":-14.3,"twentyeight_day_curr_yr":21,"twentyeight_day_prev_yr":30,"twentyeight_day_pct_change":-30,"ytd_curr_yr":187,"ytd_prev_yr":175,"ytd_pct_change":6.9,"two_year_pct_change":5.6,"six_year_pct_change":0,"twentytwo_year_pct_change":-77.8},{"crime":"Gr. Larceny","wtd_curr_yr":11,"wtd_prev_yr":10,"wtd_pct_change":10,"twentyeight_day_curr_yr":35,"twentyeight_day_prev_yr":43,"twentyeight_day_pct_change":-18.6,"ytd_curr_yr":321,"ytd_prev_yr":270,"ytd_pct_change":18.9,"two_year_pct_change":18,"six_year_pct_change":21.1,"twentytwo_year_pct_change":-3.6},{"crime":"G.L.A.","wtd_curr_yr":6,"wtd_prev_yr":6,"wtd_pct_change":0,"twentyeight_day_curr_yr":19,"twentyeight_day_prev_yr":25,"twentyeight_day_pct_change":-24,"ytd_curr_yr":137,"ytd_prev_yr":148,"ytd_pct_change":-7.4,"two_year_pct_change":-2.1,"six_year_pct_change":-0.7,"twentytwo_year_pct_change":-93.5},{"crime":"TOTAL","wtd_curr_yr":32,"wtd_prev_yr":30,"wtd_pct_change":6.67,"twentyeight_day_curr_yr":105,"twentyeight_day_prev_yr":152,"twentyeight_day_pct_change":-30.92,"ytd_curr_yr":950,"ytd_prev_yr":976,"ytd_pct_change":-2.66,"two_year_pct_change":2.15,"six_year_pct_change":5.67,"twentytwo_year_pct_change":-77.31},{"crime":"Transit","wtd_curr_yr":0,"wtd_prev_yr":1,"wtd_pct_change":-100,"twentyeight_day_curr_yr":0,"twentyeight_day_prev_yr":1,"twentyeight_day_pct_change":-100,"ytd_curr_yr":11,"ytd_prev_yr":8,"ytd_pct_change":37.5,"two_year_pct_change":-21.4,"six_year_pct_change":-15.4,"twentytwo_year_pct_change":null},{"crime":"Housing","wtd_curr_yr":0,"wtd_prev_yr":0,"wtd_pct_change":null,"twentyeight_day_curr_yr":0,"twentyeight_day_prev_yr":0,"twentyeight_day_pct_change":null,"ytd_curr_yr":0,"ytd_prev_yr":0,"ytd_pct_change":null,"two_year_pct_change":null,"six_year_pct_change":null,"twentytwo_year_pct_change":null},{"crime":"Petit Larceny","wtd_curr_yr":23,"wtd_prev_yr":25,"wtd_pct_change":-8,"twentyeight_day_curr_yr":91,"twentyeight_day_prev_yr":79,"twentyeight_day_pct_change":15.2,"ytd_curr_yr":647,"ytd_prev_yr":534,"ytd_pct_change":21.2,"two_year_pct_change":15.7,"six_year_pct_change":25.1,"twentytwo_year_pct_change":null},{"crime":"Misd. Assault","wtd_curr_yr":12,"wtd_prev_yr":11,"wtd_pct_change":9.1,"twentyeight_day_curr_yr":53,"twentyeight_day_prev_yr":56,"twentyeight_day_pct_change":-5.4,"ytd_curr_yr":355,"ytd_prev_yr":343,"ytd_pct_change":3.5,"two_year_pct_change":-10.6,"six_year_pct_change":-8,"twentytwo_year_pct_change":null},{"crime":"Misd. Sex Crimes","wtd_curr_yr":1,"wtd_prev_yr":0,"wtd_pct_change":null,"twentyeight_day_curr_yr":2,"twentyeight_day_prev_yr":3,"twentyeight_day_pct_change":-33.3,"ytd_curr_yr":19,"ytd_prev_yr":15,"ytd_pct_change":26.7,"two_year_pct_change":58.3,"six_year_pct_change":-13.6,"twentytwo_year_pct_change":null},{"crime":"Shooting Vic.","wtd_curr_yr":0,"wtd_prev_yr":0,"wtd_pct_change":null,"twentyeight_day_curr_yr":1,"twentyeight_day_prev_yr":0,"twentyeight_day_pct_change":null,"ytd_curr_yr":5,"ytd_prev_yr":6,"ytd_pct_change":-16.7,"two_year_pct_change":25,"six_year_pct_change":-44.4,"twentytwo_year_pct_change":-73.7},{"crime":"Shooting Inc.","wtd_curr_yr":0,"wtd_prev_yr":0,"wtd_pct_change":null,"twentyeight_day_curr_yr":1,"twentyeight_day_prev_yr":0,"twentyeight_day_pct_change":null,"ytd_curr_yr":5,"ytd_prev_yr":6,"ytd_pct_change":-16.7,"two_year_pct_change":25,"six_year_pct_change":-44.4,"twentytwo_year_pct_change":-66.7}],"historical":[{"yr_1990":6,"yr_1993":12,"yr_1998":3,"yr_2001":2,"yr_2013":7,"pct_change_13vs01":250,"pct_change_13vs98":133.3,"pct_change_13vs93":-41.7,"pct_change_13vs90":16.7,"crime":"Murder"},{"yr_1990":29,"yr_1993":34,"yr_1998":23,"yr_2001":21,"yr_2013":24,"pct_change_13vs01":14.3,"pct_change_13vs98":4.3,"pct_change_13vs93":-29.4,"pct_change_13vs90":-17.2,"crime":"Rape"},{"yr_1990":1067,"yr_1993":1238,"yr_1998":672,"yr_2001":459,"yr_2013":311,"pct_change_13vs01":-32.2,"pct_change_13vs98":-53.7,"pct_change_13vs93":-74.9,"pct_change_13vs90":-70.9,"crime":"Robbery"},{"yr_1990":345,"yr_1993":362,"yr_1998":440,"yr_2001":309,"yr_2013":323,"pct_change_13vs01":4.5,"pct_change_13vs98":-26.6,"pct_change_13vs93":-10.8,"pct_change_13vs90":-6.4,"crime":"Fel. Assault"},{"yr_1990":1847,"yr_1993":1503,"yr_1998":965,"yr_2001":622,"yr_2013":288,"pct_change_13vs01":-53.7,"pct_change_13vs98":-70.2,"pct_change_13vs93":-80.8,"pct_change_13vs90":-84.4,"crime":"Burglary"},{"yr_1990":721,"yr_1993":583,"yr_1998":538,"yr_2001":378,"yr_2013":490,"pct_change_13vs01":29.6,"pct_change_13vs98":-8.9,"pct_change_13vs93":-16,"pct_change_13vs90":-32,"crime":"Gr. Larceny"},{"yr_1990":4145,"yr_1993":3495,"yr_1998":1303,"yr_2001":803,"yr_2013":252,"pct_change_13vs01":-68.6,"pct_change_13vs98":-80.7,"pct_change_13vs93":-92.8,"pct_change_13vs90":-93.9,"crime":"G.L.A."},{"yr_1990":8160,"yr_1993":7227,"yr_1998":3944,"yr_2001":2594,"yr_2013":1695,"pct_change_13vs01":-34.66,"pct_change_13vs98":-57.02,"pct_change_13vs93":-76.55,"pct_change_13vs90":-79.23,"crime":"TOTAL"}]}