{"mayor":"Bill de Blasio","commissioner":"William J. Bratton","volume":21,"number":32,"precinct":"103rd","startDate":"2014-08-04T04:00:00.000Z","endDate":"2014-08-10T04:00:00.000Z","crimes":[{"crime":"Murder","wtd_curr_yr":0,"wtd_prev_yr":0,"wtd_pct_change":null,"twentyeight_day_curr_yr":0,"twentyeight_day_prev_yr":3,"twentyeight_day_pct_change":-100,"ytd_curr_yr":7,"ytd_prev_yr":7,"ytd_pct_change":0,"two_year_pct_change":-30,"six_year_pct_change":-22.2,"twentytwo_year_pct_change":-56.2},{"crime":"Rape","wtd_curr_yr":0,"wtd_prev_yr":2,"wtd_pct_change":-100,"twentyeight_day_curr_yr":2,"twentyeight_day_prev_yr":3,"twentyeight_day_pct_change":-33.3,"ytd_curr_yr":10,"ytd_prev_yr":23,"ytd_pct_change":-56.5,"two_year_pct_change":-44.4,"six_year_pct_change":-37.5,"twentytwo_year_pct_change":-77.3},{"crime":"Robbery","wtd_curr_yr":10,"wtd_prev_yr":8,"wtd_pct_change":25,"twentyeight_day_curr_yr":38,"twentyeight_day_prev_yr":43,"twentyeight_day_pct_change":-11.6,"ytd_curr_yr":208,"ytd_prev_yr":276,"ytd_pct_change":-24.6,"two_year_pct_change":-20.3,"six_year_pct_change":11.2,"twentytwo_year_pct_change":-79.1},{"crime":"Fel. Assault","wtd_curr_yr":3,"wtd_prev_yr":6,"wtd_pct_change":-50,"twentyeight_day_curr_yr":21,"twentyeight_day_prev_yr":26,"twentyeight_day_pct_change":-19.2,"ytd_curr_yr":237,"ytd_prev_yr":225,"ytd_pct_change":5.3,"two_year_pct_change":1.7,"six_year_pct_change":6.8,"twentytwo_year_pct_change":-54.6},{"crime":"Burglary","wtd_curr_yr":5,"wtd_prev_yr":4,"wtd_pct_change":25,"twentyeight_day_curr_yr":24,"twentyeight_day_prev_yr":26,"twentyeight_day_pct_change":-7.7,"ytd_curr_yr":136,"ytd_prev_yr":182,"ytd_pct_change":-25.3,"two_year_pct_change":-32.3,"six_year_pct_change":-24,"twentytwo_year_pct_change":-80.4},{"crime":"Gr. Larceny","wtd_curr_yr":7,"wtd_prev_yr":14,"wtd_pct_change":-50,"twentyeight_day_curr_yr":49,"twentyeight_day_prev_yr":40,"twentyeight_day_pct_change":22.5,"ytd_curr_yr":298,"ytd_prev_yr":271,"ytd_pct_change":10,"two_year_pct_change":-1.3,"six_year_pct_change":12.9,"twentytwo_year_pct_change":-57.9},{"crime":"G.L.A.","wtd_curr_yr":2,"wtd_prev_yr":1,"wtd_pct_change":100,"twentyeight_day_curr_yr":9,"twentyeight_day_prev_yr":7,"twentyeight_day_pct_change":28.6,"ytd_curr_yr":86,"ytd_prev_yr":97,"ytd_pct_change":-11.3,"two_year_pct_change":-18.9,"six_year_pct_change":-18.9,"twentytwo_year_pct_change":-90.5},{"crime":"TOTAL","wtd_curr_yr":27,"wtd_prev_yr":35,"wtd_pct_change":-22.86,"twentyeight_day_curr_yr":143,"twentyeight_day_prev_yr":148,"twentyeight_day_pct_change":-3.38,"ytd_curr_yr":982,"ytd_prev_yr":1081,"ytd_pct_change":-9.16,"two_year_pct_change":-13.17,"six_year_pct_change":-0.1,"twentytwo_year_pct_change":-74.73},{"crime":"Transit","wtd_curr_yr":1,"wtd_prev_yr":2,"wtd_pct_change":-50,"twentyeight_day_curr_yr":3,"twentyeight_day_prev_yr":3,"twentyeight_day_pct_change":0,"ytd_curr_yr":15,"ytd_prev_yr":21,"ytd_pct_change":-28.6,"two_year_pct_change":-11.8,"six_year_pct_change":200,"twentytwo_year_pct_change":null},{"crime":"Housing","wtd_curr_yr":1,"wtd_prev_yr":0,"wtd_pct_change":null,"twentyeight_day_curr_yr":3,"twentyeight_day_prev_yr":2,"twentyeight_day_pct_change":50,"ytd_curr_yr":17,"ytd_prev_yr":22,"ytd_pct_change":-22.7,"two_year_pct_change":-43.3,"six_year_pct_change":-5.6,"twentytwo_year_pct_change":null},{"crime":"Petit Larceny","wtd_curr_yr":31,"wtd_prev_yr":24,"wtd_pct_change":29.2,"twentyeight_day_curr_yr":114,"twentyeight_day_prev_yr":88,"twentyeight_day_pct_change":29.5,"ytd_curr_yr":724,"ytd_prev_yr":639,"ytd_pct_change":13.3,"two_year_pct_change":12.8,"six_year_pct_change":20.1,"twentytwo_year_pct_change":null},{"crime":"Misd. Assault","wtd_curr_yr":16,"wtd_prev_yr":25,"wtd_pct_change":-36,"twentyeight_day_curr_yr":69,"twentyeight_day_prev_yr":81,"twentyeight_day_pct_change":-14.8,"ytd_curr_yr":561,"ytd_prev_yr":600,"ytd_pct_change":-6.5,"two_year_pct_change":19.9,"six_year_pct_change":31.1,"twentytwo_year_pct_change":null},{"crime":"Misd. Sex Crimes","wtd_curr_yr":3,"wtd_prev_yr":1,"wtd_pct_change":200,"twentyeight_day_curr_yr":10,"twentyeight_day_prev_yr":3,"twentyeight_day_pct_change":233.3,"ytd_curr_yr":27,"ytd_prev_yr":19,"ytd_pct_change":42.1,"two_year_pct_change":-3.6,"six_year_pct_change":3.8,"twentytwo_year_pct_change":null},{"crime":"Shooting Vic.","wtd_curr_yr":0,"wtd_prev_yr":0,"wtd_pct_change":null,"twentyeight_day_curr_yr":1,"twentyeight_day_prev_yr":5,"twentyeight_day_pct_change":-80,"ytd_curr_yr":14,"ytd_prev_yr":19,"ytd_pct_change":-26.3,"two_year_pct_change":-54.8,"six_year_pct_change":-39.1,"twentytwo_year_pct_change":-84.3},{"crime":"Shooting Inc.","wtd_curr_yr":0,"wtd_prev_yr":0,"wtd_pct_change":null,"twentyeight_day_curr_yr":1,"twentyeight_day_prev_yr":4,"twentyeight_day_pct_change":-75,"ytd_curr_yr":10,"ytd_prev_yr":17,"ytd_pct_change":-41.2,"two_year_pct_change":-64.3,"six_year_pct_change":-41.2,"twentytwo_year_pct_change":-88}],"historical":[{"yr_1990":38,"yr_1993":28,"yr_1998":16,"yr_2001":10,"yr_2013":8,"pct_change_13vs01":-20,"pct_change_13vs98":-50,"pct_change_13vs93":-71.4,"pct_change_13vs90":-78.9,"crime":"Murder"},{"yr_1990":60,"yr_1993":74,"yr_1998":45,"yr_2001":27,"yr_2013":37,"pct_change_13vs01":37,"pct_change_13vs98":-17.8,"pct_change_13vs93":-50,"pct_change_13vs90":-38.3,"crime":"Rape"},{"yr_1990":1846,"yr_1993":1742,"yr_1998":751,"yr_2001":530,"yr_2013":438,"pct_change_13vs01":-17.4,"pct_change_13vs98":-41.7,"pct_change_13vs93":-74.9,"pct_change_13vs90":-76.3,"crime":"Robbery"},{"yr_1990":958,"yr_1993":853,"yr_1998":611,"yr_2001":406,"yr_2013":369,"pct_change_13vs01":-9.1,"pct_change_13vs98":-39.6,"pct_change_13vs93":-56.7,"pct_change_13vs90":-61.5,"crime":"Fel. Assault"},{"yr_1990":1592,"yr_1993":1166,"yr_1998":598,"yr_2001":449,"yr_2013":300,"pct_change_13vs01":-33.2,"pct_change_13vs98":-49.8,"pct_change_13vs93":-74.3,"pct_change_13vs90":-81.2,"crime":"Burglary"},{"yr_1990":1277,"yr_1993":1214,"yr_1998":578,"yr_2001":587,"yr_2013":487,"pct_change_13vs01":-17,"pct_change_13vs98":-15.7,"pct_change_13vs93":-59.9,"pct_change_13vs90":-61.9,"crime":"Gr. Larceny"},{"yr_1990":1889,"yr_1993":1591,"yr_1998":602,"yr_2001":472,"yr_2013":172,"pct_change_13vs01":-63.6,"pct_change_13vs98":-71.4,"pct_change_13vs93":-89.2,"pct_change_13vs90":-90.9,"crime":"G.L.A."},{"yr_1990":7660,"yr_1993":6668,"yr_1998":3201,"yr_2001":2481,"yr_2013":1811,"pct_change_13vs01":-27.01,"pct_change_13vs98":-43.42,"pct_change_13vs93":-72.84,"pct_change_13vs90":-76.36,"crime":"TOTAL"}]}