{"mayor":"Bill de Blasio","commissioner":"William J. Bratton","volume":21,"number":17,"precinct":"102nd","startDate":"2014-04-21T04:00:00.000Z","endDate":"2014-04-27T04:00:00.000Z","crimes":[{"crime":"Murder","wtd_curr_yr":0,"wtd_prev_yr":0,"wtd_pct_change":null,"twentyeight_day_curr_yr":1,"twentyeight_day_prev_yr":1,"twentyeight_day_pct_change":0,"ytd_curr_yr":1,"ytd_prev_yr":5,"ytd_pct_change":-80,"two_year_pct_change":0,"six_year_pct_change":0,"twentytwo_year_pct_change":-75},{"crime":"Rape","wtd_curr_yr":2,"wtd_prev_yr":0,"wtd_pct_change":null,"twentyeight_day_curr_yr":2,"twentyeight_day_prev_yr":2,"twentyeight_day_pct_change":0,"ytd_curr_yr":10,"ytd_prev_yr":8,"ytd_pct_change":25,"two_year_pct_change":25,"six_year_pct_change":100,"twentytwo_year_pct_change":0},{"crime":"Robbery","wtd_curr_yr":3,"wtd_prev_yr":6,"wtd_pct_change":-50,"twentyeight_day_curr_yr":16,"twentyeight_day_prev_yr":19,"twentyeight_day_pct_change":-15.8,"ytd_curr_yr":79,"ytd_prev_yr":80,"ytd_pct_change":-1.2,"two_year_pct_change":1.3,"six_year_pct_change":23.4,"twentytwo_year_pct_change":-79.1},{"crime":"Fel. Assault","wtd_curr_yr":3,"wtd_prev_yr":6,"wtd_pct_change":-50,"twentyeight_day_curr_yr":17,"twentyeight_day_prev_yr":19,"twentyeight_day_pct_change":-10.5,"ytd_curr_yr":73,"ytd_prev_yr":93,"ytd_pct_change":-21.5,"two_year_pct_change":17.7,"six_year_pct_change":25.9,"twentytwo_year_pct_change":-24},{"crime":"Burglary","wtd_curr_yr":5,"wtd_prev_yr":7,"wtd_pct_change":-28.6,"twentyeight_day_curr_yr":21,"twentyeight_day_prev_yr":26,"twentyeight_day_pct_change":-19.2,"ytd_curr_yr":99,"ytd_prev_yr":92,"ytd_pct_change":7.6,"two_year_pct_change":15.1,"six_year_pct_change":7.6,"twentytwo_year_pct_change":-76.8},{"crime":"Gr. Larceny","wtd_curr_yr":10,"wtd_prev_yr":8,"wtd_pct_change":25,"twentyeight_day_curr_yr":35,"twentyeight_day_prev_yr":36,"twentyeight_day_pct_change":-2.8,"ytd_curr_yr":184,"ytd_prev_yr":123,"ytd_pct_change":49.6,"two_year_pct_change":55.9,"six_year_pct_change":41.5,"twentytwo_year_pct_change":12.2},{"crime":"G.L.A.","wtd_curr_yr":1,"wtd_prev_yr":5,"wtd_pct_change":-80,"twentyeight_day_curr_yr":17,"twentyeight_day_prev_yr":15,"twentyeight_day_pct_change":13.3,"ytd_curr_yr":71,"ytd_prev_yr":60,"ytd_pct_change":18.3,"two_year_pct_change":20.3,"six_year_pct_change":-11.2,"twentytwo_year_pct_change":-93.8},{"crime":"TOTAL","wtd_curr_yr":24,"wtd_prev_yr":32,"wtd_pct_change":-25,"twentyeight_day_curr_yr":109,"twentyeight_day_prev_yr":118,"twentyeight_day_pct_change":-7.63,"ytd_curr_yr":517,"ytd_prev_yr":461,"ytd_pct_change":12.15,"two_year_pct_change":25.49,"six_year_pct_change":20.23,"twentytwo_year_pct_change":-76.8},{"crime":"Transit","wtd_curr_yr":0,"wtd_prev_yr":0,"wtd_pct_change":null,"twentyeight_day_curr_yr":0,"twentyeight_day_prev_yr":0,"twentyeight_day_pct_change":null,"ytd_curr_yr":11,"ytd_prev_yr":4,"ytd_pct_change":175,"two_year_pct_change":57.1,"six_year_pct_change":83.3,"twentytwo_year_pct_change":null},{"crime":"Housing","wtd_curr_yr":0,"wtd_prev_yr":0,"wtd_pct_change":null,"twentyeight_day_curr_yr":0,"twentyeight_day_prev_yr":0,"twentyeight_day_pct_change":null,"ytd_curr_yr":0,"ytd_prev_yr":0,"ytd_pct_change":null,"two_year_pct_change":null,"six_year_pct_change":null,"twentytwo_year_pct_change":null},{"crime":"Petit Larceny","wtd_curr_yr":19,"wtd_prev_yr":19,"wtd_pct_change":0,"twentyeight_day_curr_yr":77,"twentyeight_day_prev_yr":59,"twentyeight_day_pct_change":30.5,"ytd_curr_yr":327,"ytd_prev_yr":266,"ytd_pct_change":22.9,"two_year_pct_change":25.8,"six_year_pct_change":14.3,"twentytwo_year_pct_change":null},{"crime":"Misd. Assault","wtd_curr_yr":11,"wtd_prev_yr":11,"wtd_pct_change":0,"twentyeight_day_curr_yr":46,"twentyeight_day_prev_yr":44,"twentyeight_day_pct_change":4.5,"ytd_curr_yr":179,"ytd_prev_yr":162,"ytd_pct_change":10.5,"two_year_pct_change":-10.5,"six_year_pct_change":-2.7,"twentytwo_year_pct_change":null},{"crime":"Misd. Sex Crimes","wtd_curr_yr":1,"wtd_prev_yr":0,"wtd_pct_change":null,"twentyeight_day_curr_yr":3,"twentyeight_day_prev_yr":1,"twentyeight_day_pct_change":200,"ytd_curr_yr":11,"ytd_prev_yr":3,"ytd_pct_change":266.7,"two_year_pct_change":57.1,"six_year_pct_change":37.5,"twentytwo_year_pct_change":null},{"crime":"Shooting Vic.","wtd_curr_yr":0,"wtd_prev_yr":0,"wtd_pct_change":null,"twentyeight_day_curr_yr":2,"twentyeight_day_prev_yr":0,"twentyeight_day_pct_change":null,"ytd_curr_yr":3,"ytd_prev_yr":4,"ytd_pct_change":-25,"two_year_pct_change":50,"six_year_pct_change":50,"twentytwo_year_pct_change":-72.7},{"crime":"Shooting Inc.","wtd_curr_yr":0,"wtd_prev_yr":0,"wtd_pct_change":null,"twentyeight_day_curr_yr":2,"twentyeight_day_prev_yr":0,"twentyeight_day_pct_change":null,"ytd_curr_yr":3,"ytd_prev_yr":4,"ytd_pct_change":-25,"two_year_pct_change":50,"six_year_pct_change":50,"twentytwo_year_pct_change":-66.7}],"historical":[{"yr_1990":6,"yr_1993":12,"yr_1998":3,"yr_2001":2,"yr_2013":7,"pct_change_13vs01":250,"pct_change_13vs98":133.3,"pct_change_13vs93":-41.7,"pct_change_13vs90":16.7,"crime":"Murder"},{"yr_1990":29,"yr_1993":34,"yr_1998":23,"yr_2001":21,"yr_2013":24,"pct_change_13vs01":14.3,"pct_change_13vs98":4.3,"pct_change_13vs93":-29.4,"pct_change_13vs90":-17.2,"crime":"Rape"},{"yr_1990":1067,"yr_1993":1238,"yr_1998":672,"yr_2001":459,"yr_2013":311,"pct_change_13vs01":-32.2,"pct_change_13vs98":-53.7,"pct_change_13vs93":-74.9,"pct_change_13vs90":-70.9,"crime":"Robbery"},{"yr_1990":345,"yr_1993":362,"yr_1998":440,"yr_2001":309,"yr_2013":327,"pct_change_13vs01":5.8,"pct_change_13vs98":-25.7,"pct_change_13vs93":-9.7,"pct_change_13vs90":-5.2,"crime":"Fel. Assault"},{"yr_1990":1847,"yr_1993":1503,"yr_1998":965,"yr_2001":622,"yr_2013":288,"pct_change_13vs01":-53.7,"pct_change_13vs98":-70.2,"pct_change_13vs93":-80.8,"pct_change_13vs90":-84.4,"crime":"Burglary"},{"yr_1990":721,"yr_1993":583,"yr_1998":538,"yr_2001":378,"yr_2013":490,"pct_change_13vs01":29.6,"pct_change_13vs98":-8.9,"pct_change_13vs93":-16,"pct_change_13vs90":-32,"crime":"Gr. Larceny"},{"yr_1990":4145,"yr_1993":3495,"yr_1998":1303,"yr_2001":803,"yr_2013":252,"pct_change_13vs01":-68.6,"pct_change_13vs98":-80.7,"pct_change_13vs93":-92.8,"pct_change_13vs90":-93.9,"crime":"G.L.A."},{"yr_1990":8160,"yr_1993":7227,"yr_1998":3944,"yr_2001":2594,"yr_2013":1699,"pct_change_13vs01":-34.5,"pct_change_13vs98":-56.92,"pct_change_13vs93":-76.49,"pct_change_13vs90":-79.18,"crime":"TOTAL"}]}