{"mayor":"Bill de Blasio","commissioner":"William J. Bratton","volume":21,"number":39,"precinct":"105th","startDate":"2014-09-22T04:00:00.000Z","endDate":"2014-09-28T04:00:00.000Z","crimes":[{"crime":"Murder","wtd_curr_yr":0,"wtd_prev_yr":0,"wtd_pct_change":null,"twentyeight_day_curr_yr":0,"twentyeight_day_prev_yr":0,"twentyeight_day_pct_change":null,"ytd_curr_yr":5,"ytd_prev_yr":3,"ytd_pct_change":66.7,"two_year_pct_change":-28.6,"six_year_pct_change":0,"twentytwo_year_pct_change":-66.7},{"crime":"Rape","wtd_curr_yr":0,"wtd_prev_yr":0,"wtd_pct_change":null,"twentyeight_day_curr_yr":2,"twentyeight_day_prev_yr":0,"twentyeight_day_pct_change":null,"ytd_curr_yr":17,"ytd_prev_yr":13,"ytd_pct_change":30.8,"two_year_pct_change":-43.3,"six_year_pct_change":-37,"twentytwo_year_pct_change":-48.5},{"crime":"Robbery","wtd_curr_yr":2,"wtd_prev_yr":10,"wtd_pct_change":-80,"twentyeight_day_curr_yr":12,"twentyeight_day_prev_yr":20,"twentyeight_day_pct_change":-40,"ytd_curr_yr":151,"ytd_prev_yr":259,"ytd_pct_change":-41.7,"two_year_pct_change":-40.1,"six_year_pct_change":-37.1,"twentytwo_year_pct_change":-80.3},{"crime":"Fel. Assault","wtd_curr_yr":6,"wtd_prev_yr":12,"wtd_pct_change":-50,"twentyeight_day_curr_yr":25,"twentyeight_day_prev_yr":30,"twentyeight_day_pct_change":-16.7,"ytd_curr_yr":252,"ytd_prev_yr":226,"ytd_pct_change":11.5,"two_year_pct_change":10,"six_year_pct_change":32.6,"twentytwo_year_pct_change":-18.2},{"crime":"Burglary","wtd_curr_yr":7,"wtd_prev_yr":4,"wtd_pct_change":75,"twentyeight_day_curr_yr":36,"twentyeight_day_prev_yr":27,"twentyeight_day_pct_change":33.3,"ytd_curr_yr":233,"ytd_prev_yr":343,"ytd_pct_change":-32.1,"two_year_pct_change":-37.7,"six_year_pct_change":-23.1,"twentytwo_year_pct_change":-80.6},{"crime":"Gr. Larceny","wtd_curr_yr":21,"wtd_prev_yr":11,"wtd_pct_change":90.9,"twentyeight_day_curr_yr":59,"twentyeight_day_prev_yr":42,"twentyeight_day_pct_change":40.5,"ytd_curr_yr":379,"ytd_prev_yr":379,"ytd_pct_change":0,"two_year_pct_change":0.5,"six_year_pct_change":6.8,"twentytwo_year_pct_change":-16.2},{"crime":"G.L.A.","wtd_curr_yr":3,"wtd_prev_yr":9,"wtd_pct_change":-66.7,"twentyeight_day_curr_yr":24,"twentyeight_day_prev_yr":25,"twentyeight_day_pct_change":-4,"ytd_curr_yr":178,"ytd_prev_yr":192,"ytd_pct_change":-7.3,"two_year_pct_change":-24.6,"six_year_pct_change":-24.9,"twentytwo_year_pct_change":-92.9},{"crime":"TOTAL","wtd_curr_yr":39,"wtd_prev_yr":46,"wtd_pct_change":-15.22,"twentyeight_day_curr_yr":158,"twentyeight_day_prev_yr":144,"twentyeight_day_pct_change":9.72,"ytd_curr_yr":1215,"ytd_prev_yr":1415,"ytd_pct_change":-14.13,"two_year_pct_change":-19.27,"six_year_pct_change":-10.46,"twentytwo_year_pct_change":-77.05},{"crime":"Transit","wtd_curr_yr":0,"wtd_prev_yr":0,"wtd_pct_change":null,"twentyeight_day_curr_yr":0,"twentyeight_day_prev_yr":0,"twentyeight_day_pct_change":null,"ytd_curr_yr":0,"ytd_prev_yr":0,"ytd_pct_change":null,"two_year_pct_change":null,"six_year_pct_change":null,"twentytwo_year_pct_change":null},{"crime":"Housing","wtd_curr_yr":0,"wtd_prev_yr":0,"wtd_pct_change":null,"twentyeight_day_curr_yr":0,"twentyeight_day_prev_yr":0,"twentyeight_day_pct_change":null,"ytd_curr_yr":0,"ytd_prev_yr":0,"ytd_pct_change":null,"two_year_pct_change":null,"six_year_pct_change":null,"twentytwo_year_pct_change":null},{"crime":"Petit Larceny","wtd_curr_yr":8,"wtd_prev_yr":15,"wtd_pct_change":-46.7,"twentyeight_day_curr_yr":53,"twentyeight_day_prev_yr":52,"twentyeight_day_pct_change":1.9,"ytd_curr_yr":568,"ytd_prev_yr":522,"ytd_pct_change":8.8,"two_year_pct_change":-4.1,"six_year_pct_change":-20.1,"twentytwo_year_pct_change":null},{"crime":"Misd. Assault","wtd_curr_yr":20,"wtd_prev_yr":16,"wtd_pct_change":25,"twentyeight_day_curr_yr":70,"twentyeight_day_prev_yr":50,"twentyeight_day_pct_change":40,"ytd_curr_yr":511,"ytd_prev_yr":466,"ytd_pct_change":9.7,"two_year_pct_change":12.1,"six_year_pct_change":-9.2,"twentytwo_year_pct_change":null},{"crime":"Misd. Sex Crimes","wtd_curr_yr":0,"wtd_prev_yr":0,"wtd_pct_change":null,"twentyeight_day_curr_yr":0,"twentyeight_day_prev_yr":2,"twentyeight_day_pct_change":-100,"ytd_curr_yr":15,"ytd_prev_yr":31,"ytd_pct_change":-51.6,"two_year_pct_change":-42.3,"six_year_pct_change":-46.4,"twentytwo_year_pct_change":null},{"crime":"Shooting Vic.","wtd_curr_yr":0,"wtd_prev_yr":0,"wtd_pct_change":null,"twentyeight_day_curr_yr":1,"twentyeight_day_prev_yr":0,"twentyeight_day_pct_change":null,"ytd_curr_yr":9,"ytd_prev_yr":10,"ytd_pct_change":-10,"two_year_pct_change":-64,"six_year_pct_change":-43.8,"twentytwo_year_pct_change":-83},{"crime":"Shooting Inc.","wtd_curr_yr":0,"wtd_prev_yr":0,"wtd_pct_change":null,"twentyeight_day_curr_yr":1,"twentyeight_day_prev_yr":0,"twentyeight_day_pct_change":null,"ytd_curr_yr":8,"ytd_prev_yr":9,"ytd_pct_change":-11.1,"two_year_pct_change":-61.9,"six_year_pct_change":-46.7,"twentytwo_year_pct_change":-83.3}],"historical":[{"yr_1990":30,"yr_1993":23,"yr_1998":7,"yr_2001":18,"yr_2013":3,"pct_change_13vs01":-83.3,"pct_change_13vs98":-57.1,"pct_change_13vs93":-87,"pct_change_13vs90":-90,"crime":"Murder"},{"yr_1990":56,"yr_1993":41,"yr_1998":52,"yr_2001":35,"yr_2013":18,"pct_change_13vs01":-48.6,"pct_change_13vs98":-65.4,"pct_change_13vs93":-56.1,"pct_change_13vs90":-67.9,"crime":"Rape"},{"yr_1990":1066,"yr_1993":1082,"yr_1998":557,"yr_2001":395,"yr_2013":331,"pct_change_13vs01":-16.2,"pct_change_13vs98":-40.6,"pct_change_13vs93":-69.4,"pct_change_13vs90":-68.9,"crime":"Robbery"},{"yr_1990":459,"yr_1993":409,"yr_1998":400,"yr_2001":329,"yr_2013":313,"pct_change_13vs01":-4.9,"pct_change_13vs98":-21.8,"pct_change_13vs93":-23.5,"pct_change_13vs90":-31.8,"crime":"Fel. Assault"},{"yr_1990":2199,"yr_1993":1640,"yr_1998":854,"yr_2001":630,"yr_2013":469,"pct_change_13vs01":-25.6,"pct_change_13vs98":-45.1,"pct_change_13vs93":-71.4,"pct_change_13vs90":-78.7,"crime":"Burglary"},{"yr_1990":699,"yr_1993":593,"yr_1998":444,"yr_2001":456,"yr_2013":520,"pct_change_13vs01":14,"pct_change_13vs98":17.1,"pct_change_13vs93":-12.3,"pct_change_13vs90":-25.6,"crime":"Gr. Larceny"},{"yr_1990":3534,"yr_1993":3476,"yr_1998":1360,"yr_2001":913,"yr_2013":263,"pct_change_13vs01":-71.2,"pct_change_13vs98":-80.7,"pct_change_13vs93":-92.4,"pct_change_13vs90":-92.6,"crime":"G.L.A."},{"yr_1990":8043,"yr_1993":7264,"yr_1998":3674,"yr_2001":2776,"yr_2013":1917,"pct_change_13vs01":-30.94,"pct_change_13vs98":-47.82,"pct_change_13vs93":-73.61,"pct_change_13vs90":-76.17,"crime":"TOTAL"}]}