{"mayor":"Bill de Blasio","commissioner":"William J. Bratton","volume":21,"number":33,"precinct":"103rd","startDate":"2014-08-11T04:00:00.000Z","endDate":"2014-08-17T04:00:00.000Z","crimes":[{"crime":"Murder","wtd_curr_yr":0,"wtd_prev_yr":0,"wtd_pct_change":null,"twentyeight_day_curr_yr":0,"twentyeight_day_prev_yr":3,"twentyeight_day_pct_change":-100,"ytd_curr_yr":7,"ytd_prev_yr":7,"ytd_pct_change":0,"two_year_pct_change":-30,"six_year_pct_change":-22.2,"twentytwo_year_pct_change":-63.2},{"crime":"Rape","wtd_curr_yr":0,"wtd_prev_yr":0,"wtd_pct_change":null,"twentyeight_day_curr_yr":1,"twentyeight_day_prev_yr":3,"twentyeight_day_pct_change":-66.7,"ytd_curr_yr":10,"ytd_prev_yr":23,"ytd_pct_change":-56.5,"two_year_pct_change":-52.4,"six_year_pct_change":-44.4,"twentytwo_year_pct_change":-77.8},{"crime":"Robbery","wtd_curr_yr":3,"wtd_prev_yr":8,"wtd_pct_change":-62.5,"twentyeight_day_curr_yr":38,"twentyeight_day_prev_yr":41,"twentyeight_day_pct_change":-7.3,"ytd_curr_yr":211,"ytd_prev_yr":284,"ytd_pct_change":-25.7,"two_year_pct_change":-22.1,"six_year_pct_change":7.7,"twentytwo_year_pct_change":-79.3},{"crime":"Fel. Assault","wtd_curr_yr":6,"wtd_prev_yr":7,"wtd_pct_change":-14.3,"twentyeight_day_curr_yr":21,"twentyeight_day_prev_yr":24,"twentyeight_day_pct_change":-12.5,"ytd_curr_yr":243,"ytd_prev_yr":232,"ytd_pct_change":4.7,"two_year_pct_change":2.1,"six_year_pct_change":2.1,"twentytwo_year_pct_change":-54.6},{"crime":"Burglary","wtd_curr_yr":4,"wtd_prev_yr":8,"wtd_pct_change":-50,"twentyeight_day_curr_yr":24,"twentyeight_day_prev_yr":25,"twentyeight_day_pct_change":-4,"ytd_curr_yr":139,"ytd_prev_yr":190,"ytd_pct_change":-26.8,"two_year_pct_change":-32.5,"six_year_pct_change":-25.7,"twentytwo_year_pct_change":-80.5},{"crime":"Gr. Larceny","wtd_curr_yr":10,"wtd_prev_yr":9,"wtd_pct_change":11.1,"twentyeight_day_curr_yr":43,"twentyeight_day_prev_yr":42,"twentyeight_day_pct_change":2.4,"ytd_curr_yr":309,"ytd_prev_yr":280,"ytd_pct_change":10.4,"two_year_pct_change":1.3,"six_year_pct_change":13.2,"twentytwo_year_pct_change":-57.6},{"crime":"G.L.A.","wtd_curr_yr":2,"wtd_prev_yr":2,"wtd_pct_change":0,"twentyeight_day_curr_yr":8,"twentyeight_day_prev_yr":8,"twentyeight_day_pct_change":0,"ytd_curr_yr":88,"ytd_prev_yr":99,"ytd_pct_change":-11.1,"two_year_pct_change":-20,"six_year_pct_change":-19.3,"twentytwo_year_pct_change":-90.7},{"crime":"TOTAL","wtd_curr_yr":25,"wtd_prev_yr":34,"wtd_pct_change":-26.47,"twentyeight_day_curr_yr":135,"twentyeight_day_prev_yr":146,"twentyeight_day_pct_change":-7.53,"ytd_curr_yr":1007,"ytd_prev_yr":1115,"ytd_pct_change":-9.69,"two_year_pct_change":-13.26,"six_year_pct_change":-2.23,"twentytwo_year_pct_change":-74.86},{"crime":"Transit","wtd_curr_yr":0,"wtd_prev_yr":0,"wtd_pct_change":null,"twentyeight_day_curr_yr":3,"twentyeight_day_prev_yr":3,"twentyeight_day_pct_change":0,"ytd_curr_yr":15,"ytd_prev_yr":21,"ytd_pct_change":-28.6,"two_year_pct_change":-11.8,"six_year_pct_change":150,"twentytwo_year_pct_change":null},{"crime":"Housing","wtd_curr_yr":0,"wtd_prev_yr":1,"wtd_pct_change":-100,"twentyeight_day_curr_yr":2,"twentyeight_day_prev_yr":2,"twentyeight_day_pct_change":0,"ytd_curr_yr":17,"ytd_prev_yr":23,"ytd_pct_change":-26.1,"two_year_pct_change":-45.2,"six_year_pct_change":-5.6,"twentytwo_year_pct_change":null},{"crime":"Petit Larceny","wtd_curr_yr":25,"wtd_prev_yr":37,"wtd_pct_change":-32.4,"twentyeight_day_curr_yr":121,"twentyeight_day_prev_yr":107,"twentyeight_day_pct_change":13.1,"ytd_curr_yr":749,"ytd_prev_yr":676,"ytd_pct_change":10.8,"two_year_pct_change":12.3,"six_year_pct_change":18.9,"twentytwo_year_pct_change":null},{"crime":"Misd. Assault","wtd_curr_yr":19,"wtd_prev_yr":19,"wtd_pct_change":0,"twentyeight_day_curr_yr":76,"twentyeight_day_prev_yr":82,"twentyeight_day_pct_change":-7.3,"ytd_curr_yr":580,"ytd_prev_yr":619,"ytd_pct_change":-6.3,"two_year_pct_change":19.8,"six_year_pct_change":27.8,"twentytwo_year_pct_change":null},{"crime":"Misd. Sex Crimes","wtd_curr_yr":2,"wtd_prev_yr":1,"wtd_pct_change":100,"twentyeight_day_curr_yr":9,"twentyeight_day_prev_yr":3,"twentyeight_day_pct_change":200,"ytd_curr_yr":29,"ytd_prev_yr":20,"ytd_pct_change":45,"two_year_pct_change":3.6,"six_year_pct_change":11.5,"twentytwo_year_pct_change":null},{"crime":"Shooting Vic.","wtd_curr_yr":2,"wtd_prev_yr":0,"wtd_pct_change":null,"twentyeight_day_curr_yr":3,"twentyeight_day_prev_yr":4,"twentyeight_day_pct_change":-25,"ytd_curr_yr":16,"ytd_prev_yr":19,"ytd_pct_change":-15.8,"two_year_pct_change":-48.4,"six_year_pct_change":-33.3,"twentytwo_year_pct_change":-83.2},{"crime":"Shooting Inc.","wtd_curr_yr":2,"wtd_prev_yr":0,"wtd_pct_change":null,"twentyeight_day_curr_yr":3,"twentyeight_day_prev_yr":3,"twentyeight_day_pct_change":0,"ytd_curr_yr":12,"ytd_prev_yr":17,"ytd_pct_change":-29.4,"two_year_pct_change":-57.1,"six_year_pct_change":-33.3,"twentytwo_year_pct_change":-86.2}],"historical":[{"yr_1990":38,"yr_1993":28,"yr_1998":16,"yr_2001":10,"yr_2013":8,"pct_change_13vs01":-20,"pct_change_13vs98":-50,"pct_change_13vs93":-71.4,"pct_change_13vs90":-78.9,"crime":"Murder"},{"yr_1990":60,"yr_1993":74,"yr_1998":45,"yr_2001":27,"yr_2013":37,"pct_change_13vs01":37,"pct_change_13vs98":-17.8,"pct_change_13vs93":-50,"pct_change_13vs90":-38.3,"crime":"Rape"},{"yr_1990":1846,"yr_1993":1742,"yr_1998":751,"yr_2001":530,"yr_2013":438,"pct_change_13vs01":-17.4,"pct_change_13vs98":-41.7,"pct_change_13vs93":-74.9,"pct_change_13vs90":-76.3,"crime":"Robbery"},{"yr_1990":958,"yr_1993":853,"yr_1998":611,"yr_2001":406,"yr_2013":369,"pct_change_13vs01":-9.1,"pct_change_13vs98":-39.6,"pct_change_13vs93":-56.7,"pct_change_13vs90":-61.5,"crime":"Fel. Assault"},{"yr_1990":1592,"yr_1993":1166,"yr_1998":598,"yr_2001":449,"yr_2013":300,"pct_change_13vs01":-33.2,"pct_change_13vs98":-49.8,"pct_change_13vs93":-74.3,"pct_change_13vs90":-81.2,"crime":"Burglary"},{"yr_1990":1277,"yr_1993":1214,"yr_1998":578,"yr_2001":587,"yr_2013":487,"pct_change_13vs01":-17,"pct_change_13vs98":-15.7,"pct_change_13vs93":-59.9,"pct_change_13vs90":-61.9,"crime":"Gr. Larceny"},{"yr_1990":1889,"yr_1993":1591,"yr_1998":602,"yr_2001":472,"yr_2013":172,"pct_change_13vs01":-63.6,"pct_change_13vs98":-71.4,"pct_change_13vs93":-89.2,"pct_change_13vs90":-90.9,"crime":"G.L.A."},{"yr_1990":7660,"yr_1993":6668,"yr_1998":3201,"yr_2001":2481,"yr_2013":1811,"pct_change_13vs01":-27.01,"pct_change_13vs98":-43.42,"pct_change_13vs93":-72.84,"pct_change_13vs90":-76.36,"crime":"TOTAL"}]}