{"mayor":"Bill de Blasio","commissioner":"William J. Bratton","volume":21,"number":7,"precinct":"103rd","startDate":"2014-02-10T05:00:00.000Z","endDate":"2014-02-16T05:00:00.000Z","crimes":[{"crime":"Murder","wtd_curr_yr":0,"wtd_prev_yr":0,"wtd_pct_change":null,"twentyeight_day_curr_yr":0,"twentyeight_day_prev_yr":0,"twentyeight_day_pct_change":null,"ytd_curr_yr":3,"ytd_prev_yr":1,"ytd_pct_change":200,"two_year_pct_change":200,"six_year_pct_change":50,"twentytwo_year_pct_change":50},{"crime":"Rape","wtd_curr_yr":0,"wtd_prev_yr":0,"wtd_pct_change":null,"twentyeight_day_curr_yr":0,"twentyeight_day_prev_yr":1,"twentyeight_day_pct_change":-100,"ytd_curr_yr":1,"ytd_prev_yr":2,"ytd_pct_change":-50,"two_year_pct_change":-75,"six_year_pct_change":-66.7,"twentytwo_year_pct_change":-88.9},{"crime":"Robbery","wtd_curr_yr":4,"wtd_prev_yr":11,"wtd_pct_change":-63.6,"twentyeight_day_curr_yr":21,"twentyeight_day_prev_yr":39,"twentyeight_day_pct_change":-46.2,"ytd_curr_yr":41,"ytd_prev_yr":75,"ytd_pct_change":-45.3,"two_year_pct_change":-16.3,"six_year_pct_change":-22.6,"twentytwo_year_pct_change":-80.8},{"crime":"Fel. Assault","wtd_curr_yr":7,"wtd_prev_yr":8,"wtd_pct_change":-12.5,"twentyeight_day_curr_yr":20,"twentyeight_day_prev_yr":25,"twentyeight_day_pct_change":-20,"ytd_curr_yr":38,"ytd_prev_yr":37,"ytd_pct_change":2.7,"two_year_pct_change":11.8,"six_year_pct_change":-17.4,"twentytwo_year_pct_change":-60.8},{"crime":"Burglary","wtd_curr_yr":2,"wtd_prev_yr":4,"wtd_pct_change":-50,"twentyeight_day_curr_yr":10,"twentyeight_day_prev_yr":23,"twentyeight_day_pct_change":-56.5,"ytd_curr_yr":22,"ytd_prev_yr":33,"ytd_pct_change":-33.3,"two_year_pct_change":-31.2,"six_year_pct_change":-66.2,"twentytwo_year_pct_change":-85.5},{"crime":"Gr. Larceny","wtd_curr_yr":9,"wtd_prev_yr":3,"wtd_pct_change":200,"twentyeight_day_curr_yr":35,"twentyeight_day_prev_yr":22,"twentyeight_day_pct_change":59.1,"ytd_curr_yr":50,"ytd_prev_yr":45,"ytd_pct_change":11.1,"two_year_pct_change":-30.6,"six_year_pct_change":-33.3,"twentytwo_year_pct_change":-64.3},{"crime":"G.L.A.","wtd_curr_yr":3,"wtd_prev_yr":4,"wtd_pct_change":-25,"twentyeight_day_curr_yr":8,"twentyeight_day_prev_yr":22,"twentyeight_day_pct_change":-63.6,"ytd_curr_yr":14,"ytd_prev_yr":28,"ytd_pct_change":-50,"two_year_pct_change":-36.4,"six_year_pct_change":-75,"twentytwo_year_pct_change":-91.8},{"crime":"TOTAL","wtd_curr_yr":25,"wtd_prev_yr":30,"wtd_pct_change":-16.67,"twentyeight_day_curr_yr":94,"twentyeight_day_prev_yr":132,"twentyeight_day_pct_change":-28.79,"ytd_curr_yr":169,"ytd_prev_yr":221,"ytd_pct_change":-23.53,"two_year_pct_change":-21.03,"six_year_pct_change":-43.67,"twentytwo_year_pct_change":-78.44},{"crime":"Petit Larceny","wtd_curr_yr":12,"wtd_prev_yr":22,"wtd_pct_change":-45.5,"twentyeight_day_curr_yr":64,"twentyeight_day_prev_yr":56,"twentyeight_day_pct_change":14.3,"ytd_curr_yr":132,"ytd_prev_yr":104,"ytd_pct_change":26.9,"two_year_pct_change":-1.5,"six_year_pct_change":null,"twentytwo_year_pct_change":null},{"crime":"Misd. Assault","wtd_curr_yr":9,"wtd_prev_yr":20,"wtd_pct_change":-55,"twentyeight_day_curr_yr":54,"twentyeight_day_prev_yr":72,"twentyeight_day_pct_change":-25,"ytd_curr_yr":101,"ytd_prev_yr":122,"ytd_pct_change":-17.2,"two_year_pct_change":24.7,"six_year_pct_change":null,"twentytwo_year_pct_change":null},{"crime":"Misd. Sex Crimes","wtd_curr_yr":1,"wtd_prev_yr":0,"wtd_pct_change":null,"twentyeight_day_curr_yr":3,"twentyeight_day_prev_yr":0,"twentyeight_day_pct_change":null,"ytd_curr_yr":5,"ytd_prev_yr":2,"ytd_pct_change":150,"two_year_pct_change":0,"six_year_pct_change":null,"twentytwo_year_pct_change":null},{"crime":"Shooting Vic.","wtd_curr_yr":0,"wtd_prev_yr":0,"wtd_pct_change":null,"twentyeight_day_curr_yr":1,"twentyeight_day_prev_yr":0,"twentyeight_day_pct_change":null,"ytd_curr_yr":2,"ytd_prev_yr":4,"ytd_pct_change":-50,"two_year_pct_change":-33.3,"six_year_pct_change":-33.3,"twentytwo_year_pct_change":-83.3},{"crime":"Shooting Inc.","wtd_curr_yr":0,"wtd_prev_yr":0,"wtd_pct_change":null,"twentyeight_day_curr_yr":1,"twentyeight_day_prev_yr":0,"twentyeight_day_pct_change":null,"ytd_curr_yr":2,"ytd_prev_yr":3,"ytd_pct_change":-33.3,"two_year_pct_change":-33.3,"six_year_pct_change":-33.3,"twentytwo_year_pct_change":-81.8}],"historical":[{"yr_1990":38,"yr_1993":28,"yr_1998":16,"yr_2001":10,"yr_2013":8,"pct_change_13vs01":-20,"pct_change_13vs98":-50,"pct_change_13vs93":-71.4,"pct_change_13vs90":-78.9,"crime":"Murder"},{"yr_1990":60,"yr_1993":74,"yr_1998":45,"yr_2001":27,"yr_2013":37,"pct_change_13vs01":37,"pct_change_13vs98":-17.8,"pct_change_13vs93":-50,"pct_change_13vs90":-38.3,"crime":"Rape"},{"yr_1990":1846,"yr_1993":1742,"yr_1998":751,"yr_2001":530,"yr_2013":438,"pct_change_13vs01":-17.4,"pct_change_13vs98":-41.7,"pct_change_13vs93":-74.9,"pct_change_13vs90":-76.3,"crime":"Robbery"},{"yr_1990":958,"yr_1993":853,"yr_1998":611,"yr_2001":406,"yr_2013":369,"pct_change_13vs01":-9.1,"pct_change_13vs98":-39.6,"pct_change_13vs93":-56.7,"pct_change_13vs90":-61.5,"crime":"Fel. Assault"},{"yr_1990":1592,"yr_1993":1166,"yr_1998":598,"yr_2001":449,"yr_2013":300,"pct_change_13vs01":-33.2,"pct_change_13vs98":-49.8,"pct_change_13vs93":-74.3,"pct_change_13vs90":-81.2,"crime":"Burglary"},{"yr_1990":1277,"yr_1993":1214,"yr_1998":578,"yr_2001":587,"yr_2013":487,"pct_change_13vs01":-17,"pct_change_13vs98":-15.7,"pct_change_13vs93":-59.9,"pct_change_13vs90":-61.9,"crime":"Gr. Larceny"},{"yr_1990":1889,"yr_1993":1591,"yr_1998":602,"yr_2001":472,"yr_2013":172,"pct_change_13vs01":-63.6,"pct_change_13vs98":-71.4,"pct_change_13vs93":-89.2,"pct_change_13vs90":-90.9,"crime":"G.L.A."},{"yr_1990":7660,"yr_1993":6668,"yr_1998":3201,"yr_2001":2481,"yr_2013":1811,"pct_change_13vs01":-27.01,"pct_change_13vs98":-43.42,"pct_change_13vs93":-72.84,"pct_change_13vs90":-76.36,"crime":"TOTAL"}]}