{"mayor":"Bill de Blasio","commissioner":"William J. Bratton","volume":21,"number":11,"precinct":"101st","startDate":"2014-03-10T04:00:00.000Z","endDate":"2014-03-16T04:00:00.000Z","crimes":[{"crime":"Murder","wtd_curr_yr":0,"wtd_prev_yr":0,"wtd_pct_change":null,"twentyeight_day_curr_yr":0,"twentyeight_day_prev_yr":0,"twentyeight_day_pct_change":null,"ytd_curr_yr":1,"ytd_prev_yr":1,"ytd_pct_change":0,"two_year_pct_change":0,"six_year_pct_change":0,"twentytwo_year_pct_change":-66.7},{"crime":"Rape","wtd_curr_yr":2,"wtd_prev_yr":0,"wtd_pct_change":null,"twentyeight_day_curr_yr":2,"twentyeight_day_prev_yr":1,"twentyeight_day_pct_change":100,"ytd_curr_yr":3,"ytd_prev_yr":3,"ytd_pct_change":0,"two_year_pct_change":-57.1,"six_year_pct_change":50,"twentytwo_year_pct_change":-50},{"crime":"Robbery","wtd_curr_yr":3,"wtd_prev_yr":1,"wtd_pct_change":200,"twentyeight_day_curr_yr":10,"twentyeight_day_prev_yr":8,"twentyeight_day_pct_change":25,"ytd_curr_yr":26,"ytd_prev_yr":26,"ytd_pct_change":0,"two_year_pct_change":8.3,"six_year_pct_change":-49,"twentytwo_year_pct_change":-76.1},{"crime":"Fel. Assault","wtd_curr_yr":2,"wtd_prev_yr":5,"wtd_pct_change":-60,"twentyeight_day_curr_yr":11,"twentyeight_day_prev_yr":14,"twentyeight_day_pct_change":-21.4,"ytd_curr_yr":43,"ytd_prev_yr":30,"ytd_pct_change":43.3,"two_year_pct_change":72,"six_year_pct_change":-6.5,"twentytwo_year_pct_change":-46.9},{"crime":"Burglary","wtd_curr_yr":0,"wtd_prev_yr":0,"wtd_pct_change":null,"twentyeight_day_curr_yr":8,"twentyeight_day_prev_yr":16,"twentyeight_day_pct_change":-50,"ytd_curr_yr":30,"ytd_prev_yr":58,"ytd_pct_change":-48.3,"two_year_pct_change":57.9,"six_year_pct_change":-48.3,"twentytwo_year_pct_change":-70.3},{"crime":"Gr. Larceny","wtd_curr_yr":4,"wtd_prev_yr":3,"wtd_pct_change":33.3,"twentyeight_day_curr_yr":9,"twentyeight_day_prev_yr":8,"twentyeight_day_pct_change":12.5,"ytd_curr_yr":35,"ytd_prev_yr":19,"ytd_pct_change":84.2,"two_year_pct_change":9.4,"six_year_pct_change":-10.3,"twentytwo_year_pct_change":-32.7},{"crime":"G.L.A.","wtd_curr_yr":1,"wtd_prev_yr":0,"wtd_pct_change":null,"twentyeight_day_curr_yr":8,"twentyeight_day_prev_yr":1,"twentyeight_day_pct_change":700,"ytd_curr_yr":19,"ytd_prev_yr":5,"ytd_pct_change":280,"two_year_pct_change":375,"six_year_pct_change":-36.7,"twentytwo_year_pct_change":-80.4},{"crime":"TOTAL","wtd_curr_yr":12,"wtd_prev_yr":9,"wtd_pct_change":33.33,"twentyeight_day_curr_yr":48,"twentyeight_day_prev_yr":48,"twentyeight_day_pct_change":0,"ytd_curr_yr":157,"ytd_prev_yr":142,"ytd_pct_change":10.56,"two_year_pct_change":40.18,"six_year_pct_change":-30.84,"twentytwo_year_pct_change":-65.03},{"crime":"Transit","wtd_curr_yr":0,"wtd_prev_yr":0,"wtd_pct_change":null,"twentyeight_day_curr_yr":0,"twentyeight_day_prev_yr":0,"twentyeight_day_pct_change":null,"ytd_curr_yr":1,"ytd_prev_yr":4,"ytd_pct_change":-75,"two_year_pct_change":-50,"six_year_pct_change":0,"twentytwo_year_pct_change":null},{"crime":"Housing","wtd_curr_yr":1,"wtd_prev_yr":2,"wtd_pct_change":-50,"twentyeight_day_curr_yr":9,"twentyeight_day_prev_yr":3,"twentyeight_day_pct_change":200,"ytd_curr_yr":19,"ytd_prev_yr":8,"ytd_pct_change":137.5,"two_year_pct_change":111.1,"six_year_pct_change":-24,"twentytwo_year_pct_change":null},{"crime":"Petit Larceny","wtd_curr_yr":7,"wtd_prev_yr":14,"wtd_pct_change":-50,"twentyeight_day_curr_yr":37,"twentyeight_day_prev_yr":55,"twentyeight_day_pct_change":-32.7,"ytd_curr_yr":116,"ytd_prev_yr":106,"ytd_pct_change":9.4,"two_year_pct_change":68.1,"six_year_pct_change":null,"twentytwo_year_pct_change":null},{"crime":"Misd. Assault","wtd_curr_yr":9,"wtd_prev_yr":6,"wtd_pct_change":50,"twentyeight_day_curr_yr":25,"twentyeight_day_prev_yr":28,"twentyeight_day_pct_change":-10.7,"ytd_curr_yr":77,"ytd_prev_yr":78,"ytd_pct_change":-1.3,"two_year_pct_change":6.9,"six_year_pct_change":null,"twentytwo_year_pct_change":null},{"crime":"Misd. Sex Crimes","wtd_curr_yr":2,"wtd_prev_yr":1,"wtd_pct_change":100,"twentyeight_day_curr_yr":3,"twentyeight_day_prev_yr":1,"twentyeight_day_pct_change":200,"ytd_curr_yr":4,"ytd_prev_yr":2,"ytd_pct_change":100,"two_year_pct_change":100,"six_year_pct_change":null,"twentytwo_year_pct_change":null},{"crime":"Shooting Vic.","wtd_curr_yr":0,"wtd_prev_yr":0,"wtd_pct_change":null,"twentyeight_day_curr_yr":2,"twentyeight_day_prev_yr":0,"twentyeight_day_pct_change":null,"ytd_curr_yr":2,"ytd_prev_yr":1,"ytd_pct_change":100,"two_year_pct_change":-33.3,"six_year_pct_change":100,"twentytwo_year_pct_change":-81.8},{"crime":"Shooting Inc.","wtd_curr_yr":0,"wtd_prev_yr":0,"wtd_pct_change":null,"twentyeight_day_curr_yr":2,"twentyeight_day_prev_yr":0,"twentyeight_day_pct_change":null,"ytd_curr_yr":2,"ytd_prev_yr":1,"ytd_pct_change":100,"two_year_pct_change":-33.3,"six_year_pct_change":100,"twentytwo_year_pct_change":-81.8}],"historical":[{"yr_1990":14,"yr_1993":16,"yr_1998":9,"yr_2001":6,"yr_2013":3,"pct_change_13vs01":-50,"pct_change_13vs98":-66.7,"pct_change_13vs93":-81.2,"pct_change_13vs90":-78.6,"crime":"Murder"},{"yr_1990":67,"yr_1993":42,"yr_1998":32,"yr_2001":17,"yr_2013":19,"pct_change_13vs01":11.8,"pct_change_13vs98":-40.6,"pct_change_13vs93":-54.8,"pct_change_13vs90":-71.6,"crime":"Rape"},{"yr_1990":826,"yr_1993":710,"yr_1998":413,"yr_2001":247,"yr_2013":148,"pct_change_13vs01":-40.1,"pct_change_13vs98":-64.2,"pct_change_13vs93":-79.2,"pct_change_13vs90":-82.1,"crime":"Robbery"},{"yr_1990":588,"yr_1993":524,"yr_1998":418,"yr_2001":301,"yr_2013":212,"pct_change_13vs01":-29.6,"pct_change_13vs98":-49.3,"pct_change_13vs93":-59.5,"pct_change_13vs90":-63.9,"crime":"Fel. Assault"},{"yr_1990":825,"yr_1993":768,"yr_1998":370,"yr_2001":216,"yr_2013":227,"pct_change_13vs01":5.1,"pct_change_13vs98":-38.6,"pct_change_13vs93":-70.4,"pct_change_13vs90":-72.5,"crime":"Burglary"},{"yr_1990":362,"yr_1993":330,"yr_1998":203,"yr_2001":189,"yr_2013":182,"pct_change_13vs01":-3.7,"pct_change_13vs98":-10.3,"pct_change_13vs93":-44.8,"pct_change_13vs90":-49.7,"crime":"Gr. Larceny"},{"yr_1990":719,"yr_1993":460,"yr_1998":184,"yr_2001":158,"yr_2013":61,"pct_change_13vs01":-61.4,"pct_change_13vs98":-66.8,"pct_change_13vs93":-86.7,"pct_change_13vs90":-91.5,"crime":"G.L.A."},{"yr_1990":3401,"yr_1993":2850,"yr_1998":1629,"yr_2001":1134,"yr_2013":852,"pct_change_13vs01":-24.87,"pct_change_13vs98":-47.7,"pct_change_13vs93":-70.11,"pct_change_13vs90":-74.95,"crime":"TOTAL"}]}