{"mayor":"Bill de Blasio","commissioner":"William J. Bratton","volume":21,"number":47,"precinct":"101st","startDate":"2014-11-17T05:00:00.000Z","endDate":"2014-11-23T05:00:00.000Z","crimes":[{"crime":"Murder","wtd_curr_yr":0,"wtd_prev_yr":0,"wtd_pct_change":null,"twentyeight_day_curr_yr":1,"twentyeight_day_prev_yr":0,"twentyeight_day_pct_change":null,"ytd_curr_yr":5,"ytd_prev_yr":2,"ytd_pct_change":150,"two_year_pct_change":0,"six_year_pct_change":-16.7,"twentytwo_year_pct_change":-68.8},{"crime":"Rape","wtd_curr_yr":0,"wtd_prev_yr":1,"wtd_pct_change":-100,"twentyeight_day_curr_yr":0,"twentyeight_day_prev_yr":2,"twentyeight_day_pct_change":-100,"ytd_curr_yr":12,"ytd_prev_yr":16,"ytd_pct_change":-25,"two_year_pct_change":-14.3,"six_year_pct_change":-29.4,"twentytwo_year_pct_change":-70},{"crime":"Robbery","wtd_curr_yr":3,"wtd_prev_yr":3,"wtd_pct_change":0,"twentyeight_day_curr_yr":13,"twentyeight_day_prev_yr":14,"twentyeight_day_pct_change":-7.1,"ytd_curr_yr":121,"ytd_prev_yr":130,"ytd_pct_change":-6.9,"two_year_pct_change":-7.6,"six_year_pct_change":9,"twentytwo_year_pct_change":-80.5},{"crime":"Fel. Assault","wtd_curr_yr":6,"wtd_prev_yr":4,"wtd_pct_change":50,"twentyeight_day_curr_yr":24,"twentyeight_day_prev_yr":9,"twentyeight_day_pct_change":166.7,"ytd_curr_yr":251,"ytd_prev_yr":190,"ytd_pct_change":32.1,"two_year_pct_change":12.1,"six_year_pct_change":61.9,"twentytwo_year_pct_change":-46.7},{"crime":"Burglary","wtd_curr_yr":3,"wtd_prev_yr":8,"wtd_pct_change":-62.5,"twentyeight_day_curr_yr":13,"twentyeight_day_prev_yr":21,"twentyeight_day_pct_change":-38.1,"ytd_curr_yr":141,"ytd_prev_yr":211,"ytd_pct_change":-33.2,"two_year_pct_change":-34.4,"six_year_pct_change":42.4,"twentytwo_year_pct_change":-80.1},{"crime":"Gr. Larceny","wtd_curr_yr":4,"wtd_prev_yr":6,"wtd_pct_change":-33.3,"twentyeight_day_curr_yr":17,"twentyeight_day_prev_yr":22,"twentyeight_day_pct_change":-22.7,"ytd_curr_yr":178,"ytd_prev_yr":159,"ytd_pct_change":11.9,"two_year_pct_change":-5.3,"six_year_pct_change":34.8,"twentytwo_year_pct_change":-40.3},{"crime":"G.L.A.","wtd_curr_yr":0,"wtd_prev_yr":1,"wtd_pct_change":-100,"twentyeight_day_curr_yr":2,"twentyeight_day_prev_yr":6,"twentyeight_day_pct_change":-66.7,"ytd_curr_yr":68,"ytd_prev_yr":53,"ytd_pct_change":28.3,"two_year_pct_change":36,"six_year_pct_change":17.2,"twentytwo_year_pct_change":-84.1},{"crime":"TOTAL","wtd_curr_yr":16,"wtd_prev_yr":23,"wtd_pct_change":-30.43,"twentyeight_day_curr_yr":70,"twentyeight_day_prev_yr":74,"twentyeight_day_pct_change":-5.41,"ytd_curr_yr":776,"ytd_prev_yr":761,"ytd_pct_change":1.97,"two_year_pct_change":-6.17,"six_year_pct_change":34.26,"twentytwo_year_pct_change":-69.93},{"crime":"Transit","wtd_curr_yr":0,"wtd_prev_yr":0,"wtd_pct_change":null,"twentyeight_day_curr_yr":0,"twentyeight_day_prev_yr":0,"twentyeight_day_pct_change":null,"ytd_curr_yr":9,"ytd_prev_yr":8,"ytd_pct_change":12.5,"two_year_pct_change":-52.6,"six_year_pct_change":-25,"twentytwo_year_pct_change":null},{"crime":"Housing","wtd_curr_yr":1,"wtd_prev_yr":2,"wtd_pct_change":-50,"twentyeight_day_curr_yr":7,"twentyeight_day_prev_yr":5,"twentyeight_day_pct_change":40,"ytd_curr_yr":90,"ytd_prev_yr":76,"ytd_pct_change":18.4,"two_year_pct_change":9.8,"six_year_pct_change":28.6,"twentytwo_year_pct_change":null},{"crime":"Petit Larceny","wtd_curr_yr":6,"wtd_prev_yr":19,"wtd_pct_change":-68.4,"twentyeight_day_curr_yr":34,"twentyeight_day_prev_yr":45,"twentyeight_day_pct_change":-24.4,"ytd_curr_yr":464,"ytd_prev_yr":484,"ytd_pct_change":-4.1,"two_year_pct_change":7.4,"six_year_pct_change":19.3,"twentytwo_year_pct_change":null},{"crime":"Misd. Assault","wtd_curr_yr":7,"wtd_prev_yr":13,"wtd_pct_change":-46.2,"twentyeight_day_curr_yr":27,"twentyeight_day_prev_yr":39,"twentyeight_day_pct_change":-30.8,"ytd_curr_yr":409,"ytd_prev_yr":448,"ytd_pct_change":-8.7,"two_year_pct_change":3.3,"six_year_pct_change":15.5,"twentytwo_year_pct_change":null},{"crime":"Misd. Sex Crimes","wtd_curr_yr":0,"wtd_prev_yr":1,"wtd_pct_change":-100,"twentyeight_day_curr_yr":0,"twentyeight_day_prev_yr":2,"twentyeight_day_pct_change":-100,"ytd_curr_yr":14,"ytd_prev_yr":15,"ytd_pct_change":-6.7,"two_year_pct_change":-26.3,"six_year_pct_change":-39.1,"twentytwo_year_pct_change":null},{"crime":"Shooting Vic.","wtd_curr_yr":0,"wtd_prev_yr":0,"wtd_pct_change":null,"twentyeight_day_curr_yr":3,"twentyeight_day_prev_yr":0,"twentyeight_day_pct_change":null,"ytd_curr_yr":27,"ytd_prev_yr":15,"ytd_pct_change":80,"two_year_pct_change":-18.2,"six_year_pct_change":-6.9,"twentytwo_year_pct_change":-35.7},{"crime":"Shooting Inc.","wtd_curr_yr":0,"wtd_prev_yr":0,"wtd_pct_change":null,"twentyeight_day_curr_yr":3,"twentyeight_day_prev_yr":0,"twentyeight_day_pct_change":null,"ytd_curr_yr":26,"ytd_prev_yr":13,"ytd_pct_change":100,"two_year_pct_change":-13.3,"six_year_pct_change":0,"twentytwo_year_pct_change":-35}],"historical":[{"yr_1990":14,"yr_1993":16,"yr_1998":9,"yr_2001":6,"yr_2013":3,"pct_change_13vs01":-50,"pct_change_13vs98":-66.7,"pct_change_13vs93":-81.2,"pct_change_13vs90":-78.6,"crime":"Murder"},{"yr_1990":67,"yr_1993":42,"yr_1998":32,"yr_2001":17,"yr_2013":19,"pct_change_13vs01":11.8,"pct_change_13vs98":-40.6,"pct_change_13vs93":-54.8,"pct_change_13vs90":-71.6,"crime":"Rape"},{"yr_1990":826,"yr_1993":710,"yr_1998":413,"yr_2001":247,"yr_2013":148,"pct_change_13vs01":-40.1,"pct_change_13vs98":-64.2,"pct_change_13vs93":-79.2,"pct_change_13vs90":-82.1,"crime":"Robbery"},{"yr_1990":588,"yr_1993":524,"yr_1998":418,"yr_2001":301,"yr_2013":212,"pct_change_13vs01":-29.6,"pct_change_13vs98":-49.3,"pct_change_13vs93":-59.5,"pct_change_13vs90":-63.9,"crime":"Fel. Assault"},{"yr_1990":825,"yr_1993":768,"yr_1998":370,"yr_2001":216,"yr_2013":227,"pct_change_13vs01":5.1,"pct_change_13vs98":-38.6,"pct_change_13vs93":-70.4,"pct_change_13vs90":-72.5,"crime":"Burglary"},{"yr_1990":362,"yr_1993":330,"yr_1998":203,"yr_2001":189,"yr_2013":182,"pct_change_13vs01":-3.7,"pct_change_13vs98":-10.3,"pct_change_13vs93":-44.8,"pct_change_13vs90":-49.7,"crime":"Gr. Larceny"},{"yr_1990":719,"yr_1993":460,"yr_1998":184,"yr_2001":158,"yr_2013":61,"pct_change_13vs01":-61.4,"pct_change_13vs98":-66.8,"pct_change_13vs93":-86.7,"pct_change_13vs90":-91.5,"crime":"G.L.A."},{"yr_1990":3401,"yr_1993":2850,"yr_1998":1629,"yr_2001":1134,"yr_2013":852,"pct_change_13vs01":-24.87,"pct_change_13vs98":-47.7,"pct_change_13vs93":-70.11,"pct_change_13vs90":-74.95,"crime":"TOTAL"}]}