{"mayor":"Bill de Blasio","commissioner":"William J. Bratton","volume":21,"number":19,"precinct":"103rd","startDate":"2014-05-05T04:00:00.000Z","endDate":"2014-05-11T04:00:00.000Z","crimes":[{"crime":"Murder","wtd_curr_yr":0,"wtd_prev_yr":0,"wtd_pct_change":null,"twentyeight_day_curr_yr":0,"twentyeight_day_prev_yr":0,"twentyeight_day_pct_change":null,"ytd_curr_yr":5,"ytd_prev_yr":1,"ytd_pct_change":400,"two_year_pct_change":66.7,"six_year_pct_change":25,"twentytwo_year_pct_change":-50},{"crime":"Rape","wtd_curr_yr":0,"wtd_prev_yr":0,"wtd_pct_change":null,"twentyeight_day_curr_yr":2,"twentyeight_day_prev_yr":2,"twentyeight_day_pct_change":0,"ytd_curr_yr":8,"ytd_prev_yr":12,"ytd_pct_change":-33.3,"two_year_pct_change":-38.5,"six_year_pct_change":-11.1,"twentytwo_year_pct_change":-68},{"crime":"Robbery","wtd_curr_yr":9,"wtd_prev_yr":7,"wtd_pct_change":28.6,"twentyeight_day_curr_yr":27,"twentyeight_day_prev_yr":34,"twentyeight_day_pct_change":-20.6,"ytd_curr_yr":110,"ytd_prev_yr":170,"ytd_pct_change":-35.3,"two_year_pct_change":-19.7,"six_year_pct_change":3.8,"twentytwo_year_pct_change":-80},{"crime":"Fel. Assault","wtd_curr_yr":4,"wtd_prev_yr":7,"wtd_pct_change":-42.9,"twentyeight_day_curr_yr":34,"twentyeight_day_prev_yr":25,"twentyeight_day_pct_change":36,"ytd_curr_yr":127,"ytd_prev_yr":136,"ytd_pct_change":-6.6,"two_year_pct_change":0.8,"six_year_pct_change":-12.4,"twentytwo_year_pct_change":-57.7},{"crime":"Burglary","wtd_curr_yr":3,"wtd_prev_yr":5,"wtd_pct_change":-40,"twentyeight_day_curr_yr":14,"twentyeight_day_prev_yr":32,"twentyeight_day_pct_change":-56.2,"ytd_curr_yr":76,"ytd_prev_yr":111,"ytd_pct_change":-31.5,"two_year_pct_change":-27.6,"six_year_pct_change":-10.6,"twentytwo_year_pct_change":-80.5},{"crime":"Gr. Larceny","wtd_curr_yr":8,"wtd_prev_yr":6,"wtd_pct_change":33.3,"twentyeight_day_curr_yr":46,"twentyeight_day_prev_yr":37,"twentyeight_day_pct_change":24.3,"ytd_curr_yr":157,"ytd_prev_yr":129,"ytd_pct_change":21.7,"two_year_pct_change":-16.5,"six_year_pct_change":13.8,"twentytwo_year_pct_change":-62.4},{"crime":"G.L.A.","wtd_curr_yr":4,"wtd_prev_yr":2,"wtd_pct_change":100,"twentyeight_day_curr_yr":12,"twentyeight_day_prev_yr":8,"twentyeight_day_pct_change":50,"ytd_curr_yr":51,"ytd_prev_yr":62,"ytd_pct_change":-17.7,"two_year_pct_change":-12.1,"six_year_pct_change":-16.4,"twentytwo_year_pct_change":-89.5},{"crime":"TOTAL","wtd_curr_yr":28,"wtd_prev_yr":27,"wtd_pct_change":3.7,"twentyeight_day_curr_yr":135,"twentyeight_day_prev_yr":138,"twentyeight_day_pct_change":-2.17,"ytd_curr_yr":534,"ytd_prev_yr":621,"ytd_pct_change":-14.01,"two_year_pct_change":-15.24,"six_year_pct_change":-2.55,"twentytwo_year_pct_change":-75.46},{"crime":"Transit","wtd_curr_yr":1,"wtd_prev_yr":1,"wtd_pct_change":0,"twentyeight_day_curr_yr":2,"twentyeight_day_prev_yr":1,"twentyeight_day_pct_change":100,"ytd_curr_yr":9,"ytd_prev_yr":13,"ytd_pct_change":-30.8,"two_year_pct_change":-10,"six_year_pct_change":125,"twentytwo_year_pct_change":null},{"crime":"Housing","wtd_curr_yr":0,"wtd_prev_yr":1,"wtd_pct_change":-100,"twentyeight_day_curr_yr":3,"twentyeight_day_prev_yr":2,"twentyeight_day_pct_change":50,"ytd_curr_yr":10,"ytd_prev_yr":14,"ytd_pct_change":-28.6,"two_year_pct_change":-33.3,"six_year_pct_change":11.1,"twentytwo_year_pct_change":null},{"crime":"Petit Larceny","wtd_curr_yr":25,"wtd_prev_yr":24,"wtd_pct_change":4.2,"twentyeight_day_curr_yr":85,"twentyeight_day_prev_yr":100,"twentyeight_day_pct_change":-15,"ytd_curr_yr":395,"ytd_prev_yr":337,"ytd_pct_change":17.2,"two_year_pct_change":10.6,"six_year_pct_change":12.5,"twentytwo_year_pct_change":null},{"crime":"Misd. Assault","wtd_curr_yr":22,"wtd_prev_yr":16,"wtd_pct_change":37.5,"twentyeight_day_curr_yr":75,"twentyeight_day_prev_yr":80,"twentyeight_day_pct_change":-6.2,"ytd_curr_yr":333,"ytd_prev_yr":353,"ytd_pct_change":-5.7,"two_year_pct_change":22.4,"six_year_pct_change":34.8,"twentytwo_year_pct_change":null},{"crime":"Misd. Sex Crimes","wtd_curr_yr":2,"wtd_prev_yr":2,"wtd_pct_change":0,"twentyeight_day_curr_yr":2,"twentyeight_day_prev_yr":4,"twentyeight_day_pct_change":-50,"ytd_curr_yr":12,"ytd_prev_yr":11,"ytd_pct_change":9.1,"two_year_pct_change":9.1,"six_year_pct_change":-7.7,"twentytwo_year_pct_change":null},{"crime":"Shooting Vic.","wtd_curr_yr":0,"wtd_prev_yr":0,"wtd_pct_change":null,"twentyeight_day_curr_yr":2,"twentyeight_day_prev_yr":0,"twentyeight_day_pct_change":null,"ytd_curr_yr":8,"ytd_prev_yr":6,"ytd_pct_change":33.3,"two_year_pct_change":-55.6,"six_year_pct_change":-46.7,"twentytwo_year_pct_change":-84.3},{"crime":"Shooting Inc.","wtd_curr_yr":0,"wtd_prev_yr":0,"wtd_pct_change":null,"twentyeight_day_curr_yr":1,"twentyeight_day_prev_yr":0,"twentyeight_day_pct_change":null,"ytd_curr_yr":6,"ytd_prev_yr":5,"ytd_pct_change":20,"two_year_pct_change":-60,"six_year_pct_change":-33.3,"twentytwo_year_pct_change":-87.5}],"historical":[{"yr_1990":38,"yr_1993":28,"yr_1998":16,"yr_2001":10,"yr_2013":8,"pct_change_13vs01":-20,"pct_change_13vs98":-50,"pct_change_13vs93":-71.4,"pct_change_13vs90":-78.9,"crime":"Murder"},{"yr_1990":60,"yr_1993":74,"yr_1998":45,"yr_2001":27,"yr_2013":37,"pct_change_13vs01":37,"pct_change_13vs98":-17.8,"pct_change_13vs93":-50,"pct_change_13vs90":-38.3,"crime":"Rape"},{"yr_1990":1846,"yr_1993":1742,"yr_1998":751,"yr_2001":530,"yr_2013":438,"pct_change_13vs01":-17.4,"pct_change_13vs98":-41.7,"pct_change_13vs93":-74.9,"pct_change_13vs90":-76.3,"crime":"Robbery"},{"yr_1990":958,"yr_1993":853,"yr_1998":611,"yr_2001":406,"yr_2013":369,"pct_change_13vs01":-9.1,"pct_change_13vs98":-39.6,"pct_change_13vs93":-56.7,"pct_change_13vs90":-61.5,"crime":"Fel. Assault"},{"yr_1990":1592,"yr_1993":1166,"yr_1998":598,"yr_2001":449,"yr_2013":300,"pct_change_13vs01":-33.2,"pct_change_13vs98":-49.8,"pct_change_13vs93":-74.3,"pct_change_13vs90":-81.2,"crime":"Burglary"},{"yr_1990":1277,"yr_1993":1214,"yr_1998":578,"yr_2001":587,"yr_2013":487,"pct_change_13vs01":-17,"pct_change_13vs98":-15.7,"pct_change_13vs93":-59.9,"pct_change_13vs90":-61.9,"crime":"Gr. Larceny"},{"yr_1990":1889,"yr_1993":1591,"yr_1998":602,"yr_2001":472,"yr_2013":172,"pct_change_13vs01":-63.6,"pct_change_13vs98":-71.4,"pct_change_13vs93":-89.2,"pct_change_13vs90":-90.9,"crime":"G.L.A."},{"yr_1990":7660,"yr_1993":6668,"yr_1998":3201,"yr_2001":2481,"yr_2013":1811,"pct_change_13vs01":-27.01,"pct_change_13vs98":-43.42,"pct_change_13vs93":-72.84,"pct_change_13vs90":-76.36,"crime":"TOTAL"}]}