{"mayor":"Bill de Blasio","commissioner":"William J. Bratton","volume":21,"number":8,"precinct":"108th","startDate":"2014-02-17T05:00:00.000Z","endDate":"2014-02-23T05:00:00.000Z","crimes":[{"crime":"Murder","wtd_curr_yr":0,"wtd_prev_yr":0,"wtd_pct_change":null,"twentyeight_day_curr_yr":0,"twentyeight_day_prev_yr":0,"twentyeight_day_pct_change":null,"ytd_curr_yr":0,"ytd_prev_yr":0,"ytd_pct_change":null,"two_year_pct_change":null,"six_year_pct_change":-100,"twentytwo_year_pct_change":-100},{"crime":"Rape","wtd_curr_yr":1,"wtd_prev_yr":1,"wtd_pct_change":0,"twentyeight_day_curr_yr":1,"twentyeight_day_prev_yr":3,"twentyeight_day_pct_change":-66.7,"ytd_curr_yr":3,"ytd_prev_yr":3,"ytd_pct_change":0,"two_year_pct_change":null,"six_year_pct_change":0,"twentytwo_year_pct_change":200},{"crime":"Robbery","wtd_curr_yr":1,"wtd_prev_yr":2,"wtd_pct_change":-50,"twentyeight_day_curr_yr":6,"twentyeight_day_prev_yr":7,"twentyeight_day_pct_change":-14.3,"ytd_curr_yr":23,"ytd_prev_yr":19,"ytd_pct_change":21.1,"two_year_pct_change":-14.8,"six_year_pct_change":-43.9,"twentytwo_year_pct_change":-88.1},{"crime":"Fel. Assault","wtd_curr_yr":2,"wtd_prev_yr":1,"wtd_pct_change":100,"twentyeight_day_curr_yr":7,"twentyeight_day_prev_yr":9,"twentyeight_day_pct_change":-22.2,"ytd_curr_yr":16,"ytd_prev_yr":17,"ytd_pct_change":-5.9,"two_year_pct_change":-11.1,"six_year_pct_change":-27.3,"twentytwo_year_pct_change":-56.8},{"crime":"Burglary","wtd_curr_yr":6,"wtd_prev_yr":0,"wtd_pct_change":null,"twentyeight_day_curr_yr":21,"twentyeight_day_prev_yr":10,"twentyeight_day_pct_change":110,"ytd_curr_yr":38,"ytd_prev_yr":24,"ytd_pct_change":58.3,"two_year_pct_change":-15.6,"six_year_pct_change":-58.7,"twentytwo_year_pct_change":-83},{"crime":"Gr. Larceny","wtd_curr_yr":14,"wtd_prev_yr":8,"wtd_pct_change":75,"twentyeight_day_curr_yr":45,"twentyeight_day_prev_yr":43,"twentyeight_day_pct_change":4.7,"ytd_curr_yr":88,"ytd_prev_yr":87,"ytd_pct_change":1.1,"two_year_pct_change":33.3,"six_year_pct_change":-1.1,"twentytwo_year_pct_change":-24.1},{"crime":"G.L.A.","wtd_curr_yr":1,"wtd_prev_yr":2,"wtd_pct_change":-50,"twentyeight_day_curr_yr":5,"twentyeight_day_prev_yr":6,"twentyeight_day_pct_change":-16.7,"ytd_curr_yr":13,"ytd_prev_yr":15,"ytd_pct_change":-13.3,"two_year_pct_change":-35,"six_year_pct_change":-86.7,"twentytwo_year_pct_change":-95.8},{"crime":"TOTAL","wtd_curr_yr":25,"wtd_prev_yr":14,"wtd_pct_change":78.57,"twentyeight_day_curr_yr":85,"twentyeight_day_prev_yr":78,"twentyeight_day_pct_change":8.97,"ytd_curr_yr":181,"ytd_prev_yr":165,"ytd_pct_change":9.7,"two_year_pct_change":2.84,"six_year_pct_change":-47.69,"twentytwo_year_pct_change":-79.5},{"crime":"Petit Larceny","wtd_curr_yr":10,"wtd_prev_yr":14,"wtd_pct_change":-28.6,"twentyeight_day_curr_yr":51,"twentyeight_day_prev_yr":64,"twentyeight_day_pct_change":-20.3,"ytd_curr_yr":94,"ytd_prev_yr":110,"ytd_pct_change":-14.5,"two_year_pct_change":-36.5,"six_year_pct_change":null,"twentytwo_year_pct_change":null},{"crime":"Misd. Assault","wtd_curr_yr":6,"wtd_prev_yr":10,"wtd_pct_change":-40,"twentyeight_day_curr_yr":24,"twentyeight_day_prev_yr":34,"twentyeight_day_pct_change":-29.4,"ytd_curr_yr":49,"ytd_prev_yr":65,"ytd_pct_change":-24.6,"two_year_pct_change":0,"six_year_pct_change":null,"twentytwo_year_pct_change":null},{"crime":"Misd. Sex Crimes","wtd_curr_yr":0,"wtd_prev_yr":2,"wtd_pct_change":-100,"twentyeight_day_curr_yr":1,"twentyeight_day_prev_yr":9,"twentyeight_day_pct_change":-88.9,"ytd_curr_yr":3,"ytd_prev_yr":16,"ytd_pct_change":-81.2,"two_year_pct_change":-40,"six_year_pct_change":null,"twentytwo_year_pct_change":null},{"crime":"Shooting Vic.","wtd_curr_yr":0,"wtd_prev_yr":0,"wtd_pct_change":null,"twentyeight_day_curr_yr":0,"twentyeight_day_prev_yr":0,"twentyeight_day_pct_change":null,"ytd_curr_yr":0,"ytd_prev_yr":0,"ytd_pct_change":null,"two_year_pct_change":null,"six_year_pct_change":-100,"twentytwo_year_pct_change":-100},{"crime":"Shooting Inc.","wtd_curr_yr":0,"wtd_prev_yr":0,"wtd_pct_change":null,"twentyeight_day_curr_yr":0,"twentyeight_day_prev_yr":0,"twentyeight_day_pct_change":null,"ytd_curr_yr":0,"ytd_prev_yr":0,"ytd_pct_change":null,"two_year_pct_change":null,"six_year_pct_change":-100,"twentytwo_year_pct_change":-100}],"historical":[{"yr_1990":16,"yr_1993":10,"yr_1998":5,"yr_2001":3,"yr_2013":4,"pct_change_13vs01":33.3,"pct_change_13vs98":-20,"pct_change_13vs93":-60,"pct_change_13vs90":-75,"crime":"Murder"},{"yr_1990":22,"yr_1993":12,"yr_1998":24,"yr_2001":18,"yr_2013":15,"pct_change_13vs01":-16.7,"pct_change_13vs98":-37.5,"pct_change_13vs93":25,"pct_change_13vs90":-31.8,"crime":"Rape"},{"yr_1990":1372,"yr_1993":1026,"yr_1998":464,"yr_2001":313,"yr_2013":160,"pct_change_13vs01":-48.9,"pct_change_13vs98":-65.5,"pct_change_13vs93":-84.4,"pct_change_13vs90":-88.3,"crime":"Robbery"},{"yr_1990":290,"yr_1993":317,"yr_1998":248,"yr_2001":147,"yr_2013":171,"pct_change_13vs01":16.3,"pct_change_13vs98":-31,"pct_change_13vs93":-46.1,"pct_change_13vs90":-41,"crime":"Fel. Assault"},{"yr_1990":2062,"yr_1993":1563,"yr_1998":971,"yr_2001":564,"yr_2013":244,"pct_change_13vs01":-56.7,"pct_change_13vs98":-74.9,"pct_change_13vs93":-84.4,"pct_change_13vs90":-88.2,"crime":"Burglary"},{"yr_1990":1150,"yr_1993":914,"yr_1998":605,"yr_2001":570,"yr_2013":572,"pct_change_13vs01":0.4,"pct_change_13vs98":-5.5,"pct_change_13vs93":-37.4,"pct_change_13vs90":-50.3,"crime":"Gr. Larceny"},{"yr_1990":2945,"yr_1993":2123,"yr_1998":942,"yr_2001":704,"yr_2013":166,"pct_change_13vs01":-76.4,"pct_change_13vs98":-82.4,"pct_change_13vs93":-92.2,"pct_change_13vs90":-94.4,"crime":"G.L.A."},{"yr_1990":7857,"yr_1993":5965,"yr_1998":3259,"yr_2001":2319,"yr_2013":1332,"pct_change_13vs01":-42.56,"pct_change_13vs98":-59.13,"pct_change_13vs93":-77.67,"pct_change_13vs90":-83.05,"crime":"TOTAL"}]}