{"mayor":"Bill de Blasio","commissioner":"William J. Bratton","volume":21,"number":14,"precinct":"100th","startDate":"2014-03-31T04:00:00.000Z","endDate":"2014-04-06T04:00:00.000Z","crimes":[{"crime":"Murder","wtd_curr_yr":0,"wtd_prev_yr":0,"wtd_pct_change":null,"twentyeight_day_curr_yr":0,"twentyeight_day_prev_yr":0,"twentyeight_day_pct_change":null,"ytd_curr_yr":1,"ytd_prev_yr":0,"ytd_pct_change":null,"two_year_pct_change":null,"six_year_pct_change":null,"twentytwo_year_pct_change":-75},{"crime":"Rape","wtd_curr_yr":0,"wtd_prev_yr":0,"wtd_pct_change":null,"twentyeight_day_curr_yr":0,"twentyeight_day_prev_yr":0,"twentyeight_day_pct_change":null,"ytd_curr_yr":1,"ytd_prev_yr":0,"ytd_pct_change":null,"two_year_pct_change":0,"six_year_pct_change":-50,"twentytwo_year_pct_change":-75},{"crime":"Robbery","wtd_curr_yr":1,"wtd_prev_yr":2,"wtd_pct_change":-50,"twentyeight_day_curr_yr":5,"twentyeight_day_prev_yr":3,"twentyeight_day_pct_change":66.7,"ytd_curr_yr":20,"ytd_prev_yr":11,"ytd_pct_change":81.8,"two_year_pct_change":150,"six_year_pct_change":150,"twentytwo_year_pct_change":-67.7},{"crime":"Fel. Assault","wtd_curr_yr":0,"wtd_prev_yr":9,"wtd_pct_change":-100,"twentyeight_day_curr_yr":3,"twentyeight_day_prev_yr":16,"twentyeight_day_pct_change":-81.2,"ytd_curr_yr":28,"ytd_prev_yr":37,"ytd_pct_change":-24.3,"two_year_pct_change":7.7,"six_year_pct_change":47.4,"twentytwo_year_pct_change":-50.9},{"crime":"Burglary","wtd_curr_yr":0,"wtd_prev_yr":3,"wtd_pct_change":-100,"twentyeight_day_curr_yr":3,"twentyeight_day_prev_yr":13,"twentyeight_day_pct_change":-76.9,"ytd_curr_yr":22,"ytd_prev_yr":61,"ytd_pct_change":-63.9,"two_year_pct_change":0,"six_year_pct_change":100,"twentytwo_year_pct_change":-84.7},{"crime":"Gr. Larceny","wtd_curr_yr":4,"wtd_prev_yr":1,"wtd_pct_change":300,"twentyeight_day_curr_yr":10,"twentyeight_day_prev_yr":7,"twentyeight_day_pct_change":42.9,"ytd_curr_yr":33,"ytd_prev_yr":30,"ytd_pct_change":10,"two_year_pct_change":-19.5,"six_year_pct_change":120,"twentytwo_year_pct_change":0},{"crime":"G.L.A.","wtd_curr_yr":2,"wtd_prev_yr":0,"wtd_pct_change":null,"twentyeight_day_curr_yr":2,"twentyeight_day_prev_yr":1,"twentyeight_day_pct_change":100,"ytd_curr_yr":10,"ytd_prev_yr":4,"ytd_pct_change":150,"two_year_pct_change":-16.7,"six_year_pct_change":100,"twentytwo_year_pct_change":-87.2},{"crime":"TOTAL","wtd_curr_yr":7,"wtd_prev_yr":15,"wtd_pct_change":-53.33,"twentyeight_day_curr_yr":23,"twentyeight_day_prev_yr":40,"twentyeight_day_pct_change":-42.5,"ytd_curr_yr":115,"ytd_prev_yr":143,"ytd_pct_change":-19.58,"two_year_pct_change":4.55,"six_year_pct_change":91.67,"twentytwo_year_pct_change":-69.9},{"crime":"Transit","wtd_curr_yr":0,"wtd_prev_yr":0,"wtd_pct_change":null,"twentyeight_day_curr_yr":0,"twentyeight_day_prev_yr":1,"twentyeight_day_pct_change":-100,"ytd_curr_yr":3,"ytd_prev_yr":2,"ytd_pct_change":50,"two_year_pct_change":0,"six_year_pct_change":50,"twentytwo_year_pct_change":null},{"crime":"Housing","wtd_curr_yr":0,"wtd_prev_yr":1,"wtd_pct_change":-100,"twentyeight_day_curr_yr":1,"twentyeight_day_prev_yr":7,"twentyeight_day_pct_change":-85.7,"ytd_curr_yr":9,"ytd_prev_yr":9,"ytd_pct_change":0,"two_year_pct_change":350,"six_year_pct_change":50,"twentytwo_year_pct_change":null},{"crime":"Petit Larceny","wtd_curr_yr":5,"wtd_prev_yr":7,"wtd_pct_change":-28.6,"twentyeight_day_curr_yr":21,"twentyeight_day_prev_yr":19,"twentyeight_day_pct_change":10.5,"ytd_curr_yr":69,"ytd_prev_yr":69,"ytd_pct_change":0,"two_year_pct_change":9.5,"six_year_pct_change":7.8,"twentytwo_year_pct_change":null},{"crime":"Misd. Assault","wtd_curr_yr":3,"wtd_prev_yr":6,"wtd_pct_change":-50,"twentyeight_day_curr_yr":19,"twentyeight_day_prev_yr":23,"twentyeight_day_pct_change":-17.4,"ytd_curr_yr":62,"ytd_prev_yr":60,"ytd_pct_change":3.3,"two_year_pct_change":10.7,"six_year_pct_change":-28.7,"twentytwo_year_pct_change":null},{"crime":"Misd. Sex Crimes","wtd_curr_yr":0,"wtd_prev_yr":0,"wtd_pct_change":null,"twentyeight_day_curr_yr":2,"twentyeight_day_prev_yr":0,"twentyeight_day_pct_change":null,"ytd_curr_yr":3,"ytd_prev_yr":1,"ytd_pct_change":200,"two_year_pct_change":0,"six_year_pct_change":50,"twentytwo_year_pct_change":null},{"crime":"Shooting Vic.","wtd_curr_yr":0,"wtd_prev_yr":0,"wtd_pct_change":null,"twentyeight_day_curr_yr":1,"twentyeight_day_prev_yr":1,"twentyeight_day_pct_change":0,"ytd_curr_yr":1,"ytd_prev_yr":2,"ytd_pct_change":-50,"two_year_pct_change":-50,"six_year_pct_change":0,"twentytwo_year_pct_change":-80},{"crime":"Shooting Inc.","wtd_curr_yr":0,"wtd_prev_yr":0,"wtd_pct_change":null,"twentyeight_day_curr_yr":1,"twentyeight_day_prev_yr":1,"twentyeight_day_pct_change":0,"ytd_curr_yr":1,"ytd_prev_yr":2,"ytd_pct_change":-50,"two_year_pct_change":-50,"six_year_pct_change":0,"twentytwo_year_pct_change":-75}],"historical":[{"yr_1990":7,"yr_1993":5,"yr_1995":1,"yr_2001":1,"yr_2013":3,"pct_change_13vs01":200,"pct_change_13vs95":200,"pct_change_13vs93":-40,"pct_change_13vs90":-57.1,"crime":"Murder"},{"yr_1990":8,"yr_1993":13,"yr_1995":11,"yr_2001":10,"yr_2013":3,"pct_change_13vs01":-70,"pct_change_13vs95":-72.7,"pct_change_13vs93":-76.9,"pct_change_13vs90":-62.5,"crime":"Rape"},{"yr_1990":279,"yr_1993":278,"yr_1995":190,"yr_2001":63,"yr_2013":61,"pct_change_13vs01":-3.2,"pct_change_13vs95":-67.9,"pct_change_13vs93":-78.1,"pct_change_13vs90":-78.1,"crime":"Robbery"},{"yr_1990":242,"yr_1993":212,"yr_1995":180,"yr_2001":93,"yr_2013":147,"pct_change_13vs01":58.1,"pct_change_13vs95":-18.3,"pct_change_13vs93":-30.7,"pct_change_13vs90":-39.3,"crime":"Fel. Assault"},{"yr_1990":426,"yr_1993":432,"yr_1995":359,"yr_2001":115,"yr_2013":151,"pct_change_13vs01":31.3,"pct_change_13vs95":-57.9,"pct_change_13vs93":-65,"pct_change_13vs90":-64.6,"crime":"Burglary"},{"yr_1990":202,"yr_1993":194,"yr_1995":195,"yr_2001":94,"yr_2013":173,"pct_change_13vs01":84,"pct_change_13vs95":-11.3,"pct_change_13vs93":-10.8,"pct_change_13vs90":-14.4,"crime":"Gr. Larceny"},{"yr_1990":417,"yr_1993":310,"yr_1995":177,"yr_2001":71,"yr_2013":20,"pct_change_13vs01":-71.8,"pct_change_13vs95":-88.7,"pct_change_13vs93":-93.5,"pct_change_13vs90":-95.2,"crime":"G.L.A."},{"yr_1990":1581,"yr_1993":1444,"yr_1995":1113,"yr_2001":447,"yr_2013":558,"pct_change_13vs01":24.83,"pct_change_13vs95":-49.87,"pct_change_13vs93":-61.36,"pct_change_13vs90":-64.71,"crime":"TOTAL"}]}