{"mayor":"Bill de Blasio","commissioner":"William J. Bratton","volume":21,"number":32,"precinct":"108th","startDate":"2014-08-04T04:00:00.000Z","endDate":"2014-08-10T04:00:00.000Z","crimes":[{"crime":"Murder","wtd_curr_yr":0,"wtd_prev_yr":0,"wtd_pct_change":null,"twentyeight_day_curr_yr":1,"twentyeight_day_prev_yr":0,"twentyeight_day_pct_change":null,"ytd_curr_yr":2,"ytd_prev_yr":3,"ytd_pct_change":-33.3,"two_year_pct_change":null,"six_year_pct_change":100,"twentytwo_year_pct_change":-75},{"crime":"Rape","wtd_curr_yr":1,"wtd_prev_yr":0,"wtd_pct_change":null,"twentyeight_day_curr_yr":1,"twentyeight_day_prev_yr":1,"twentyeight_day_pct_change":0,"ytd_curr_yr":7,"ytd_prev_yr":11,"ytd_pct_change":-36.4,"two_year_pct_change":-36.4,"six_year_pct_change":0,"twentytwo_year_pct_change":16.7},{"crime":"Robbery","wtd_curr_yr":3,"wtd_prev_yr":3,"wtd_pct_change":0,"twentyeight_day_curr_yr":11,"twentyeight_day_prev_yr":13,"twentyeight_day_pct_change":-15.4,"ytd_curr_yr":96,"ytd_prev_yr":91,"ytd_pct_change":5.5,"two_year_pct_change":-16.5,"six_year_pct_change":3.2,"twentytwo_year_pct_change":-85.1},{"crime":"Fel. Assault","wtd_curr_yr":3,"wtd_prev_yr":6,"wtd_pct_change":-50,"twentyeight_day_curr_yr":11,"twentyeight_day_prev_yr":16,"twentyeight_day_pct_change":-31.2,"ytd_curr_yr":94,"ytd_prev_yr":108,"ytd_pct_change":-13,"two_year_pct_change":13.3,"six_year_pct_change":74.1,"twentytwo_year_pct_change":-49.2},{"crime":"Burglary","wtd_curr_yr":5,"wtd_prev_yr":10,"wtd_pct_change":-50,"twentyeight_day_curr_yr":15,"twentyeight_day_prev_yr":26,"twentyeight_day_pct_change":-42.3,"ytd_curr_yr":140,"ytd_prev_yr":136,"ytd_pct_change":2.9,"two_year_pct_change":-12.5,"six_year_pct_change":-10.3,"twentytwo_year_pct_change":-84.1},{"crime":"Gr. Larceny","wtd_curr_yr":8,"wtd_prev_yr":15,"wtd_pct_change":-46.7,"twentyeight_day_curr_yr":39,"twentyeight_day_prev_yr":56,"twentyeight_day_pct_change":-30.4,"ytd_curr_yr":344,"ytd_prev_yr":342,"ytd_pct_change":0.6,"two_year_pct_change":30.8,"six_year_pct_change":12.4,"twentytwo_year_pct_change":-36.2},{"crime":"G.L.A.","wtd_curr_yr":5,"wtd_prev_yr":2,"wtd_pct_change":150,"twentyeight_day_curr_yr":22,"twentyeight_day_prev_yr":13,"twentyeight_day_pct_change":69.2,"ytd_curr_yr":85,"ytd_prev_yr":87,"ytd_pct_change":-2.3,"two_year_pct_change":-2.3,"six_year_pct_change":-21.3,"twentytwo_year_pct_change":-93},{"crime":"TOTAL","wtd_curr_yr":25,"wtd_prev_yr":36,"wtd_pct_change":-30.56,"twentyeight_day_curr_yr":100,"twentyeight_day_prev_yr":125,"twentyeight_day_pct_change":-20,"ytd_curr_yr":768,"ytd_prev_yr":778,"ytd_pct_change":-1.29,"two_year_pct_change":6.82,"six_year_pct_change":5.93,"twentytwo_year_pct_change":-77.89},{"crime":"Transit","wtd_curr_yr":2,"wtd_prev_yr":4,"wtd_pct_change":-50,"twentyeight_day_curr_yr":6,"twentyeight_day_prev_yr":7,"twentyeight_day_pct_change":-14.3,"ytd_curr_yr":40,"ytd_prev_yr":48,"ytd_pct_change":-16.7,"two_year_pct_change":0,"six_year_pct_change":90.5,"twentytwo_year_pct_change":null},{"crime":"Housing","wtd_curr_yr":0,"wtd_prev_yr":0,"wtd_pct_change":null,"twentyeight_day_curr_yr":0,"twentyeight_day_prev_yr":0,"twentyeight_day_pct_change":null,"ytd_curr_yr":0,"ytd_prev_yr":0,"ytd_pct_change":null,"two_year_pct_change":null,"six_year_pct_change":null,"twentytwo_year_pct_change":null},{"crime":"Petit Larceny","wtd_curr_yr":20,"wtd_prev_yr":14,"wtd_pct_change":42.9,"twentyeight_day_curr_yr":73,"twentyeight_day_prev_yr":82,"twentyeight_day_pct_change":-11,"ytd_curr_yr":522,"ytd_prev_yr":575,"ytd_pct_change":-9.2,"two_year_pct_change":-5.4,"six_year_pct_change":-6.1,"twentytwo_year_pct_change":null},{"crime":"Misd. Assault","wtd_curr_yr":8,"wtd_prev_yr":11,"wtd_pct_change":-27.3,"twentyeight_day_curr_yr":40,"twentyeight_day_prev_yr":36,"twentyeight_day_pct_change":11.1,"ytd_curr_yr":258,"ytd_prev_yr":284,"ytd_pct_change":-9.2,"two_year_pct_change":4,"six_year_pct_change":-15.4,"twentytwo_year_pct_change":null},{"crime":"Misd. Sex Crimes","wtd_curr_yr":2,"wtd_prev_yr":1,"wtd_pct_change":100,"twentyeight_day_curr_yr":5,"twentyeight_day_prev_yr":6,"twentyeight_day_pct_change":-16.7,"ytd_curr_yr":32,"ytd_prev_yr":38,"ytd_pct_change":-15.8,"two_year_pct_change":-20,"six_year_pct_change":-5.9,"twentytwo_year_pct_change":null},{"crime":"Shooting Vic.","wtd_curr_yr":0,"wtd_prev_yr":0,"wtd_pct_change":null,"twentyeight_day_curr_yr":1,"twentyeight_day_prev_yr":0,"twentyeight_day_pct_change":null,"ytd_curr_yr":1,"ytd_prev_yr":1,"ytd_pct_change":0,"two_year_pct_change":0,"six_year_pct_change":null,"twentytwo_year_pct_change":-92.9},{"crime":"Shooting Inc.","wtd_curr_yr":0,"wtd_prev_yr":0,"wtd_pct_change":null,"twentyeight_day_curr_yr":1,"twentyeight_day_prev_yr":0,"twentyeight_day_pct_change":null,"ytd_curr_yr":1,"ytd_prev_yr":1,"ytd_pct_change":0,"two_year_pct_change":0,"six_year_pct_change":null,"twentytwo_year_pct_change":-92.9}],"historical":[{"yr_1990":16,"yr_1993":10,"yr_1998":5,"yr_2001":3,"yr_2013":4,"pct_change_13vs01":33.3,"pct_change_13vs98":-20,"pct_change_13vs93":-60,"pct_change_13vs90":-75,"crime":"Murder"},{"yr_1990":22,"yr_1993":12,"yr_1998":24,"yr_2001":18,"yr_2013":15,"pct_change_13vs01":-16.7,"pct_change_13vs98":-37.5,"pct_change_13vs93":25,"pct_change_13vs90":-31.8,"crime":"Rape"},{"yr_1990":1372,"yr_1993":1026,"yr_1998":464,"yr_2001":313,"yr_2013":160,"pct_change_13vs01":-48.9,"pct_change_13vs98":-65.5,"pct_change_13vs93":-84.4,"pct_change_13vs90":-88.3,"crime":"Robbery"},{"yr_1990":290,"yr_1993":317,"yr_1998":248,"yr_2001":147,"yr_2013":171,"pct_change_13vs01":16.3,"pct_change_13vs98":-31,"pct_change_13vs93":-46.1,"pct_change_13vs90":-41,"crime":"Fel. Assault"},{"yr_1990":2062,"yr_1993":1563,"yr_1998":971,"yr_2001":564,"yr_2013":244,"pct_change_13vs01":-56.7,"pct_change_13vs98":-74.9,"pct_change_13vs93":-84.4,"pct_change_13vs90":-88.2,"crime":"Burglary"},{"yr_1990":1150,"yr_1993":914,"yr_1998":605,"yr_2001":570,"yr_2013":572,"pct_change_13vs01":0.4,"pct_change_13vs98":-5.5,"pct_change_13vs93":-37.4,"pct_change_13vs90":-50.3,"crime":"Gr. Larceny"},{"yr_1990":2945,"yr_1993":2123,"yr_1998":942,"yr_2001":704,"yr_2013":166,"pct_change_13vs01":-76.4,"pct_change_13vs98":-82.4,"pct_change_13vs93":-92.2,"pct_change_13vs90":-94.4,"crime":"G.L.A."},{"yr_1990":7857,"yr_1993":5965,"yr_1998":3259,"yr_2001":2319,"yr_2013":1332,"pct_change_13vs01":-42.56,"pct_change_13vs98":-59.13,"pct_change_13vs93":-77.67,"pct_change_13vs90":-83.05,"crime":"TOTAL"}]}