{"mayor":"Bill de Blasio","commissioner":"William J. Bratton","volume":22,"number":3,"precinct":"102nd","startDate":"2015-01-12T05:00:00.000Z","endDate":"2015-01-18T05:00:00.000Z","crimes":[{"crime":"Murder","wtd_curr_yr":0,"wtd_prev_yr":0,"wtd_pct_change":null,"twentyeight_day_curr_yr":1,"twentyeight_day_prev_yr":0,"twentyeight_day_pct_change":null,"ytd_curr_yr":0,"ytd_prev_yr":0,"ytd_pct_change":null,"two_year_pct_change":-100,"six_year_pct_change":null,"twentytwo_year_pct_change":null},{"crime":"Rape","wtd_curr_yr":0,"wtd_prev_yr":0,"wtd_pct_change":null,"twentyeight_day_curr_yr":3,"twentyeight_day_prev_yr":1,"twentyeight_day_pct_change":200,"ytd_curr_yr":2,"ytd_prev_yr":1,"ytd_pct_change":100,"two_year_pct_change":null,"six_year_pct_change":100,"twentytwo_year_pct_change":null},{"crime":"Robbery","wtd_curr_yr":9,"wtd_prev_yr":8,"wtd_pct_change":12.5,"twentyeight_day_curr_yr":26,"twentyeight_day_prev_yr":23,"twentyeight_day_pct_change":13,"ytd_curr_yr":17,"ytd_prev_yr":15,"ytd_pct_change":13.3,"two_year_pct_change":13.3,"six_year_pct_change":112.5,"twentytwo_year_pct_change":-78.8},{"crime":"Fel. Assault","wtd_curr_yr":4,"wtd_prev_yr":3,"wtd_pct_change":33.3,"twentyeight_day_curr_yr":14,"twentyeight_day_prev_yr":22,"twentyeight_day_pct_change":-36.4,"ytd_curr_yr":9,"ytd_prev_yr":9,"ytd_pct_change":0,"two_year_pct_change":-10,"six_year_pct_change":50,"twentytwo_year_pct_change":-47.1},{"crime":"Burglary","wtd_curr_yr":3,"wtd_prev_yr":15,"wtd_pct_change":-80,"twentyeight_day_curr_yr":18,"twentyeight_day_prev_yr":32,"twentyeight_day_pct_change":-43.8,"ytd_curr_yr":14,"ytd_prev_yr":27,"ytd_pct_change":-48.1,"two_year_pct_change":-22.2,"six_year_pct_change":0,"twentytwo_year_pct_change":-82.9},{"crime":"Gr. Larceny","wtd_curr_yr":11,"wtd_prev_yr":17,"wtd_pct_change":-35.3,"twentyeight_day_curr_yr":33,"twentyeight_day_prev_yr":56,"twentyeight_day_pct_change":-41.1,"ytd_curr_yr":25,"ytd_prev_yr":35,"ytd_pct_change":-28.6,"two_year_pct_change":92.3,"six_year_pct_change":19,"twentytwo_year_pct_change":-16.7},{"crime":"G.L.A.","wtd_curr_yr":4,"wtd_prev_yr":6,"wtd_pct_change":-33.3,"twentyeight_day_curr_yr":26,"twentyeight_day_prev_yr":23,"twentyeight_day_pct_change":13,"ytd_curr_yr":14,"ytd_prev_yr":12,"ytd_pct_change":16.7,"two_year_pct_change":75,"six_year_pct_change":-36.4,"twentytwo_year_pct_change":-93.7},{"crime":"TOTAL","wtd_curr_yr":31,"wtd_prev_yr":49,"wtd_pct_change":-36.73,"twentyeight_day_curr_yr":121,"twentyeight_day_prev_yr":157,"twentyeight_day_pct_change":-22.93,"ytd_curr_yr":81,"ytd_prev_yr":99,"ytd_pct_change":-18.18,"two_year_pct_change":24.62,"six_year_pct_change":12.5,"twentytwo_year_pct_change":-81.25},{"crime":"Transit","wtd_curr_yr":1,"wtd_prev_yr":3,"wtd_pct_change":-66.7,"twentyeight_day_curr_yr":2,"twentyeight_day_prev_yr":6,"twentyeight_day_pct_change":-66.7,"ytd_curr_yr":1,"ytd_prev_yr":5,"ytd_pct_change":-80,"two_year_pct_change":0,"six_year_pct_change":0,"twentytwo_year_pct_change":null},{"crime":"Housing","wtd_curr_yr":0,"wtd_prev_yr":0,"wtd_pct_change":null,"twentyeight_day_curr_yr":0,"twentyeight_day_prev_yr":0,"twentyeight_day_pct_change":null,"ytd_curr_yr":0,"ytd_prev_yr":0,"ytd_pct_change":null,"two_year_pct_change":null,"six_year_pct_change":null,"twentytwo_year_pct_change":null},{"crime":"Petit Larceny","wtd_curr_yr":13,"wtd_prev_yr":32,"wtd_pct_change":-59.4,"twentyeight_day_curr_yr":63,"twentyeight_day_prev_yr":88,"twentyeight_day_pct_change":-28.4,"ytd_curr_yr":31,"ytd_prev_yr":61,"ytd_pct_change":-49.2,"two_year_pct_change":-18.4,"six_year_pct_change":0,"twentytwo_year_pct_change":null},{"crime":"Misd. Assault","wtd_curr_yr":14,"wtd_prev_yr":15,"wtd_pct_change":-6.7,"twentyeight_day_curr_yr":49,"twentyeight_day_prev_yr":47,"twentyeight_day_pct_change":4.3,"ytd_curr_yr":39,"ytd_prev_yr":24,"ytd_pct_change":62.5,"two_year_pct_change":62.5,"six_year_pct_change":105.3,"twentytwo_year_pct_change":null},{"crime":"Misd. Sex Crimes","wtd_curr_yr":0,"wtd_prev_yr":1,"wtd_pct_change":-100,"twentyeight_day_curr_yr":2,"twentyeight_day_prev_yr":2,"twentyeight_day_pct_change":0,"ytd_curr_yr":1,"ytd_prev_yr":2,"ytd_pct_change":-50,"two_year_pct_change":null,"six_year_pct_change":-50,"twentytwo_year_pct_change":null},{"crime":"Shooting Vic.","wtd_curr_yr":0,"wtd_prev_yr":0,"wtd_pct_change":null,"twentyeight_day_curr_yr":2,"twentyeight_day_prev_yr":1,"twentyeight_day_pct_change":100,"ytd_curr_yr":1,"ytd_prev_yr":0,"ytd_pct_change":null,"two_year_pct_change":0,"six_year_pct_change":null,"twentytwo_year_pct_change":-50},{"crime":"Shooting Inc.","wtd_curr_yr":0,"wtd_prev_yr":0,"wtd_pct_change":null,"twentyeight_day_curr_yr":2,"twentyeight_day_prev_yr":1,"twentyeight_day_pct_change":100,"ytd_curr_yr":1,"ytd_prev_yr":0,"ytd_pct_change":null,"two_year_pct_change":0,"six_year_pct_change":null,"twentytwo_year_pct_change":-50}],"historical":[{"yr_1990":6,"yr_1993":12,"yr_1998":3,"yr_2001":2,"yr_2014":3,"pct_change_14vs01":50,"pct_change_14vs98":0,"pct_change_14vs93":-75,"pct_change_14vs90":-50,"crime":"Murder"},{"yr_1990":29,"yr_1993":34,"yr_1998":23,"yr_2001":21,"yr_2014":15,"pct_change_14vs01":-28.6,"pct_change_14vs98":-34.8,"pct_change_14vs93":-55.9,"pct_change_14vs90":-48.3,"crime":"Rape"},{"yr_1990":1067,"yr_1993":1238,"yr_1998":672,"yr_2001":459,"yr_2014":234,"pct_change_14vs01":-49,"pct_change_14vs98":-65.2,"pct_change_14vs93":-81.1,"pct_change_14vs90":-78.1,"crime":"Robbery"},{"yr_1990":345,"yr_1993":362,"yr_1998":440,"yr_2001":309,"yr_2014":240,"pct_change_14vs01":-22.3,"pct_change_14vs98":-45.5,"pct_change_14vs93":-33.7,"pct_change_14vs90":-30.4,"crime":"Fel. Assault"},{"yr_1990":1847,"yr_1993":1503,"yr_1998":965,"yr_2001":622,"yr_2014":293,"pct_change_14vs01":-52.9,"pct_change_14vs98":-69.6,"pct_change_14vs93":-80.5,"pct_change_14vs90":-84.1,"crime":"Burglary"},{"yr_1990":721,"yr_1993":583,"yr_1998":538,"yr_2001":378,"yr_2014":496,"pct_change_14vs01":31.2,"pct_change_14vs98":-7.8,"pct_change_14vs93":-14.9,"pct_change_14vs90":-31.2,"crime":"Gr. Larceny"},{"yr_1990":4145,"yr_1993":3495,"yr_1998":1303,"yr_2001":803,"yr_2014":256,"pct_change_14vs01":-68.1,"pct_change_14vs98":-80.4,"pct_change_14vs93":-92.7,"pct_change_14vs90":-93.8,"crime":"G.L.A."},{"yr_1990":8160,"yr_1993":7227,"yr_1998":3944,"yr_2001":2594,"yr_2014":1537,"pct_change_14vs01":-40.75,"pct_change_14vs98":-61.03,"pct_change_14vs93":-78.73,"pct_change_14vs90":-81.16,"crime":"TOTAL"}]}