{"mayor":"Bill de Blasio","commissioner":"William J. Bratton","volume":21,"number":8,"precinct":"106th","startDate":"2014-02-17T05:00:00.000Z","endDate":"2014-02-23T05:00:00.000Z","crimes":[{"crime":"Murder","wtd_curr_yr":0,"wtd_prev_yr":0,"wtd_pct_change":null,"twentyeight_day_curr_yr":0,"twentyeight_day_prev_yr":0,"twentyeight_day_pct_change":null,"ytd_curr_yr":0,"ytd_prev_yr":0,"ytd_pct_change":null,"two_year_pct_change":null,"six_year_pct_change":-100,"twentytwo_year_pct_change":-100},{"crime":"Rape","wtd_curr_yr":0,"wtd_prev_yr":0,"wtd_pct_change":null,"twentyeight_day_curr_yr":2,"twentyeight_day_prev_yr":0,"twentyeight_day_pct_change":null,"ytd_curr_yr":4,"ytd_prev_yr":0,"ytd_pct_change":null,"two_year_pct_change":33.3,"six_year_pct_change":300,"twentytwo_year_pct_change":-33.3},{"crime":"Robbery","wtd_curr_yr":4,"wtd_prev_yr":5,"wtd_pct_change":-20,"twentyeight_day_curr_yr":13,"twentyeight_day_prev_yr":14,"twentyeight_day_pct_change":-7.1,"ytd_curr_yr":33,"ytd_prev_yr":41,"ytd_pct_change":-19.5,"two_year_pct_change":-17.5,"six_year_pct_change":-32.7,"twentytwo_year_pct_change":-77.9},{"crime":"Fel. Assault","wtd_curr_yr":8,"wtd_prev_yr":14,"wtd_pct_change":-42.9,"twentyeight_day_curr_yr":22,"twentyeight_day_prev_yr":22,"twentyeight_day_pct_change":0,"ytd_curr_yr":35,"ytd_prev_yr":35,"ytd_pct_change":0,"two_year_pct_change":66.7,"six_year_pct_change":-16.7,"twentytwo_year_pct_change":-27.1},{"crime":"Burglary","wtd_curr_yr":4,"wtd_prev_yr":5,"wtd_pct_change":-20,"twentyeight_day_curr_yr":29,"twentyeight_day_prev_yr":32,"twentyeight_day_pct_change":-9.4,"ytd_curr_yr":50,"ytd_prev_yr":64,"ytd_pct_change":-21.9,"two_year_pct_change":-12.3,"six_year_pct_change":-5.7,"twentytwo_year_pct_change":-76.2},{"crime":"Gr. Larceny","wtd_curr_yr":7,"wtd_prev_yr":11,"wtd_pct_change":-36.4,"twentyeight_day_curr_yr":44,"twentyeight_day_prev_yr":41,"twentyeight_day_pct_change":7.3,"ytd_curr_yr":73,"ytd_prev_yr":75,"ytd_pct_change":-2.7,"two_year_pct_change":19.7,"six_year_pct_change":92.1,"twentytwo_year_pct_change":-13.1},{"crime":"G.L.A.","wtd_curr_yr":6,"wtd_prev_yr":4,"wtd_pct_change":50,"twentyeight_day_curr_yr":22,"twentyeight_day_prev_yr":13,"twentyeight_day_pct_change":69.2,"ytd_curr_yr":41,"ytd_prev_yr":21,"ytd_pct_change":95.2,"two_year_pct_change":24.2,"six_year_pct_change":-58.6,"twentytwo_year_pct_change":-92.5},{"crime":"TOTAL","wtd_curr_yr":29,"wtd_prev_yr":39,"wtd_pct_change":-25.64,"twentyeight_day_curr_yr":132,"twentyeight_day_prev_yr":122,"twentyeight_day_pct_change":8.2,"ytd_curr_yr":236,"ytd_prev_yr":236,"ytd_pct_change":0,"two_year_pct_change":9.77,"six_year_pct_change":-16.61,"twentytwo_year_pct_change":-77.57},{"crime":"Petit Larceny","wtd_curr_yr":13,"wtd_prev_yr":13,"wtd_pct_change":0,"twentyeight_day_curr_yr":61,"twentyeight_day_prev_yr":55,"twentyeight_day_pct_change":10.9,"ytd_curr_yr":116,"ytd_prev_yr":118,"ytd_pct_change":-1.7,"two_year_pct_change":-9.4,"six_year_pct_change":null,"twentytwo_year_pct_change":null},{"crime":"Misd. Assault","wtd_curr_yr":8,"wtd_prev_yr":9,"wtd_pct_change":-11.1,"twentyeight_day_curr_yr":34,"twentyeight_day_prev_yr":39,"twentyeight_day_pct_change":-12.8,"ytd_curr_yr":63,"ytd_prev_yr":64,"ytd_pct_change":-1.6,"two_year_pct_change":31.2,"six_year_pct_change":null,"twentytwo_year_pct_change":null},{"crime":"Misd. Sex Crimes","wtd_curr_yr":1,"wtd_prev_yr":0,"wtd_pct_change":null,"twentyeight_day_curr_yr":1,"twentyeight_day_prev_yr":1,"twentyeight_day_pct_change":0,"ytd_curr_yr":2,"ytd_prev_yr":3,"ytd_pct_change":-33.3,"two_year_pct_change":-33.3,"six_year_pct_change":null,"twentytwo_year_pct_change":null},{"crime":"Shooting Vic.","wtd_curr_yr":0,"wtd_prev_yr":1,"wtd_pct_change":-100,"twentyeight_day_curr_yr":0,"twentyeight_day_prev_yr":1,"twentyeight_day_pct_change":-100,"ytd_curr_yr":0,"ytd_prev_yr":2,"ytd_pct_change":-100,"two_year_pct_change":-100,"six_year_pct_change":-100,"twentytwo_year_pct_change":-100},{"crime":"Shooting Inc.","wtd_curr_yr":0,"wtd_prev_yr":1,"wtd_pct_change":-100,"twentyeight_day_curr_yr":0,"twentyeight_day_prev_yr":1,"twentyeight_day_pct_change":-100,"ytd_curr_yr":0,"ytd_prev_yr":2,"ytd_pct_change":-100,"two_year_pct_change":-100,"six_year_pct_change":-100,"twentytwo_year_pct_change":-100}],"historical":[{"yr_1990":15,"yr_1993":21,"yr_1998":7,"yr_2001":4,"yr_2013":6,"pct_change_13vs01":50,"pct_change_13vs98":-14.3,"pct_change_13vs93":-71.4,"pct_change_13vs90":-60,"crime":"Murder"},{"yr_1990":31,"yr_1993":33,"yr_1998":40,"yr_2001":19,"yr_2013":19,"pct_change_13vs01":0,"pct_change_13vs98":-52.5,"pct_change_13vs93":-42.4,"pct_change_13vs90":-38.7,"crime":"Rape"},{"yr_1990":832,"yr_1993":891,"yr_1998":545,"yr_2001":344,"yr_2013":328,"pct_change_13vs01":-4.7,"pct_change_13vs98":-39.8,"pct_change_13vs93":-63.2,"pct_change_13vs90":-60.6,"crime":"Robbery"},{"yr_1990":329,"yr_1993":408,"yr_1998":297,"yr_2001":241,"yr_2013":253,"pct_change_13vs01":5,"pct_change_13vs98":-14.8,"pct_change_13vs93":-38,"pct_change_13vs90":-23.1,"crime":"Fel. Assault"},{"yr_1990":1348,"yr_1993":1230,"yr_1998":662,"yr_2001":417,"yr_2013":346,"pct_change_13vs01":-17,"pct_change_13vs98":-47.7,"pct_change_13vs93":-71.9,"pct_change_13vs90":-74.3,"crime":"Burglary"},{"yr_1990":715,"yr_1993":595,"yr_1998":440,"yr_2001":381,"yr_2013":522,"pct_change_13vs01":37,"pct_change_13vs98":18.6,"pct_change_13vs93":-12.3,"pct_change_13vs90":-27,"crime":"Gr. Larceny"},{"yr_1990":3071,"yr_1993":3304,"yr_1998":1370,"yr_2001":778,"yr_2013":191,"pct_change_13vs01":-75.4,"pct_change_13vs98":-86.1,"pct_change_13vs93":-94.2,"pct_change_13vs90":-93.8,"crime":"G.L.A."},{"yr_1990":6341,"yr_1993":6482,"yr_1998":3361,"yr_2001":2184,"yr_2013":1665,"pct_change_13vs01":-23.76,"pct_change_13vs98":-50.46,"pct_change_13vs93":-74.31,"pct_change_13vs90":-73.74,"crime":"TOTAL"}]}