{"mayor":"Bill de Blasio","commissioner":"William J. Bratton","volume":21,"number":32,"precinct":"105th","startDate":"2014-08-04T04:00:00.000Z","endDate":"2014-08-10T04:00:00.000Z","crimes":[{"crime":"Murder","wtd_curr_yr":0,"wtd_prev_yr":0,"wtd_pct_change":null,"twentyeight_day_curr_yr":0,"twentyeight_day_prev_yr":0,"twentyeight_day_pct_change":null,"ytd_curr_yr":5,"ytd_prev_yr":2,"ytd_pct_change":150,"two_year_pct_change":-16.7,"six_year_pct_change":25,"twentytwo_year_pct_change":-58.3},{"crime":"Rape","wtd_curr_yr":0,"wtd_prev_yr":0,"wtd_pct_change":null,"twentyeight_day_curr_yr":0,"twentyeight_day_prev_yr":1,"twentyeight_day_pct_change":-100,"ytd_curr_yr":10,"ytd_prev_yr":11,"ytd_pct_change":-9.1,"two_year_pct_change":-63,"six_year_pct_change":-52.4,"twentytwo_year_pct_change":-60},{"crime":"Robbery","wtd_curr_yr":5,"wtd_prev_yr":11,"wtd_pct_change":-54.5,"twentyeight_day_curr_yr":17,"twentyeight_day_prev_yr":32,"twentyeight_day_pct_change":-46.9,"ytd_curr_yr":127,"ytd_prev_yr":221,"ytd_pct_change":-42.5,"two_year_pct_change":-38.9,"six_year_pct_change":-38.6,"twentytwo_year_pct_change":-79.7},{"crime":"Fel. Assault","wtd_curr_yr":7,"wtd_prev_yr":4,"wtd_pct_change":75,"twentyeight_day_curr_yr":26,"twentyeight_day_prev_yr":25,"twentyeight_day_pct_change":4,"ytd_curr_yr":201,"ytd_prev_yr":175,"ytd_pct_change":14.9,"two_year_pct_change":6.3,"six_year_pct_change":24.8,"twentytwo_year_pct_change":-16.9},{"crime":"Burglary","wtd_curr_yr":5,"wtd_prev_yr":14,"wtd_pct_change":-64.3,"twentyeight_day_curr_yr":24,"twentyeight_day_prev_yr":40,"twentyeight_day_pct_change":-40,"ytd_curr_yr":180,"ytd_prev_yr":293,"ytd_pct_change":-38.6,"two_year_pct_change":-39.8,"six_year_pct_change":-25.3,"twentytwo_year_pct_change":-81.3},{"crime":"Gr. Larceny","wtd_curr_yr":9,"wtd_prev_yr":8,"wtd_pct_change":12.5,"twentyeight_day_curr_yr":31,"twentyeight_day_prev_yr":36,"twentyeight_day_pct_change":-13.9,"ytd_curr_yr":281,"ytd_prev_yr":307,"ytd_pct_change":-8.5,"two_year_pct_change":-10.8,"six_year_pct_change":-3.1,"twentytwo_year_pct_change":-21.9},{"crime":"G.L.A.","wtd_curr_yr":5,"wtd_prev_yr":5,"wtd_pct_change":0,"twentyeight_day_curr_yr":28,"twentyeight_day_prev_yr":28,"twentyeight_day_pct_change":0,"ytd_curr_yr":142,"ytd_prev_yr":154,"ytd_pct_change":-7.8,"two_year_pct_change":-26,"six_year_pct_change":-28.3,"twentytwo_year_pct_change":-93.1},{"crime":"TOTAL","wtd_curr_yr":31,"wtd_prev_yr":42,"wtd_pct_change":-26.19,"twentyeight_day_curr_yr":126,"twentyeight_day_prev_yr":162,"twentyeight_day_pct_change":-22.22,"ytd_curr_yr":946,"ytd_prev_yr":1163,"ytd_pct_change":-18.66,"two_year_pct_change":-23.46,"six_year_pct_change":-15.69,"twentytwo_year_pct_change":-77.91},{"crime":"Transit","wtd_curr_yr":0,"wtd_prev_yr":0,"wtd_pct_change":null,"twentyeight_day_curr_yr":0,"twentyeight_day_prev_yr":0,"twentyeight_day_pct_change":null,"ytd_curr_yr":0,"ytd_prev_yr":0,"ytd_pct_change":null,"two_year_pct_change":null,"six_year_pct_change":null,"twentytwo_year_pct_change":null},{"crime":"Housing","wtd_curr_yr":0,"wtd_prev_yr":0,"wtd_pct_change":null,"twentyeight_day_curr_yr":0,"twentyeight_day_prev_yr":0,"twentyeight_day_pct_change":null,"ytd_curr_yr":0,"ytd_prev_yr":0,"ytd_pct_change":null,"two_year_pct_change":null,"six_year_pct_change":null,"twentytwo_year_pct_change":null},{"crime":"Petit Larceny","wtd_curr_yr":15,"wtd_prev_yr":21,"wtd_pct_change":-28.6,"twentyeight_day_curr_yr":63,"twentyeight_day_prev_yr":57,"twentyeight_day_pct_change":10.5,"ytd_curr_yr":464,"ytd_prev_yr":429,"ytd_pct_change":8.2,"two_year_pct_change":-2.9,"six_year_pct_change":-17.6,"twentytwo_year_pct_change":null},{"crime":"Misd. Assault","wtd_curr_yr":20,"wtd_prev_yr":10,"wtd_pct_change":100,"twentyeight_day_curr_yr":69,"twentyeight_day_prev_yr":61,"twentyeight_day_pct_change":13.1,"ytd_curr_yr":405,"ytd_prev_yr":384,"ytd_pct_change":5.5,"two_year_pct_change":3.8,"six_year_pct_change":-10.4,"twentytwo_year_pct_change":null},{"crime":"Misd. Sex Crimes","wtd_curr_yr":1,"wtd_prev_yr":1,"wtd_pct_change":0,"twentyeight_day_curr_yr":2,"twentyeight_day_prev_yr":2,"twentyeight_day_pct_change":0,"ytd_curr_yr":14,"ytd_prev_yr":27,"ytd_pct_change":-48.1,"two_year_pct_change":-33.3,"six_year_pct_change":-39.1,"twentytwo_year_pct_change":null},{"crime":"Shooting Vic.","wtd_curr_yr":0,"wtd_prev_yr":0,"wtd_pct_change":null,"twentyeight_day_curr_yr":1,"twentyeight_day_prev_yr":1,"twentyeight_day_pct_change":0,"ytd_curr_yr":8,"ytd_prev_yr":9,"ytd_pct_change":-11.1,"two_year_pct_change":-65.2,"six_year_pct_change":-42.9,"twentytwo_year_pct_change":-80},{"crime":"Shooting Inc.","wtd_curr_yr":0,"wtd_prev_yr":0,"wtd_pct_change":null,"twentyeight_day_curr_yr":1,"twentyeight_day_prev_yr":1,"twentyeight_day_pct_change":0,"ytd_curr_yr":7,"ytd_prev_yr":8,"ytd_pct_change":-12.5,"two_year_pct_change":-63.2,"six_year_pct_change":-46.2,"twentytwo_year_pct_change":-82.1}],"historical":[{"yr_1990":30,"yr_1993":23,"yr_1998":7,"yr_2001":18,"yr_2013":3,"pct_change_13vs01":-83.3,"pct_change_13vs98":-57.1,"pct_change_13vs93":-87,"pct_change_13vs90":-90,"crime":"Murder"},{"yr_1990":56,"yr_1993":41,"yr_1998":52,"yr_2001":35,"yr_2013":18,"pct_change_13vs01":-48.6,"pct_change_13vs98":-65.4,"pct_change_13vs93":-56.1,"pct_change_13vs90":-67.9,"crime":"Rape"},{"yr_1990":1066,"yr_1993":1082,"yr_1998":557,"yr_2001":395,"yr_2013":331,"pct_change_13vs01":-16.2,"pct_change_13vs98":-40.6,"pct_change_13vs93":-69.4,"pct_change_13vs90":-68.9,"crime":"Robbery"},{"yr_1990":459,"yr_1993":409,"yr_1998":400,"yr_2001":329,"yr_2013":313,"pct_change_13vs01":-4.9,"pct_change_13vs98":-21.8,"pct_change_13vs93":-23.5,"pct_change_13vs90":-31.8,"crime":"Fel. Assault"},{"yr_1990":2199,"yr_1993":1640,"yr_1998":854,"yr_2001":630,"yr_2013":469,"pct_change_13vs01":-25.6,"pct_change_13vs98":-45.1,"pct_change_13vs93":-71.4,"pct_change_13vs90":-78.7,"crime":"Burglary"},{"yr_1990":699,"yr_1993":593,"yr_1998":444,"yr_2001":456,"yr_2013":520,"pct_change_13vs01":14,"pct_change_13vs98":17.1,"pct_change_13vs93":-12.3,"pct_change_13vs90":-25.6,"crime":"Gr. Larceny"},{"yr_1990":3534,"yr_1993":3476,"yr_1998":1360,"yr_2001":913,"yr_2013":263,"pct_change_13vs01":-71.2,"pct_change_13vs98":-80.7,"pct_change_13vs93":-92.4,"pct_change_13vs90":-92.6,"crime":"G.L.A."},{"yr_1990":8043,"yr_1993":7264,"yr_1998":3674,"yr_2001":2776,"yr_2013":1917,"pct_change_13vs01":-30.94,"pct_change_13vs98":-47.82,"pct_change_13vs93":-73.61,"pct_change_13vs90":-76.17,"crime":"TOTAL"}]}