{"mayor":"Bill de Blasio","commissioner":"William J. Bratton","volume":21,"number":21,"precinct":"101st","startDate":"2014-05-19T04:00:00.000Z","endDate":"2014-05-25T04:00:00.000Z","crimes":[{"crime":"Murder","wtd_curr_yr":0,"wtd_prev_yr":0,"wtd_pct_change":null,"twentyeight_day_curr_yr":0,"twentyeight_day_prev_yr":1,"twentyeight_day_pct_change":-100,"ytd_curr_yr":3,"ytd_prev_yr":2,"ytd_pct_change":50,"two_year_pct_change":50,"six_year_pct_change":50,"twentytwo_year_pct_change":-50},{"crime":"Rape","wtd_curr_yr":0,"wtd_prev_yr":1,"wtd_pct_change":-100,"twentyeight_day_curr_yr":0,"twentyeight_day_prev_yr":1,"twentyeight_day_pct_change":-100,"ytd_curr_yr":5,"ytd_prev_yr":7,"ytd_pct_change":-28.6,"two_year_pct_change":-54.5,"six_year_pct_change":-50,"twentytwo_year_pct_change":-50},{"crime":"Robbery","wtd_curr_yr":2,"wtd_prev_yr":0,"wtd_pct_change":null,"twentyeight_day_curr_yr":5,"twentyeight_day_prev_yr":4,"twentyeight_day_pct_change":25,"ytd_curr_yr":44,"ytd_prev_yr":50,"ytd_pct_change":-12,"two_year_pct_change":-18.5,"six_year_pct_change":12.8,"twentytwo_year_pct_change":-80.6},{"crime":"Fel. Assault","wtd_curr_yr":1,"wtd_prev_yr":2,"wtd_pct_change":-50,"twentyeight_day_curr_yr":29,"twentyeight_day_prev_yr":18,"twentyeight_day_pct_change":61.1,"ytd_curr_yr":97,"ytd_prev_yr":65,"ytd_pct_change":49.2,"two_year_pct_change":24.4,"six_year_pct_change":73.2,"twentytwo_year_pct_change":-42.3},{"crime":"Burglary","wtd_curr_yr":5,"wtd_prev_yr":2,"wtd_pct_change":150,"twentyeight_day_curr_yr":14,"twentyeight_day_prev_yr":13,"twentyeight_day_pct_change":7.7,"ytd_curr_yr":58,"ytd_prev_yr":97,"ytd_pct_change":-40.2,"two_year_pct_change":-6.5,"six_year_pct_change":70.6,"twentytwo_year_pct_change":-79.4},{"crime":"Gr. Larceny","wtd_curr_yr":7,"wtd_prev_yr":4,"wtd_pct_change":75,"twentyeight_day_curr_yr":13,"twentyeight_day_prev_yr":12,"twentyeight_day_pct_change":8.3,"ytd_curr_yr":63,"ytd_prev_yr":44,"ytd_pct_change":43.2,"two_year_pct_change":-10,"six_year_pct_change":34,"twentytwo_year_pct_change":-43.8},{"crime":"G.L.A.","wtd_curr_yr":2,"wtd_prev_yr":0,"wtd_pct_change":null,"twentyeight_day_curr_yr":7,"twentyeight_day_prev_yr":4,"twentyeight_day_pct_change":75,"ytd_curr_yr":34,"ytd_prev_yr":14,"ytd_pct_change":142.9,"two_year_pct_change":88.9,"six_year_pct_change":126.7,"twentytwo_year_pct_change":-84.2},{"crime":"TOTAL","wtd_curr_yr":17,"wtd_prev_yr":9,"wtd_pct_change":88.89,"twentyeight_day_curr_yr":68,"twentyeight_day_prev_yr":53,"twentyeight_day_pct_change":28.3,"ytd_curr_yr":304,"ytd_prev_yr":279,"ytd_pct_change":8.96,"two_year_pct_change":3.05,"six_year_pct_change":49.75,"twentytwo_year_pct_change":-70.17},{"crime":"Transit","wtd_curr_yr":0,"wtd_prev_yr":0,"wtd_pct_change":null,"twentyeight_day_curr_yr":1,"twentyeight_day_prev_yr":1,"twentyeight_day_pct_change":0,"ytd_curr_yr":2,"ytd_prev_yr":5,"ytd_pct_change":-60,"two_year_pct_change":-75,"six_year_pct_change":-66.7,"twentytwo_year_pct_change":null},{"crime":"Housing","wtd_curr_yr":0,"wtd_prev_yr":0,"wtd_pct_change":null,"twentyeight_day_curr_yr":7,"twentyeight_day_prev_yr":7,"twentyeight_day_pct_change":0,"ytd_curr_yr":35,"ytd_prev_yr":23,"ytd_pct_change":52.2,"two_year_pct_change":12.9,"six_year_pct_change":59.1,"twentytwo_year_pct_change":null},{"crime":"Petit Larceny","wtd_curr_yr":9,"wtd_prev_yr":7,"wtd_pct_change":28.6,"twentyeight_day_curr_yr":38,"twentyeight_day_prev_yr":30,"twentyeight_day_pct_change":26.7,"ytd_curr_yr":198,"ytd_prev_yr":186,"ytd_pct_change":6.5,"two_year_pct_change":41.4,"six_year_pct_change":33.8,"twentytwo_year_pct_change":null},{"crime":"Misd. Assault","wtd_curr_yr":17,"wtd_prev_yr":14,"wtd_pct_change":21.4,"twentyeight_day_curr_yr":44,"twentyeight_day_prev_yr":45,"twentyeight_day_pct_change":-2.2,"ytd_curr_yr":174,"ytd_prev_yr":175,"ytd_pct_change":-0.6,"two_year_pct_change":-6.5,"six_year_pct_change":21.7,"twentytwo_year_pct_change":null},{"crime":"Misd. Sex Crimes","wtd_curr_yr":0,"wtd_prev_yr":0,"wtd_pct_change":null,"twentyeight_day_curr_yr":1,"twentyeight_day_prev_yr":3,"twentyeight_day_pct_change":-66.7,"ytd_curr_yr":8,"ytd_prev_yr":5,"ytd_pct_change":60,"two_year_pct_change":0,"six_year_pct_change":-20,"twentytwo_year_pct_change":null},{"crime":"Shooting Vic.","wtd_curr_yr":0,"wtd_prev_yr":0,"wtd_pct_change":null,"twentyeight_day_curr_yr":3,"twentyeight_day_prev_yr":4,"twentyeight_day_pct_change":-25,"ytd_curr_yr":6,"ytd_prev_yr":5,"ytd_pct_change":20,"two_year_pct_change":0,"six_year_pct_change":0,"twentytwo_year_pct_change":-66.7},{"crime":"Shooting Inc.","wtd_curr_yr":0,"wtd_prev_yr":0,"wtd_pct_change":null,"twentyeight_day_curr_yr":3,"twentyeight_day_prev_yr":3,"twentyeight_day_pct_change":0,"ytd_curr_yr":6,"ytd_prev_yr":4,"ytd_pct_change":50,"two_year_pct_change":20,"six_year_pct_change":0,"twentytwo_year_pct_change":-66.7}],"historical":[{"yr_1990":14,"yr_1993":16,"yr_1998":9,"yr_2001":6,"yr_2013":3,"pct_change_13vs01":-50,"pct_change_13vs98":-66.7,"pct_change_13vs93":-81.2,"pct_change_13vs90":-78.6,"crime":"Murder"},{"yr_1990":67,"yr_1993":42,"yr_1998":32,"yr_2001":17,"yr_2013":19,"pct_change_13vs01":11.8,"pct_change_13vs98":-40.6,"pct_change_13vs93":-54.8,"pct_change_13vs90":-71.6,"crime":"Rape"},{"yr_1990":826,"yr_1993":710,"yr_1998":413,"yr_2001":247,"yr_2013":148,"pct_change_13vs01":-40.1,"pct_change_13vs98":-64.2,"pct_change_13vs93":-79.2,"pct_change_13vs90":-82.1,"crime":"Robbery"},{"yr_1990":588,"yr_1993":524,"yr_1998":418,"yr_2001":301,"yr_2013":212,"pct_change_13vs01":-29.6,"pct_change_13vs98":-49.3,"pct_change_13vs93":-59.5,"pct_change_13vs90":-63.9,"crime":"Fel. Assault"},{"yr_1990":825,"yr_1993":768,"yr_1998":370,"yr_2001":216,"yr_2013":227,"pct_change_13vs01":5.1,"pct_change_13vs98":-38.6,"pct_change_13vs93":-70.4,"pct_change_13vs90":-72.5,"crime":"Burglary"},{"yr_1990":362,"yr_1993":330,"yr_1998":203,"yr_2001":189,"yr_2013":182,"pct_change_13vs01":-3.7,"pct_change_13vs98":-10.3,"pct_change_13vs93":-44.8,"pct_change_13vs90":-49.7,"crime":"Gr. Larceny"},{"yr_1990":719,"yr_1993":460,"yr_1998":184,"yr_2001":158,"yr_2013":61,"pct_change_13vs01":-61.4,"pct_change_13vs98":-66.8,"pct_change_13vs93":-86.7,"pct_change_13vs90":-91.5,"crime":"G.L.A."},{"yr_1990":3401,"yr_1993":2850,"yr_1998":1629,"yr_2001":1134,"yr_2013":852,"pct_change_13vs01":-24.87,"pct_change_13vs98":-47.7,"pct_change_13vs93":-70.11,"pct_change_13vs90":-74.95,"crime":"TOTAL"}]}