{"mayor":"Bill de Blasio","commissioner":"William J. Bratton","volume":21,"number":41,"precinct":"105th","startDate":"2014-10-06T04:00:00.000Z","endDate":"2014-10-12T04:00:00.000Z","crimes":[{"crime":"Murder","wtd_curr_yr":0,"wtd_prev_yr":0,"wtd_pct_change":null,"twentyeight_day_curr_yr":0,"twentyeight_day_prev_yr":0,"twentyeight_day_pct_change":null,"ytd_curr_yr":5,"ytd_prev_yr":3,"ytd_pct_change":66.7,"two_year_pct_change":-28.6,"six_year_pct_change":-16.7,"twentytwo_year_pct_change":-73.7},{"crime":"Rape","wtd_curr_yr":1,"wtd_prev_yr":0,"wtd_pct_change":null,"twentyeight_day_curr_yr":3,"twentyeight_day_prev_yr":0,"twentyeight_day_pct_change":null,"ytd_curr_yr":19,"ytd_prev_yr":13,"ytd_pct_change":46.2,"two_year_pct_change":-38.7,"six_year_pct_change":-32.1,"twentytwo_year_pct_change":-42.4},{"crime":"Robbery","wtd_curr_yr":5,"wtd_prev_yr":2,"wtd_pct_change":150,"twentyeight_day_curr_yr":14,"twentyeight_day_prev_yr":25,"twentyeight_day_pct_change":-44,"ytd_curr_yr":159,"ytd_prev_yr":268,"ytd_pct_change":-40.7,"two_year_pct_change":-39.8,"six_year_pct_change":-38.1,"twentytwo_year_pct_change":-80.2},{"crime":"Fel. Assault","wtd_curr_yr":6,"wtd_prev_yr":4,"wtd_pct_change":50,"twentyeight_day_curr_yr":23,"twentyeight_day_prev_yr":30,"twentyeight_day_pct_change":-23.3,"ytd_curr_yr":262,"ytd_prev_yr":242,"ytd_pct_change":8.3,"two_year_pct_change":8.3,"six_year_pct_change":31.7,"twentytwo_year_pct_change":-18.6},{"crime":"Burglary","wtd_curr_yr":7,"wtd_prev_yr":15,"wtd_pct_change":-53.3,"twentyeight_day_curr_yr":24,"twentyeight_day_prev_yr":38,"twentyeight_day_pct_change":-36.8,"ytd_curr_yr":243,"ytd_prev_yr":370,"ytd_pct_change":-34.3,"two_year_pct_change":-39.7,"six_year_pct_change":-24.3,"twentytwo_year_pct_change":-80.7},{"crime":"Gr. Larceny","wtd_curr_yr":17,"wtd_prev_yr":7,"wtd_pct_change":142.9,"twentyeight_day_curr_yr":63,"twentyeight_day_prev_yr":37,"twentyeight_day_pct_change":70.3,"ytd_curr_yr":408,"ytd_prev_yr":396,"ytd_pct_change":3,"two_year_pct_change":5.2,"six_year_pct_change":10.3,"twentytwo_year_pct_change":-14.8},{"crime":"G.L.A.","wtd_curr_yr":6,"wtd_prev_yr":5,"wtd_pct_change":20,"twentyeight_day_curr_yr":20,"twentyeight_day_prev_yr":27,"twentyeight_day_pct_change":-25.9,"ytd_curr_yr":190,"ytd_prev_yr":205,"ytd_pct_change":-7.3,"two_year_pct_change":-26.4,"six_year_pct_change":-25.5,"twentytwo_year_pct_change":-92.8},{"crime":"TOTAL","wtd_curr_yr":42,"wtd_prev_yr":33,"wtd_pct_change":27.27,"twentyeight_day_curr_yr":147,"twentyeight_day_prev_yr":157,"twentyeight_day_pct_change":-6.37,"ytd_curr_yr":1286,"ytd_prev_yr":1497,"ytd_pct_change":-14.09,"two_year_pct_change":-19.27,"six_year_pct_change":-10.45,"twentytwo_year_pct_change":-76.87},{"crime":"Transit","wtd_curr_yr":0,"wtd_prev_yr":0,"wtd_pct_change":null,"twentyeight_day_curr_yr":0,"twentyeight_day_prev_yr":0,"twentyeight_day_pct_change":null,"ytd_curr_yr":0,"ytd_prev_yr":0,"ytd_pct_change":null,"two_year_pct_change":null,"six_year_pct_change":null,"twentytwo_year_pct_change":null},{"crime":"Housing","wtd_curr_yr":0,"wtd_prev_yr":0,"wtd_pct_change":null,"twentyeight_day_curr_yr":0,"twentyeight_day_prev_yr":0,"twentyeight_day_pct_change":null,"ytd_curr_yr":0,"ytd_prev_yr":0,"ytd_pct_change":null,"two_year_pct_change":null,"six_year_pct_change":null,"twentytwo_year_pct_change":null},{"crime":"Petit Larceny","wtd_curr_yr":20,"wtd_prev_yr":14,"wtd_pct_change":42.9,"twentyeight_day_curr_yr":57,"twentyeight_day_prev_yr":59,"twentyeight_day_pct_change":-3.4,"ytd_curr_yr":597,"ytd_prev_yr":551,"ytd_pct_change":8.3,"two_year_pct_change":-3.4,"six_year_pct_change":-19.1,"twentytwo_year_pct_change":null},{"crime":"Misd. Assault","wtd_curr_yr":9,"wtd_prev_yr":15,"wtd_pct_change":-40,"twentyeight_day_curr_yr":57,"twentyeight_day_prev_yr":54,"twentyeight_day_pct_change":5.6,"ytd_curr_yr":533,"ytd_prev_yr":498,"ytd_pct_change":7,"two_year_pct_change":11.3,"six_year_pct_change":-8.4,"twentytwo_year_pct_change":null},{"crime":"Misd. Sex Crimes","wtd_curr_yr":0,"wtd_prev_yr":0,"wtd_pct_change":null,"twentyeight_day_curr_yr":3,"twentyeight_day_prev_yr":0,"twentyeight_day_pct_change":null,"ytd_curr_yr":18,"ytd_prev_yr":31,"ytd_pct_change":-41.9,"two_year_pct_change":-35.7,"six_year_pct_change":-37.9,"twentytwo_year_pct_change":null},{"crime":"Shooting Vic.","wtd_curr_yr":0,"wtd_prev_yr":0,"wtd_pct_change":null,"twentyeight_day_curr_yr":0,"twentyeight_day_prev_yr":0,"twentyeight_day_pct_change":null,"ytd_curr_yr":9,"ytd_prev_yr":10,"ytd_pct_change":-10,"two_year_pct_change":-65.4,"six_year_pct_change":-55,"twentytwo_year_pct_change":-85},{"crime":"Shooting Inc.","wtd_curr_yr":0,"wtd_prev_yr":0,"wtd_pct_change":null,"twentyeight_day_curr_yr":0,"twentyeight_day_prev_yr":0,"twentyeight_day_pct_change":null,"ytd_curr_yr":8,"ytd_prev_yr":9,"ytd_pct_change":-11.1,"two_year_pct_change":-63.6,"six_year_pct_change":-55.6,"twentytwo_year_pct_change":-84.9}],"historical":[{"yr_1990":30,"yr_1993":23,"yr_1998":7,"yr_2001":18,"yr_2013":3,"pct_change_13vs01":-83.3,"pct_change_13vs98":-57.1,"pct_change_13vs93":-87,"pct_change_13vs90":-90,"crime":"Murder"},{"yr_1990":56,"yr_1993":41,"yr_1998":52,"yr_2001":35,"yr_2013":18,"pct_change_13vs01":-48.6,"pct_change_13vs98":-65.4,"pct_change_13vs93":-56.1,"pct_change_13vs90":-67.9,"crime":"Rape"},{"yr_1990":1066,"yr_1993":1082,"yr_1998":557,"yr_2001":395,"yr_2013":331,"pct_change_13vs01":-16.2,"pct_change_13vs98":-40.6,"pct_change_13vs93":-69.4,"pct_change_13vs90":-68.9,"crime":"Robbery"},{"yr_1990":459,"yr_1993":409,"yr_1998":400,"yr_2001":329,"yr_2013":313,"pct_change_13vs01":-4.9,"pct_change_13vs98":-21.8,"pct_change_13vs93":-23.5,"pct_change_13vs90":-31.8,"crime":"Fel. Assault"},{"yr_1990":2199,"yr_1993":1640,"yr_1998":854,"yr_2001":630,"yr_2013":469,"pct_change_13vs01":-25.6,"pct_change_13vs98":-45.1,"pct_change_13vs93":-71.4,"pct_change_13vs90":-78.7,"crime":"Burglary"},{"yr_1990":699,"yr_1993":593,"yr_1998":444,"yr_2001":456,"yr_2013":520,"pct_change_13vs01":14,"pct_change_13vs98":17.1,"pct_change_13vs93":-12.3,"pct_change_13vs90":-25.6,"crime":"Gr. Larceny"},{"yr_1990":3534,"yr_1993":3476,"yr_1998":1360,"yr_2001":913,"yr_2013":263,"pct_change_13vs01":-71.2,"pct_change_13vs98":-80.7,"pct_change_13vs93":-92.4,"pct_change_13vs90":-92.6,"crime":"G.L.A."},{"yr_1990":8043,"yr_1993":7264,"yr_1998":3674,"yr_2001":2776,"yr_2013":1917,"pct_change_13vs01":-30.94,"pct_change_13vs98":-47.82,"pct_change_13vs93":-73.61,"pct_change_13vs90":-76.17,"crime":"TOTAL"}]}