{"mayor":"Bill de Blasio","commissioner":"William J. Bratton","volume":21,"number":45,"precinct":"104th","startDate":"2014-11-03T05:00:00.000Z","endDate":"2014-11-09T05:00:00.000Z","crimes":[{"crime":"Murder","wtd_curr_yr":0,"wtd_prev_yr":0,"wtd_pct_change":null,"twentyeight_day_curr_yr":0,"twentyeight_day_prev_yr":0,"twentyeight_day_pct_change":null,"ytd_curr_yr":3,"ytd_prev_yr":3,"ytd_pct_change":0,"two_year_pct_change":null,"six_year_pct_change":200,"twentytwo_year_pct_change":-82.4},{"crime":"Rape","wtd_curr_yr":1,"wtd_prev_yr":0,"wtd_pct_change":null,"twentyeight_day_curr_yr":2,"twentyeight_day_prev_yr":2,"twentyeight_day_pct_change":0,"ytd_curr_yr":17,"ytd_prev_yr":12,"ytd_pct_change":41.7,"two_year_pct_change":54.5,"six_year_pct_change":41.7,"twentytwo_year_pct_change":-15},{"crime":"Robbery","wtd_curr_yr":5,"wtd_prev_yr":7,"wtd_pct_change":-28.6,"twentyeight_day_curr_yr":13,"twentyeight_day_prev_yr":28,"twentyeight_day_pct_change":-53.6,"ytd_curr_yr":153,"ytd_prev_yr":220,"ytd_pct_change":-30.5,"two_year_pct_change":-37.8,"six_year_pct_change":-34.3,"twentytwo_year_pct_change":-82},{"crime":"Fel. Assault","wtd_curr_yr":7,"wtd_prev_yr":8,"wtd_pct_change":-12.5,"twentyeight_day_curr_yr":21,"twentyeight_day_prev_yr":18,"twentyeight_day_pct_change":16.7,"ytd_curr_yr":187,"ytd_prev_yr":219,"ytd_pct_change":-14.6,"two_year_pct_change":-18.7,"six_year_pct_change":19.9,"twentytwo_year_pct_change":-28.4},{"crime":"Burglary","wtd_curr_yr":4,"wtd_prev_yr":6,"wtd_pct_change":-33.3,"twentyeight_day_curr_yr":18,"twentyeight_day_prev_yr":25,"twentyeight_day_pct_change":-28,"ytd_curr_yr":240,"ytd_prev_yr":300,"ytd_pct_change":-20,"two_year_pct_change":-27.7,"six_year_pct_change":-33,"twentytwo_year_pct_change":-86.1},{"crime":"Gr. Larceny","wtd_curr_yr":7,"wtd_prev_yr":7,"wtd_pct_change":0,"twentyeight_day_curr_yr":34,"twentyeight_day_prev_yr":43,"twentyeight_day_pct_change":-20.9,"ytd_curr_yr":498,"ytd_prev_yr":480,"ytd_pct_change":3.8,"two_year_pct_change":9.5,"six_year_pct_change":16.6,"twentytwo_year_pct_change":-10.6},{"crime":"G.L.A.","wtd_curr_yr":4,"wtd_prev_yr":4,"wtd_pct_change":0,"twentyeight_day_curr_yr":21,"twentyeight_day_prev_yr":9,"twentyeight_day_pct_change":133.3,"ytd_curr_yr":191,"ytd_prev_yr":134,"ytd_pct_change":42.5,"two_year_pct_change":6.7,"six_year_pct_change":-25.4,"twentytwo_year_pct_change":-93.7},{"crime":"TOTAL","wtd_curr_yr":28,"wtd_prev_yr":32,"wtd_pct_change":-12.5,"twentyeight_day_curr_yr":109,"twentyeight_day_prev_yr":125,"twentyeight_day_pct_change":-12.8,"ytd_curr_yr":1289,"ytd_prev_yr":1368,"ytd_pct_change":-5.77,"two_year_pct_change":-11.29,"six_year_pct_change":-10.67,"twentytwo_year_pct_change":-80.07},{"crime":"Transit","wtd_curr_yr":1,"wtd_prev_yr":1,"wtd_pct_change":0,"twentyeight_day_curr_yr":2,"twentyeight_day_prev_yr":3,"twentyeight_day_pct_change":-33.3,"ytd_curr_yr":11,"ytd_prev_yr":14,"ytd_pct_change":-21.4,"two_year_pct_change":-54.2,"six_year_pct_change":175,"twentytwo_year_pct_change":null},{"crime":"Housing","wtd_curr_yr":0,"wtd_prev_yr":0,"wtd_pct_change":null,"twentyeight_day_curr_yr":0,"twentyeight_day_prev_yr":0,"twentyeight_day_pct_change":null,"ytd_curr_yr":0,"ytd_prev_yr":0,"ytd_pct_change":null,"two_year_pct_change":null,"six_year_pct_change":null,"twentytwo_year_pct_change":null},{"crime":"Petit Larceny","wtd_curr_yr":29,"wtd_prev_yr":24,"wtd_pct_change":20.8,"twentyeight_day_curr_yr":89,"twentyeight_day_prev_yr":112,"twentyeight_day_pct_change":-20.5,"ytd_curr_yr":997,"ytd_prev_yr":1006,"ytd_pct_change":-0.9,"two_year_pct_change":7.4,"six_year_pct_change":-0.7,"twentytwo_year_pct_change":null},{"crime":"Misd. Assault","wtd_curr_yr":10,"wtd_prev_yr":17,"wtd_pct_change":-41.2,"twentyeight_day_curr_yr":37,"twentyeight_day_prev_yr":63,"twentyeight_day_pct_change":-41.3,"ytd_curr_yr":533,"ytd_prev_yr":495,"ytd_pct_change":7.7,"two_year_pct_change":-5.5,"six_year_pct_change":-5.5,"twentytwo_year_pct_change":null},{"crime":"Misd. Sex Crimes","wtd_curr_yr":1,"wtd_prev_yr":0,"wtd_pct_change":null,"twentyeight_day_curr_yr":4,"twentyeight_day_prev_yr":5,"twentyeight_day_pct_change":-20,"ytd_curr_yr":12,"ytd_prev_yr":24,"ytd_pct_change":-50,"two_year_pct_change":-52,"six_year_pct_change":-58.6,"twentytwo_year_pct_change":null},{"crime":"Shooting Vic.","wtd_curr_yr":0,"wtd_prev_yr":0,"wtd_pct_change":null,"twentyeight_day_curr_yr":0,"twentyeight_day_prev_yr":0,"twentyeight_day_pct_change":null,"ytd_curr_yr":8,"ytd_prev_yr":4,"ytd_pct_change":100,"two_year_pct_change":100,"six_year_pct_change":33.3,"twentytwo_year_pct_change":-69.2},{"crime":"Shooting Inc.","wtd_curr_yr":0,"wtd_prev_yr":0,"wtd_pct_change":null,"twentyeight_day_curr_yr":0,"twentyeight_day_prev_yr":0,"twentyeight_day_pct_change":null,"ytd_curr_yr":7,"ytd_prev_yr":4,"ytd_pct_change":75,"two_year_pct_change":75,"six_year_pct_change":40,"twentytwo_year_pct_change":-69.6}],"historical":[{"yr_1990":11,"yr_1993":19,"yr_1998":7,"yr_2001":5,"yr_2013":3,"pct_change_13vs01":-40,"pct_change_13vs98":-57.1,"pct_change_13vs93":-84.2,"pct_change_13vs90":-72.7,"crime":"Murder"},{"yr_1990":21,"yr_1993":21,"yr_1998":24,"yr_2001":15,"yr_2013":15,"pct_change_13vs01":0,"pct_change_13vs98":-37.5,"pct_change_13vs93":-28.6,"pct_change_13vs90":-28.6,"crime":"Rape"},{"yr_1990":1307,"yr_1993":1027,"yr_1998":490,"yr_2001":359,"yr_2013":256,"pct_change_13vs01":-28.7,"pct_change_13vs98":-47.8,"pct_change_13vs93":-75.1,"pct_change_13vs90":-80.4,"crime":"Robbery"},{"yr_1990":279,"yr_1993":305,"yr_1998":261,"yr_2001":262,"yr_2013":241,"pct_change_13vs01":-8,"pct_change_13vs98":-7.7,"pct_change_13vs93":-21,"pct_change_13vs90":-13.6,"crime":"Fel. Assault"},{"yr_1990":2562,"yr_1993":1955,"yr_1998":1024,"yr_2001":790,"yr_2013":339,"pct_change_13vs01":-57.1,"pct_change_13vs98":-66.9,"pct_change_13vs93":-82.7,"pct_change_13vs90":-86.8,"crime":"Burglary"},{"yr_1990":884,"yr_1993":678,"yr_1998":485,"yr_2001":551,"yr_2013":572,"pct_change_13vs01":3.8,"pct_change_13vs98":17.9,"pct_change_13vs93":-15.6,"pct_change_13vs90":-35.3,"crime":"Gr. Larceny"},{"yr_1990":4443,"yr_1993":3418,"yr_1998":1374,"yr_2001":892,"yr_2013":181,"pct_change_13vs01":-79.7,"pct_change_13vs98":-86.8,"pct_change_13vs93":-94.7,"pct_change_13vs90":-95.9,"crime":"G.L.A."},{"yr_1990":9507,"yr_1993":7423,"yr_1998":3665,"yr_2001":2874,"yr_2013":1607,"pct_change_13vs01":-44.08,"pct_change_13vs98":-56.15,"pct_change_13vs93":-78.35,"pct_change_13vs90":-83.1,"crime":"TOTAL"}]}