{"mayor":"Bill de Blasio","commissioner":"William J. Bratton","volume":21,"number":27,"precinct":"106th","startDate":"2014-06-30T04:00:00.000Z","endDate":"2014-07-06T04:00:00.000Z","crimes":[{"crime":"Murder","wtd_curr_yr":0,"wtd_prev_yr":0,"wtd_pct_change":null,"twentyeight_day_curr_yr":0,"twentyeight_day_prev_yr":1,"twentyeight_day_pct_change":-100,"ytd_curr_yr":1,"ytd_prev_yr":4,"ytd_pct_change":-75,"two_year_pct_change":-50,"six_year_pct_change":0,"twentytwo_year_pct_change":-92.9},{"crime":"Rape","wtd_curr_yr":1,"wtd_prev_yr":0,"wtd_pct_change":null,"twentyeight_day_curr_yr":2,"twentyeight_day_prev_yr":2,"twentyeight_day_pct_change":0,"ytd_curr_yr":13,"ytd_prev_yr":9,"ytd_pct_change":44.4,"two_year_pct_change":85.7,"six_year_pct_change":333.3,"twentytwo_year_pct_change":-35},{"crime":"Robbery","wtd_curr_yr":6,"wtd_prev_yr":3,"wtd_pct_change":100,"twentyeight_day_curr_yr":23,"twentyeight_day_prev_yr":18,"twentyeight_day_pct_change":27.8,"ytd_curr_yr":131,"ytd_prev_yr":130,"ytd_pct_change":0.8,"two_year_pct_change":-7.1,"six_year_pct_change":17,"twentytwo_year_pct_change":-69.5},{"crime":"Fel. Assault","wtd_curr_yr":10,"wtd_prev_yr":3,"wtd_pct_change":233.3,"twentyeight_day_curr_yr":23,"twentyeight_day_prev_yr":24,"twentyeight_day_pct_change":-4.2,"ytd_curr_yr":118,"ytd_prev_yr":125,"ytd_pct_change":-5.6,"two_year_pct_change":28.3,"six_year_pct_change":47.5,"twentytwo_year_pct_change":-40.7},{"crime":"Burglary","wtd_curr_yr":4,"wtd_prev_yr":7,"wtd_pct_change":-42.9,"twentyeight_day_curr_yr":18,"twentyeight_day_prev_yr":21,"twentyeight_day_pct_change":-14.3,"ytd_curr_yr":147,"ytd_prev_yr":202,"ytd_pct_change":-27.2,"two_year_pct_change":-13.5,"six_year_pct_change":1.4,"twentytwo_year_pct_change":-76},{"crime":"Gr. Larceny","wtd_curr_yr":13,"wtd_prev_yr":5,"wtd_pct_change":160,"twentyeight_day_curr_yr":42,"twentyeight_day_prev_yr":39,"twentyeight_day_pct_change":7.7,"ytd_curr_yr":250,"ytd_prev_yr":240,"ytd_pct_change":4.2,"two_year_pct_change":4.2,"six_year_pct_change":36.6,"twentytwo_year_pct_change":-12},{"crime":"G.L.A.","wtd_curr_yr":4,"wtd_prev_yr":4,"wtd_pct_change":0,"twentyeight_day_curr_yr":10,"twentyeight_day_prev_yr":14,"twentyeight_day_pct_change":-28.6,"ytd_curr_yr":115,"ytd_prev_yr":82,"ytd_pct_change":40.2,"two_year_pct_change":4.5,"six_year_pct_change":-15.4,"twentytwo_year_pct_change":-93.2},{"crime":"TOTAL","wtd_curr_yr":38,"wtd_prev_yr":22,"wtd_pct_change":72.73,"twentyeight_day_curr_yr":118,"twentyeight_day_prev_yr":119,"twentyeight_day_pct_change":-0.84,"ytd_curr_yr":775,"ytd_prev_yr":792,"ytd_pct_change":-2.15,"two_year_pct_change":1.71,"six_year_pct_change":17.42,"twentytwo_year_pct_change":-76.07},{"crime":"Transit","wtd_curr_yr":0,"wtd_prev_yr":0,"wtd_pct_change":null,"twentyeight_day_curr_yr":1,"twentyeight_day_prev_yr":4,"twentyeight_day_pct_change":-75,"ytd_curr_yr":16,"ytd_prev_yr":18,"ytd_pct_change":-11.1,"two_year_pct_change":-20,"six_year_pct_change":100,"twentytwo_year_pct_change":null},{"crime":"Housing","wtd_curr_yr":0,"wtd_prev_yr":0,"wtd_pct_change":null,"twentyeight_day_curr_yr":0,"twentyeight_day_prev_yr":0,"twentyeight_day_pct_change":null,"ytd_curr_yr":0,"ytd_prev_yr":0,"ytd_pct_change":null,"two_year_pct_change":null,"six_year_pct_change":null,"twentytwo_year_pct_change":null},{"crime":"Petit Larceny","wtd_curr_yr":29,"wtd_prev_yr":15,"wtd_pct_change":93.3,"twentyeight_day_curr_yr":84,"twentyeight_day_prev_yr":49,"twentyeight_day_pct_change":71.4,"ytd_curr_yr":452,"ytd_prev_yr":345,"ytd_pct_change":31,"two_year_pct_change":-4.8,"six_year_pct_change":12.2,"twentytwo_year_pct_change":null},{"crime":"Misd. Assault","wtd_curr_yr":10,"wtd_prev_yr":8,"wtd_pct_change":25,"twentyeight_day_curr_yr":51,"twentyeight_day_prev_yr":37,"twentyeight_day_pct_change":37.8,"ytd_curr_yr":268,"ytd_prev_yr":216,"ytd_pct_change":24.1,"two_year_pct_change":6.8,"six_year_pct_change":19.6,"twentytwo_year_pct_change":null},{"crime":"Misd. Sex Crimes","wtd_curr_yr":1,"wtd_prev_yr":0,"wtd_pct_change":null,"twentyeight_day_curr_yr":1,"twentyeight_day_prev_yr":0,"twentyeight_day_pct_change":null,"ytd_curr_yr":10,"ytd_prev_yr":11,"ytd_pct_change":-9.1,"two_year_pct_change":-16.7,"six_year_pct_change":-28.6,"twentytwo_year_pct_change":null},{"crime":"Shooting Vic.","wtd_curr_yr":0,"wtd_prev_yr":0,"wtd_pct_change":null,"twentyeight_day_curr_yr":1,"twentyeight_day_prev_yr":0,"twentyeight_day_pct_change":null,"ytd_curr_yr":2,"ytd_prev_yr":5,"ytd_pct_change":-60,"two_year_pct_change":-60,"six_year_pct_change":-71.4,"twentytwo_year_pct_change":-90.5},{"crime":"Shooting Inc.","wtd_curr_yr":0,"wtd_prev_yr":0,"wtd_pct_change":null,"twentyeight_day_curr_yr":1,"twentyeight_day_prev_yr":0,"twentyeight_day_pct_change":null,"ytd_curr_yr":2,"ytd_prev_yr":4,"ytd_pct_change":-50,"two_year_pct_change":-50,"six_year_pct_change":-66.7,"twentytwo_year_pct_change":-90.5}],"historical":[{"yr_1990":15,"yr_1993":21,"yr_1998":7,"yr_2001":4,"yr_2013":6,"pct_change_13vs01":50,"pct_change_13vs98":-14.3,"pct_change_13vs93":-71.4,"pct_change_13vs90":-60,"crime":"Murder"},{"yr_1990":31,"yr_1993":33,"yr_1998":40,"yr_2001":19,"yr_2013":19,"pct_change_13vs01":0,"pct_change_13vs98":-52.5,"pct_change_13vs93":-42.4,"pct_change_13vs90":-38.7,"crime":"Rape"},{"yr_1990":832,"yr_1993":891,"yr_1998":545,"yr_2001":344,"yr_2013":328,"pct_change_13vs01":-4.7,"pct_change_13vs98":-39.8,"pct_change_13vs93":-63.2,"pct_change_13vs90":-60.6,"crime":"Robbery"},{"yr_1990":329,"yr_1993":408,"yr_1998":297,"yr_2001":241,"yr_2013":253,"pct_change_13vs01":5,"pct_change_13vs98":-14.8,"pct_change_13vs93":-38,"pct_change_13vs90":-23.1,"crime":"Fel. Assault"},{"yr_1990":1348,"yr_1993":1230,"yr_1998":662,"yr_2001":417,"yr_2013":346,"pct_change_13vs01":-17,"pct_change_13vs98":-47.7,"pct_change_13vs93":-71.9,"pct_change_13vs90":-74.3,"crime":"Burglary"},{"yr_1990":715,"yr_1993":595,"yr_1998":440,"yr_2001":381,"yr_2013":522,"pct_change_13vs01":37,"pct_change_13vs98":18.6,"pct_change_13vs93":-12.3,"pct_change_13vs90":-27,"crime":"Gr. Larceny"},{"yr_1990":3071,"yr_1993":3304,"yr_1998":1370,"yr_2001":778,"yr_2013":191,"pct_change_13vs01":-75.4,"pct_change_13vs98":-86.1,"pct_change_13vs93":-94.2,"pct_change_13vs90":-93.8,"crime":"G.L.A."},{"yr_1990":6341,"yr_1993":6482,"yr_1998":3361,"yr_2001":2184,"yr_2013":1665,"pct_change_13vs01":-23.76,"pct_change_13vs98":-50.46,"pct_change_13vs93":-74.31,"pct_change_13vs90":-73.74,"crime":"TOTAL"}]}