{"mayor":"Bill de Blasio","commissioner":"William J. Bratton","volume":21,"number":29,"precinct":"107th","startDate":"2014-07-14T04:00:00.000Z","endDate":"2014-07-20T04:00:00.000Z","crimes":[{"crime":"Murder","wtd_curr_yr":0,"wtd_prev_yr":0,"wtd_pct_change":null,"twentyeight_day_curr_yr":0,"twentyeight_day_prev_yr":0,"twentyeight_day_pct_change":null,"ytd_curr_yr":0,"ytd_prev_yr":1,"ytd_pct_change":-100,"two_year_pct_change":null,"six_year_pct_change":-100,"twentytwo_year_pct_change":-100},{"crime":"Rape","wtd_curr_yr":0,"wtd_prev_yr":0,"wtd_pct_change":null,"twentyeight_day_curr_yr":2,"twentyeight_day_prev_yr":0,"twentyeight_day_pct_change":null,"ytd_curr_yr":14,"ytd_prev_yr":6,"ytd_pct_change":133.3,"two_year_pct_change":180,"six_year_pct_change":250,"twentytwo_year_pct_change":-33.3},{"crime":"Robbery","wtd_curr_yr":4,"wtd_prev_yr":3,"wtd_pct_change":33.3,"twentyeight_day_curr_yr":9,"twentyeight_day_prev_yr":12,"twentyeight_day_pct_change":-25,"ytd_curr_yr":100,"ytd_prev_yr":120,"ytd_pct_change":-16.7,"two_year_pct_change":-24.8,"six_year_pct_change":-26.5,"twentytwo_year_pct_change":-80.4},{"crime":"Fel. Assault","wtd_curr_yr":3,"wtd_prev_yr":6,"wtd_pct_change":-50,"twentyeight_day_curr_yr":11,"twentyeight_day_prev_yr":20,"twentyeight_day_pct_change":-45,"ytd_curr_yr":56,"ytd_prev_yr":80,"ytd_pct_change":-30,"two_year_pct_change":-23.3,"six_year_pct_change":19.1,"twentytwo_year_pct_change":-56.2},{"crime":"Burglary","wtd_curr_yr":4,"wtd_prev_yr":5,"wtd_pct_change":-20,"twentyeight_day_curr_yr":16,"twentyeight_day_prev_yr":20,"twentyeight_day_pct_change":-20,"ytd_curr_yr":95,"ytd_prev_yr":143,"ytd_pct_change":-33.6,"two_year_pct_change":-34,"six_year_pct_change":-38.3,"twentytwo_year_pct_change":-88.5},{"crime":"Gr. Larceny","wtd_curr_yr":10,"wtd_prev_yr":17,"wtd_pct_change":-41.2,"twentyeight_day_curr_yr":38,"twentyeight_day_prev_yr":45,"twentyeight_day_pct_change":-15.6,"ytd_curr_yr":234,"ytd_prev_yr":250,"ytd_pct_change":-6.4,"two_year_pct_change":-7.5,"six_year_pct_change":-5.3,"twentytwo_year_pct_change":-31},{"crime":"G.L.A.","wtd_curr_yr":6,"wtd_prev_yr":2,"wtd_pct_change":200,"twentyeight_day_curr_yr":16,"twentyeight_day_prev_yr":9,"twentyeight_day_pct_change":77.8,"ytd_curr_yr":75,"ytd_prev_yr":73,"ytd_pct_change":2.7,"two_year_pct_change":-12.8,"six_year_pct_change":-31.8,"twentytwo_year_pct_change":-97.2},{"crime":"TOTAL","wtd_curr_yr":27,"wtd_prev_yr":33,"wtd_pct_change":-18.18,"twentyeight_day_curr_yr":92,"twentyeight_day_prev_yr":106,"twentyeight_day_pct_change":-13.21,"ytd_curr_yr":574,"ytd_prev_yr":673,"ytd_pct_change":-14.71,"two_year_pct_change":-17.29,"six_year_pct_change":-18,"twentytwo_year_pct_change":-87.34},{"crime":"Transit","wtd_curr_yr":1,"wtd_prev_yr":0,"wtd_pct_change":null,"twentyeight_day_curr_yr":3,"twentyeight_day_prev_yr":2,"twentyeight_day_pct_change":50,"ytd_curr_yr":12,"ytd_prev_yr":16,"ytd_pct_change":-25,"two_year_pct_change":-14.3,"six_year_pct_change":0,"twentytwo_year_pct_change":null},{"crime":"Housing","wtd_curr_yr":1,"wtd_prev_yr":1,"wtd_pct_change":0,"twentyeight_day_curr_yr":5,"twentyeight_day_prev_yr":4,"twentyeight_day_pct_change":25,"ytd_curr_yr":29,"ytd_prev_yr":28,"ytd_pct_change":3.6,"two_year_pct_change":-3.3,"six_year_pct_change":93.3,"twentytwo_year_pct_change":null},{"crime":"Petit Larceny","wtd_curr_yr":16,"wtd_prev_yr":17,"wtd_pct_change":-5.9,"twentyeight_day_curr_yr":52,"twentyeight_day_prev_yr":67,"twentyeight_day_pct_change":-22.4,"ytd_curr_yr":389,"ytd_prev_yr":435,"ytd_pct_change":-10.6,"two_year_pct_change":-6.9,"six_year_pct_change":-19.6,"twentytwo_year_pct_change":null},{"crime":"Misd. Assault","wtd_curr_yr":7,"wtd_prev_yr":12,"wtd_pct_change":-41.7,"twentyeight_day_curr_yr":20,"twentyeight_day_prev_yr":34,"twentyeight_day_pct_change":-41.2,"ytd_curr_yr":192,"ytd_prev_yr":199,"ytd_pct_change":-3.5,"two_year_pct_change":-5,"six_year_pct_change":-23.5,"twentytwo_year_pct_change":null},{"crime":"Misd. Sex Crimes","wtd_curr_yr":0,"wtd_prev_yr":1,"wtd_pct_change":-100,"twentyeight_day_curr_yr":1,"twentyeight_day_prev_yr":2,"twentyeight_day_pct_change":-50,"ytd_curr_yr":14,"ytd_prev_yr":17,"ytd_pct_change":-17.6,"two_year_pct_change":-6.7,"six_year_pct_change":-12.5,"twentytwo_year_pct_change":null},{"crime":"Shooting Vic.","wtd_curr_yr":0,"wtd_prev_yr":0,"wtd_pct_change":null,"twentyeight_day_curr_yr":0,"twentyeight_day_prev_yr":0,"twentyeight_day_pct_change":null,"ytd_curr_yr":3,"ytd_prev_yr":2,"ytd_pct_change":50,"two_year_pct_change":200,"six_year_pct_change":0,"twentytwo_year_pct_change":-70},{"crime":"Shooting Inc.","wtd_curr_yr":0,"wtd_prev_yr":0,"wtd_pct_change":null,"twentyeight_day_curr_yr":0,"twentyeight_day_prev_yr":0,"twentyeight_day_pct_change":null,"ytd_curr_yr":3,"ytd_prev_yr":2,"ytd_pct_change":50,"two_year_pct_change":200,"six_year_pct_change":0,"twentytwo_year_pct_change":-70}],"historical":[{"yr_1990":14,"yr_1993":8,"yr_1998":5,"yr_2001":4,"yr_2013":1,"pct_change_13vs01":-75,"pct_change_13vs98":-80,"pct_change_13vs93":-87.5,"pct_change_13vs90":-92.9,"crime":"Murder"},{"yr_1990":24,"yr_1993":32,"yr_1998":30,"yr_2001":15,"yr_2013":7,"pct_change_13vs01":-53.3,"pct_change_13vs98":-76.7,"pct_change_13vs93":-78.1,"pct_change_13vs90":-70.8,"crime":"Rape"},{"yr_1990":1039,"yr_1993":514,"yr_1998":375,"yr_2001":242,"yr_2013":-35.5,"pct_change_13vs01":-52.9,"pct_change_13vs98":-76.7,"pct_change_13vs93":-72.9,"pct_change_13vs90":null,"crime":"Robbery 893"},{"yr_1990":260,"yr_1993":239,"yr_1998":226,"yr_2001":153,"yr_2013":138,"pct_change_13vs01":-9.8,"pct_change_13vs98":-38.9,"pct_change_13vs93":-42.3,"pct_change_13vs90":-46.9,"crime":"Fel. Assault"},{"yr_1990":2152,"yr_1993":1425,"yr_1998":862,"yr_2001":632,"yr_2013":244,"pct_change_13vs01":-61.4,"pct_change_13vs98":-71.7,"pct_change_13vs93":-82.9,"pct_change_13vs90":-88.7,"crime":"Burglary"},{"yr_1990":805,"yr_1993":616,"yr_1998":614,"yr_2001":572,"yr_2013":517,"pct_change_13vs01":-9.6,"pct_change_13vs98":-15.8,"pct_change_13vs93":-16.1,"pct_change_13vs90":-35.8,"crime":"Gr. Larceny"},{"yr_1990":5535,"yr_1993":4902,"yr_1998":1560,"yr_2001":802,"yr_2013":149,"pct_change_13vs01":-81.4,"pct_change_13vs98":-90.4,"pct_change_13vs93":-97,"pct_change_13vs90":-97.3,"crime":"G.L.A."},{"yr_1990":9683,"yr_1993":8261,"yr_1998":3811,"yr_2001":2553,"yr_2013":1298,"pct_change_13vs01":-49.16,"pct_change_13vs98":-65.94,"pct_change_13vs93":-84.29,"pct_change_13vs90":-86.6,"crime":"TOTAL"}]}