{"mayor":"Bill de Blasio","commissioner":"William J. Bratton","volume":21,"number":28,"precinct":"108th","startDate":"2014-07-07T04:00:00.000Z","endDate":"2014-07-13T04:00:00.000Z","crimes":[{"crime":"Murder","wtd_curr_yr":0,"wtd_prev_yr":1,"wtd_pct_change":-100,"twentyeight_day_curr_yr":1,"twentyeight_day_prev_yr":2,"twentyeight_day_pct_change":-50,"ytd_curr_yr":1,"ytd_prev_yr":3,"ytd_pct_change":-66.7,"two_year_pct_change":null,"six_year_pct_change":0,"twentytwo_year_pct_change":-85.7},{"crime":"Rape","wtd_curr_yr":0,"wtd_prev_yr":0,"wtd_pct_change":null,"twentyeight_day_curr_yr":0,"twentyeight_day_prev_yr":2,"twentyeight_day_pct_change":-100,"ytd_curr_yr":6,"ytd_prev_yr":10,"ytd_pct_change":-40,"two_year_pct_change":-14.3,"six_year_pct_change":-14.3,"twentytwo_year_pct_change":50},{"crime":"Robbery","wtd_curr_yr":4,"wtd_prev_yr":4,"wtd_pct_change":0,"twentyeight_day_curr_yr":10,"twentyeight_day_prev_yr":11,"twentyeight_day_pct_change":-9.1,"ytd_curr_yr":84,"ytd_prev_yr":78,"ytd_pct_change":7.7,"two_year_pct_change":-11.6,"six_year_pct_change":3.7,"twentytwo_year_pct_change":-85.6},{"crime":"Fel. Assault","wtd_curr_yr":4,"wtd_prev_yr":3,"wtd_pct_change":33.3,"twentyeight_day_curr_yr":19,"twentyeight_day_prev_yr":26,"twentyeight_day_pct_change":-26.9,"ytd_curr_yr":75,"ytd_prev_yr":92,"ytd_pct_change":-18.5,"two_year_pct_change":7.1,"six_year_pct_change":56.2,"twentytwo_year_pct_change":-50},{"crime":"Burglary","wtd_curr_yr":0,"wtd_prev_yr":3,"wtd_pct_change":-100,"twentyeight_day_curr_yr":18,"twentyeight_day_prev_yr":25,"twentyeight_day_pct_change":-28,"ytd_curr_yr":119,"ytd_prev_yr":110,"ytd_pct_change":8.2,"two_year_pct_change":-20.1,"six_year_pct_change":-14.4,"twentytwo_year_pct_change":-84.6},{"crime":"Gr. Larceny","wtd_curr_yr":9,"wtd_prev_yr":17,"wtd_pct_change":-47.1,"twentyeight_day_curr_yr":37,"twentyeight_day_prev_yr":49,"twentyeight_day_pct_change":-24.5,"ytd_curr_yr":300,"ytd_prev_yr":286,"ytd_pct_change":4.9,"two_year_pct_change":34.5,"six_year_pct_change":11.5,"twentytwo_year_pct_change":-33.6},{"crime":"G.L.A.","wtd_curr_yr":2,"wtd_prev_yr":4,"wtd_pct_change":-50,"twentyeight_day_curr_yr":10,"twentyeight_day_prev_yr":14,"twentyeight_day_pct_change":-28.6,"ytd_curr_yr":65,"ytd_prev_yr":74,"ytd_pct_change":-12.2,"two_year_pct_change":-20.7,"six_year_pct_change":-30.9,"twentytwo_year_pct_change":-93.6},{"crime":"TOTAL","wtd_curr_yr":19,"wtd_prev_yr":32,"wtd_pct_change":-40.62,"twentyeight_day_curr_yr":95,"twentyeight_day_prev_yr":129,"twentyeight_day_pct_change":-26.36,"ytd_curr_yr":650,"ytd_prev_yr":653,"ytd_pct_change":-0.46,"two_year_pct_change":3.83,"six_year_pct_change":1.72,"twentytwo_year_pct_change":-78.27},{"crime":"Transit","wtd_curr_yr":0,"wtd_prev_yr":2,"wtd_pct_change":-100,"twentyeight_day_curr_yr":1,"twentyeight_day_prev_yr":5,"twentyeight_day_pct_change":-80,"ytd_curr_yr":34,"ytd_prev_yr":41,"ytd_pct_change":-17.1,"two_year_pct_change":-5.6,"six_year_pct_change":100,"twentytwo_year_pct_change":null},{"crime":"Housing","wtd_curr_yr":0,"wtd_prev_yr":0,"wtd_pct_change":null,"twentyeight_day_curr_yr":0,"twentyeight_day_prev_yr":0,"twentyeight_day_pct_change":null,"ytd_curr_yr":0,"ytd_prev_yr":0,"ytd_pct_change":null,"two_year_pct_change":null,"six_year_pct_change":null,"twentytwo_year_pct_change":null},{"crime":"Petit Larceny","wtd_curr_yr":18,"wtd_prev_yr":29,"wtd_pct_change":-37.9,"twentyeight_day_curr_yr":74,"twentyeight_day_prev_yr":84,"twentyeight_day_pct_change":-11.9,"ytd_curr_yr":454,"ytd_prev_yr":493,"ytd_pct_change":-7.9,"two_year_pct_change":-5.8,"six_year_pct_change":-5.6,"twentytwo_year_pct_change":null},{"crime":"Misd. Assault","wtd_curr_yr":12,"wtd_prev_yr":11,"wtd_pct_change":9.1,"twentyeight_day_curr_yr":36,"twentyeight_day_prev_yr":44,"twentyeight_day_pct_change":-18.2,"ytd_curr_yr":223,"ytd_prev_yr":248,"ytd_pct_change":-10.1,"two_year_pct_change":6.2,"six_year_pct_change":-16.8,"twentytwo_year_pct_change":null},{"crime":"Misd. Sex Crimes","wtd_curr_yr":2,"wtd_prev_yr":0,"wtd_pct_change":null,"twentyeight_day_curr_yr":8,"twentyeight_day_prev_yr":1,"twentyeight_day_pct_change":700,"ytd_curr_yr":28,"ytd_prev_yr":32,"ytd_pct_change":-12.5,"two_year_pct_change":-24.3,"six_year_pct_change":3.7,"twentytwo_year_pct_change":null},{"crime":"Shooting Vic.","wtd_curr_yr":0,"wtd_prev_yr":0,"wtd_pct_change":null,"twentyeight_day_curr_yr":0,"twentyeight_day_prev_yr":0,"twentyeight_day_pct_change":null,"ytd_curr_yr":0,"ytd_prev_yr":1,"ytd_pct_change":-100,"two_year_pct_change":-100,"six_year_pct_change":null,"twentytwo_year_pct_change":-100},{"crime":"Shooting Inc.","wtd_curr_yr":0,"wtd_prev_yr":0,"wtd_pct_change":null,"twentyeight_day_curr_yr":0,"twentyeight_day_prev_yr":0,"twentyeight_day_pct_change":null,"ytd_curr_yr":0,"ytd_prev_yr":1,"ytd_pct_change":-100,"two_year_pct_change":-100,"six_year_pct_change":null,"twentytwo_year_pct_change":-100}],"historical":[{"yr_2012":4,"yr_1993":10,"yr_1998":5,"yr_2001":3,"yr_2013":4,"pct_change_13vs01":33.3,"pct_change_13vs98":-20,"pct_change_13vs93":-60,"pct_change_13vs12":0,"crime":"Murder"},{"yr_2012":15,"yr_1993":12,"yr_1998":24,"yr_2001":18,"yr_2013":15,"pct_change_13vs01":-16.7,"pct_change_13vs98":-37.5,"pct_change_13vs93":25,"pct_change_13vs12":0,"crime":"Rape"},{"yr_2012":1026,"yr_1993":464,"yr_1998":313,"yr_2001":160,"yr_2013":-48.9,"pct_change_13vs01":-65.5,"pct_change_13vs98":-84.4,"pct_change_13vs93":-15.3,"pct_change_13vs12":null,"crime":"Robbery 189"},{"yr_2012":142,"yr_1993":317,"yr_1998":248,"yr_2001":147,"yr_2013":171,"pct_change_13vs01":16.3,"pct_change_13vs98":-31,"pct_change_13vs93":-46.1,"pct_change_13vs12":20.4,"crime":"Fel. Assault"},{"yr_2012":1563,"yr_1993":971,"yr_1998":564,"yr_2001":244,"yr_2013":-56.7,"pct_change_13vs01":-74.9,"pct_change_13vs98":-84.4,"pct_change_13vs93":-0.8,"pct_change_13vs12":null,"crime":"Burglary 246"},{"yr_2012":462,"yr_1993":914,"yr_1998":605,"yr_2001":570,"yr_2013":572,"pct_change_13vs01":0.4,"pct_change_13vs98":-5.5,"pct_change_13vs93":-37.4,"pct_change_13vs12":23.8,"crime":"Gr. Larceny"},{"yr_2012":2123,"yr_1993":942,"yr_1998":704,"yr_2001":166,"yr_2013":-76.4,"pct_change_13vs01":-82.4,"pct_change_13vs98":-92.2,"pct_change_13vs93":21.2,"pct_change_13vs12":null,"crime":"G.L.A. 137"},{"yr_2012":1195,"yr_1993":5965,"yr_1998":3259,"yr_2001":2319,"yr_2013":1332,"pct_change_13vs01":-42.56,"pct_change_13vs98":-59.13,"pct_change_13vs93":-77.67,"pct_change_13vs12":11.46,"crime":"TOTAL"}]}