{"mayor":"Bill de Blasio","commissioner":"William J. Bratton","volume":21,"number":2,"precinct":"105th","startDate":"2014-01-06T05:00:00.000Z","endDate":"2014-01-12T05:00:00.000Z","crimes":[{"crime":"Murder","wtd_curr_yr":1,"wtd_prev_yr":0,"wtd_pct_change":null,"twentyeight_day_curr_yr":1,"twentyeight_day_prev_yr":1,"twentyeight_day_pct_change":0,"ytd_curr_yr":1,"ytd_prev_yr":0,"ytd_pct_change":null,"two_year_pct_change":0,"six_year_pct_change":null,"twentytwo_year_pct_change":null},{"crime":"Rape","wtd_curr_yr":2,"wtd_prev_yr":0,"wtd_pct_change":null,"twentyeight_day_curr_yr":4,"twentyeight_day_prev_yr":2,"twentyeight_day_pct_change":100,"ytd_curr_yr":3,"ytd_prev_yr":1,"ytd_pct_change":200,"two_year_pct_change":200,"six_year_pct_change":50,"twentytwo_year_pct_change":200},{"crime":"Robbery","wtd_curr_yr":8,"wtd_prev_yr":11,"wtd_pct_change":-27.3,"twentyeight_day_curr_yr":22,"twentyeight_day_prev_yr":41,"twentyeight_day_pct_change":-46.3,"ytd_curr_yr":9,"ytd_prev_yr":20,"ytd_pct_change":-55,"two_year_pct_change":-35.7,"six_year_pct_change":-10,"twentytwo_year_pct_change":-78},{"crime":"Fel. Assault","wtd_curr_yr":3,"wtd_prev_yr":5,"wtd_pct_change":-40,"twentyeight_day_curr_yr":18,"twentyeight_day_prev_yr":15,"twentyeight_day_pct_change":20,"ytd_curr_yr":4,"ytd_prev_yr":9,"ytd_pct_change":-55.6,"two_year_pct_change":-60,"six_year_pct_change":-60,"twentytwo_year_pct_change":-73.3},{"crime":"Burglary","wtd_curr_yr":2,"wtd_prev_yr":19,"wtd_pct_change":-89.5,"twentyeight_day_curr_yr":15,"twentyeight_day_prev_yr":49,"twentyeight_day_pct_change":-69.4,"ytd_curr_yr":6,"ytd_prev_yr":25,"ytd_pct_change":-76,"two_year_pct_change":-64.7,"six_year_pct_change":-57.1,"twentytwo_year_pct_change":-88.9},{"crime":"Gr. Larceny","wtd_curr_yr":12,"wtd_prev_yr":13,"wtd_pct_change":-7.7,"twentyeight_day_curr_yr":35,"twentyeight_day_prev_yr":40,"twentyeight_day_pct_change":-12.5,"ytd_curr_yr":12,"ytd_prev_yr":18,"ytd_pct_change":-33.3,"two_year_pct_change":-25,"six_year_pct_change":20,"twentytwo_year_pct_change":-45.5},{"crime":"G.L.A.","wtd_curr_yr":5,"wtd_prev_yr":6,"wtd_pct_change":-16.7,"twentyeight_day_curr_yr":21,"twentyeight_day_prev_yr":22,"twentyeight_day_pct_change":-4.5,"ytd_curr_yr":8,"ytd_prev_yr":12,"ytd_pct_change":-33.3,"two_year_pct_change":33.3,"six_year_pct_change":-70.4,"twentytwo_year_pct_change":-92.6},{"crime":"TOTAL","wtd_curr_yr":33,"wtd_prev_yr":54,"wtd_pct_change":-38.89,"twentyeight_day_curr_yr":116,"twentyeight_day_prev_yr":170,"twentyeight_day_pct_change":-31.76,"ytd_curr_yr":43,"ytd_prev_yr":85,"ytd_pct_change":-49.41,"two_year_pct_change":-33.85,"six_year_pct_change":-41.1,"twentytwo_year_pct_change":-82.16},{"crime":"Petit Larceny","wtd_curr_yr":15,"wtd_prev_yr":11,"wtd_pct_change":36.4,"twentyeight_day_curr_yr":48,"twentyeight_day_prev_yr":61,"twentyeight_day_pct_change":-21.3,"ytd_curr_yr":21,"ytd_prev_yr":24,"ytd_pct_change":-12.5,"two_year_pct_change":16.7,"six_year_pct_change":null,"twentytwo_year_pct_change":null},{"crime":"Misd. Assault","wtd_curr_yr":14,"wtd_prev_yr":8,"wtd_pct_change":75,"twentyeight_day_curr_yr":40,"twentyeight_day_prev_yr":36,"twentyeight_day_pct_change":11.1,"ytd_curr_yr":15,"ytd_prev_yr":11,"ytd_pct_change":36.4,"two_year_pct_change":7.1,"six_year_pct_change":null,"twentytwo_year_pct_change":null},{"crime":"Misd. Sex Crimes","wtd_curr_yr":1,"wtd_prev_yr":1,"wtd_pct_change":0,"twentyeight_day_curr_yr":1,"twentyeight_day_prev_yr":3,"twentyeight_day_pct_change":-66.7,"ytd_curr_yr":1,"ytd_prev_yr":2,"ytd_pct_change":-50,"two_year_pct_change":null,"six_year_pct_change":null,"twentytwo_year_pct_change":null},{"crime":"Shooting Vic.","wtd_curr_yr":1,"wtd_prev_yr":2,"wtd_pct_change":-50,"twentyeight_day_curr_yr":1,"twentyeight_day_prev_yr":5,"twentyeight_day_pct_change":-80,"ytd_curr_yr":1,"ytd_prev_yr":3,"ytd_pct_change":-66.7,"two_year_pct_change":-50,"six_year_pct_change":-50,"twentytwo_year_pct_change":0},{"crime":"Shooting Inc.","wtd_curr_yr":1,"wtd_prev_yr":1,"wtd_pct_change":0,"twentyeight_day_curr_yr":1,"twentyeight_day_prev_yr":4,"twentyeight_day_pct_change":-75,"ytd_curr_yr":1,"ytd_prev_yr":2,"ytd_pct_change":-50,"two_year_pct_change":-50,"six_year_pct_change":-50,"twentytwo_year_pct_change":0}],"historical":[{"yr_1990":30,"yr_1993":23,"yr_1998":7,"yr_2001":18,"yr_2013":3,"pct_change_13vs01":-83.3,"pct_change_13vs98":-57.1,"pct_change_13vs93":-87,"pct_change_13vs90":-90,"crime":"Murder"},{"yr_1990":56,"yr_1993":41,"yr_1998":52,"yr_2001":35,"yr_2013":18,"pct_change_13vs01":-48.6,"pct_change_13vs98":-65.4,"pct_change_13vs93":-56.1,"pct_change_13vs90":-67.9,"crime":"Rape"},{"yr_1990":1066,"yr_1993":1082,"yr_1998":557,"yr_2001":395,"yr_2013":331,"pct_change_13vs01":-16.2,"pct_change_13vs98":-40.6,"pct_change_13vs93":-69.4,"pct_change_13vs90":-68.9,"crime":"Robbery"},{"yr_1990":459,"yr_1993":409,"yr_1998":400,"yr_2001":329,"yr_2013":313,"pct_change_13vs01":-4.9,"pct_change_13vs98":-21.8,"pct_change_13vs93":-23.5,"pct_change_13vs90":-31.8,"crime":"Fel. Assault"},{"yr_1990":2199,"yr_1993":1640,"yr_1998":854,"yr_2001":630,"yr_2013":468,"pct_change_13vs01":-25.7,"pct_change_13vs98":-45.2,"pct_change_13vs93":-71.5,"pct_change_13vs90":-78.7,"crime":"Burglary"},{"yr_1990":699,"yr_1993":593,"yr_1998":444,"yr_2001":456,"yr_2013":519,"pct_change_13vs01":13.8,"pct_change_13vs98":16.9,"pct_change_13vs93":-12.5,"pct_change_13vs90":-25.8,"crime":"Gr. Larceny"},{"yr_1990":3534,"yr_1993":3476,"yr_1998":1360,"yr_2001":913,"yr_2013":263,"pct_change_13vs01":-71.2,"pct_change_13vs98":-80.7,"pct_change_13vs93":-92.4,"pct_change_13vs90":-92.6,"crime":"G.L.A."},{"yr_1990":8043,"yr_1993":7264,"yr_1998":3674,"yr_2001":2776,"yr_2013":1915,"pct_change_13vs01":-31.02,"pct_change_13vs98":-47.88,"pct_change_13vs93":-73.64,"pct_change_13vs90":-76.19,"crime":"TOTAL"}]}