{"mayor":"Bill de Blasio","commissioner":"William J. Bratton","volume":21,"number":39,"precinct":"104th","startDate":"2014-09-22T04:00:00.000Z","endDate":"2014-09-28T04:00:00.000Z","crimes":[{"crime":"Murder","wtd_curr_yr":0,"wtd_prev_yr":0,"wtd_pct_change":null,"twentyeight_day_curr_yr":0,"twentyeight_day_prev_yr":0,"twentyeight_day_pct_change":null,"ytd_curr_yr":3,"ytd_prev_yr":3,"ytd_pct_change":0,"two_year_pct_change":null,"six_year_pct_change":200,"twentytwo_year_pct_change":-82.4},{"crime":"Rape","wtd_curr_yr":0,"wtd_prev_yr":0,"wtd_pct_change":null,"twentyeight_day_curr_yr":0,"twentyeight_day_prev_yr":0,"twentyeight_day_pct_change":null,"ytd_curr_yr":14,"ytd_prev_yr":8,"ytd_pct_change":75,"two_year_pct_change":40,"six_year_pct_change":27.3,"twentytwo_year_pct_change":-26.3},{"crime":"Robbery","wtd_curr_yr":9,"wtd_prev_yr":4,"wtd_pct_change":125,"twentyeight_day_curr_yr":21,"twentyeight_day_prev_yr":28,"twentyeight_day_pct_change":-25,"ytd_curr_yr":134,"ytd_prev_yr":178,"ytd_pct_change":-24.7,"two_year_pct_change":-35.6,"six_year_pct_change":-32,"twentytwo_year_pct_change":-81},{"crime":"Fel. Assault","wtd_curr_yr":4,"wtd_prev_yr":3,"wtd_pct_change":33.3,"twentyeight_day_curr_yr":15,"twentyeight_day_prev_yr":17,"twentyeight_day_pct_change":-11.8,"ytd_curr_yr":158,"ytd_prev_yr":193,"ytd_pct_change":-18.1,"two_year_pct_change":-20.6,"six_year_pct_change":19.7,"twentytwo_year_pct_change":-31.3},{"crime":"Burglary","wtd_curr_yr":1,"wtd_prev_yr":6,"wtd_pct_change":-83.3,"twentyeight_day_curr_yr":11,"twentyeight_day_prev_yr":21,"twentyeight_day_pct_change":-47.6,"ytd_curr_yr":206,"ytd_prev_yr":263,"ytd_pct_change":-21.7,"two_year_pct_change":-29,"six_year_pct_change":-37,"twentytwo_year_pct_change":-86.3},{"crime":"Gr. Larceny","wtd_curr_yr":10,"wtd_prev_yr":13,"wtd_pct_change":-23.1,"twentyeight_day_curr_yr":44,"twentyeight_day_prev_yr":61,"twentyeight_day_pct_change":-27.9,"ytd_curr_yr":434,"ytd_prev_yr":406,"ytd_pct_change":6.9,"two_year_pct_change":12.1,"six_year_pct_change":20.2,"twentytwo_year_pct_change":-9.4},{"crime":"G.L.A.","wtd_curr_yr":8,"wtd_prev_yr":4,"wtd_pct_change":100,"twentyeight_day_curr_yr":22,"twentyeight_day_prev_yr":18,"twentyeight_day_pct_change":22.2,"ytd_curr_yr":158,"ytd_prev_yr":118,"ytd_pct_change":33.9,"two_year_pct_change":-1.9,"six_year_pct_change":-25.8,"twentytwo_year_pct_change":-94},{"crime":"TOTAL","wtd_curr_yr":32,"wtd_prev_yr":30,"wtd_pct_change":6.67,"twentyeight_day_curr_yr":113,"twentyeight_day_prev_yr":145,"twentyeight_day_pct_change":-22.07,"ytd_curr_yr":1107,"ytd_prev_yr":1169,"ytd_pct_change":-5.3,"two_year_pct_change":-11.79,"six_year_pct_change":-10.87,"twentytwo_year_pct_change":-80.22},{"crime":"Transit","wtd_curr_yr":0,"wtd_prev_yr":1,"wtd_pct_change":-100,"twentyeight_day_curr_yr":1,"twentyeight_day_prev_yr":2,"twentyeight_day_pct_change":-50,"ytd_curr_yr":9,"ytd_prev_yr":11,"ytd_pct_change":-18.2,"two_year_pct_change":-59.1,"six_year_pct_change":200,"twentytwo_year_pct_change":null},{"crime":"Housing","wtd_curr_yr":0,"wtd_prev_yr":0,"wtd_pct_change":null,"twentyeight_day_curr_yr":0,"twentyeight_day_prev_yr":0,"twentyeight_day_pct_change":null,"ytd_curr_yr":0,"ytd_prev_yr":0,"ytd_pct_change":null,"two_year_pct_change":null,"six_year_pct_change":null,"twentytwo_year_pct_change":null},{"crime":"Petit Larceny","wtd_curr_yr":31,"wtd_prev_yr":28,"wtd_pct_change":10.7,"twentyeight_day_curr_yr":99,"twentyeight_day_prev_yr":104,"twentyeight_day_pct_change":-4.8,"ytd_curr_yr":855,"ytd_prev_yr":839,"ytd_pct_change":1.9,"two_year_pct_change":8.6,"six_year_pct_change":-0.1,"twentytwo_year_pct_change":null},{"crime":"Misd. Assault","wtd_curr_yr":11,"wtd_prev_yr":10,"wtd_pct_change":10,"twentyeight_day_curr_yr":41,"twentyeight_day_prev_yr":41,"twentyeight_day_pct_change":0,"ytd_curr_yr":464,"ytd_prev_yr":409,"ytd_pct_change":13.4,"two_year_pct_change":-8.1,"six_year_pct_change":-7.2,"twentytwo_year_pct_change":null},{"crime":"Misd. Sex Crimes","wtd_curr_yr":1,"wtd_prev_yr":0,"wtd_pct_change":null,"twentyeight_day_curr_yr":1,"twentyeight_day_prev_yr":2,"twentyeight_day_pct_change":-50,"ytd_curr_yr":9,"ytd_prev_yr":16,"ytd_pct_change":-43.8,"two_year_pct_change":-60.9,"six_year_pct_change":-67.9,"twentytwo_year_pct_change":null},{"crime":"Shooting Vic.","wtd_curr_yr":1,"wtd_prev_yr":0,"wtd_pct_change":null,"twentyeight_day_curr_yr":1,"twentyeight_day_prev_yr":0,"twentyeight_day_pct_change":null,"ytd_curr_yr":8,"ytd_prev_yr":4,"ytd_pct_change":100,"two_year_pct_change":100,"six_year_pct_change":100,"twentytwo_year_pct_change":-65.2},{"crime":"Shooting Inc.","wtd_curr_yr":1,"wtd_prev_yr":0,"wtd_pct_change":null,"twentyeight_day_curr_yr":1,"twentyeight_day_prev_yr":0,"twentyeight_day_pct_change":null,"ytd_curr_yr":7,"ytd_prev_yr":4,"ytd_pct_change":75,"two_year_pct_change":75,"six_year_pct_change":75,"twentytwo_year_pct_change":-65}],"historical":[{"yr_1990":11,"yr_1993":19,"yr_1998":7,"yr_2001":5,"yr_2013":3,"pct_change_13vs01":-40,"pct_change_13vs98":-57.1,"pct_change_13vs93":-84.2,"pct_change_13vs90":-72.7,"crime":"Murder"},{"yr_1990":21,"yr_1993":21,"yr_1998":24,"yr_2001":15,"yr_2013":15,"pct_change_13vs01":0,"pct_change_13vs98":-37.5,"pct_change_13vs93":-28.6,"pct_change_13vs90":-28.6,"crime":"Rape"},{"yr_1990":1307,"yr_1993":1027,"yr_1998":490,"yr_2001":359,"yr_2013":256,"pct_change_13vs01":-28.7,"pct_change_13vs98":-47.8,"pct_change_13vs93":-75.1,"pct_change_13vs90":-80.4,"crime":"Robbery"},{"yr_1990":279,"yr_1993":305,"yr_1998":261,"yr_2001":262,"yr_2013":241,"pct_change_13vs01":-8,"pct_change_13vs98":-7.7,"pct_change_13vs93":-21,"pct_change_13vs90":-13.6,"crime":"Fel. Assault"},{"yr_1990":2562,"yr_1993":1955,"yr_1998":1024,"yr_2001":790,"yr_2013":339,"pct_change_13vs01":-57.1,"pct_change_13vs98":-66.9,"pct_change_13vs93":-82.7,"pct_change_13vs90":-86.8,"crime":"Burglary"},{"yr_1990":884,"yr_1993":678,"yr_1998":485,"yr_2001":551,"yr_2013":572,"pct_change_13vs01":3.8,"pct_change_13vs98":17.9,"pct_change_13vs93":-15.6,"pct_change_13vs90":-35.3,"crime":"Gr. Larceny"},{"yr_1990":4443,"yr_1993":3418,"yr_1998":1374,"yr_2001":892,"yr_2013":181,"pct_change_13vs01":-79.7,"pct_change_13vs98":-86.8,"pct_change_13vs93":-94.7,"pct_change_13vs90":-95.9,"crime":"G.L.A."},{"yr_1990":9507,"yr_1993":7423,"yr_1998":3665,"yr_2001":2874,"yr_2013":1607,"pct_change_13vs01":-44.08,"pct_change_13vs98":-56.15,"pct_change_13vs93":-78.35,"pct_change_13vs90":-83.1,"crime":"TOTAL"}]}