{"mayor":"Bill de Blasio","commissioner":"William J. Bratton","volume":21,"number":19,"precinct":"106th","startDate":"2014-05-05T04:00:00.000Z","endDate":"2014-05-11T04:00:00.000Z","crimes":[{"crime":"Murder","wtd_curr_yr":0,"wtd_prev_yr":0,"wtd_pct_change":null,"twentyeight_day_curr_yr":1,"twentyeight_day_prev_yr":0,"twentyeight_day_pct_change":null,"ytd_curr_yr":1,"ytd_prev_yr":2,"ytd_pct_change":-50,"two_year_pct_change":-50,"six_year_pct_change":0,"twentytwo_year_pct_change":-91.7},{"crime":"Rape","wtd_curr_yr":0,"wtd_prev_yr":1,"wtd_pct_change":-100,"twentyeight_day_curr_yr":2,"twentyeight_day_prev_yr":2,"twentyeight_day_pct_change":0,"ytd_curr_yr":8,"ytd_prev_yr":5,"ytd_pct_change":60,"two_year_pct_change":60,"six_year_pct_change":166.7,"twentytwo_year_pct_change":-27.3},{"crime":"Robbery","wtd_curr_yr":7,"wtd_prev_yr":4,"wtd_pct_change":75,"twentyeight_day_curr_yr":20,"twentyeight_day_prev_yr":18,"twentyeight_day_pct_change":11.1,"ytd_curr_yr":85,"ytd_prev_yr":89,"ytd_pct_change":-4.5,"two_year_pct_change":-10.5,"six_year_pct_change":6.2,"twentytwo_year_pct_change":-73.5},{"crime":"Fel. Assault","wtd_curr_yr":2,"wtd_prev_yr":2,"wtd_pct_change":0,"twentyeight_day_curr_yr":12,"twentyeight_day_prev_yr":17,"twentyeight_day_pct_change":-29.4,"ytd_curr_yr":75,"ytd_prev_yr":80,"ytd_pct_change":-6.2,"two_year_pct_change":21,"six_year_pct_change":50,"twentytwo_year_pct_change":-43.2},{"crime":"Burglary","wtd_curr_yr":6,"wtd_prev_yr":7,"wtd_pct_change":-14.3,"twentyeight_day_curr_yr":19,"twentyeight_day_prev_yr":26,"twentyeight_day_pct_change":-26.9,"ytd_curr_yr":102,"ytd_prev_yr":140,"ytd_pct_change":-27.1,"two_year_pct_change":-9.7,"six_year_pct_change":7.4,"twentytwo_year_pct_change":-75.6},{"crime":"Gr. Larceny","wtd_curr_yr":7,"wtd_prev_yr":15,"wtd_pct_change":-53.3,"twentyeight_day_curr_yr":41,"twentyeight_day_prev_yr":42,"twentyeight_day_pct_change":-2.4,"ytd_curr_yr":178,"ytd_prev_yr":179,"ytd_pct_change":-0.6,"two_year_pct_change":14.8,"six_year_pct_change":49.6,"twentytwo_year_pct_change":-9.2},{"crime":"G.L.A.","wtd_curr_yr":4,"wtd_prev_yr":3,"wtd_pct_change":33.3,"twentyeight_day_curr_yr":14,"twentyeight_day_prev_yr":12,"twentyeight_day_pct_change":16.7,"ytd_curr_yr":82,"ytd_prev_yr":50,"ytd_pct_change":64,"two_year_pct_change":7.9,"six_year_pct_change":-7.9,"twentytwo_year_pct_change":-93.4},{"crime":"TOTAL","wtd_curr_yr":26,"wtd_prev_yr":32,"wtd_pct_change":-18.75,"twentyeight_day_curr_yr":109,"twentyeight_day_prev_yr":117,"twentyeight_day_pct_change":-6.84,"ytd_curr_yr":531,"ytd_prev_yr":545,"ytd_pct_change":-2.57,"two_year_pct_change":4.53,"six_year_pct_change":21.51,"twentytwo_year_pct_change":-77.16},{"crime":"Transit","wtd_curr_yr":0,"wtd_prev_yr":0,"wtd_pct_change":null,"twentyeight_day_curr_yr":4,"twentyeight_day_prev_yr":3,"twentyeight_day_pct_change":33.3,"ytd_curr_yr":14,"ytd_prev_yr":11,"ytd_pct_change":27.3,"two_year_pct_change":55.6,"six_year_pct_change":133.3,"twentytwo_year_pct_change":null},{"crime":"Housing","wtd_curr_yr":0,"wtd_prev_yr":0,"wtd_pct_change":null,"twentyeight_day_curr_yr":0,"twentyeight_day_prev_yr":0,"twentyeight_day_pct_change":null,"ytd_curr_yr":0,"ytd_prev_yr":0,"ytd_pct_change":null,"two_year_pct_change":null,"six_year_pct_change":null,"twentytwo_year_pct_change":null},{"crime":"Petit Larceny","wtd_curr_yr":29,"wtd_prev_yr":7,"wtd_pct_change":314.3,"twentyeight_day_curr_yr":74,"twentyeight_day_prev_yr":49,"twentyeight_day_pct_change":51,"ytd_curr_yr":297,"ytd_prev_yr":261,"ytd_pct_change":13.8,"two_year_pct_change":-8,"six_year_pct_change":8,"twentytwo_year_pct_change":null},{"crime":"Misd. Assault","wtd_curr_yr":11,"wtd_prev_yr":10,"wtd_pct_change":10,"twentyeight_day_curr_yr":49,"twentyeight_day_prev_yr":34,"twentyeight_day_pct_change":44.1,"ytd_curr_yr":171,"ytd_prev_yr":136,"ytd_pct_change":25.7,"two_year_pct_change":9.6,"six_year_pct_change":20.4,"twentytwo_year_pct_change":null},{"crime":"Misd. Sex Crimes","wtd_curr_yr":1,"wtd_prev_yr":0,"wtd_pct_change":null,"twentyeight_day_curr_yr":4,"twentyeight_day_prev_yr":1,"twentyeight_day_pct_change":300,"ytd_curr_yr":8,"ytd_prev_yr":7,"ytd_pct_change":14.3,"two_year_pct_change":-20,"six_year_pct_change":-11.1,"twentytwo_year_pct_change":null},{"crime":"Shooting Vic.","wtd_curr_yr":0,"wtd_prev_yr":0,"wtd_pct_change":null,"twentyeight_day_curr_yr":1,"twentyeight_day_prev_yr":0,"twentyeight_day_pct_change":null,"ytd_curr_yr":1,"ytd_prev_yr":4,"ytd_pct_change":-75,"two_year_pct_change":-75,"six_year_pct_change":-75,"twentytwo_year_pct_change":-94.7},{"crime":"Shooting Inc.","wtd_curr_yr":0,"wtd_prev_yr":0,"wtd_pct_change":null,"twentyeight_day_curr_yr":1,"twentyeight_day_prev_yr":0,"twentyeight_day_pct_change":null,"ytd_curr_yr":1,"ytd_prev_yr":3,"ytd_pct_change":-66.7,"two_year_pct_change":-66.7,"six_year_pct_change":-75,"twentytwo_year_pct_change":-94.7}],"historical":[{"yr_1990":15,"yr_1993":21,"yr_1998":7,"yr_2001":4,"yr_2013":6,"pct_change_13vs01":50,"pct_change_13vs98":-14.3,"pct_change_13vs93":-71.4,"pct_change_13vs90":-60,"crime":"Murder"},{"yr_1990":31,"yr_1993":33,"yr_1998":40,"yr_2001":19,"yr_2013":19,"pct_change_13vs01":0,"pct_change_13vs98":-52.5,"pct_change_13vs93":-42.4,"pct_change_13vs90":-38.7,"crime":"Rape"},{"yr_1990":832,"yr_1993":891,"yr_1998":545,"yr_2001":344,"yr_2013":328,"pct_change_13vs01":-4.7,"pct_change_13vs98":-39.8,"pct_change_13vs93":-63.2,"pct_change_13vs90":-60.6,"crime":"Robbery"},{"yr_1990":329,"yr_1993":408,"yr_1998":297,"yr_2001":241,"yr_2013":253,"pct_change_13vs01":5,"pct_change_13vs98":-14.8,"pct_change_13vs93":-38,"pct_change_13vs90":-23.1,"crime":"Fel. Assault"},{"yr_1990":1348,"yr_1993":1230,"yr_1998":662,"yr_2001":417,"yr_2013":346,"pct_change_13vs01":-17,"pct_change_13vs98":-47.7,"pct_change_13vs93":-71.9,"pct_change_13vs90":-74.3,"crime":"Burglary"},{"yr_1990":715,"yr_1993":595,"yr_1998":440,"yr_2001":381,"yr_2013":522,"pct_change_13vs01":37,"pct_change_13vs98":18.6,"pct_change_13vs93":-12.3,"pct_change_13vs90":-27,"crime":"Gr. Larceny"},{"yr_1990":3071,"yr_1993":3304,"yr_1998":1370,"yr_2001":778,"yr_2013":191,"pct_change_13vs01":-75.4,"pct_change_13vs98":-86.1,"pct_change_13vs93":-94.2,"pct_change_13vs90":-93.8,"crime":"G.L.A."},{"yr_1990":6341,"yr_1993":6482,"yr_1998":3361,"yr_2001":2184,"yr_2013":1665,"pct_change_13vs01":-23.76,"pct_change_13vs98":-50.46,"pct_change_13vs93":-74.31,"pct_change_13vs90":-73.74,"crime":"TOTAL"}]}