{"mayor":"Bill de Blasio","commissioner":"William J. Bratton","volume":22,"number":3,"precinct":"109th","startDate":"2015-01-12T05:00:00.000Z","endDate":"2015-01-18T05:00:00.000Z","crimes":[{"crime":"Murder","wtd_curr_yr":0,"wtd_prev_yr":0,"wtd_pct_change":null,"twentyeight_day_curr_yr":0,"twentyeight_day_prev_yr":0,"twentyeight_day_pct_change":null,"ytd_curr_yr":0,"ytd_prev_yr":0,"ytd_pct_change":null,"two_year_pct_change":null,"six_year_pct_change":-100,"twentytwo_year_pct_change":-100},{"crime":"Rape","wtd_curr_yr":1,"wtd_prev_yr":0,"wtd_pct_change":null,"twentyeight_day_curr_yr":2,"twentyeight_day_prev_yr":2,"twentyeight_day_pct_change":0,"ytd_curr_yr":1,"ytd_prev_yr":0,"ytd_pct_change":null,"two_year_pct_change":-66.7,"six_year_pct_change":0,"twentytwo_year_pct_change":-75},{"crime":"Robbery","wtd_curr_yr":2,"wtd_prev_yr":9,"wtd_pct_change":-77.8,"twentyeight_day_curr_yr":11,"twentyeight_day_prev_yr":15,"twentyeight_day_pct_change":-26.7,"ytd_curr_yr":6,"ytd_prev_yr":11,"ytd_pct_change":-45.5,"two_year_pct_change":-68.4,"six_year_pct_change":-60,"twentytwo_year_pct_change":-90.6},{"crime":"Fel. Assault","wtd_curr_yr":2,"wtd_prev_yr":5,"wtd_pct_change":-60,"twentyeight_day_curr_yr":14,"twentyeight_day_prev_yr":30,"twentyeight_day_pct_change":-53.3,"ytd_curr_yr":9,"ytd_prev_yr":19,"ytd_pct_change":-52.6,"two_year_pct_change":-18.2,"six_year_pct_change":-25,"twentytwo_year_pct_change":-43.8},{"crime":"Burglary","wtd_curr_yr":5,"wtd_prev_yr":10,"wtd_pct_change":-50,"twentyeight_day_curr_yr":27,"twentyeight_day_prev_yr":37,"twentyeight_day_pct_change":-27,"ytd_curr_yr":10,"ytd_prev_yr":23,"ytd_pct_change":-56.5,"two_year_pct_change":-66.7,"six_year_pct_change":-63,"twentytwo_year_pct_change":-93.5},{"crime":"Gr. Larceny","wtd_curr_yr":18,"wtd_prev_yr":22,"wtd_pct_change":-18.2,"twentyeight_day_curr_yr":60,"twentyeight_day_prev_yr":74,"twentyeight_day_pct_change":-18.9,"ytd_curr_yr":38,"ytd_prev_yr":53,"ytd_pct_change":-28.3,"two_year_pct_change":15.2,"six_year_pct_change":-9.5,"twentytwo_year_pct_change":-40.6},{"crime":"G.L.A.","wtd_curr_yr":3,"wtd_prev_yr":4,"wtd_pct_change":-25,"twentyeight_day_curr_yr":13,"twentyeight_day_prev_yr":8,"twentyeight_day_pct_change":62.5,"ytd_curr_yr":8,"ytd_prev_yr":6,"ytd_pct_change":33.3,"two_year_pct_change":-52.9,"six_year_pct_change":-33.3,"twentytwo_year_pct_change":-96.3},{"crime":"TOTAL","wtd_curr_yr":31,"wtd_prev_yr":50,"wtd_pct_change":-38,"twentyeight_day_curr_yr":127,"twentyeight_day_prev_yr":166,"twentyeight_day_pct_change":-23.49,"ytd_curr_yr":72,"ytd_prev_yr":112,"ytd_pct_change":-35.71,"two_year_pct_change":-36.28,"six_year_pct_change":-34.55,"twentytwo_year_pct_change":-86.15},{"crime":"Transit","wtd_curr_yr":0,"wtd_prev_yr":0,"wtd_pct_change":null,"twentyeight_day_curr_yr":1,"twentyeight_day_prev_yr":1,"twentyeight_day_pct_change":0,"ytd_curr_yr":0,"ytd_prev_yr":0,"ytd_pct_change":null,"two_year_pct_change":null,"six_year_pct_change":null,"twentytwo_year_pct_change":null},{"crime":"Housing","wtd_curr_yr":0,"wtd_prev_yr":0,"wtd_pct_change":null,"twentyeight_day_curr_yr":0,"twentyeight_day_prev_yr":2,"twentyeight_day_pct_change":-100,"ytd_curr_yr":0,"ytd_prev_yr":1,"ytd_pct_change":-100,"two_year_pct_change":null,"six_year_pct_change":null,"twentytwo_year_pct_change":null},{"crime":"Petit Larceny","wtd_curr_yr":35,"wtd_prev_yr":37,"wtd_pct_change":-5.4,"twentyeight_day_curr_yr":129,"twentyeight_day_prev_yr":101,"twentyeight_day_pct_change":27.7,"ytd_curr_yr":88,"ytd_prev_yr":69,"ytd_pct_change":27.5,"two_year_pct_change":17.3,"six_year_pct_change":27.5,"twentytwo_year_pct_change":null},{"crime":"Misd. Assault","wtd_curr_yr":14,"wtd_prev_yr":8,"wtd_pct_change":75,"twentyeight_day_curr_yr":42,"twentyeight_day_prev_yr":45,"twentyeight_day_pct_change":-6.7,"ytd_curr_yr":28,"ytd_prev_yr":29,"ytd_pct_change":-3.4,"two_year_pct_change":-15.2,"six_year_pct_change":47.4,"twentytwo_year_pct_change":null},{"crime":"Misd. Sex Crimes","wtd_curr_yr":0,"wtd_prev_yr":0,"wtd_pct_change":null,"twentyeight_day_curr_yr":1,"twentyeight_day_prev_yr":1,"twentyeight_day_pct_change":0,"ytd_curr_yr":1,"ytd_prev_yr":0,"ytd_pct_change":null,"two_year_pct_change":-75,"six_year_pct_change":-66.7,"twentytwo_year_pct_change":null},{"crime":"Shooting Vic.","wtd_curr_yr":0,"wtd_prev_yr":0,"wtd_pct_change":null,"twentyeight_day_curr_yr":0,"twentyeight_day_prev_yr":0,"twentyeight_day_pct_change":null,"ytd_curr_yr":0,"ytd_prev_yr":0,"ytd_pct_change":null,"two_year_pct_change":null,"six_year_pct_change":null,"twentytwo_year_pct_change":-100},{"crime":"Shooting Inc.","wtd_curr_yr":0,"wtd_prev_yr":0,"wtd_pct_change":null,"twentyeight_day_curr_yr":0,"twentyeight_day_prev_yr":0,"twentyeight_day_pct_change":null,"ytd_curr_yr":0,"ytd_prev_yr":0,"ytd_pct_change":null,"two_year_pct_change":null,"six_year_pct_change":null,"twentytwo_year_pct_change":-100}],"historical":[{"yr_1990":19,"yr_1993":11,"yr_1998":3,"yr_2001":5,"yr_2014":6,"pct_change_14vs01":20,"pct_change_14vs98":100,"pct_change_14vs93":-45.5,"pct_change_14vs90":-68.4,"crime":"Murder"},{"yr_1990":33,"yr_1993":34,"yr_1998":28,"yr_2001":22,"yr_2014":21,"pct_change_14vs01":-4.5,"pct_change_14vs98":-25,"pct_change_14vs93":-38.2,"pct_change_14vs90":-36.4,"crime":"Rape"},{"yr_1990":1220,"yr_1993":1217,"yr_1998":480,"yr_2001":388,"yr_2014":178,"pct_change_14vs01":-54.1,"pct_change_14vs98":-62.9,"pct_change_14vs93":-85.4,"pct_change_14vs90":-85.4,"crime":"Robbery"},{"yr_1990":378,"yr_1993":350,"yr_1998":363,"yr_2001":327,"yr_2014":263,"pct_change_14vs01":-19.6,"pct_change_14vs98":-27.5,"pct_change_14vs93":-24.9,"pct_change_14vs90":-30.4,"crime":"Fel. Assault"},{"yr_1990":3189,"yr_1993":2378,"yr_1998":1440,"yr_2001":964,"yr_2014":464,"pct_change_14vs01":-51.9,"pct_change_14vs98":-67.8,"pct_change_14vs93":-80.5,"pct_change_14vs90":-85.4,"crime":"Burglary"},{"yr_1990":1877,"yr_1993":1367,"yr_1998":993,"yr_2001":1175,"yr_2014":884,"pct_change_14vs01":-24.8,"pct_change_14vs98":-11,"pct_change_14vs93":-35.3,"pct_change_14vs90":-52.9,"crime":"Gr. Larceny"},{"yr_1990":4813,"yr_1993":4153,"yr_1998":1668,"yr_2001":1075,"yr_2014":221,"pct_change_14vs01":-79.4,"pct_change_14vs98":-86.8,"pct_change_14vs93":-94.7,"pct_change_14vs90":-95.4,"crime":"G.L.A."},{"yr_1990":11529,"yr_1993":9510,"yr_1998":4975,"yr_2001":3956,"yr_2014":2037,"pct_change_14vs01":-48.51,"pct_change_14vs98":-59.06,"pct_change_14vs93":-78.58,"pct_change_14vs90":-82.33,"crime":"TOTAL"}]}