{"mayor":"Bill de Blasio","commissioner":"William J. Bratton","volume":21,"number":42,"precinct":"108th","startDate":"2014-10-13T04:00:00.000Z","endDate":"2014-10-19T04:00:00.000Z","crimes":[{"crime":"Murder","wtd_curr_yr":0,"wtd_prev_yr":0,"wtd_pct_change":null,"twentyeight_day_curr_yr":0,"twentyeight_day_prev_yr":0,"twentyeight_day_pct_change":null,"ytd_curr_yr":2,"ytd_prev_yr":4,"ytd_pct_change":-50,"two_year_pct_change":0,"six_year_pct_change":100,"twentytwo_year_pct_change":-75},{"crime":"Rape","wtd_curr_yr":1,"wtd_prev_yr":1,"wtd_pct_change":0,"twentyeight_day_curr_yr":1,"twentyeight_day_prev_yr":1,"twentyeight_day_pct_change":0,"ytd_curr_yr":13,"ytd_prev_yr":13,"ytd_pct_change":0,"two_year_pct_change":0,"six_year_pct_change":18.2,"twentytwo_year_pct_change":62.5},{"crime":"Robbery","wtd_curr_yr":2,"wtd_prev_yr":3,"wtd_pct_change":-33.3,"twentyeight_day_curr_yr":10,"twentyeight_day_prev_yr":11,"twentyeight_day_pct_change":-9.1,"ytd_curr_yr":127,"ytd_prev_yr":122,"ytd_pct_change":4.1,"two_year_pct_change":-20.1,"six_year_pct_change":2.4,"twentytwo_year_pct_change":-84.4},{"crime":"Fel. Assault","wtd_curr_yr":3,"wtd_prev_yr":2,"wtd_pct_change":50,"twentyeight_day_curr_yr":16,"twentyeight_day_prev_yr":9,"twentyeight_day_pct_change":77.8,"ytd_curr_yr":130,"ytd_prev_yr":141,"ytd_pct_change":-7.8,"two_year_pct_change":22.6,"six_year_pct_change":73.3,"twentytwo_year_pct_change":-49},{"crime":"Burglary","wtd_curr_yr":9,"wtd_prev_yr":3,"wtd_pct_change":200,"twentyeight_day_curr_yr":25,"twentyeight_day_prev_yr":18,"twentyeight_day_pct_change":38.9,"ytd_curr_yr":191,"ytd_prev_yr":177,"ytd_pct_change":7.9,"two_year_pct_change":-5.4,"six_year_pct_change":-11.2,"twentytwo_year_pct_change":-84.5},{"crime":"Gr. Larceny","wtd_curr_yr":10,"wtd_prev_yr":6,"wtd_pct_change":66.7,"twentyeight_day_curr_yr":45,"twentyeight_day_prev_yr":43,"twentyeight_day_pct_change":4.7,"ytd_curr_yr":446,"ytd_prev_yr":449,"ytd_pct_change":-0.7,"two_year_pct_change":21.9,"six_year_pct_change":14.4,"twentytwo_year_pct_change":-40.1},{"crime":"G.L.A.","wtd_curr_yr":5,"wtd_prev_yr":2,"wtd_pct_change":150,"twentyeight_day_curr_yr":15,"twentyeight_day_prev_yr":18,"twentyeight_day_pct_change":-16.7,"ytd_curr_yr":124,"ytd_prev_yr":131,"ytd_pct_change":-5.3,"two_year_pct_change":6.9,"six_year_pct_change":-18.4,"twentytwo_year_pct_change":-92.6},{"crime":"TOTAL","wtd_curr_yr":30,"wtd_prev_yr":17,"wtd_pct_change":76.47,"twentyeight_day_curr_yr":112,"twentyeight_day_prev_yr":100,"twentyeight_day_pct_change":12,"ytd_curr_yr":1033,"ytd_prev_yr":1037,"ytd_pct_change":-0.39,"two_year_pct_change":7.16,"six_year_pct_change":6.71,"twentytwo_year_pct_change":-78.16},{"crime":"Transit","wtd_curr_yr":3,"wtd_prev_yr":1,"wtd_pct_change":200,"twentyeight_day_curr_yr":5,"twentyeight_day_prev_yr":5,"twentyeight_day_pct_change":0,"ytd_curr_yr":54,"ytd_prev_yr":60,"ytd_pct_change":-10,"two_year_pct_change":-3.6,"six_year_pct_change":74.2,"twentytwo_year_pct_change":null},{"crime":"Housing","wtd_curr_yr":0,"wtd_prev_yr":0,"wtd_pct_change":null,"twentyeight_day_curr_yr":0,"twentyeight_day_prev_yr":0,"twentyeight_day_pct_change":null,"ytd_curr_yr":0,"ytd_prev_yr":0,"ytd_pct_change":null,"two_year_pct_change":null,"six_year_pct_change":null,"twentytwo_year_pct_change":null},{"crime":"Petit Larceny","wtd_curr_yr":21,"wtd_prev_yr":24,"wtd_pct_change":-12.5,"twentyeight_day_curr_yr":79,"twentyeight_day_prev_yr":88,"twentyeight_day_pct_change":-10.2,"ytd_curr_yr":705,"ytd_prev_yr":809,"ytd_pct_change":-12.9,"two_year_pct_change":1.7,"six_year_pct_change":-4.3,"twentytwo_year_pct_change":null},{"crime":"Misd. Assault","wtd_curr_yr":10,"wtd_prev_yr":10,"wtd_pct_change":0,"twentyeight_day_curr_yr":39,"twentyeight_day_prev_yr":31,"twentyeight_day_pct_change":25.8,"ytd_curr_yr":360,"ytd_prev_yr":378,"ytd_pct_change":-4.8,"two_year_pct_change":3.4,"six_year_pct_change":-8.9,"twentytwo_year_pct_change":null},{"crime":"Misd. Sex Crimes","wtd_curr_yr":2,"wtd_prev_yr":2,"wtd_pct_change":0,"twentyeight_day_curr_yr":3,"twentyeight_day_prev_yr":2,"twentyeight_day_pct_change":50,"ytd_curr_yr":39,"ytd_prev_yr":50,"ytd_pct_change":-22,"two_year_pct_change":-18.8,"six_year_pct_change":-20.4,"twentytwo_year_pct_change":null},{"crime":"Shooting Vic.","wtd_curr_yr":4,"wtd_prev_yr":0,"wtd_pct_change":null,"twentyeight_day_curr_yr":4,"twentyeight_day_prev_yr":0,"twentyeight_day_pct_change":null,"ytd_curr_yr":5,"ytd_prev_yr":5,"ytd_pct_change":0,"two_year_pct_change":400,"six_year_pct_change":null,"twentytwo_year_pct_change":-64.3},{"crime":"Shooting Inc.","wtd_curr_yr":1,"wtd_prev_yr":0,"wtd_pct_change":null,"twentyeight_day_curr_yr":1,"twentyeight_day_prev_yr":0,"twentyeight_day_pct_change":null,"ytd_curr_yr":2,"ytd_prev_yr":4,"ytd_pct_change":-50,"two_year_pct_change":100,"six_year_pct_change":null,"twentytwo_year_pct_change":-85.7}],"historical":[{"yr_1990":16,"yr_1993":10,"yr_1998":5,"yr_2001":3,"yr_2013":4,"pct_change_13vs01":33.3,"pct_change_13vs98":-20,"pct_change_13vs93":-60,"pct_change_13vs90":-75,"crime":"Murder"},{"yr_1990":22,"yr_1993":12,"yr_1998":24,"yr_2001":18,"yr_2013":15,"pct_change_13vs01":-16.7,"pct_change_13vs98":-37.5,"pct_change_13vs93":25,"pct_change_13vs90":-31.8,"crime":"Rape"},{"yr_1990":1372,"yr_1993":1026,"yr_1998":464,"yr_2001":313,"yr_2013":160,"pct_change_13vs01":-48.9,"pct_change_13vs98":-65.5,"pct_change_13vs93":-84.4,"pct_change_13vs90":-88.3,"crime":"Robbery"},{"yr_1990":290,"yr_1993":317,"yr_1998":248,"yr_2001":147,"yr_2013":171,"pct_change_13vs01":16.3,"pct_change_13vs98":-31,"pct_change_13vs93":-46.1,"pct_change_13vs90":-41,"crime":"Fel. Assault"},{"yr_1990":2062,"yr_1993":1563,"yr_1998":971,"yr_2001":564,"yr_2013":244,"pct_change_13vs01":-56.7,"pct_change_13vs98":-74.9,"pct_change_13vs93":-84.4,"pct_change_13vs90":-88.2,"crime":"Burglary"},{"yr_1990":1150,"yr_1993":914,"yr_1998":605,"yr_2001":570,"yr_2013":572,"pct_change_13vs01":0.4,"pct_change_13vs98":-5.5,"pct_change_13vs93":-37.4,"pct_change_13vs90":-50.3,"crime":"Gr. Larceny"},{"yr_1990":2945,"yr_1993":2123,"yr_1998":942,"yr_2001":704,"yr_2013":166,"pct_change_13vs01":-76.4,"pct_change_13vs98":-82.4,"pct_change_13vs93":-92.2,"pct_change_13vs90":-94.4,"crime":"G.L.A."},{"yr_1990":7857,"yr_1993":5965,"yr_1998":3259,"yr_2001":2319,"yr_2013":1332,"pct_change_13vs01":-42.56,"pct_change_13vs98":-59.13,"pct_change_13vs93":-77.67,"pct_change_13vs90":-83.05,"crime":"TOTAL"}]}