{"mayor":"Bill de Blasio","commissioner":"William J. Bratton","volume":21,"number":28,"precinct":"102nd","startDate":"2014-07-07T04:00:00.000Z","endDate":"2014-07-13T04:00:00.000Z","crimes":[{"crime":"Murder","wtd_curr_yr":1,"wtd_prev_yr":0,"wtd_pct_change":null,"twentyeight_day_curr_yr":1,"twentyeight_day_prev_yr":0,"twentyeight_day_pct_change":null,"ytd_curr_yr":2,"ytd_prev_yr":5,"ytd_pct_change":-60,"two_year_pct_change":100,"six_year_pct_change":-50,"twentytwo_year_pct_change":-50},{"crime":"Rape","wtd_curr_yr":0,"wtd_prev_yr":0,"wtd_pct_change":null,"twentyeight_day_curr_yr":1,"twentyeight_day_prev_yr":2,"twentyeight_day_pct_change":-50,"ytd_curr_yr":12,"ytd_prev_yr":14,"ytd_pct_change":-14.3,"two_year_pct_change":-7.7,"six_year_pct_change":0,"twentytwo_year_pct_change":-36.8},{"crime":"Robbery","wtd_curr_yr":3,"wtd_prev_yr":10,"wtd_pct_change":-70,"twentyeight_day_curr_yr":13,"twentyeight_day_prev_yr":28,"twentyeight_day_pct_change":-53.6,"ytd_curr_yr":129,"ytd_prev_yr":154,"ytd_pct_change":-16.2,"two_year_pct_change":-9.8,"six_year_pct_change":-0.8,"twentytwo_year_pct_change":-77.9},{"crime":"Fel. Assault","wtd_curr_yr":6,"wtd_prev_yr":6,"wtd_pct_change":0,"twentyeight_day_curr_yr":26,"twentyeight_day_prev_yr":28,"twentyeight_day_pct_change":-7.1,"ytd_curr_yr":133,"ytd_prev_yr":156,"ytd_pct_change":-14.7,"two_year_pct_change":5.6,"six_year_pct_change":24.3,"twentytwo_year_pct_change":-28.9},{"crime":"Burglary","wtd_curr_yr":5,"wtd_prev_yr":7,"wtd_pct_change":-28.6,"twentyeight_day_curr_yr":21,"twentyeight_day_prev_yr":25,"twentyeight_day_pct_change":-16,"ytd_curr_yr":167,"ytd_prev_yr":145,"ytd_pct_change":15.2,"two_year_pct_change":8.4,"six_year_pct_change":6.4,"twentytwo_year_pct_change":-77},{"crime":"Gr. Larceny","wtd_curr_yr":7,"wtd_prev_yr":13,"wtd_pct_change":-46.2,"twentyeight_day_curr_yr":27,"twentyeight_day_prev_yr":45,"twentyeight_day_pct_change":-40,"ytd_curr_yr":289,"ytd_prev_yr":227,"ytd_pct_change":27.3,"two_year_pct_change":30.8,"six_year_pct_change":24,"twentytwo_year_pct_change":3.2},{"crime":"G.L.A.","wtd_curr_yr":7,"wtd_prev_yr":4,"wtd_pct_change":75,"twentyeight_day_curr_yr":16,"twentyeight_day_prev_yr":25,"twentyeight_day_pct_change":-36,"ytd_curr_yr":118,"ytd_prev_yr":123,"ytd_pct_change":-4.1,"two_year_pct_change":7.3,"six_year_pct_change":0,"twentytwo_year_pct_change":-93.7},{"crime":"TOTAL","wtd_curr_yr":29,"wtd_prev_yr":40,"wtd_pct_change":-27.5,"twentyeight_day_curr_yr":105,"twentyeight_day_prev_yr":153,"twentyeight_day_pct_change":-31.37,"ytd_curr_yr":850,"ytd_prev_yr":824,"ytd_pct_change":3.16,"two_year_pct_change":10.68,"six_year_pct_change":11.7,"twentytwo_year_pct_change":-76.79},{"crime":"Transit","wtd_curr_yr":0,"wtd_prev_yr":1,"wtd_pct_change":-100,"twentyeight_day_curr_yr":0,"twentyeight_day_prev_yr":2,"twentyeight_day_pct_change":-100,"ytd_curr_yr":11,"ytd_prev_yr":7,"ytd_pct_change":57.1,"two_year_pct_change":-8.3,"six_year_pct_change":-8.3,"twentytwo_year_pct_change":null},{"crime":"Housing","wtd_curr_yr":0,"wtd_prev_yr":0,"wtd_pct_change":null,"twentyeight_day_curr_yr":0,"twentyeight_day_prev_yr":0,"twentyeight_day_pct_change":null,"ytd_curr_yr":0,"ytd_prev_yr":0,"ytd_pct_change":null,"two_year_pct_change":null,"six_year_pct_change":null,"twentytwo_year_pct_change":null},{"crime":"Petit Larceny","wtd_curr_yr":19,"wtd_prev_yr":19,"wtd_pct_change":0,"twentyeight_day_curr_yr":87,"twentyeight_day_prev_yr":74,"twentyeight_day_pct_change":17.6,"ytd_curr_yr":556,"ytd_prev_yr":455,"ytd_pct_change":22.2,"two_year_pct_change":17.1,"six_year_pct_change":25.2,"twentytwo_year_pct_change":null},{"crime":"Misd. Assault","wtd_curr_yr":7,"wtd_prev_yr":10,"wtd_pct_change":-30,"twentyeight_day_curr_yr":50,"twentyeight_day_prev_yr":43,"twentyeight_day_pct_change":16.3,"ytd_curr_yr":301,"ytd_prev_yr":287,"ytd_pct_change":4.9,"two_year_pct_change":-10.9,"six_year_pct_change":-6.5,"twentytwo_year_pct_change":null},{"crime":"Misd. Sex Crimes","wtd_curr_yr":1,"wtd_prev_yr":2,"wtd_pct_change":-50,"twentyeight_day_curr_yr":4,"twentyeight_day_prev_yr":5,"twentyeight_day_pct_change":-20,"ytd_curr_yr":18,"ytd_prev_yr":12,"ytd_pct_change":50,"two_year_pct_change":80,"six_year_pct_change":5.9,"twentytwo_year_pct_change":null},{"crime":"Shooting Vic.","wtd_curr_yr":0,"wtd_prev_yr":0,"wtd_pct_change":null,"twentyeight_day_curr_yr":0,"twentyeight_day_prev_yr":0,"twentyeight_day_pct_change":null,"ytd_curr_yr":4,"ytd_prev_yr":6,"ytd_pct_change":-33.3,"two_year_pct_change":33.3,"six_year_pct_change":-42.9,"twentytwo_year_pct_change":-77.8},{"crime":"Shooting Inc.","wtd_curr_yr":0,"wtd_prev_yr":0,"wtd_pct_change":null,"twentyeight_day_curr_yr":0,"twentyeight_day_prev_yr":0,"twentyeight_day_pct_change":null,"ytd_curr_yr":4,"ytd_prev_yr":6,"ytd_pct_change":-33.3,"two_year_pct_change":33.3,"six_year_pct_change":-42.9,"twentytwo_year_pct_change":-71.4}],"historical":[{"yr_2012":7,"yr_1993":12,"yr_1998":3,"yr_2001":2,"yr_2013":7,"pct_change_13vs01":250,"pct_change_13vs98":133.3,"pct_change_13vs93":-41.7,"pct_change_13vs12":0,"crime":"Murder"},{"yr_2012":28,"yr_1993":34,"yr_1998":23,"yr_2001":21,"yr_2013":24,"pct_change_13vs01":14.3,"pct_change_13vs98":4.3,"pct_change_13vs93":-29.4,"pct_change_13vs12":-14.3,"crime":"Rape"},{"yr_2012":1238,"yr_1993":672,"yr_1998":459,"yr_2001":311,"yr_2013":-32.2,"pct_change_13vs01":-53.7,"pct_change_13vs98":-74.9,"pct_change_13vs93":-4.6,"pct_change_13vs12":null,"crime":"Robbery 326"},{"yr_2012":261,"yr_1993":362,"yr_1998":440,"yr_2001":309,"yr_2013":323,"pct_change_13vs01":4.5,"pct_change_13vs98":-26.6,"pct_change_13vs93":-10.8,"pct_change_13vs12":23.8,"crime":"Fel. Assault"},{"yr_2012":1503,"yr_1993":965,"yr_1998":622,"yr_2001":288,"yr_2013":-53.7,"pct_change_13vs01":-70.2,"pct_change_13vs98":-80.8,"pct_change_13vs93":-8,"pct_change_13vs12":null,"crime":"Burglary 313"},{"yr_2012":441,"yr_1993":583,"yr_1998":538,"yr_2001":378,"yr_2013":490,"pct_change_13vs01":29.6,"pct_change_13vs98":-8.9,"pct_change_13vs93":-16,"pct_change_13vs12":11.1,"crime":"Gr. Larceny"},{"yr_2012":3495,"yr_1993":1303,"yr_1998":803,"yr_2001":252,"yr_2013":-68.6,"pct_change_13vs01":-80.7,"pct_change_13vs98":-92.8,"pct_change_13vs93":9.6,"pct_change_13vs12":null,"crime":"G.L.A. 230"},{"yr_2012":1606,"yr_1993":7227,"yr_1998":3944,"yr_2001":2594,"yr_2013":1695,"pct_change_13vs01":-34.66,"pct_change_13vs98":-57.02,"pct_change_13vs93":-76.55,"pct_change_13vs12":5.54,"crime":"TOTAL"}]}