{"mayor":"Bill de Blasio","commissioner":"William J. Bratton","volume":21,"number":32,"precinct":"104th","startDate":"2014-08-04T04:00:00.000Z","endDate":"2014-08-10T04:00:00.000Z","crimes":[{"crime":"Murder","wtd_curr_yr":0,"wtd_prev_yr":0,"wtd_pct_change":null,"twentyeight_day_curr_yr":0,"twentyeight_day_prev_yr":0,"twentyeight_day_pct_change":null,"ytd_curr_yr":3,"ytd_prev_yr":3,"ytd_pct_change":0,"two_year_pct_change":null,"six_year_pct_change":200,"twentytwo_year_pct_change":-81.2},{"crime":"Rape","wtd_curr_yr":0,"wtd_prev_yr":0,"wtd_pct_change":null,"twentyeight_day_curr_yr":2,"twentyeight_day_prev_yr":0,"twentyeight_day_pct_change":null,"ytd_curr_yr":13,"ytd_prev_yr":8,"ytd_pct_change":62.5,"two_year_pct_change":44.4,"six_year_pct_change":62.5,"twentytwo_year_pct_change":-23.5},{"crime":"Robbery","wtd_curr_yr":5,"wtd_prev_yr":3,"wtd_pct_change":66.7,"twentyeight_day_curr_yr":16,"twentyeight_day_prev_yr":22,"twentyeight_day_pct_change":-27.3,"ytd_curr_yr":102,"ytd_prev_yr":132,"ytd_pct_change":-22.7,"two_year_pct_change":-38.2,"six_year_pct_change":-35.4,"twentytwo_year_pct_change":-82.2},{"crime":"Fel. Assault","wtd_curr_yr":3,"wtd_prev_yr":8,"wtd_pct_change":-62.5,"twentyeight_day_curr_yr":18,"twentyeight_day_prev_yr":26,"twentyeight_day_pct_change":-30.8,"ytd_curr_yr":133,"ytd_prev_yr":161,"ytd_pct_change":-17.4,"two_year_pct_change":-17.4,"six_year_pct_change":27.9,"twentytwo_year_pct_change":-29.3},{"crime":"Burglary","wtd_curr_yr":4,"wtd_prev_yr":10,"wtd_pct_change":-60,"twentyeight_day_curr_yr":25,"twentyeight_day_prev_yr":31,"twentyeight_day_pct_change":-19.4,"ytd_curr_yr":181,"ytd_prev_yr":216,"ytd_pct_change":-16.2,"two_year_pct_change":-23.9,"six_year_pct_change":-33.7,"twentytwo_year_pct_change":-85.8},{"crime":"Gr. Larceny","wtd_curr_yr":13,"wtd_prev_yr":14,"wtd_pct_change":-7.1,"twentyeight_day_curr_yr":48,"twentyeight_day_prev_yr":46,"twentyeight_day_pct_change":4.3,"ytd_curr_yr":343,"ytd_prev_yr":308,"ytd_pct_change":11.4,"two_year_pct_change":9.6,"six_year_pct_change":17.9,"twentytwo_year_pct_change":-12.5},{"crime":"G.L.A.","wtd_curr_yr":2,"wtd_prev_yr":2,"wtd_pct_change":0,"twentyeight_day_curr_yr":14,"twentyeight_day_prev_yr":16,"twentyeight_day_pct_change":-12.5,"ytd_curr_yr":121,"ytd_prev_yr":89,"ytd_pct_change":36,"two_year_pct_change":-7.6,"six_year_pct_change":-29.7,"twentytwo_year_pct_change":-94.5},{"crime":"TOTAL","wtd_curr_yr":27,"wtd_prev_yr":37,"wtd_pct_change":-27.03,"twentyeight_day_curr_yr":123,"twentyeight_day_prev_yr":141,"twentyeight_day_pct_change":-12.77,"ytd_curr_yr":896,"ytd_prev_yr":917,"ytd_pct_change":-2.29,"two_year_pct_change":-11.9,"six_year_pct_change":-11.02,"twentytwo_year_pct_change":-80.81},{"crime":"Transit","wtd_curr_yr":1,"wtd_prev_yr":0,"wtd_pct_change":null,"twentyeight_day_curr_yr":1,"twentyeight_day_prev_yr":0,"twentyeight_day_pct_change":null,"ytd_curr_yr":8,"ytd_prev_yr":8,"ytd_pct_change":0,"two_year_pct_change":-57.9,"six_year_pct_change":300,"twentytwo_year_pct_change":null},{"crime":"Housing","wtd_curr_yr":0,"wtd_prev_yr":0,"wtd_pct_change":null,"twentyeight_day_curr_yr":0,"twentyeight_day_prev_yr":0,"twentyeight_day_pct_change":null,"ytd_curr_yr":0,"ytd_prev_yr":0,"ytd_pct_change":null,"two_year_pct_change":null,"six_year_pct_change":null,"twentytwo_year_pct_change":null},{"crime":"Petit Larceny","wtd_curr_yr":27,"wtd_prev_yr":27,"wtd_pct_change":0,"twentyeight_day_curr_yr":105,"twentyeight_day_prev_yr":110,"twentyeight_day_pct_change":-4.5,"ytd_curr_yr":700,"ytd_prev_yr":651,"ytd_pct_change":7.5,"two_year_pct_change":10.8,"six_year_pct_change":-0.7,"twentytwo_year_pct_change":null},{"crime":"Misd. Assault","wtd_curr_yr":8,"wtd_prev_yr":11,"wtd_pct_change":-27.3,"twentyeight_day_curr_yr":50,"twentyeight_day_prev_yr":54,"twentyeight_day_pct_change":-7.4,"ytd_curr_yr":384,"ytd_prev_yr":342,"ytd_pct_change":12.3,"two_year_pct_change":-5.4,"six_year_pct_change":-5.7,"twentytwo_year_pct_change":null},{"crime":"Misd. Sex Crimes","wtd_curr_yr":0,"wtd_prev_yr":0,"wtd_pct_change":null,"twentyeight_day_curr_yr":3,"twentyeight_day_prev_yr":2,"twentyeight_day_pct_change":50,"ytd_curr_yr":9,"ytd_prev_yr":13,"ytd_pct_change":-30.8,"two_year_pct_change":-47.1,"six_year_pct_change":-59.1,"twentytwo_year_pct_change":null},{"crime":"Shooting Vic.","wtd_curr_yr":0,"wtd_prev_yr":0,"wtd_pct_change":null,"twentyeight_day_curr_yr":0,"twentyeight_day_prev_yr":0,"twentyeight_day_pct_change":null,"ytd_curr_yr":6,"ytd_prev_yr":3,"ytd_pct_change":100,"two_year_pct_change":100,"six_year_pct_change":100,"twentytwo_year_pct_change":-70},{"crime":"Shooting Inc.","wtd_curr_yr":0,"wtd_prev_yr":0,"wtd_pct_change":null,"twentyeight_day_curr_yr":0,"twentyeight_day_prev_yr":0,"twentyeight_day_pct_change":null,"ytd_curr_yr":5,"ytd_prev_yr":3,"ytd_pct_change":66.7,"two_year_pct_change":66.7,"six_year_pct_change":66.7,"twentytwo_year_pct_change":-72.2}],"historical":[{"yr_1990":11,"yr_1993":19,"yr_1998":7,"yr_2001":5,"yr_2013":3,"pct_change_13vs01":-40,"pct_change_13vs98":-57.1,"pct_change_13vs93":-84.2,"pct_change_13vs90":-72.7,"crime":"Murder"},{"yr_1990":21,"yr_1993":21,"yr_1998":24,"yr_2001":15,"yr_2013":15,"pct_change_13vs01":0,"pct_change_13vs98":-37.5,"pct_change_13vs93":-28.6,"pct_change_13vs90":-28.6,"crime":"Rape"},{"yr_1990":1307,"yr_1993":1027,"yr_1998":490,"yr_2001":359,"yr_2013":256,"pct_change_13vs01":-28.7,"pct_change_13vs98":-47.8,"pct_change_13vs93":-75.1,"pct_change_13vs90":-80.4,"crime":"Robbery"},{"yr_1990":279,"yr_1993":305,"yr_1998":261,"yr_2001":262,"yr_2013":241,"pct_change_13vs01":-8,"pct_change_13vs98":-7.7,"pct_change_13vs93":-21,"pct_change_13vs90":-13.6,"crime":"Fel. Assault"},{"yr_1990":2562,"yr_1993":1955,"yr_1998":1024,"yr_2001":790,"yr_2013":339,"pct_change_13vs01":-57.1,"pct_change_13vs98":-66.9,"pct_change_13vs93":-82.7,"pct_change_13vs90":-86.8,"crime":"Burglary"},{"yr_1990":884,"yr_1993":678,"yr_1998":485,"yr_2001":551,"yr_2013":572,"pct_change_13vs01":3.8,"pct_change_13vs98":17.9,"pct_change_13vs93":-15.6,"pct_change_13vs90":-35.3,"crime":"Gr. Larceny"},{"yr_1990":4443,"yr_1993":3418,"yr_1998":1374,"yr_2001":892,"yr_2013":181,"pct_change_13vs01":-79.7,"pct_change_13vs98":-86.8,"pct_change_13vs93":-94.7,"pct_change_13vs90":-95.9,"crime":"G.L.A."},{"yr_1990":9507,"yr_1993":7423,"yr_1998":3665,"yr_2001":2874,"yr_2013":1607,"pct_change_13vs01":-44.08,"pct_change_13vs98":-56.15,"pct_change_13vs93":-78.35,"pct_change_13vs90":-83.1,"crime":"TOTAL"}]}