{"mayor":"Bill de Blasio","commissioner":"William J. Bratton","volume":22,"number":1,"precinct":"102nd","startDate":"2014-12-28T05:00:00.000Z","endDate":"2015-01-04T05:00:00.000Z","crimes":[{"crime":"Murder","wtd_curr_yr":0,"wtd_prev_yr":0,"wtd_pct_change":null,"twentyeight_day_curr_yr":1,"twentyeight_day_prev_yr":0,"twentyeight_day_pct_change":null,"ytd_curr_yr":0,"ytd_prev_yr":0,"ytd_pct_change":null,"two_year_pct_change":null,"six_year_pct_change":null,"twentytwo_year_pct_change":null},{"crime":"Rape","wtd_curr_yr":1,"wtd_prev_yr":0,"wtd_pct_change":null,"twentyeight_day_curr_yr":2,"twentyeight_day_prev_yr":0,"twentyeight_day_pct_change":null,"ytd_curr_yr":1,"ytd_prev_yr":0,"ytd_pct_change":null,"two_year_pct_change":null,"six_year_pct_change":null,"twentytwo_year_pct_change":null},{"crime":"Robbery","wtd_curr_yr":7,"wtd_prev_yr":2,"wtd_pct_change":250,"twentyeight_day_curr_yr":24,"twentyeight_day_prev_yr":18,"twentyeight_day_pct_change":33.3,"ytd_curr_yr":4,"ytd_prev_yr":0,"ytd_pct_change":null,"two_year_pct_change":0,"six_year_pct_change":300,"twentytwo_year_pct_change":-66.7},{"crime":"Fel. Assault","wtd_curr_yr":3,"wtd_prev_yr":7,"wtd_pct_change":-57.1,"twentyeight_day_curr_yr":12,"twentyeight_day_prev_yr":29,"twentyeight_day_pct_change":-58.6,"ytd_curr_yr":1,"ytd_prev_yr":4,"ytd_pct_change":-75,"two_year_pct_change":-75,"six_year_pct_change":0,"twentytwo_year_pct_change":-66.7},{"crime":"Burglary","wtd_curr_yr":4,"wtd_prev_yr":7,"wtd_pct_change":-42.9,"twentyeight_day_curr_yr":17,"twentyeight_day_prev_yr":21,"twentyeight_day_pct_change":-19,"ytd_curr_yr":2,"ytd_prev_yr":5,"ytd_pct_change":-60,"two_year_pct_change":0,"six_year_pct_change":0,"twentytwo_year_pct_change":-88.9},{"crime":"Gr. Larceny","wtd_curr_yr":14,"wtd_prev_yr":14,"wtd_pct_change":0,"twentyeight_day_curr_yr":33,"twentyeight_day_prev_yr":52,"twentyeight_day_pct_change":-36.5,"ytd_curr_yr":8,"ytd_prev_yr":4,"ytd_pct_change":100,"two_year_pct_change":700,"six_year_pct_change":166.7,"twentytwo_year_pct_change":60},{"crime":"G.L.A.","wtd_curr_yr":8,"wtd_prev_yr":7,"wtd_pct_change":14.3,"twentyeight_day_curr_yr":27,"twentyeight_day_prev_yr":25,"twentyeight_day_pct_change":8,"ytd_curr_yr":3,"ytd_prev_yr":3,"ytd_pct_change":0,"two_year_pct_change":0,"six_year_pct_change":-40,"twentytwo_year_pct_change":-93.2},{"crime":"TOTAL","wtd_curr_yr":37,"wtd_prev_yr":37,"wtd_pct_change":0,"twentyeight_day_curr_yr":116,"twentyeight_day_prev_yr":145,"twentyeight_day_pct_change":-20,"ytd_curr_yr":19,"ytd_prev_yr":16,"ytd_pct_change":18.75,"two_year_pct_change":35.71,"six_year_pct_change":58.33,"twentytwo_year_pct_change":-76.83},{"crime":"Transit","wtd_curr_yr":0,"wtd_prev_yr":1,"wtd_pct_change":-100,"twentyeight_day_curr_yr":1,"twentyeight_day_prev_yr":3,"twentyeight_day_pct_change":-66.7,"ytd_curr_yr":0,"ytd_prev_yr":1,"ytd_pct_change":-100,"two_year_pct_change":null,"six_year_pct_change":null,"twentytwo_year_pct_change":null},{"crime":"Housing","wtd_curr_yr":0,"wtd_prev_yr":0,"wtd_pct_change":null,"twentyeight_day_curr_yr":0,"twentyeight_day_prev_yr":0,"twentyeight_day_pct_change":null,"ytd_curr_yr":0,"ytd_prev_yr":0,"ytd_pct_change":null,"two_year_pct_change":null,"six_year_pct_change":null,"twentytwo_year_pct_change":null},{"crime":"Petit Larceny","wtd_curr_yr":18,"wtd_prev_yr":13,"wtd_pct_change":38.5,"twentyeight_day_curr_yr":63,"twentyeight_day_prev_yr":78,"twentyeight_day_pct_change":-19.2,"ytd_curr_yr":4,"ytd_prev_yr":6,"ytd_pct_change":-33.3,"two_year_pct_change":0,"six_year_pct_change":-20,"twentytwo_year_pct_change":null},{"crime":"Misd. Assault","wtd_curr_yr":15,"wtd_prev_yr":13,"wtd_pct_change":15.4,"twentyeight_day_curr_yr":43,"twentyeight_day_prev_yr":47,"twentyeight_day_pct_change":-8.5,"ytd_curr_yr":12,"ytd_prev_yr":4,"ytd_pct_change":200,"two_year_pct_change":71.4,"six_year_pct_change":71.4,"twentytwo_year_pct_change":null},{"crime":"Misd. Sex Crimes","wtd_curr_yr":2,"wtd_prev_yr":0,"wtd_pct_change":null,"twentyeight_day_curr_yr":5,"twentyeight_day_prev_yr":2,"twentyeight_day_pct_change":150,"ytd_curr_yr":1,"ytd_prev_yr":0,"ytd_pct_change":null,"two_year_pct_change":null,"six_year_pct_change":0,"twentytwo_year_pct_change":null},{"crime":"Shooting Vic.","wtd_curr_yr":0,"wtd_prev_yr":0,"wtd_pct_change":null,"twentyeight_day_curr_yr":2,"twentyeight_day_prev_yr":1,"twentyeight_day_pct_change":100,"ytd_curr_yr":0,"ytd_prev_yr":0,"ytd_pct_change":null,"two_year_pct_change":null,"six_year_pct_change":null,"twentytwo_year_pct_change":-100},{"crime":"Shooting Inc.","wtd_curr_yr":0,"wtd_prev_yr":0,"wtd_pct_change":null,"twentyeight_day_curr_yr":2,"twentyeight_day_prev_yr":1,"twentyeight_day_pct_change":100,"ytd_curr_yr":0,"ytd_prev_yr":0,"ytd_pct_change":null,"two_year_pct_change":null,"six_year_pct_change":null,"twentytwo_year_pct_change":-100}],"historical":[{"yr_1990":6,"yr_1993":12,"yr_1998":3,"yr_2001":2,"yr_2014":3,"pct_change_14vs01":50,"pct_change_14vs98":0,"pct_change_14vs93":-75,"pct_change_14vs90":-50,"crime":"Murder"},{"yr_1990":29,"yr_1993":34,"yr_1998":23,"yr_2001":21,"yr_2014":16,"pct_change_14vs01":-23.8,"pct_change_14vs98":-30.4,"pct_change_14vs93":-52.9,"pct_change_14vs90":-44.8,"crime":"Rape"},{"yr_1990":1067,"yr_1993":1238,"yr_1998":672,"yr_2001":459,"yr_2014":234,"pct_change_14vs01":-49,"pct_change_14vs98":-65.2,"pct_change_14vs93":-81.1,"pct_change_14vs90":-78.1,"crime":"Robbery"},{"yr_1990":345,"yr_1993":362,"yr_1998":440,"yr_2001":309,"yr_2014":240,"pct_change_14vs01":-22.3,"pct_change_14vs98":-45.5,"pct_change_14vs93":-33.7,"pct_change_14vs90":-30.4,"crime":"Fel. Assault"},{"yr_1990":1847,"yr_1993":1503,"yr_1998":965,"yr_2001":622,"yr_2014":294,"pct_change_14vs01":-52.7,"pct_change_14vs98":-69.5,"pct_change_14vs93":-80.4,"pct_change_14vs90":-84.1,"crime":"Burglary"},{"yr_1990":721,"yr_1993":583,"yr_1998":538,"yr_2001":378,"yr_2014":496,"pct_change_14vs01":31.2,"pct_change_14vs98":-7.8,"pct_change_14vs93":-14.9,"pct_change_14vs90":-31.2,"crime":"Gr. Larceny"},{"yr_1990":4145,"yr_1993":3495,"yr_1998":1303,"yr_2001":803,"yr_2014":257,"pct_change_14vs01":-68,"pct_change_14vs98":-80.3,"pct_change_14vs93":-92.6,"pct_change_14vs90":-93.8,"crime":"G.L.A."},{"yr_1990":8160,"yr_1993":7227,"yr_1998":3944,"yr_2001":2594,"yr_2014":1540,"pct_change_14vs01":-40.63,"pct_change_14vs98":-60.95,"pct_change_14vs93":-78.69,"pct_change_14vs90":-81.13,"crime":"TOTAL"}]}