{"mayor":"Bill de Blasio","commissioner":"William J. Bratton","volume":21,"number":27,"precinct":"108th","startDate":"2014-06-30T04:00:00.000Z","endDate":"2014-07-06T04:00:00.000Z","crimes":[{"crime":"Murder","wtd_curr_yr":0,"wtd_prev_yr":1,"wtd_pct_change":-100,"twentyeight_day_curr_yr":1,"twentyeight_day_prev_yr":1,"twentyeight_day_pct_change":0,"ytd_curr_yr":1,"ytd_prev_yr":2,"ytd_pct_change":-50,"two_year_pct_change":null,"six_year_pct_change":0,"twentytwo_year_pct_change":-85.7},{"crime":"Rape","wtd_curr_yr":0,"wtd_prev_yr":0,"wtd_pct_change":null,"twentyeight_day_curr_yr":1,"twentyeight_day_prev_yr":2,"twentyeight_day_pct_change":-50,"ytd_curr_yr":6,"ytd_prev_yr":10,"ytd_pct_change":-40,"two_year_pct_change":-14.3,"six_year_pct_change":-14.3,"twentytwo_year_pct_change":50},{"crime":"Robbery","wtd_curr_yr":3,"wtd_prev_yr":4,"wtd_pct_change":-25,"twentyeight_day_curr_yr":9,"twentyeight_day_prev_yr":10,"twentyeight_day_pct_change":-10,"ytd_curr_yr":80,"ytd_prev_yr":74,"ytd_pct_change":8.1,"two_year_pct_change":-12.1,"six_year_pct_change":2.6,"twentytwo_year_pct_change":-85.8},{"crime":"Fel. Assault","wtd_curr_yr":5,"wtd_prev_yr":12,"wtd_pct_change":-58.3,"twentyeight_day_curr_yr":15,"twentyeight_day_prev_yr":28,"twentyeight_day_pct_change":-46.4,"ytd_curr_yr":70,"ytd_prev_yr":89,"ytd_pct_change":-21.3,"two_year_pct_change":7.7,"six_year_pct_change":48.9,"twentytwo_year_pct_change":-51.4},{"crime":"Burglary","wtd_curr_yr":4,"wtd_prev_yr":3,"wtd_pct_change":33.3,"twentyeight_day_curr_yr":25,"twentyeight_day_prev_yr":30,"twentyeight_day_pct_change":-16.7,"ytd_curr_yr":119,"ytd_prev_yr":107,"ytd_pct_change":11.2,"two_year_pct_change":-17.9,"six_year_pct_change":-12.5,"twentytwo_year_pct_change":-84.2},{"crime":"Gr. Larceny","wtd_curr_yr":11,"wtd_prev_yr":10,"wtd_pct_change":10,"twentyeight_day_curr_yr":39,"twentyeight_day_prev_yr":41,"twentyeight_day_pct_change":-4.9,"ytd_curr_yr":288,"ytd_prev_yr":269,"ytd_pct_change":7.1,"two_year_pct_change":32.1,"six_year_pct_change":9.1,"twentytwo_year_pct_change":-33.8},{"crime":"G.L.A.","wtd_curr_yr":3,"wtd_prev_yr":2,"wtd_pct_change":50,"twentyeight_day_curr_yr":11,"twentyeight_day_prev_yr":11,"twentyeight_day_pct_change":0,"ytd_curr_yr":65,"ytd_prev_yr":70,"ytd_pct_change":-7.1,"two_year_pct_change":-15.6,"six_year_pct_change":-30.1,"twentytwo_year_pct_change":-93.4},{"crime":"TOTAL","wtd_curr_yr":26,"wtd_prev_yr":32,"wtd_pct_change":-18.75,"twentyeight_day_curr_yr":101,"twentyeight_day_prev_yr":123,"twentyeight_day_pct_change":-17.89,"ytd_curr_yr":629,"ytd_prev_yr":621,"ytd_pct_change":1.29,"two_year_pct_change":4.31,"six_year_pct_change":0.48,"twentytwo_year_pct_change":-78.21},{"crime":"Transit","wtd_curr_yr":0,"wtd_prev_yr":1,"wtd_pct_change":-100,"twentyeight_day_curr_yr":3,"twentyeight_day_prev_yr":4,"twentyeight_day_pct_change":-25,"ytd_curr_yr":33,"ytd_prev_yr":39,"ytd_pct_change":-15.4,"two_year_pct_change":-2.9,"six_year_pct_change":94.1,"twentytwo_year_pct_change":null},{"crime":"Housing","wtd_curr_yr":0,"wtd_prev_yr":0,"wtd_pct_change":null,"twentyeight_day_curr_yr":0,"twentyeight_day_prev_yr":0,"twentyeight_day_pct_change":null,"ytd_curr_yr":0,"ytd_prev_yr":0,"ytd_pct_change":null,"two_year_pct_change":null,"six_year_pct_change":null,"twentytwo_year_pct_change":null},{"crime":"Petit Larceny","wtd_curr_yr":21,"wtd_prev_yr":16,"wtd_pct_change":31.2,"twentyeight_day_curr_yr":73,"twentyeight_day_prev_yr":68,"twentyeight_day_pct_change":7.4,"ytd_curr_yr":435,"ytd_prev_yr":464,"ytd_pct_change":-6.2,"two_year_pct_change":-6.2,"six_year_pct_change":-6.2,"twentytwo_year_pct_change":null},{"crime":"Misd. Assault","wtd_curr_yr":9,"wtd_prev_yr":16,"wtd_pct_change":-43.8,"twentyeight_day_curr_yr":34,"twentyeight_day_prev_yr":43,"twentyeight_day_pct_change":-20.9,"ytd_curr_yr":212,"ytd_prev_yr":237,"ytd_pct_change":-10.5,"two_year_pct_change":5,"six_year_pct_change":-17.2,"twentytwo_year_pct_change":null},{"crime":"Misd. Sex Crimes","wtd_curr_yr":1,"wtd_prev_yr":0,"wtd_pct_change":null,"twentyeight_day_curr_yr":8,"twentyeight_day_prev_yr":5,"twentyeight_day_pct_change":60,"ytd_curr_yr":26,"ytd_prev_yr":32,"ytd_pct_change":-18.8,"two_year_pct_change":-27.8,"six_year_pct_change":4,"twentytwo_year_pct_change":null},{"crime":"Shooting Vic.","wtd_curr_yr":0,"wtd_prev_yr":0,"wtd_pct_change":null,"twentyeight_day_curr_yr":0,"twentyeight_day_prev_yr":0,"twentyeight_day_pct_change":null,"ytd_curr_yr":0,"ytd_prev_yr":1,"ytd_pct_change":-100,"two_year_pct_change":-100,"six_year_pct_change":null,"twentytwo_year_pct_change":-100},{"crime":"Shooting Inc.","wtd_curr_yr":0,"wtd_prev_yr":0,"wtd_pct_change":null,"twentyeight_day_curr_yr":0,"twentyeight_day_prev_yr":0,"twentyeight_day_pct_change":null,"ytd_curr_yr":0,"ytd_prev_yr":1,"ytd_pct_change":-100,"two_year_pct_change":-100,"six_year_pct_change":null,"twentytwo_year_pct_change":-100}],"historical":[{"yr_1990":16,"yr_1993":10,"yr_1998":5,"yr_2001":3,"yr_2013":4,"pct_change_13vs01":33.3,"pct_change_13vs98":-20,"pct_change_13vs93":-60,"pct_change_13vs90":-75,"crime":"Murder"},{"yr_1990":22,"yr_1993":12,"yr_1998":24,"yr_2001":18,"yr_2013":15,"pct_change_13vs01":-16.7,"pct_change_13vs98":-37.5,"pct_change_13vs93":25,"pct_change_13vs90":-31.8,"crime":"Rape"},{"yr_1990":1372,"yr_1993":1026,"yr_1998":464,"yr_2001":313,"yr_2013":160,"pct_change_13vs01":-48.9,"pct_change_13vs98":-65.5,"pct_change_13vs93":-84.4,"pct_change_13vs90":-88.3,"crime":"Robbery"},{"yr_1990":290,"yr_1993":317,"yr_1998":248,"yr_2001":147,"yr_2013":171,"pct_change_13vs01":16.3,"pct_change_13vs98":-31,"pct_change_13vs93":-46.1,"pct_change_13vs90":-41,"crime":"Fel. Assault"},{"yr_1990":2062,"yr_1993":1563,"yr_1998":971,"yr_2001":564,"yr_2013":244,"pct_change_13vs01":-56.7,"pct_change_13vs98":-74.9,"pct_change_13vs93":-84.4,"pct_change_13vs90":-88.2,"crime":"Burglary"},{"yr_1990":1150,"yr_1993":914,"yr_1998":605,"yr_2001":570,"yr_2013":572,"pct_change_13vs01":0.4,"pct_change_13vs98":-5.5,"pct_change_13vs93":-37.4,"pct_change_13vs90":-50.3,"crime":"Gr. Larceny"},{"yr_1990":2945,"yr_1993":2123,"yr_1998":942,"yr_2001":704,"yr_2013":166,"pct_change_13vs01":-76.4,"pct_change_13vs98":-82.4,"pct_change_13vs93":-92.2,"pct_change_13vs90":-94.4,"crime":"G.L.A."},{"yr_1990":7857,"yr_1993":5965,"yr_1998":3259,"yr_2001":2319,"yr_2013":1332,"pct_change_13vs01":-42.56,"pct_change_13vs98":-59.13,"pct_change_13vs93":-77.67,"pct_change_13vs90":-83.05,"crime":"TOTAL"}]}