{"mayor":"Bill de Blasio","commissioner":"William J. Bratton","volume":21,"number":33,"precinct":"102nd","startDate":"2014-08-11T04:00:00.000Z","endDate":"2014-08-17T04:00:00.000Z","crimes":[{"crime":"Murder","wtd_curr_yr":0,"wtd_prev_yr":0,"wtd_pct_change":null,"twentyeight_day_curr_yr":0,"twentyeight_day_prev_yr":0,"twentyeight_day_pct_change":null,"ytd_curr_yr":2,"ytd_prev_yr":5,"ytd_pct_change":-60,"two_year_pct_change":-33.3,"six_year_pct_change":-50,"twentytwo_year_pct_change":-50},{"crime":"Rape","wtd_curr_yr":0,"wtd_prev_yr":1,"wtd_pct_change":-100,"twentyeight_day_curr_yr":0,"twentyeight_day_prev_yr":2,"twentyeight_day_pct_change":-100,"ytd_curr_yr":11,"ytd_prev_yr":16,"ytd_pct_change":-31.2,"two_year_pct_change":-38.9,"six_year_pct_change":-15.4,"twentytwo_year_pct_change":-42.1},{"crime":"Robbery","wtd_curr_yr":4,"wtd_prev_yr":7,"wtd_pct_change":-42.9,"twentyeight_day_curr_yr":14,"twentyeight_day_prev_yr":22,"twentyeight_day_pct_change":-36.4,"ytd_curr_yr":145,"ytd_prev_yr":184,"ytd_pct_change":-21.2,"two_year_pct_change":-18.5,"six_year_pct_change":-7.6,"twentytwo_year_pct_change":-79.7},{"crime":"Fel. Assault","wtd_curr_yr":7,"wtd_prev_yr":14,"wtd_pct_change":-50,"twentyeight_day_curr_yr":22,"twentyeight_day_prev_yr":40,"twentyeight_day_pct_change":-45,"ytd_curr_yr":158,"ytd_prev_yr":200,"ytd_pct_change":-21,"two_year_pct_change":3.3,"six_year_pct_change":4.6,"twentytwo_year_pct_change":-27.2},{"crime":"Burglary","wtd_curr_yr":3,"wtd_prev_yr":3,"wtd_pct_change":0,"twentyeight_day_curr_yr":18,"twentyeight_day_prev_yr":24,"twentyeight_day_pct_change":-25,"ytd_curr_yr":190,"ytd_prev_yr":178,"ytd_pct_change":6.7,"two_year_pct_change":3.8,"six_year_pct_change":-3.1,"twentytwo_year_pct_change":-78.4},{"crime":"Gr. Larceny","wtd_curr_yr":6,"wtd_prev_yr":9,"wtd_pct_change":-33.3,"twentyeight_day_curr_yr":30,"twentyeight_day_prev_yr":40,"twentyeight_day_pct_change":-25,"ytd_curr_yr":327,"ytd_prev_yr":279,"ytd_pct_change":17.2,"two_year_pct_change":17.2,"six_year_pct_change":19.8,"twentytwo_year_pct_change":-4.7},{"crime":"G.L.A.","wtd_curr_yr":5,"wtd_prev_yr":3,"wtd_pct_change":66.7,"twentyeight_day_curr_yr":18,"twentyeight_day_prev_yr":25,"twentyeight_day_pct_change":-28,"ytd_curr_yr":142,"ytd_prev_yr":151,"ytd_pct_change":-6,"two_year_pct_change":-3.4,"six_year_pct_change":1.4,"twentytwo_year_pct_change":-93.4},{"crime":"TOTAL","wtd_curr_yr":25,"wtd_prev_yr":37,"wtd_pct_change":-32.43,"twentyeight_day_curr_yr":102,"twentyeight_day_prev_yr":153,"twentyeight_day_pct_change":-33.33,"ytd_curr_yr":975,"ytd_prev_yr":1013,"ytd_pct_change":-3.75,"two_year_pct_change":1.46,"six_year_pct_change":4.39,"twentytwo_year_pct_change":-77.45},{"crime":"Transit","wtd_curr_yr":0,"wtd_prev_yr":0,"wtd_pct_change":null,"twentyeight_day_curr_yr":0,"twentyeight_day_prev_yr":1,"twentyeight_day_pct_change":-100,"ytd_curr_yr":11,"ytd_prev_yr":8,"ytd_pct_change":37.5,"two_year_pct_change":-26.7,"six_year_pct_change":-21.4,"twentytwo_year_pct_change":null},{"crime":"Housing","wtd_curr_yr":0,"wtd_prev_yr":0,"wtd_pct_change":null,"twentyeight_day_curr_yr":0,"twentyeight_day_prev_yr":0,"twentyeight_day_pct_change":null,"ytd_curr_yr":0,"ytd_prev_yr":0,"ytd_pct_change":null,"two_year_pct_change":null,"six_year_pct_change":null,"twentytwo_year_pct_change":null},{"crime":"Petit Larceny","wtd_curr_yr":18,"wtd_prev_yr":22,"wtd_pct_change":-18.2,"twentyeight_day_curr_yr":86,"twentyeight_day_prev_yr":83,"twentyeight_day_pct_change":3.6,"ytd_curr_yr":665,"ytd_prev_yr":556,"ytd_pct_change":19.6,"two_year_pct_change":15.9,"six_year_pct_change":24.8,"twentytwo_year_pct_change":null},{"crime":"Misd. Assault","wtd_curr_yr":12,"wtd_prev_yr":12,"wtd_pct_change":0,"twentyeight_day_curr_yr":53,"twentyeight_day_prev_yr":48,"twentyeight_day_pct_change":10.4,"ytd_curr_yr":367,"ytd_prev_yr":355,"ytd_pct_change":3.4,"two_year_pct_change":-11.4,"six_year_pct_change":-8,"twentytwo_year_pct_change":null},{"crime":"Misd. Sex Crimes","wtd_curr_yr":1,"wtd_prev_yr":1,"wtd_pct_change":0,"twentyeight_day_curr_yr":3,"twentyeight_day_prev_yr":3,"twentyeight_day_pct_change":0,"ytd_curr_yr":20,"ytd_prev_yr":16,"ytd_pct_change":25,"two_year_pct_change":53.8,"six_year_pct_change":-13,"twentytwo_year_pct_change":null},{"crime":"Shooting Vic.","wtd_curr_yr":0,"wtd_prev_yr":0,"wtd_pct_change":null,"twentyeight_day_curr_yr":1,"twentyeight_day_prev_yr":0,"twentyeight_day_pct_change":null,"ytd_curr_yr":5,"ytd_prev_yr":6,"ytd_pct_change":-16.7,"two_year_pct_change":25,"six_year_pct_change":-44.4,"twentytwo_year_pct_change":-76.2},{"crime":"Shooting Inc.","wtd_curr_yr":0,"wtd_prev_yr":0,"wtd_pct_change":null,"twentyeight_day_curr_yr":1,"twentyeight_day_prev_yr":0,"twentyeight_day_pct_change":null,"ytd_curr_yr":5,"ytd_prev_yr":6,"ytd_pct_change":-16.7,"two_year_pct_change":25,"six_year_pct_change":-44.4,"twentytwo_year_pct_change":-70.6}],"historical":[{"yr_1990":6,"yr_1993":12,"yr_1998":3,"yr_2001":2,"yr_2013":7,"pct_change_13vs01":250,"pct_change_13vs98":133.3,"pct_change_13vs93":-41.7,"pct_change_13vs90":16.7,"crime":"Murder"},{"yr_1990":29,"yr_1993":34,"yr_1998":23,"yr_2001":21,"yr_2013":24,"pct_change_13vs01":14.3,"pct_change_13vs98":4.3,"pct_change_13vs93":-29.4,"pct_change_13vs90":-17.2,"crime":"Rape"},{"yr_1990":1067,"yr_1993":1238,"yr_1998":672,"yr_2001":459,"yr_2013":311,"pct_change_13vs01":-32.2,"pct_change_13vs98":-53.7,"pct_change_13vs93":-74.9,"pct_change_13vs90":-70.9,"crime":"Robbery"},{"yr_1990":345,"yr_1993":362,"yr_1998":440,"yr_2001":309,"yr_2013":323,"pct_change_13vs01":4.5,"pct_change_13vs98":-26.6,"pct_change_13vs93":-10.8,"pct_change_13vs90":-6.4,"crime":"Fel. Assault"},{"yr_1990":1847,"yr_1993":1503,"yr_1998":965,"yr_2001":622,"yr_2013":288,"pct_change_13vs01":-53.7,"pct_change_13vs98":-70.2,"pct_change_13vs93":-80.8,"pct_change_13vs90":-84.4,"crime":"Burglary"},{"yr_1990":721,"yr_1993":583,"yr_1998":538,"yr_2001":378,"yr_2013":490,"pct_change_13vs01":29.6,"pct_change_13vs98":-8.9,"pct_change_13vs93":-16,"pct_change_13vs90":-32,"crime":"Gr. Larceny"},{"yr_1990":4145,"yr_1993":3495,"yr_1998":1303,"yr_2001":803,"yr_2013":252,"pct_change_13vs01":-68.6,"pct_change_13vs98":-80.7,"pct_change_13vs93":-92.8,"pct_change_13vs90":-93.9,"crime":"G.L.A."},{"yr_1990":8160,"yr_1993":7227,"yr_1998":3944,"yr_2001":2594,"yr_2013":1695,"pct_change_13vs01":-34.66,"pct_change_13vs98":-57.02,"pct_change_13vs93":-76.55,"pct_change_13vs90":-79.23,"crime":"TOTAL"}]}