{"mayor":"Bill de Blasio","commissioner":"William J. Bratton","volume":21,"number":23,"precinct":"103rd","startDate":"2014-06-02T04:00:00.000Z","endDate":"2014-06-08T04:00:00.000Z","crimes":[{"crime":"Murder","wtd_curr_yr":0,"wtd_prev_yr":1,"wtd_pct_change":-100,"twentyeight_day_curr_yr":1,"twentyeight_day_prev_yr":2,"twentyeight_day_pct_change":-50,"ytd_curr_yr":6,"ytd_prev_yr":3,"ytd_pct_change":100,"two_year_pct_change":20,"six_year_pct_change":20,"twentytwo_year_pct_change":-45.5},{"crime":"Rape","wtd_curr_yr":0,"wtd_prev_yr":1,"wtd_pct_change":-100,"twentyeight_day_curr_yr":0,"twentyeight_day_prev_yr":6,"twentyeight_day_pct_change":-100,"ytd_curr_yr":8,"ytd_prev_yr":18,"ytd_pct_change":-55.6,"two_year_pct_change":-38.5,"six_year_pct_change":-38.5,"twentytwo_year_pct_change":-72.4},{"crime":"Robbery","wtd_curr_yr":6,"wtd_prev_yr":5,"wtd_pct_change":20,"twentyeight_day_curr_yr":19,"twentyeight_day_prev_yr":29,"twentyeight_day_pct_change":-34.5,"ytd_curr_yr":130,"ytd_prev_yr":199,"ytd_pct_change":-34.7,"two_year_pct_change":-24,"six_year_pct_change":6.6,"twentytwo_year_pct_change":-81.2},{"crime":"Fel. Assault","wtd_curr_yr":13,"wtd_prev_yr":4,"wtd_pct_change":225,"twentyeight_day_curr_yr":38,"twentyeight_day_prev_yr":23,"twentyeight_day_pct_change":65.2,"ytd_curr_yr":169,"ytd_prev_yr":159,"ytd_pct_change":6.3,"two_year_pct_change":9.7,"six_year_pct_change":-1.7,"twentytwo_year_pct_change":-52.4},{"crime":"Burglary","wtd_curr_yr":3,"wtd_prev_yr":4,"wtd_pct_change":-25,"twentyeight_day_curr_yr":15,"twentyeight_day_prev_yr":19,"twentyeight_day_pct_change":-21.1,"ytd_curr_yr":90,"ytd_prev_yr":130,"ytd_pct_change":-30.8,"two_year_pct_change":-38.4,"six_year_pct_change":-21.1,"twentytwo_year_pct_change":-81.9},{"crime":"Gr. Larceny","wtd_curr_yr":5,"wtd_prev_yr":14,"wtd_pct_change":-64.3,"twentyeight_day_curr_yr":27,"twentyeight_day_prev_yr":44,"twentyeight_day_pct_change":-38.6,"ytd_curr_yr":183,"ytd_prev_yr":173,"ytd_pct_change":5.8,"two_year_pct_change":-15.7,"six_year_pct_change":0.5,"twentytwo_year_pct_change":-63.3},{"crime":"G.L.A.","wtd_curr_yr":3,"wtd_prev_yr":3,"wtd_pct_change":0,"twentyeight_day_curr_yr":13,"twentyeight_day_prev_yr":8,"twentyeight_day_pct_change":62.5,"ytd_curr_yr":64,"ytd_prev_yr":70,"ytd_pct_change":-8.6,"two_year_pct_change":-11.1,"six_year_pct_change":-21,"twentytwo_year_pct_change":-89.7},{"crime":"TOTAL","wtd_curr_yr":30,"wtd_prev_yr":32,"wtd_pct_change":-6.25,"twentyeight_day_curr_yr":113,"twentyeight_day_prev_yr":131,"twentyeight_day_pct_change":-13.74,"ytd_curr_yr":650,"ytd_prev_yr":752,"ytd_pct_change":-13.56,"two_year_pct_change":-16.45,"six_year_pct_change":-5.66,"twentytwo_year_pct_change":-75.93},{"crime":"Transit","wtd_curr_yr":0,"wtd_prev_yr":0,"wtd_pct_change":null,"twentyeight_day_curr_yr":2,"twentyeight_day_prev_yr":5,"twentyeight_day_pct_change":-60,"ytd_curr_yr":11,"ytd_prev_yr":18,"ytd_pct_change":-38.9,"two_year_pct_change":-15.4,"six_year_pct_change":120,"twentytwo_year_pct_change":null},{"crime":"Housing","wtd_curr_yr":0,"wtd_prev_yr":1,"wtd_pct_change":-100,"twentyeight_day_curr_yr":2,"twentyeight_day_prev_yr":2,"twentyeight_day_pct_change":0,"ytd_curr_yr":12,"ytd_prev_yr":16,"ytd_pct_change":-25,"two_year_pct_change":-42.9,"six_year_pct_change":-14.3,"twentytwo_year_pct_change":null},{"crime":"Petit Larceny","wtd_curr_yr":25,"wtd_prev_yr":24,"wtd_pct_change":4.2,"twentyeight_day_curr_yr":108,"twentyeight_day_prev_yr":111,"twentyeight_day_pct_change":-2.7,"ytd_curr_yr":503,"ytd_prev_yr":448,"ytd_pct_change":12.3,"two_year_pct_change":13.8,"six_year_pct_change":21.5,"twentytwo_year_pct_change":null},{"crime":"Misd. Assault","wtd_curr_yr":10,"wtd_prev_yr":15,"wtd_pct_change":-33.3,"twentyeight_day_curr_yr":73,"twentyeight_day_prev_yr":72,"twentyeight_day_pct_change":1.4,"ytd_curr_yr":406,"ytd_prev_yr":425,"ytd_pct_change":-4.5,"two_year_pct_change":16.7,"six_year_pct_change":34,"twentytwo_year_pct_change":null},{"crime":"Misd. Sex Crimes","wtd_curr_yr":2,"wtd_prev_yr":0,"wtd_pct_change":null,"twentyeight_day_curr_yr":3,"twentyeight_day_prev_yr":4,"twentyeight_day_pct_change":-25,"ytd_curr_yr":15,"ytd_prev_yr":15,"ytd_pct_change":0,"two_year_pct_change":-11.8,"six_year_pct_change":0,"twentytwo_year_pct_change":null},{"crime":"Shooting Vic.","wtd_curr_yr":2,"wtd_prev_yr":1,"wtd_pct_change":100,"twentyeight_day_curr_yr":4,"twentyeight_day_prev_yr":3,"twentyeight_day_pct_change":33.3,"ytd_curr_yr":12,"ytd_prev_yr":9,"ytd_pct_change":33.3,"two_year_pct_change":-47.8,"six_year_pct_change":-33.3,"twentytwo_year_pct_change":-81},{"crime":"Shooting Inc.","wtd_curr_yr":1,"wtd_prev_yr":1,"wtd_pct_change":0,"twentyeight_day_curr_yr":2,"twentyeight_day_prev_yr":3,"twentyeight_day_pct_change":-33.3,"ytd_curr_yr":8,"ytd_prev_yr":8,"ytd_pct_change":0,"two_year_pct_change":-60,"six_year_pct_change":-33.3,"twentytwo_year_pct_change":-86.4}],"historical":[{"yr_1990":38,"yr_1993":28,"yr_1998":16,"yr_2001":10,"yr_2013":8,"pct_change_13vs01":-20,"pct_change_13vs98":-50,"pct_change_13vs93":-71.4,"pct_change_13vs90":-78.9,"crime":"Murder"},{"yr_1990":60,"yr_1993":74,"yr_1998":45,"yr_2001":27,"yr_2013":37,"pct_change_13vs01":37,"pct_change_13vs98":-17.8,"pct_change_13vs93":-50,"pct_change_13vs90":-38.3,"crime":"Rape"},{"yr_1990":1846,"yr_1993":1742,"yr_1998":751,"yr_2001":530,"yr_2013":438,"pct_change_13vs01":-17.4,"pct_change_13vs98":-41.7,"pct_change_13vs93":-74.9,"pct_change_13vs90":-76.3,"crime":"Robbery"},{"yr_1990":958,"yr_1993":853,"yr_1998":611,"yr_2001":406,"yr_2013":369,"pct_change_13vs01":-9.1,"pct_change_13vs98":-39.6,"pct_change_13vs93":-56.7,"pct_change_13vs90":-61.5,"crime":"Fel. Assault"},{"yr_1990":1592,"yr_1993":1166,"yr_1998":598,"yr_2001":449,"yr_2013":300,"pct_change_13vs01":-33.2,"pct_change_13vs98":-49.8,"pct_change_13vs93":-74.3,"pct_change_13vs90":-81.2,"crime":"Burglary"},{"yr_1990":1277,"yr_1993":1214,"yr_1998":578,"yr_2001":587,"yr_2013":487,"pct_change_13vs01":-17,"pct_change_13vs98":-15.7,"pct_change_13vs93":-59.9,"pct_change_13vs90":-61.9,"crime":"Gr. Larceny"},{"yr_1990":1889,"yr_1993":1591,"yr_1998":602,"yr_2001":472,"yr_2013":172,"pct_change_13vs01":-63.6,"pct_change_13vs98":-71.4,"pct_change_13vs93":-89.2,"pct_change_13vs90":-90.9,"crime":"G.L.A."},{"yr_1990":7660,"yr_1993":6668,"yr_1998":3201,"yr_2001":2481,"yr_2013":1811,"pct_change_13vs01":-27.01,"pct_change_13vs98":-43.42,"pct_change_13vs93":-72.84,"pct_change_13vs90":-76.36,"crime":"TOTAL"}]}