{"mayor":"Bill de Blasio","commissioner":"William J. Bratton","volume":21,"number":43,"precinct":"102nd","startDate":"2014-10-20T04:00:00.000Z","endDate":"2014-10-26T04:00:00.000Z","crimes":[{"crime":"Murder","wtd_curr_yr":0,"wtd_prev_yr":0,"wtd_pct_change":null,"twentyeight_day_curr_yr":0,"twentyeight_day_prev_yr":0,"twentyeight_day_pct_change":null,"ytd_curr_yr":2,"ytd_prev_yr":5,"ytd_pct_change":-60,"two_year_pct_change":-66.7,"six_year_pct_change":-50,"twentytwo_year_pct_change":-60},{"crime":"Rape","wtd_curr_yr":0,"wtd_prev_yr":1,"wtd_pct_change":-100,"twentyeight_day_curr_yr":0,"twentyeight_day_prev_yr":1,"twentyeight_day_pct_change":-100,"ytd_curr_yr":12,"ytd_prev_yr":22,"ytd_pct_change":-45.5,"two_year_pct_change":-47.8,"six_year_pct_change":-36.8,"twentytwo_year_pct_change":-52},{"crime":"Robbery","wtd_curr_yr":5,"wtd_prev_yr":7,"wtd_pct_change":-28.6,"twentyeight_day_curr_yr":18,"twentyeight_day_prev_yr":32,"twentyeight_day_pct_change":-43.8,"ytd_curr_yr":184,"ytd_prev_yr":248,"ytd_pct_change":-25.8,"two_year_pct_change":-27.6,"six_year_pct_change":-16.4,"twentytwo_year_pct_change":-81},{"crime":"Fel. Assault","wtd_curr_yr":7,"wtd_prev_yr":9,"wtd_pct_change":-22.2,"twentyeight_day_curr_yr":20,"twentyeight_day_prev_yr":29,"twentyeight_day_pct_change":-31,"ytd_curr_yr":197,"ytd_prev_yr":260,"ytd_pct_change":-24.2,"two_year_pct_change":-1,"six_year_pct_change":-1.5,"twentytwo_year_pct_change":-35.4},{"crime":"Burglary","wtd_curr_yr":2,"wtd_prev_yr":7,"wtd_pct_change":-71.4,"twentyeight_day_curr_yr":17,"twentyeight_day_prev_yr":25,"twentyeight_day_pct_change":-32,"ytd_curr_yr":238,"ytd_prev_yr":248,"ytd_pct_change":-4,"two_year_pct_change":-11.5,"six_year_pct_change":-15,"twentytwo_year_pct_change":-79.8},{"crime":"Gr. Larceny","wtd_curr_yr":4,"wtd_prev_yr":11,"wtd_pct_change":-63.6,"twentyeight_day_curr_yr":40,"twentyeight_day_prev_yr":56,"twentyeight_day_pct_change":-28.6,"ytd_curr_yr":413,"ytd_prev_yr":392,"ytd_pct_change":5.4,"two_year_pct_change":12.8,"six_year_pct_change":18.3,"twentytwo_year_pct_change":-11.6},{"crime":"G.L.A.","wtd_curr_yr":10,"wtd_prev_yr":4,"wtd_pct_change":150,"twentyeight_day_curr_yr":24,"twentyeight_day_prev_yr":15,"twentyeight_day_pct_change":60,"ytd_curr_yr":200,"ytd_prev_yr":201,"ytd_pct_change":-0.5,"two_year_pct_change":2.6,"six_year_pct_change":-11.1,"twentytwo_year_pct_change":-93},{"crime":"TOTAL","wtd_curr_yr":28,"wtd_prev_yr":39,"wtd_pct_change":-28.21,"twentyeight_day_curr_yr":119,"twentyeight_day_prev_yr":158,"twentyeight_day_pct_change":-24.68,"ytd_curr_yr":1246,"ytd_prev_yr":1376,"ytd_pct_change":-9.45,"two_year_pct_change":-5.03,"six_year_pct_change":-3.93,"twentytwo_year_pct_change":-78.58},{"crime":"Transit","wtd_curr_yr":0,"wtd_prev_yr":0,"wtd_pct_change":null,"twentyeight_day_curr_yr":1,"twentyeight_day_prev_yr":3,"twentyeight_day_pct_change":-66.7,"ytd_curr_yr":14,"ytd_prev_yr":15,"ytd_pct_change":-6.7,"two_year_pct_change":-33.3,"six_year_pct_change":-12.5,"twentytwo_year_pct_change":null},{"crime":"Housing","wtd_curr_yr":0,"wtd_prev_yr":0,"wtd_pct_change":null,"twentyeight_day_curr_yr":0,"twentyeight_day_prev_yr":0,"twentyeight_day_pct_change":null,"ytd_curr_yr":0,"ytd_prev_yr":0,"ytd_pct_change":null,"two_year_pct_change":null,"six_year_pct_change":null,"twentytwo_year_pct_change":null},{"crime":"Petit Larceny","wtd_curr_yr":29,"wtd_prev_yr":32,"wtd_pct_change":-9.4,"twentyeight_day_curr_yr":101,"twentyeight_day_prev_yr":122,"twentyeight_day_pct_change":-17.2,"ytd_curr_yr":874,"ytd_prev_yr":803,"ytd_pct_change":8.8,"two_year_pct_change":9.5,"six_year_pct_change":24.5,"twentytwo_year_pct_change":null},{"crime":"Misd. Assault","wtd_curr_yr":16,"wtd_prev_yr":13,"wtd_pct_change":23.1,"twentyeight_day_curr_yr":52,"twentyeight_day_prev_yr":59,"twentyeight_day_pct_change":-11.9,"ytd_curr_yr":486,"ytd_prev_yr":488,"ytd_pct_change":-0.4,"two_year_pct_change":-11.2,"six_year_pct_change":-4.5,"twentytwo_year_pct_change":null},{"crime":"Misd. Sex Crimes","wtd_curr_yr":1,"wtd_prev_yr":2,"wtd_pct_change":-50,"twentyeight_day_curr_yr":3,"twentyeight_day_prev_yr":5,"twentyeight_day_pct_change":-40,"ytd_curr_yr":28,"ytd_prev_yr":26,"ytd_pct_change":7.7,"two_year_pct_change":75,"six_year_pct_change":-12.5,"twentytwo_year_pct_change":null},{"crime":"Shooting Vic.","wtd_curr_yr":0,"wtd_prev_yr":0,"wtd_pct_change":null,"twentyeight_day_curr_yr":0,"twentyeight_day_prev_yr":0,"twentyeight_day_pct_change":null,"ytd_curr_yr":5,"ytd_prev_yr":6,"ytd_pct_change":-16.7,"two_year_pct_change":-37.5,"six_year_pct_change":-61.5,"twentytwo_year_pct_change":-81.5},{"crime":"Shooting Inc.","wtd_curr_yr":0,"wtd_prev_yr":0,"wtd_pct_change":null,"twentyeight_day_curr_yr":0,"twentyeight_day_prev_yr":0,"twentyeight_day_pct_change":null,"ytd_curr_yr":5,"ytd_prev_yr":6,"ytd_pct_change":-16.7,"two_year_pct_change":-28.6,"six_year_pct_change":-54.5,"twentytwo_year_pct_change":-77.3}],"historical":[{"yr_1990":6,"yr_1993":12,"yr_1998":3,"yr_2001":2,"yr_2013":7,"pct_change_13vs01":250,"pct_change_13vs98":133.3,"pct_change_13vs93":-41.7,"pct_change_13vs90":16.7,"crime":"Murder"},{"yr_1990":29,"yr_1993":34,"yr_1998":23,"yr_2001":21,"yr_2013":24,"pct_change_13vs01":14.3,"pct_change_13vs98":4.3,"pct_change_13vs93":-29.4,"pct_change_13vs90":-17.2,"crime":"Rape"},{"yr_1990":1067,"yr_1993":1238,"yr_1998":672,"yr_2001":459,"yr_2013":311,"pct_change_13vs01":-32.2,"pct_change_13vs98":-53.7,"pct_change_13vs93":-74.9,"pct_change_13vs90":-70.9,"crime":"Robbery"},{"yr_1990":345,"yr_1993":362,"yr_1998":440,"yr_2001":309,"yr_2013":323,"pct_change_13vs01":4.5,"pct_change_13vs98":-26.6,"pct_change_13vs93":-10.8,"pct_change_13vs90":-6.4,"crime":"Fel. Assault"},{"yr_1990":1847,"yr_1993":1503,"yr_1998":965,"yr_2001":622,"yr_2013":288,"pct_change_13vs01":-53.7,"pct_change_13vs98":-70.2,"pct_change_13vs93":-80.8,"pct_change_13vs90":-84.4,"crime":"Burglary"},{"yr_1990":721,"yr_1993":583,"yr_1998":538,"yr_2001":378,"yr_2013":490,"pct_change_13vs01":29.6,"pct_change_13vs98":-8.9,"pct_change_13vs93":-16,"pct_change_13vs90":-32,"crime":"Gr. Larceny"},{"yr_1990":4145,"yr_1993":3495,"yr_1998":1303,"yr_2001":803,"yr_2013":252,"pct_change_13vs01":-68.6,"pct_change_13vs98":-80.7,"pct_change_13vs93":-92.8,"pct_change_13vs90":-93.9,"crime":"G.L.A."},{"yr_1990":8160,"yr_1993":7227,"yr_1998":3944,"yr_2001":2594,"yr_2013":1695,"pct_change_13vs01":-34.66,"pct_change_13vs98":-57.02,"pct_change_13vs93":-76.55,"pct_change_13vs90":-79.23,"crime":"TOTAL"}]}